data_status,device_ms,condition,support_level,fsr_raw_adc,discomfort_nrs,safety_symptom_flag,user_continues,task_phase
SYNTHETIC DEMONSTRATION ONLY - NOT HUMAN EXPERIMENT RESULTS,1000000,C,1,1305.921382217345,1.0,0,1,typing
SYNTHETIC DEMONSTRATION ONLY - NOT HUMAN EXPERIMENT RESULTS,1000020,C,1,1306.051384677588,1.0,0,1,typing
SYNTHETIC DEMONSTRATION ONLY - NOT HUMAN EXPERIMENT RESULTS,1000040,C,1,1306.1813011342601,1.0,0,1,typing
SYNTHETIC DEMONSTRATION ONLY - NOT HUMAN EXPERIMENT RESULTS,1000060,C,1,1306.3111297409607,1.0,0,1,typing
SYNTHETIC DEMONSTRATION ONLY - NOT HUMAN EXPERIMENT RESULTS,1000080,C,1,1306.440868652538,1.0,0,1,typing
SYNTHETIC DEMONSTRATION ONLY - NOT HUMAN EXPERIMENT RESULTS,1000100,C,1,1306.5705160251148,1.0,0,1,typing
SYNTHETIC DEMONSTRATION ONLY - NOT HUMAN EXPERIMENT RESULTS,1000120,C,1,1306.700070016115,1.0,0,1,typing
SYNTHETIC DEMONSTRATION ONLY - NOT HUMAN EXPERIMENT RESULTS,1000140,C,1,1306.8295287842898,1.0,0,1,typing
SYNTHETIC DEMONSTRATION ONLY - NOT HUMAN EXPERIMENT RESULTS,1000160,C,1,1306.9588904897432,1.0,0,1,typing
SYNTHETIC DEMONSTRATION ONLY - NOT HUMAN EXPERIMENT RESULTS,1000180,C,1,1307.0881532939593,1.0,0,1,typing
SYNTHETIC DEMONSTRATION ONLY - NOT HUMAN EXPERIMENT RESULTS,1000200,C,1,1307.2173153598274,1.0,0,1,typing
SYNTHETIC DEMONSTRATION ONLY - NOT HUMAN EXPERIMENT RESULTS,1000220,C,1,1307.3463748516685,1.0,0,1,typing
SYNTHETIC DEMONSTRATION ONLY - NOT HUMAN EXPERIMENT RESULTS,1000240,C,1,1307.475329935262,1.0,0,1,typing
SYNTHETIC DEMONSTRATION ONLY - NOT HUMAN EXPERIMENT RESULTS,1000260,C,1,1307.6041787778702,1.0,0,1,typing
SYNTHETIC DEMONSTRATION ONLY - NOT HUMAN EXPERIMENT RESULTS,1000280,C,1,1307.7329195482662,1.0,0,1,typing
SYNTHETIC DEMONSTRATION ONLY - NOT HUMAN EXPERIMENT RESULTS,1000300,C,1,1307.8615504167585,1.0,0,1,typing
SYNTHETIC DEMONSTRATION ONLY - NOT HUMAN EXPERIMENT RESULTS,1000320,C,1,1307.990069555218,1.0,0,1,typing
SYNTHETIC DEMONSTRATION ONLY - NOT HUMAN EXPERIMENT RESULTS,1000340,C,1,1308.118475137103,1.0,0,1,typing
SYNTHETIC DEMONSTRATION ONLY - NOT HUMAN EXPERIMENT RESULTS,1000360,C,1,1308.2467653374858,1.0,0,1,typing
SYNTHETIC DEMONSTRATION ONLY - NOT HUMAN EXPERIMENT RESULTS,1000380,C,1,1308.374938333079,1.0,0,1,typing
SYNTHETIC DEMONSTRATION ONLY - NOT HUMAN EXPERIMENT RESULTS,1000400,C,1,1308.5029923022605,1.0,0,1,typing
SYNTHETIC DEMONSTRATION ONLY - NOT HUMAN EXPERIMENT RESULTS,1000420,C,1,1308.6309254251,1.0,0,1,typing
SYNTHETIC DEMONSTRATION ONLY - NOT HUMAN EXPERIMENT RESULTS,1000440,C,1,1308.7587358833846,1.0,0,1,typing
SYNTHETIC DEMONSTRATION ONLY - NOT HUMAN EXPERIMENT RESULTS,1000460,C,1,1308.8864218606448,1.0,0,1,typing
SYNTHETIC DEMONSTRATION ONLY - NOT HUMAN EXPERIMENT RESULTS,1000480,C,1,1309.01398154218,1.0,0,1,typing
SYNTHETIC DEMONSTRATION ONLY - NOT HUMAN EXPERIMENT RESULTS,1000500,C,1,1309.1414131150855,1.0,0,1,typing
SYNTHETIC DEMONSTRATION ONLY - NOT HUMAN EXPERIMENT RESULTS,1000520,C,1,1309.2687147682757,1.0,0,1,typing
SYNTHETIC DEMONSTRATION ONLY - NOT HUMAN EXPERIMENT RESULTS,1000540,C,1,1309.3958846925127,1.0,0,1,typing
SYNTHETIC DEMONSTRATION ONLY - NOT HUMAN EXPERIMENT RESULTS,1000560,C,1,1309.5229210804305,1.0,0,1,typing
SYNTHETIC DEMONSTRATION ONLY - NOT HUMAN EXPERIMENT RESULTS,1000580,C,1,1309.6498221265606,1.0,0,1,typing
SYNTHETIC DEMONSTRATION ONLY - NOT HUMAN EXPERIMENT RESULTS,1000600,C,1,1309.7765860273585,1.0,0,1,typing
SYNTHETIC DEMONSTRATION ONLY - NOT HUMAN EXPERIMENT RESULTS,1000620,C,1,1309.9032109812283,1.0,0,1,typing
SYNTHETIC DEMONSTRATION ONLY - NOT HUMAN EXPERIMENT RESULTS,1000640,C,1,1310.029695188549,1.0,0,1,typing
SYNTHETIC DEMONSTRATION ONLY - NOT HUMAN EXPERIMENT RESULTS,1000660,C,1,1310.1560368517007,1.0,0,1,typing
SYNTHETIC DEMONSTRATION ONLY - NOT HUMAN EXPERIMENT RESULTS,1000680,C,1,1310.2822341750882,1.0,0,1,typing
SYNTHETIC DEMONSTRATION ONLY - NOT HUMAN EXPERIMENT RESULTS,1000700,C,1,1310.4082853651682,1.0,0,1,typing
SYNTHETIC DEMONSTRATION ONLY - NOT HUMAN EXPERIMENT RESULTS,1000720,C,1,1310.5341886304745,1.0,0,1,typing
SYNTHETIC DEMONSTRATION ONLY - NOT HUMAN EXPERIMENT RESULTS,1000740,C,1,1310.6599421816427,1.0,0,1,typing
SYNTHETIC DEMONSTRATION ONLY - NOT HUMAN EXPERIMENT RESULTS,1000760,C,1,1310.785544231437,1.0,0,1,typing
SYNTHETIC DEMONSTRATION ONLY - NOT HUMAN EXPERIMENT RESULTS,1000780,C,1,1310.9109929947736,1.0,0,1,typing
SYNTHETIC DEMONSTRATION ONLY - NOT HUMAN EXPERIMENT RESULTS,1000800,C,1,1311.0362866887483,1.0,0,1,typing
SYNTHETIC DEMONSTRATION ONLY - NOT HUMAN EXPERIMENT RESULTS,1000820,C,1,1311.1614235326601,1.0,0,1,typing
SYNTHETIC DEMONSTRATION ONLY - NOT HUMAN EXPERIMENT RESULTS,1000840,C,1,1311.2864017480379,1.0,0,1,typing
SYNTHETIC DEMONSTRATION ONLY - NOT HUMAN EXPERIMENT RESULTS,1000860,C,1,1311.4112195586642,1.0,0,1,typing
SYNTHETIC DEMONSTRATION ONLY - NOT HUMAN EXPERIMENT RESULTS,1000880,C,1,1311.5358751906017,1.0,0,1,typing
SYNTHETIC DEMONSTRATION ONLY - NOT HUMAN EXPERIMENT RESULTS,1000900,C,1,1311.6603668722182,1.0,0,1,typing
SYNTHETIC DEMONSTRATION ONLY - NOT HUMAN EXPERIMENT RESULTS,1000920,C,1,1311.784692834211,1.0,0,1,typing
SYNTHETIC DEMONSTRATION ONLY - NOT HUMAN EXPERIMENT RESULTS,1000940,C,1,1311.9088513096333,1.0,0,1,typing
SYNTHETIC DEMONSTRATION ONLY - NOT HUMAN EXPERIMENT RESULTS,1000960,C,1,1312.032840533918,1.0,0,1,typing
SYNTHETIC DEMONSTRATION ONLY - NOT HUMAN EXPERIMENT RESULTS,1000980,C,1,1312.1566587449042,1.0,0,1,typing
SYNTHETIC DEMONSTRATION ONLY - NOT HUMAN EXPERIMENT RESULTS,1001000,C,1,1312.2803041828606,1.0,0,1,typing
SYNTHETIC DEMONSTRATION ONLY - NOT HUMAN EXPERIMENT RESULTS,1001020,C,1,1312.4037750905122,1.0,0,1,typing
SYNTHETIC DEMONSTRATION ONLY - NOT HUMAN EXPERIMENT RESULTS,1001040,C,1,1312.5270697130638,1.0,0,1,typing
SYNTHETIC DEMONSTRATION ONLY - NOT HUMAN EXPERIMENT RESULTS,1001060,C,1,1312.6501862982261,1.0,0,1,typing
SYNTHETIC DEMONSTRATION ONLY - NOT HUMAN EXPERIMENT RESULTS,1001080,C,1,1312.77312309624,1.0,0,1,typing
SYNTHETIC DEMONSTRATION ONLY - NOT HUMAN EXPERIMENT RESULTS,1001100,C,1,1312.8958783599012,1.0,0,1,typing
SYNTHETIC DEMONSTRATION ONLY - NOT HUMAN EXPERIMENT RESULTS,1001120,C,1,1313.0184503445857,1.0,0,1,typing
SYNTHETIC DEMONSTRATION ONLY - NOT HUMAN EXPERIMENT RESULTS,1001140,C,1,1313.1408373082745,1.0,0,1,typing
SYNTHETIC DEMONSTRATION ONLY - NOT HUMAN EXPERIMENT RESULTS,1001160,C,1,1313.2630375115777,1.0,0,1,typing
SYNTHETIC DEMONSTRATION ONLY - NOT HUMAN EXPERIMENT RESULTS,1001180,C,1,1313.3850492177603,1.0,0,1,typing
SYNTHETIC DEMONSTRATION ONLY - NOT HUMAN EXPERIMENT RESULTS,1001200,C,1,1313.5068706927655,1.0,0,1,typing
SYNTHETIC DEMONSTRATION ONLY - NOT HUMAN EXPERIMENT RESULTS,1001220,C,1,1313.6285002052407,1.0,0,1,typing
SYNTHETIC DEMONSTRATION ONLY - NOT HUMAN EXPERIMENT RESULTS,1001240,C,1,1313.749936026561,1.0,0,1,typing
SYNTHETIC DEMONSTRATION ONLY - NOT HUMAN EXPERIMENT RESULTS,1001260,C,1,1313.871176430855,1.0,0,1,typing
SYNTHETIC DEMONSTRATION ONLY - NOT HUMAN EXPERIMENT RESULTS,1001280,C,1,1313.992219695028,1.0,0,1,typing
SYNTHETIC DEMONSTRATION ONLY - NOT HUMAN EXPERIMENT RESULTS,1001300,C,1,1314.1130640987874,1.0,0,1,typing
SYNTHETIC DEMONSTRATION ONLY - NOT HUMAN EXPERIMENT RESULTS,1001320,C,1,1314.2337079246665,1.0,0,1,typing
SYNTHETIC DEMONSTRATION ONLY - NOT HUMAN EXPERIMENT RESULTS,1001340,C,1,1314.3541494580495,1.0,0,1,typing
SYNTHETIC DEMONSTRATION ONLY - NOT HUMAN EXPERIMENT RESULTS,1001360,C,1,1314.4743869871959,1.0,0,1,typing
SYNTHETIC DEMONSTRATION ONLY - NOT HUMAN EXPERIMENT RESULTS,1001380,C,1,1314.5944188032638,1.0,0,1,typing
SYNTHETIC DEMONSTRATION ONLY - NOT HUMAN EXPERIMENT RESULTS,1001400,C,1,1314.7142432003359,1.0,0,1,typing
SYNTHETIC DEMONSTRATION ONLY - NOT HUMAN EXPERIMENT RESULTS,1001420,C,1,1314.833858475442,1.0,0,1,typing
SYNTHETIC DEMONSTRATION ONLY - NOT HUMAN EXPERIMENT RESULTS,1001440,C,1,1314.9532629285843,1.0,0,1,typing
SYNTHETIC DEMONSTRATION ONLY - NOT HUMAN EXPERIMENT RESULTS,1001460,C,1,1315.0724548627613,1.0,0,1,typing
SYNTHETIC DEMONSTRATION ONLY - NOT HUMAN EXPERIMENT RESULTS,1001480,C,1,1315.1914325839919,1.0,0,1,typing
SYNTHETIC DEMONSTRATION ONLY - NOT HUMAN EXPERIMENT RESULTS,1001500,C,1,1315.310194401339,1.0,0,1,typing
SYNTHETIC DEMONSTRATION ONLY - NOT HUMAN EXPERIMENT RESULTS,1001520,C,1,1315.4287386269345,1.0,0,1,typing
SYNTHETIC DEMONSTRATION ONLY - NOT HUMAN EXPERIMENT RESULTS,1001540,C,1,1315.5470635760025,1.0,0,1,typing
SYNTHETIC DEMONSTRATION ONLY - NOT HUMAN EXPERIMENT RESULTS,1001560,C,1,1315.6651675668836,1.0,0,1,typing
SYNTHETIC DEMONSTRATION ONLY - NOT HUMAN EXPERIMENT RESULTS,1001580,C,1,1315.7830489210587,1.0,0,1,typing
SYNTHETIC DEMONSTRATION ONLY - NOT HUMAN EXPERIMENT RESULTS,1001600,C,1,1315.9007059631726,1.0,0,1,typing
SYNTHETIC DEMONSTRATION ONLY - NOT HUMAN EXPERIMENT RESULTS,1001620,C,1,1316.0181370210585,1.0,0,1,typing
SYNTHETIC DEMONSTRATION ONLY - NOT HUMAN EXPERIMENT RESULTS,1001640,C,1,1316.1353404257611,1.0,0,1,typing
SYNTHETIC DEMONSTRATION ONLY - NOT HUMAN EXPERIMENT RESULTS,1001660,C,1,1316.2523145115608,1.0,0,1,typing
SYNTHETIC DEMONSTRATION ONLY - NOT HUMAN EXPERIMENT RESULTS,1001680,C,1,1316.3690576159966,1.0,0,1,typing
SYNTHETIC DEMONSTRATION ONLY - NOT HUMAN EXPERIMENT RESULTS,1001700,C,1,1316.4855680798905,1.0,0,1,typing
SYNTHETIC DEMONSTRATION ONLY - NOT HUMAN EXPERIMENT RESULTS,1001720,C,1,1316.6018442473712,1.0,0,1,typing
SYNTHETIC DEMONSTRATION ONLY - NOT HUMAN EXPERIMENT RESULTS,1001740,C,1,1316.717884465897,1.0,0,1,typing
SYNTHETIC DEMONSTRATION ONLY - NOT HUMAN EXPERIMENT RESULTS,1001760,C,1,1316.8336870862793,1.0,0,1,typing
SYNTHETIC DEMONSTRATION ONLY - NOT HUMAN EXPERIMENT RESULTS,1001780,C,1,1316.9492504627067,1.0,0,1,typing
SYNTHETIC DEMONSTRATION ONLY - NOT HUMAN EXPERIMENT RESULTS,1001800,C,1,1317.0645729527678,1.0,0,1,typing
SYNTHETIC DEMONSTRATION ONLY - NOT HUMAN EXPERIMENT RESULTS,1001820,C,1,1317.1796529174746,1.0,0,1,typing
SYNTHETIC DEMONSTRATION ONLY - NOT HUMAN EXPERIMENT RESULTS,1001840,C,1,1317.2944887212861,1.0,0,1,typing
SYNTHETIC DEMONSTRATION ONLY - NOT HUMAN EXPERIMENT RESULTS,1001860,C,1,1317.4090787321318,1.0,0,1,typing
SYNTHETIC DEMONSTRATION ONLY - NOT HUMAN EXPERIMENT RESULTS,1001880,C,1,1317.5234213214333,1.0,0,1,typing
SYNTHETIC DEMONSTRATION ONLY - NOT HUMAN EXPERIMENT RESULTS,1001900,C,1,1317.6375148641298,1.0,0,1,typing
SYNTHETIC DEMONSTRATION ONLY - NOT HUMAN EXPERIMENT RESULTS,1001920,C,1,1317.7513577386992,1.0,0,1,typing
SYNTHETIC DEMONSTRATION ONLY - NOT HUMAN EXPERIMENT RESULTS,1001940,C,1,1317.8649483271824,1.0,0,1,typing
SYNTHETIC DEMONSTRATION ONLY - NOT HUMAN EXPERIMENT RESULTS,1001960,C,1,1317.978285015206,1.0,0,1,typing
SYNTHETIC DEMONSTRATION ONLY - NOT HUMAN EXPERIMENT RESULTS,1001980,C,1,1318.0913661920042,1.0,0,1,typing
SYNTHETIC DEMONSTRATION ONLY - NOT HUMAN EXPERIMENT RESULTS,1002000,C,1,1318.2041902504436,1.0,0,1,typing
SYNTHETIC DEMONSTRATION ONLY - NOT HUMAN EXPERIMENT RESULTS,1002020,C,1,1318.3167555870446,1.0,0,1,typing
SYNTHETIC DEMONSTRATION ONLY - NOT HUMAN EXPERIMENT RESULTS,1002040,C,1,1318.4290606020043,1.0,0,1,typing
SYNTHETIC DEMONSTRATION ONLY - NOT HUMAN EXPERIMENT RESULTS,1002060,C,1,1318.54110369922,1.0,0,1,typing
SYNTHETIC DEMONSTRATION ONLY - NOT HUMAN EXPERIMENT RESULTS,1002080,C,1,1318.6528832863114,1.0,0,1,typing
SYNTHETIC DEMONSTRATION ONLY - NOT HUMAN EXPERIMENT RESULTS,1002100,C,1,1318.764397774643,1.0,0,1,typing
SYNTHETIC DEMONSTRATION ONLY - NOT HUMAN EXPERIMENT RESULTS,1002120,C,1,1318.875645579347,1.0,0,1,typing
SYNTHETIC DEMONSTRATION ONLY - NOT HUMAN EXPERIMENT RESULTS,1002140,C,1,1318.9866251193462,1.0,0,1,typing
SYNTHETIC DEMONSTRATION ONLY - NOT HUMAN EXPERIMENT RESULTS,1002160,C,1,1319.0973348173752,1.0,0,1,typing
SYNTHETIC DEMONSTRATION ONLY - NOT HUMAN EXPERIMENT RESULTS,1002180,C,1,1319.2077731000047,1.0,0,1,typing
SYNTHETIC DEMONSTRATION ONLY - NOT HUMAN EXPERIMENT RESULTS,1002200,C,1,1319.3179383976617,1.0,0,1,typing
SYNTHETIC DEMONSTRATION ONLY - NOT HUMAN EXPERIMENT RESULTS,1002220,C,1,1319.427829144654,1.0,0,1,typing
SYNTHETIC DEMONSTRATION ONLY - NOT HUMAN EXPERIMENT RESULTS,1002240,C,1,1319.5374437791902,1.0,0,1,typing
SYNTHETIC DEMONSTRATION ONLY - NOT HUMAN EXPERIMENT RESULTS,1002260,C,1,1319.6467807434042,1.0,0,1,typing
SYNTHETIC DEMONSTRATION ONLY - NOT HUMAN EXPERIMENT RESULTS,1002280,C,1,1319.7558384833758,1.0,0,1,typing
SYNTHETIC DEMONSTRATION ONLY - NOT HUMAN EXPERIMENT RESULTS,1002300,C,1,1319.8646154491526,1.0,0,1,typing
SYNTHETIC DEMONSTRATION ONLY - NOT HUMAN EXPERIMENT RESULTS,1002320,C,1,1319.9731100947736,1.0,0,1,typing
SYNTHETIC DEMONSTRATION ONLY - NOT HUMAN EXPERIMENT RESULTS,1002340,C,1,1320.0813208782895,1.0,0,1,typing
SYNTHETIC DEMONSTRATION ONLY - NOT HUMAN EXPERIMENT RESULTS,1002360,C,1,1320.1892462617857,1.0,0,1,typing
SYNTHETIC DEMONSTRATION ONLY - NOT HUMAN EXPERIMENT RESULTS,1002380,C,1,1320.2968847114034,1.0,0,1,typing
SYNTHETIC DEMONSTRATION ONLY - NOT HUMAN EXPERIMENT RESULTS,1002400,C,1,1320.404234697362,1.0,0,1,typing
SYNTHETIC DEMONSTRATION ONLY - NOT HUMAN EXPERIMENT RESULTS,1002420,C,1,1320.511294693981,1.0,0,1,typing
SYNTHETIC DEMONSTRATION ONLY - NOT HUMAN EXPERIMENT RESULTS,1002440,C,1,1320.6180631797001,1.0,0,1,typing
SYNTHETIC DEMONSTRATION ONLY - NOT HUMAN EXPERIMENT RESULTS,1002460,C,1,1320.7245386371035,1.0,0,1,typing
SYNTHETIC DEMONSTRATION ONLY - NOT HUMAN EXPERIMENT RESULTS,1002480,C,1,1320.830719552939,1.0,0,1,typing
SYNTHETIC DEMONSTRATION ONLY - NOT HUMAN EXPERIMENT RESULTS,1002500,C,1,1320.9366044181406,1.0,0,1,typing
SYNTHETIC DEMONSTRATION ONLY - NOT HUMAN EXPERIMENT RESULTS,1002520,C,1,1321.0421917278504,1.0,0,1,typing
SYNTHETIC DEMONSTRATION ONLY - NOT HUMAN EXPERIMENT RESULTS,1002540,C,1,1321.1474799814384,1.0,0,1,typing
SYNTHETIC DEMONSTRATION ONLY - NOT HUMAN EXPERIMENT RESULTS,1002560,C,1,1321.252467682526,1.0,0,1,typing
SYNTHETIC DEMONSTRATION ONLY - NOT HUMAN EXPERIMENT RESULTS,1002580,C,1,1321.3571533390054,1.0,0,1,typing
SYNTHETIC DEMONSTRATION ONLY - NOT HUMAN EXPERIMENT RESULTS,1002600,C,1,1321.4615354630616,1.0,0,1,typing
SYNTHETIC DEMONSTRATION ONLY - NOT HUMAN EXPERIMENT RESULTS,1002620,C,1,1321.565612571194,1.0,0,1,typing
SYNTHETIC DEMONSTRATION ONLY - NOT HUMAN EXPERIMENT RESULTS,1002640,C,1,1321.6693831842356,1.0,0,1,typing
SYNTHETIC DEMONSTRATION ONLY - NOT HUMAN EXPERIMENT RESULTS,1002660,C,1,1321.7728458273773,1.0,0,1,typing
SYNTHETIC DEMONSTRATION ONLY - NOT HUMAN EXPERIMENT RESULTS,1002680,C,1,1321.875999030185,1.0,0,1,typing
SYNTHETIC DEMONSTRATION ONLY - NOT HUMAN EXPERIMENT RESULTS,1002700,C,1,1321.9788413266244,1.0,0,1,typing
SYNTHETIC DEMONSTRATION ONLY - NOT HUMAN EXPERIMENT RESULTS,1002720,C,1,1322.081371255078,1.0,0,1,typing
SYNTHETIC DEMONSTRATION ONLY - NOT HUMAN EXPERIMENT RESULTS,1002740,C,1,1322.1835873583689,1.0,0,1,typing
SYNTHETIC DEMONSTRATION ONLY - NOT HUMAN EXPERIMENT RESULTS,1002760,C,1,1322.2854881837798,1.0,0,1,typing
SYNTHETIC DEMONSTRATION ONLY - NOT HUMAN EXPERIMENT RESULTS,1002780,C,1,1322.3870722830745,1.0,0,1,typing
SYNTHETIC DEMONSTRATION ONLY - NOT HUMAN EXPERIMENT RESULTS,1002800,C,1,1322.4883382125186,1.0,0,1,typing
SYNTHETIC DEMONSTRATION ONLY - NOT HUMAN EXPERIMENT RESULTS,1002820,C,1,1322.589284532898,1.0,0,1,typing
SYNTHETIC DEMONSTRATION ONLY - NOT HUMAN EXPERIMENT RESULTS,1002840,C,1,1322.6899098095432,1.0,0,1,typing
SYNTHETIC DEMONSTRATION ONLY - NOT HUMAN EXPERIMENT RESULTS,1002860,C,1,1322.7902126123456,1.0,0,1,typing
SYNTHETIC DEMONSTRATION ONLY - NOT HUMAN EXPERIMENT RESULTS,1002880,C,1,1322.8901915157805,1.0,0,1,typing
SYNTHETIC DEMONSTRATION ONLY - NOT HUMAN EXPERIMENT RESULTS,1002900,C,1,1322.9898450989265,1.0,0,1,typing
SYNTHETIC DEMONSTRATION ONLY - NOT HUMAN EXPERIMENT RESULTS,1002920,C,1,1323.0891719454855,1.0,0,1,typing
SYNTHETIC DEMONSTRATION ONLY - NOT HUMAN EXPERIMENT RESULTS,1002940,C,1,1323.188170643803,1.0,0,1,typing
SYNTHETIC DEMONSTRATION ONLY - NOT HUMAN EXPERIMENT RESULTS,1002960,C,1,1323.2868397868885,1.0,0,1,typing
SYNTHETIC DEMONSTRATION ONLY - NOT HUMAN EXPERIMENT RESULTS,1002980,C,1,1323.3851779724353,1.0,0,1,typing
SYNTHETIC DEMONSTRATION ONLY - NOT HUMAN EXPERIMENT RESULTS,1003000,C,1,1323.48318380284,1.0,0,1,typing
SYNTHETIC DEMONSTRATION ONLY - NOT HUMAN EXPERIMENT RESULTS,1003020,C,1,1323.5808558852223,1.0,0,1,typing
SYNTHETIC DEMONSTRATION ONLY - NOT HUMAN EXPERIMENT RESULTS,1003040,C,1,1323.6781928314463,1.0,0,1,typing
SYNTHETIC DEMONSTRATION ONLY - NOT HUMAN EXPERIMENT RESULTS,1003060,C,1,1323.7751932581384,1.0,0,1,typing
SYNTHETIC DEMONSTRATION ONLY - NOT HUMAN EXPERIMENT RESULTS,1003080,C,1,1323.8718557867078,1.0,0,1,typing
SYNTHETIC DEMONSTRATION ONLY - NOT HUMAN EXPERIMENT RESULTS,1003100,C,1,1323.9681790433658,1.0,0,1,typing
SYNTHETIC DEMONSTRATION ONLY - NOT HUMAN EXPERIMENT RESULTS,1003120,C,1,1324.064161659146,1.0,0,1,typing
SYNTHETIC DEMONSTRATION ONLY - NOT HUMAN EXPERIMENT RESULTS,1003140,C,1,1324.1598022699231,1.0,0,1,typing
SYNTHETIC DEMONSTRATION ONLY - NOT HUMAN EXPERIMENT RESULTS,1003160,C,1,1324.255099516432,1.0,0,1,typing
SYNTHETIC DEMONSTRATION ONLY - NOT HUMAN EXPERIMENT RESULTS,1003180,C,1,1324.3500520442878,1.0,0,1,typing
SYNTHETIC DEMONSTRATION ONLY - NOT HUMAN EXPERIMENT RESULTS,1003200,C,1,1324.4446585040052,1.0,0,1,typing
SYNTHETIC DEMONSTRATION ONLY - NOT HUMAN EXPERIMENT RESULTS,1003220,C,1,1324.5389175510168,1.0,0,1,typing
SYNTHETIC DEMONSTRATION ONLY - NOT HUMAN EXPERIMENT RESULTS,1003240,C,1,1324.632827845693,1.0,0,1,typing
SYNTHETIC DEMONSTRATION ONLY - NOT HUMAN EXPERIMENT RESULTS,1003260,C,1,1324.7263880533608,1.0,0,1,typing
SYNTHETIC DEMONSTRATION ONLY - NOT HUMAN EXPERIMENT RESULTS,1003280,C,1,1324.8195968443222,1.0,0,1,typing
SYNTHETIC DEMONSTRATION ONLY - NOT HUMAN EXPERIMENT RESULTS,1003300,C,1,1324.9124528938742,1.0,0,1,typing
SYNTHETIC DEMONSTRATION ONLY - NOT HUMAN EXPERIMENT RESULTS,1003320,C,1,1325.0049548823267,1.0,0,1,typing
SYNTHETIC DEMONSTRATION ONLY - NOT HUMAN EXPERIMENT RESULTS,1003340,C,1,1325.0971014950217,1.0,0,1,typing
SYNTHETIC DEMONSTRATION ONLY - NOT HUMAN EXPERIMENT RESULTS,1003360,C,1,1325.1888914223518,1.0,0,1,typing
SYNTHETIC DEMONSTRATION ONLY - NOT HUMAN EXPERIMENT RESULTS,1003380,C,1,1325.2803233597792,1.0,0,1,typing
SYNTHETIC DEMONSTRATION ONLY - NOT HUMAN EXPERIMENT RESULTS,1003400,C,1,1325.3713960078535,1.0,0,1,typing
SYNTHETIC DEMONSTRATION ONLY - NOT HUMAN EXPERIMENT RESULTS,1003420,C,1,1325.4621080722309,1.0,0,1,typing
SYNTHETIC DEMONSTRATION ONLY - NOT HUMAN EXPERIMENT RESULTS,1003440,C,1,1325.5524582636917,1.0,0,1,typing
SYNTHETIC DEMONSTRATION ONLY - NOT HUMAN EXPERIMENT RESULTS,1003460,C,1,1325.6424452981605,1.0,0,1,typing
SYNTHETIC DEMONSTRATION ONLY - NOT HUMAN EXPERIMENT RESULTS,1003480,C,1,1325.7320678967217,1.0,0,1,typing
SYNTHETIC DEMONSTRATION ONLY - NOT HUMAN EXPERIMENT RESULTS,1003500,C,1,1325.8213247856402,1.0,0,1,typing
SYNTHETIC DEMONSTRATION ONLY - NOT HUMAN EXPERIMENT RESULTS,1003520,C,1,1325.9102146963776,1.0,0,1,typing
SYNTHETIC DEMONSTRATION ONLY - NOT HUMAN EXPERIMENT RESULTS,1003540,C,1,1325.9987363656119,1.0,0,1,typing
SYNTHETIC DEMONSTRATION ONLY - NOT HUMAN EXPERIMENT RESULTS,1003560,C,1,1326.0868885352543,1.0,0,1,typing
SYNTHETIC DEMONSTRATION ONLY - NOT HUMAN EXPERIMENT RESULTS,1003580,C,1,1326.174669952467,1.0,0,1,typing
SYNTHETIC DEMONSTRATION ONLY - NOT HUMAN EXPERIMENT RESULTS,1003600,C,1,1326.2620793696817,1.0,0,1,typing
SYNTHETIC DEMONSTRATION ONLY - NOT HUMAN EXPERIMENT RESULTS,1003620,C,1,1326.3491155446175,1.0,0,1,typing
SYNTHETIC DEMONSTRATION ONLY - NOT HUMAN EXPERIMENT RESULTS,1003640,C,1,1326.4357772402975,1.0,0,1,typing
SYNTHETIC DEMONSTRATION ONLY - NOT HUMAN EXPERIMENT RESULTS,1003660,C,1,1326.522063225067,1.0,0,1,typing
SYNTHETIC DEMONSTRATION ONLY - NOT HUMAN EXPERIMENT RESULTS,1003680,C,1,1326.6079722726117,1.0,0,1,typing
SYNTHETIC DEMONSTRATION ONLY - NOT HUMAN EXPERIMENT RESULTS,1003700,C,1,1326.6935031619732,1.0,0,1,typing
SYNTHETIC DEMONSTRATION ONLY - NOT HUMAN EXPERIMENT RESULTS,1003720,C,1,1326.7786546775687,1.0,0,1,typing
SYNTHETIC DEMONSTRATION ONLY - NOT HUMAN EXPERIMENT RESULTS,1003740,C,1,1326.8634256092066,1.0,0,1,typing
SYNTHETIC DEMONSTRATION ONLY - NOT HUMAN EXPERIMENT RESULTS,1003760,C,1,1326.947814752104,1.0,0,1,typing
SYNTHETIC DEMONSTRATION ONLY - NOT HUMAN EXPERIMENT RESULTS,1003780,C,1,1327.031820906905,1.0,0,1,typing
SYNTHETIC DEMONSTRATION ONLY - NOT HUMAN EXPERIMENT RESULTS,1003800,C,1,1327.1154428796956,1.0,0,1,typing
SYNTHETIC DEMONSTRATION ONLY - NOT HUMAN EXPERIMENT RESULTS,1003820,C,1,1327.1986794820227,1.0,0,1,typing
SYNTHETIC DEMONSTRATION ONLY - NOT HUMAN EXPERIMENT RESULTS,1003840,C,1,1327.2815295309101,1.0,0,1,typing
SYNTHETIC DEMONSTRATION ONLY - NOT HUMAN EXPERIMENT RESULTS,1003860,C,1,1327.363991848875,1.0,0,1,typing
SYNTHETIC DEMONSTRATION ONLY - NOT HUMAN EXPERIMENT RESULTS,1003880,C,1,1327.4460652639452,1.0,0,1,typing
SYNTHETIC DEMONSTRATION ONLY - NOT HUMAN EXPERIMENT RESULTS,1003900,C,1,1327.527748609676,1.0,0,1,typing
SYNTHETIC DEMONSTRATION ONLY - NOT HUMAN EXPERIMENT RESULTS,1003920,C,1,1327.6090407251666,1.0,0,1,typing
SYNTHETIC DEMONSTRATION ONLY - NOT HUMAN EXPERIMENT RESULTS,1003940,C,1,1327.6899404550754,1.0,0,1,typing
SYNTHETIC DEMONSTRATION ONLY - NOT HUMAN EXPERIMENT RESULTS,1003960,C,1,1327.7704466496386,1.0,0,1,typing
SYNTHETIC DEMONSTRATION ONLY - NOT HUMAN EXPERIMENT RESULTS,1003980,C,1,1327.850558164685,1.0,0,1,typing
SYNTHETIC DEMONSTRATION ONLY - NOT HUMAN EXPERIMENT RESULTS,1004000,C,1,1327.9302738616523,1.0,0,1,typing
SYNTHETIC DEMONSTRATION ONLY - NOT HUMAN EXPERIMENT RESULTS,1004020,C,1,1328.0095926076044,1.0,0,1,typing
SYNTHETIC DEMONSTRATION ONLY - NOT HUMAN EXPERIMENT RESULTS,1004040,C,1,1328.088513275246,1.0,0,1,typing
SYNTHETIC DEMONSTRATION ONLY - NOT HUMAN EXPERIMENT RESULTS,1004060,C,1,1328.1670347429401,1.0,0,1,typing
SYNTHETIC DEMONSTRATION ONLY - NOT HUMAN EXPERIMENT RESULTS,1004080,C,1,1328.2451558947225,1.0,0,1,typing
SYNTHETIC DEMONSTRATION ONLY - NOT HUMAN EXPERIMENT RESULTS,1004100,C,1,1328.3228756203189,1.0,0,1,typing
SYNTHETIC DEMONSTRATION ONLY - NOT HUMAN EXPERIMENT RESULTS,1004120,C,1,1328.4001928151597,1.0,0,1,typing
SYNTHETIC DEMONSTRATION ONLY - NOT HUMAN EXPERIMENT RESULTS,1004140,C,1,1328.477106380397,1.0,0,1,typing
SYNTHETIC DEMONSTRATION ONLY - NOT HUMAN EXPERIMENT RESULTS,1004160,C,1,1328.5536152229179,1.0,0,1,typing
SYNTHETIC DEMONSTRATION ONLY - NOT HUMAN EXPERIMENT RESULTS,1004180,C,1,1328.6297182553633,1.0,0,1,typing
SYNTHETIC DEMONSTRATION ONLY - NOT HUMAN EXPERIMENT RESULTS,1004200,C,1,1328.70541439614,1.0,0,1,typing
SYNTHETIC DEMONSTRATION ONLY - NOT HUMAN EXPERIMENT RESULTS,1004220,C,1,1328.7807025694387,1.0,0,1,typing
SYNTHETIC DEMONSTRATION ONLY - NOT HUMAN EXPERIMENT RESULTS,1004240,C,1,1328.8555817052477,1.0,0,1,typing
SYNTHETIC DEMONSTRATION ONLY - NOT HUMAN EXPERIMENT RESULTS,1004260,C,1,1328.9300507393687,1.0,0,1,typing
SYNTHETIC DEMONSTRATION ONLY - NOT HUMAN EXPERIMENT RESULTS,1004280,C,1,1329.0041086134315,1.0,0,1,typing
SYNTHETIC DEMONSTRATION ONLY - NOT HUMAN EXPERIMENT RESULTS,1004300,C,1,1329.0777542749106,1.0,0,1,typing
SYNTHETIC DEMONSTRATION ONLY - NOT HUMAN EXPERIMENT RESULTS,1004320,C,1,1329.1509866771376,1.0,0,1,typing
SYNTHETIC DEMONSTRATION ONLY - NOT HUMAN EXPERIMENT RESULTS,1004340,C,1,1329.2238047793178,1.0,0,1,typing
SYNTHETIC DEMONSTRATION ONLY - NOT HUMAN EXPERIMENT RESULTS,1004360,C,1,1329.2962075465452,1.0,0,1,typing
SYNTHETIC DEMONSTRATION ONLY - NOT HUMAN EXPERIMENT RESULTS,1004380,C,1,1329.3681939498163,1.0,0,1,typing
SYNTHETIC DEMONSTRATION ONLY - NOT HUMAN EXPERIMENT RESULTS,1004400,C,1,1329.4397629660443,1.0,0,1,typing
SYNTHETIC DEMONSTRATION ONLY - NOT HUMAN EXPERIMENT RESULTS,1004420,C,1,1329.5109135780758,1.0,0,1,typing
SYNTHETIC DEMONSTRATION ONLY - NOT HUMAN EXPERIMENT RESULTS,1004440,C,1,1329.5816447747027,1.0,0,1,typing
SYNTHETIC DEMONSTRATION ONLY - NOT HUMAN EXPERIMENT RESULTS,1004460,C,1,1329.6519555506782,1.0,0,1,typing
SYNTHETIC DEMONSTRATION ONLY - NOT HUMAN EXPERIMENT RESULTS,1004480,C,1,1329.7218449067304,1.0,0,1,typing
SYNTHETIC DEMONSTRATION ONLY - NOT HUMAN EXPERIMENT RESULTS,1004500,C,1,1329.7913118495771,1.0,0,1,typing
SYNTHETIC DEMONSTRATION ONLY - NOT HUMAN EXPERIMENT RESULTS,1004520,C,1,1329.8603553919395,1.0,0,1,typing
SYNTHETIC DEMONSTRATION ONLY - NOT HUMAN EXPERIMENT RESULTS,1004540,C,1,1329.9289745525555,1.0,0,1,typing
SYNTHETIC DEMONSTRATION ONLY - NOT HUMAN EXPERIMENT RESULTS,1004560,C,1,1329.997168356195,1.0,0,1,typing
SYNTHETIC DEMONSTRATION ONLY - NOT HUMAN EXPERIMENT RESULTS,1004580,C,1,1330.0649358336734,1.0,0,1,typing
SYNTHETIC DEMONSTRATION ONLY - NOT HUMAN EXPERIMENT RESULTS,1004600,C,1,1330.1322760218648,1.0,0,1,typing
SYNTHETIC DEMONSTRATION ONLY - NOT HUMAN EXPERIMENT RESULTS,1004620,C,1,1330.199187963716,1.0,0,1,typing
SYNTHETIC DEMONSTRATION ONLY - NOT HUMAN EXPERIMENT RESULTS,1004640,C,1,1330.26567070826,1.0,0,1,typing
SYNTHETIC DEMONSTRATION ONLY - NOT HUMAN EXPERIMENT RESULTS,1004660,C,1,1330.3317233106302,1.0,0,1,typing
SYNTHETIC DEMONSTRATION ONLY - NOT HUMAN EXPERIMENT RESULTS,1004680,C,1,1330.3973448320726,1.0,0,1,typing
SYNTHETIC DEMONSTRATION ONLY - NOT HUMAN EXPERIMENT RESULTS,1004700,C,1,1330.4625343399603,1.0,0,1,typing
SYNTHETIC DEMONSTRATION ONLY - NOT HUMAN EXPERIMENT RESULTS,1004720,C,1,1330.527290907806,1.0,0,1,typing
SYNTHETIC DEMONSTRATION ONLY - NOT HUMAN EXPERIMENT RESULTS,1004740,C,1,1330.5916136152755,1.0,0,1,typing
SYNTHETIC DEMONSTRATION ONLY - NOT HUMAN EXPERIMENT RESULTS,1004760,C,1,1330.6555015482008,1.0,0,1,typing
SYNTHETIC DEMONSTRATION ONLY - NOT HUMAN EXPERIMENT RESULTS,1004780,C,1,1330.7189537985932,1.0,0,1,typing
SYNTHETIC DEMONSTRATION ONLY - NOT HUMAN EXPERIMENT RESULTS,1004800,C,1,1330.7819694646555,1.0,0,1,typing
SYNTHETIC DEMONSTRATION ONLY - NOT HUMAN EXPERIMENT RESULTS,1004820,C,1,1330.8445476507957,1.0,0,1,typing
SYNTHETIC DEMONSTRATION ONLY - NOT HUMAN EXPERIMENT RESULTS,1004840,C,1,1330.9066874676391,1.0,0,1,typing
SYNTHETIC DEMONSTRATION ONLY - NOT HUMAN EXPERIMENT RESULTS,1004860,C,1,1330.9683880320415,1.0,0,1,typing
SYNTHETIC DEMONSTRATION ONLY - NOT HUMAN EXPERIMENT RESULTS,1004880,C,1,1331.0296484671014,1.0,0,1,typing
SYNTHETIC DEMONSTRATION ONLY - NOT HUMAN EXPERIMENT RESULTS,1004900,C,1,1331.0904679021721,1.0,0,1,typing
SYNTHETIC DEMONSTRATION ONLY - NOT HUMAN EXPERIMENT RESULTS,1004920,C,1,1331.150845472875,1.0,0,1,typing
SYNTHETIC DEMONSTRATION ONLY - NOT HUMAN EXPERIMENT RESULTS,1004940,C,1,1331.2107803211113,1.0,0,1,typing
SYNTHETIC DEMONSTRATION ONLY - NOT HUMAN EXPERIMENT RESULTS,1004960,C,1,1331.2702715950738,1.0,0,1,typing
SYNTHETIC DEMONSTRATION ONLY - NOT HUMAN EXPERIMENT RESULTS,1004980,C,1,1331.3293184492604,1.0,0,1,typing
SYNTHETIC DEMONSTRATION ONLY - NOT HUMAN EXPERIMENT RESULTS,1005000,C,1,1331.387920044484,1.0,0,1,typing
SYNTHETIC DEMONSTRATION ONLY - NOT HUMAN EXPERIMENT RESULTS,1005020,C,1,1331.4460755478863,1.0,0,1,typing
SYNTHETIC DEMONSTRATION ONLY - NOT HUMAN EXPERIMENT RESULTS,1005040,C,1,1331.5037841329492,1.0,0,1,typing
SYNTHETIC DEMONSTRATION ONLY - NOT HUMAN EXPERIMENT RESULTS,1005060,C,1,1331.5610449795058,1.0,0,1,typing
SYNTHETIC DEMONSTRATION ONLY - NOT HUMAN EXPERIMENT RESULTS,1005080,C,1,1331.6178572737526,1.0,0,1,typing
SYNTHETIC DEMONSTRATION ONLY - NOT HUMAN EXPERIMENT RESULTS,1005100,C,1,1331.6742202082612,1.0,0,1,typing
SYNTHETIC DEMONSTRATION ONLY - NOT HUMAN EXPERIMENT RESULTS,1005120,C,1,1331.7301329819898,1.0,0,1,typing
SYNTHETIC DEMONSTRATION ONLY - NOT HUMAN EXPERIMENT RESULTS,1005140,C,1,1331.7855948002937,1.0,0,1,typing
SYNTHETIC DEMONSTRATION ONLY - NOT HUMAN EXPERIMENT RESULTS,1005160,C,1,1331.840604874938,1.0,0,1,typing
SYNTHETIC DEMONSTRATION ONLY - NOT HUMAN EXPERIMENT RESULTS,1005180,C,1,1331.8951624241076,1.0,0,1,typing
SYNTHETIC DEMONSTRATION ONLY - NOT HUMAN EXPERIMENT RESULTS,1005200,C,1,1331.949266672419,1.0,0,1,typing
SYNTHETIC DEMONSTRATION ONLY - NOT HUMAN EXPERIMENT RESULTS,1005220,C,1,1332.0029168509313,1.0,0,1,typing
SYNTHETIC DEMONSTRATION ONLY - NOT HUMAN EXPERIMENT RESULTS,1005240,C,1,1332.0561121971564,1.0,0,1,typing
SYNTHETIC DEMONSTRATION ONLY - NOT HUMAN EXPERIMENT RESULTS,1005260,C,1,1332.1088519550708,1.0,0,1,typing
SYNTHETIC DEMONSTRATION ONLY - NOT HUMAN EXPERIMENT RESULTS,1005280,C,1,1332.161135375126,1.0,0,1,typing
SYNTHETIC DEMONSTRATION ONLY - NOT HUMAN EXPERIMENT RESULTS,1005300,C,1,1332.2129617142584,1.0,0,1,typing
SYNTHETIC DEMONSTRATION ONLY - NOT HUMAN EXPERIMENT RESULTS,1005320,C,1,1332.2643302359015,1.0,0,1,typing
SYNTHETIC DEMONSTRATION ONLY - NOT HUMAN EXPERIMENT RESULTS,1005340,C,1,1332.3152402099945,1.0,0,1,typing
SYNTHETIC DEMONSTRATION ONLY - NOT HUMAN EXPERIMENT RESULTS,1005360,C,1,1332.3656909129943,1.0,0,1,typing
SYNTHETIC DEMONSTRATION ONLY - NOT HUMAN EXPERIMENT RESULTS,1005380,C,1,1332.4156816278844,1.0,0,1,typing
SYNTHETIC DEMONSTRATION ONLY - NOT HUMAN EXPERIMENT RESULTS,1005400,C,1,1332.4652116441864,1.0,0,1,typing
SYNTHETIC DEMONSTRATION ONLY - NOT HUMAN EXPERIMENT RESULTS,1005420,C,1,1332.5142802579692,1.0,0,1,typing
SYNTHETIC DEMONSTRATION ONLY - NOT HUMAN EXPERIMENT RESULTS,1005440,C,1,1332.5628867718588,1.0,0,1,typing
SYNTHETIC DEMONSTRATION ONLY - NOT HUMAN EXPERIMENT RESULTS,1005460,C,1,1332.6110304950494,1.0,0,1,typing
SYNTHETIC DEMONSTRATION ONLY - NOT HUMAN EXPERIMENT RESULTS,1005480,C,1,1332.6587107433118,1.0,0,1,typing
SYNTHETIC DEMONSTRATION ONLY - NOT HUMAN EXPERIMENT RESULTS,1005500,C,1,1332.7059268390044,1.0,0,1,typing
SYNTHETIC DEMONSTRATION ONLY - NOT HUMAN EXPERIMENT RESULTS,1005520,C,1,1332.7526781110819,1.0,0,1,typing
SYNTHETIC DEMONSTRATION ONLY - NOT HUMAN EXPERIMENT RESULTS,1005540,C,1,1332.798963895105,1.0,0,1,typing
SYNTHETIC DEMONSTRATION ONLY - NOT HUMAN EXPERIMENT RESULTS,1005560,C,1,1332.8447835332508,1.0,0,1,typing
SYNTHETIC DEMONSTRATION ONLY - NOT HUMAN EXPERIMENT RESULTS,1005580,C,1,1332.8901363743203,1.0,0,1,typing
SYNTHETIC DEMONSTRATION ONLY - NOT HUMAN EXPERIMENT RESULTS,1005600,C,1,1332.9350217737494,1.0,0,1,typing
SYNTHETIC DEMONSTRATION ONLY - NOT HUMAN EXPERIMENT RESULTS,1005620,C,1,1332.9794390936174,1.0,0,1,typing
SYNTHETIC DEMONSTRATION ONLY - NOT HUMAN EXPERIMENT RESULTS,1005640,C,1,1333.0233877026556,1.0,0,1,typing
SYNTHETIC DEMONSTRATION ONLY - NOT HUMAN EXPERIMENT RESULTS,1005660,C,1,1333.0668669762572,1.0,0,1,typing
SYNTHETIC DEMONSTRATION ONLY - NOT HUMAN EXPERIMENT RESULTS,1005680,C,1,1333.1098762964853,1.0,0,1,typing
SYNTHETIC DEMONSTRATION ONLY - NOT HUMAN EXPERIMENT RESULTS,1005700,C,1,1333.1524150520822,1.0,0,1,typing
SYNTHETIC DEMONSTRATION ONLY - NOT HUMAN EXPERIMENT RESULTS,1005720,C,1,1333.1944826384783,1.0,0,1,typing
SYNTHETIC DEMONSTRATION ONLY - NOT HUMAN EXPERIMENT RESULTS,1005740,C,1,1333.2360784578,1.0,0,1,typing
SYNTHETIC DEMONSTRATION ONLY - NOT HUMAN EXPERIMENT RESULTS,1005760,C,1,1333.2772019188787,1.0,0,1,typing
SYNTHETIC DEMONSTRATION ONLY - NOT HUMAN EXPERIMENT RESULTS,1005780,C,1,1333.3178524372586,1.0,0,1,typing
SYNTHETIC DEMONSTRATION ONLY - NOT HUMAN EXPERIMENT RESULTS,1005800,C,1,1333.3580294352064,1.0,0,1,typing
SYNTHETIC DEMONSTRATION ONLY - NOT HUMAN EXPERIMENT RESULTS,1005820,C,1,1333.3977323417175,1.0,0,1,typing
SYNTHETIC DEMONSTRATION ONLY - NOT HUMAN EXPERIMENT RESULTS,1005840,C,1,1333.436960592526,1.0,0,1,typing
SYNTHETIC DEMONSTRATION ONLY - NOT HUMAN EXPERIMENT RESULTS,1005860,C,1,1333.4757136301116,1.0,0,1,typing
SYNTHETIC DEMONSTRATION ONLY - NOT HUMAN EXPERIMENT RESULTS,1005880,C,1,1333.513990903708,1.0,0,1,typing
SYNTHETIC DEMONSTRATION ONLY - NOT HUMAN EXPERIMENT RESULTS,1005900,C,1,1333.5517918693101,1.0,0,1,typing
SYNTHETIC DEMONSTRATION ONLY - NOT HUMAN EXPERIMENT RESULTS,1005920,C,1,1333.5891159896828,1.0,0,1,typing
SYNTHETIC DEMONSTRATION ONLY - NOT HUMAN EXPERIMENT RESULTS,1005940,C,1,1333.6259627343675,1.0,0,1,typing
SYNTHETIC DEMONSTRATION ONLY - NOT HUMAN EXPERIMENT RESULTS,1005960,C,1,1333.6623315796905,1.0,0,1,typing
SYNTHETIC DEMONSTRATION ONLY - NOT HUMAN EXPERIMENT RESULTS,1005980,C,1,1333.69822200877,1.0,0,1,typing
SYNTHETIC DEMONSTRATION ONLY - NOT HUMAN EXPERIMENT RESULTS,1006000,C,1,1333.7336335115237,1.0,0,1,typing
SYNTHETIC DEMONSTRATION ONLY - NOT HUMAN EXPERIMENT RESULTS,1006020,C,1,1333.7685655846756,1.0,0,1,typing
SYNTHETIC DEMONSTRATION ONLY - NOT HUMAN EXPERIMENT RESULTS,1006040,C,1,1333.8030177317635,1.0,0,1,typing
SYNTHETIC DEMONSTRATION ONLY - NOT HUMAN EXPERIMENT RESULTS,1006060,C,1,1333.8369894631462,1.0,0,1,typing
SYNTHETIC DEMONSTRATION ONLY - NOT HUMAN EXPERIMENT RESULTS,1006080,C,1,1333.8704802960106,1.0,0,1,typing
SYNTHETIC DEMONSTRATION ONLY - NOT HUMAN EXPERIMENT RESULTS,1006100,C,1,1333.9034897543772,1.0,0,1,typing
SYNTHETIC DEMONSTRATION ONLY - NOT HUMAN EXPERIMENT RESULTS,1006120,C,1,1333.9360173691089,1.0,0,1,typing
SYNTHETIC DEMONSTRATION ONLY - NOT HUMAN EXPERIMENT RESULTS,1006140,C,1,1333.9680626779164,1.0,0,1,typing
SYNTHETIC DEMONSTRATION ONLY - NOT HUMAN EXPERIMENT RESULTS,1006160,C,1,1333.9996252253645,1.0,0,1,typing
SYNTHETIC DEMONSTRATION ONLY - NOT HUMAN EXPERIMENT RESULTS,1006180,C,1,1334.03070456288,1.0,0,1,typing
SYNTHETIC DEMONSTRATION ONLY - NOT HUMAN EXPERIMENT RESULTS,1006200,C,1,1334.0613002487564,1.0,0,1,typing
SYNTHETIC DEMONSTRATION ONLY - NOT HUMAN EXPERIMENT RESULTS,1006220,C,1,1334.0914118481614,1.0,0,1,typing
SYNTHETIC DEMONSTRATION ONLY - NOT HUMAN EXPERIMENT RESULTS,1006240,C,1,1334.1210389331427,1.0,0,1,typing
SYNTHETIC DEMONSTRATION ONLY - NOT HUMAN EXPERIMENT RESULTS,1006260,C,1,1334.1501810826335,1.0,0,1,typing
SYNTHETIC DEMONSTRATION ONLY - NOT HUMAN EXPERIMENT RESULTS,1006280,C,1,1334.1788378824594,1.0,0,1,typing
SYNTHETIC DEMONSTRATION ONLY - NOT HUMAN EXPERIMENT RESULTS,1006300,C,1,1334.2070089253443,1.0,0,1,typing
SYNTHETIC DEMONSTRATION ONLY - NOT HUMAN EXPERIMENT RESULTS,1006320,C,1,1334.2346938109147,1.0,0,1,typing
SYNTHETIC DEMONSTRATION ONLY - NOT HUMAN EXPERIMENT RESULTS,1006340,C,1,1334.2618921457074,1.0,0,1,typing
SYNTHETIC DEMONSTRATION ONLY - NOT HUMAN EXPERIMENT RESULTS,1006360,C,1,1334.2886035431738,1.0,0,1,typing
SYNTHETIC DEMONSTRATION ONLY - NOT HUMAN EXPERIMENT RESULTS,1006380,C,1,1334.3148276236861,1.0,0,1,typing
SYNTHETIC DEMONSTRATION ONLY - NOT HUMAN EXPERIMENT RESULTS,1006400,C,1,1334.3405640145415,1.0,0,1,typing
SYNTHETIC DEMONSTRATION ONLY - NOT HUMAN EXPERIMENT RESULTS,1006420,C,1,1334.3658123499695,1.0,0,1,typing
SYNTHETIC DEMONSTRATION ONLY - NOT HUMAN EXPERIMENT RESULTS,1006440,C,1,1334.390572271135,1.0,0,1,typing
SYNTHETIC DEMONSTRATION ONLY - NOT HUMAN EXPERIMENT RESULTS,1006460,C,1,1334.4148434261447,1.0,0,1,typing
SYNTHETIC DEMONSTRATION ONLY - NOT HUMAN EXPERIMENT RESULTS,1006480,C,1,1334.4386254700519,1.0,0,1,typing
SYNTHETIC DEMONSTRATION ONLY - NOT HUMAN EXPERIMENT RESULTS,1006500,C,1,1334.4619180648613,1.0,0,1,typing
SYNTHETIC DEMONSTRATION ONLY - NOT HUMAN EXPERIMENT RESULTS,1006520,C,1,1334.4847208795331,1.0,0,1,typing
SYNTHETIC DEMONSTRATION ONLY - NOT HUMAN EXPERIMENT RESULTS,1006540,C,1,1334.5070335899893,1.0,0,1,typing
SYNTHETIC DEMONSTRATION ONLY - NOT HUMAN EXPERIMENT RESULTS,1006560,C,1,1334.5288558791165,1.0,0,1,typing
SYNTHETIC DEMONSTRATION ONLY - NOT HUMAN EXPERIMENT RESULTS,1006580,C,1,1334.550187436772,1.0,0,1,typing
SYNTHETIC DEMONSTRATION ONLY - NOT HUMAN EXPERIMENT RESULTS,1006600,C,1,1334.5710279597868,1.0,0,1,typing
SYNTHETIC DEMONSTRATION ONLY - NOT HUMAN EXPERIMENT RESULTS,1006620,C,1,1334.5913771519713,1.0,0,1,typing
SYNTHETIC DEMONSTRATION ONLY - NOT HUMAN EXPERIMENT RESULTS,1006640,C,1,1334.6112347241183,1.0,0,1,typing
SYNTHETIC DEMONSTRATION ONLY - NOT HUMAN EXPERIMENT RESULTS,1006660,C,1,1334.6306003940076,1.0,0,1,typing
SYNTHETIC DEMONSTRATION ONLY - NOT HUMAN EXPERIMENT RESULTS,1006680,C,1,1334.6494738864103,1.0,0,1,typing
SYNTHETIC DEMONSTRATION ONLY - NOT HUMAN EXPERIMENT RESULTS,1006700,C,1,1334.6678549330925,1.0,0,1,typing
SYNTHETIC DEMONSTRATION ONLY - NOT HUMAN EXPERIMENT RESULTS,1006720,C,1,1334.6857432728184,1.0,0,1,typing
SYNTHETIC DEMONSTRATION ONLY - NOT HUMAN EXPERIMENT RESULTS,1006740,C,1,1334.7031386513554,1.0,0,1,typing
SYNTHETIC DEMONSTRATION ONLY - NOT HUMAN EXPERIMENT RESULTS,1006760,C,1,1334.7200408214765,1.0,0,1,typing
SYNTHETIC DEMONSTRATION ONLY - NOT HUMAN EXPERIMENT RESULTS,1006780,C,1,1334.7364495429647,1.0,0,1,typing
SYNTHETIC DEMONSTRATION ONLY - NOT HUMAN EXPERIMENT RESULTS,1006800,C,1,1334.7523645826154,1.0,0,1,typing
SYNTHETIC DEMONSTRATION ONLY - NOT HUMAN EXPERIMENT RESULTS,1006820,C,1,1334.7677857142407,1.0,0,1,typing
SYNTHETIC DEMONSTRATION ONLY - NOT HUMAN EXPERIMENT RESULTS,1006840,C,1,1334.7827127186727,1.0,0,1,typing
SYNTHETIC DEMONSTRATION ONLY - NOT HUMAN EXPERIMENT RESULTS,1006860,C,1,1334.7971453837652,1.0,0,1,typing
SYNTHETIC DEMONSTRATION ONLY - NOT HUMAN EXPERIMENT RESULTS,1006880,C,1,1334.8110835043979,1.0,0,1,typing
SYNTHETIC DEMONSTRATION ONLY - NOT HUMAN EXPERIMENT RESULTS,1006900,C,1,1334.8245268824796,1.0,0,1,typing
SYNTHETIC DEMONSTRATION ONLY - NOT HUMAN EXPERIMENT RESULTS,1006920,C,1,1334.83747532695,1.0,0,1,typing
SYNTHETIC DEMONSTRATION ONLY - NOT HUMAN EXPERIMENT RESULTS,1006940,C,1,1334.849928653783,1.0,0,1,typing
SYNTHETIC DEMONSTRATION ONLY - NOT HUMAN EXPERIMENT RESULTS,1006960,C,1,1334.8618866859895,1.0,0,1,typing
SYNTHETIC DEMONSTRATION ONLY - NOT HUMAN EXPERIMENT RESULTS,1006980,C,1,1334.8733492536192,1.0,0,1,typing
SYNTHETIC DEMONSTRATION ONLY - NOT HUMAN EXPERIMENT RESULTS,1007000,C,1,1334.8843161937634,1.0,0,1,typing
SYNTHETIC DEMONSTRATION ONLY - NOT HUMAN EXPERIMENT RESULTS,1007020,C,1,1334.894787350558,1.0,0,1,typing
SYNTHETIC DEMONSTRATION ONLY - NOT HUMAN EXPERIMENT RESULTS,1007040,C,1,1334.9047625751848,1.0,0,1,typing
SYNTHETIC DEMONSTRATION ONLY - NOT HUMAN EXPERIMENT RESULTS,1007060,C,1,1334.9142417258734,1.0,0,1,typing
SYNTHETIC DEMONSTRATION ONLY - NOT HUMAN EXPERIMENT RESULTS,1007080,C,1,1334.9232246679042,1.0,0,1,typing
SYNTHETIC DEMONSTRATION ONLY - NOT HUMAN EXPERIMENT RESULTS,1007100,C,1,1334.9317112736096,1.0,0,1,typing
SYNTHETIC DEMONSTRATION ONLY - NOT HUMAN EXPERIMENT RESULTS,1007120,C,1,1334.9397014223764,1.0,0,1,typing
SYNTHETIC DEMONSTRATION ONLY - NOT HUMAN EXPERIMENT RESULTS,1007140,C,1,1334.9471950006468,1.0,0,1,typing
SYNTHETIC DEMONSTRATION ONLY - NOT HUMAN EXPERIMENT RESULTS,1007160,C,1,1334.9541919019202,1.0,0,1,typing
SYNTHETIC DEMONSTRATION ONLY - NOT HUMAN EXPERIMENT RESULTS,1007180,C,1,1334.9606920267556,1.0,0,1,typing
SYNTHETIC DEMONSTRATION ONLY - NOT HUMAN EXPERIMENT RESULTS,1007200,C,1,1334.9666952827718,1.0,0,1,typing
SYNTHETIC DEMONSTRATION ONLY - NOT HUMAN EXPERIMENT RESULTS,1007220,C,1,1334.9722015846487,1.0,0,1,typing
SYNTHETIC DEMONSTRATION ONLY - NOT HUMAN EXPERIMENT RESULTS,1007240,C,1,1334.9772108541301,1.0,0,1,typing
SYNTHETIC DEMONSTRATION ONLY - NOT HUMAN EXPERIMENT RESULTS,1007260,C,1,1334.981723020023,1.0,0,1,typing
SYNTHETIC DEMONSTRATION ONLY - NOT HUMAN EXPERIMENT RESULTS,1007280,C,1,1334.9857380181995,1.0,0,1,typing
SYNTHETIC DEMONSTRATION ONLY - NOT HUMAN EXPERIMENT RESULTS,1007300,C,1,1334.9892557915978,1.0,0,1,typing
SYNTHETIC DEMONSTRATION ONLY - NOT HUMAN EXPERIMENT RESULTS,1007320,C,1,1334.9922762902224,1.0,0,1,typing
SYNTHETIC DEMONSTRATION ONLY - NOT HUMAN EXPERIMENT RESULTS,1007340,C,1,1334.9947994711451,1.0,0,1,typing
SYNTHETIC DEMONSTRATION ONLY - NOT HUMAN EXPERIMENT RESULTS,1007360,C,1,1334.9968252985063,1.0,0,1,typing
SYNTHETIC DEMONSTRATION ONLY - NOT HUMAN EXPERIMENT RESULTS,1007380,C,1,1334.9983537435144,1.0,0,1,typing
SYNTHETIC DEMONSTRATION ONLY - NOT HUMAN EXPERIMENT RESULTS,1007400,C,1,1334.9993847844466,1.0,0,1,typing
SYNTHETIC DEMONSTRATION ONLY - NOT HUMAN EXPERIMENT RESULTS,1007420,C,1,1334.9999184066498,1.0,0,1,typing
SYNTHETIC DEMONSTRATION ONLY - NOT HUMAN EXPERIMENT RESULTS,1007440,C,1,1334.99995460254,1.0,0,1,typing
SYNTHETIC DEMONSTRATION ONLY - NOT HUMAN EXPERIMENT RESULTS,1007460,C,1,1334.9994933716025,1.0,0,1,typing
SYNTHETIC DEMONSTRATION ONLY - NOT HUMAN EXPERIMENT RESULTS,1007480,C,1,1334.9985347203929,1.0,0,1,typing
SYNTHETIC DEMONSTRATION ONLY - NOT HUMAN EXPERIMENT RESULTS,1007500,C,1,1334.9970786625354,1.0,0,1,typing
SYNTHETIC DEMONSTRATION ONLY - NOT HUMAN EXPERIMENT RESULTS,1007520,C,1,1334.9951252187238,1.0,0,1,typing
SYNTHETIC DEMONSTRATION ONLY - NOT HUMAN EXPERIMENT RESULTS,1007540,C,1,1334.992674416721,1.0,0,1,typing
SYNTHETIC DEMONSTRATION ONLY - NOT HUMAN EXPERIMENT RESULTS,1007560,C,1,1334.9897262913582,1.0,0,1,typing
SYNTHETIC DEMONSTRATION ONLY - NOT HUMAN EXPERIMENT RESULTS,1007580,C,1,1334.9862808845348,1.0,0,1,typing
SYNTHETIC DEMONSTRATION ONLY - NOT HUMAN EXPERIMENT RESULTS,1007600,C,1,1334.9823382452178,1.0,0,1,typing
SYNTHETIC DEMONSTRATION ONLY - NOT HUMAN EXPERIMENT RESULTS,1007620,C,1,1334.9778984294408,1.0,0,1,typing
SYNTHETIC DEMONSTRATION ONLY - NOT HUMAN EXPERIMENT RESULTS,1007640,C,1,1334.9729615003034,1.0,0,1,typing
SYNTHETIC DEMONSTRATION ONLY - NOT HUMAN EXPERIMENT RESULTS,1007660,C,1,1334.96752752797,1.0,0,1,typing
SYNTHETIC DEMONSTRATION ONLY - NOT HUMAN EXPERIMENT RESULTS,1007680,C,1,1334.9615965896699,1.0,0,1,typing
SYNTHETIC DEMONSTRATION ONLY - NOT HUMAN EXPERIMENT RESULTS,1007700,C,1,1334.9551687696944,1.0,0,1,typing
SYNTHETIC DEMONSTRATION ONLY - NOT HUMAN EXPERIMENT RESULTS,1007720,C,1,1334.9482441593973,1.0,0,1,typing
SYNTHETIC DEMONSTRATION ONLY - NOT HUMAN EXPERIMENT RESULTS,1007740,C,1,1334.9408228571926,1.0,0,1,typing
SYNTHETIC DEMONSTRATION ONLY - NOT HUMAN EXPERIMENT RESULTS,1007760,C,1,1334.9329049685534,1.0,0,1,typing
SYNTHETIC DEMONSTRATION ONLY - NOT HUMAN EXPERIMENT RESULTS,1007780,C,1,1334.9244906060103,1.0,0,1,typing
SYNTHETIC DEMONSTRATION ONLY - NOT HUMAN EXPERIMENT RESULTS,1007800,C,1,1334.9155798891502,1.0,0,1,typing
SYNTHETIC DEMONSTRATION ONLY - NOT HUMAN EXPERIMENT RESULTS,1007820,C,1,1334.9061729446141,1.0,0,1,typing
SYNTHETIC DEMONSTRATION ONLY - NOT HUMAN EXPERIMENT RESULTS,1007840,C,1,1334.8962699060955,1.0,0,1,typing
SYNTHETIC DEMONSTRATION ONLY - NOT HUMAN EXPERIMENT RESULTS,1007860,C,1,1334.8858709143385,1.0,0,1,typing
SYNTHETIC DEMONSTRATION ONLY - NOT HUMAN EXPERIMENT RESULTS,1007880,C,1,1334.8749761171357,1.0,0,1,typing
SYNTHETIC DEMONSTRATION ONLY - NOT HUMAN EXPERIMENT RESULTS,1007900,C,1,1334.863585669326,1.0,0,1,typing
SYNTHETIC DEMONSTRATION ONLY - NOT HUMAN EXPERIMENT RESULTS,1007920,C,1,1334.8516997327938,1.0,0,1,typing
SYNTHETIC DEMONSTRATION ONLY - NOT HUMAN EXPERIMENT RESULTS,1007940,C,1,1334.8393184764636,1.0,0,1,typing
SYNTHETIC DEMONSTRATION ONLY - NOT HUMAN EXPERIMENT RESULTS,1007960,C,1,1334.826442076301,1.0,0,1,typing
SYNTHETIC DEMONSTRATION ONLY - NOT HUMAN EXPERIMENT RESULTS,1007980,C,1,1334.8130707153077,1.0,0,1,typing
SYNTHETIC DEMONSTRATION ONLY - NOT HUMAN EXPERIMENT RESULTS,1008000,C,1,1334.7992045835208,1.0,0,1,typing
SYNTHETIC DEMONSTRATION ONLY - NOT HUMAN EXPERIMENT RESULTS,1008020,C,1,1334.7848438780086,1.0,0,1,typing
SYNTHETIC DEMONSTRATION ONLY - NOT HUMAN EXPERIMENT RESULTS,1008040,C,1,1334.7699888028685,1.0,0,1,typing
SYNTHETIC DEMONSTRATION ONLY - NOT HUMAN EXPERIMENT RESULTS,1008060,C,1,1334.7546395692239,1.0,0,1,typing
SYNTHETIC DEMONSTRATION ONLY - NOT HUMAN EXPERIMENT RESULTS,1008080,C,1,1334.7387963952212,1.0,0,1,typing
SYNTHETIC DEMONSTRATION ONLY - NOT HUMAN EXPERIMENT RESULTS,1008100,C,1,1334.7224595060275,1.0,0,1,typing
SYNTHETIC DEMONSTRATION ONLY - NOT HUMAN EXPERIMENT RESULTS,1008120,C,1,1334.7056291338258,1.0,0,1,typing
SYNTHETIC DEMONSTRATION ONLY - NOT HUMAN EXPERIMENT RESULTS,1008140,C,1,1334.688305517813,1.0,0,1,typing
SYNTHETIC DEMONSTRATION ONLY - NOT HUMAN EXPERIMENT RESULTS,1008160,C,1,1334.670488904196,1.0,0,1,typing
SYNTHETIC DEMONSTRATION ONLY - NOT HUMAN EXPERIMENT RESULTS,1008180,C,1,1334.6521795461886,1.0,0,1,typing
SYNTHETIC DEMONSTRATION ONLY - NOT HUMAN EXPERIMENT RESULTS,1008200,C,1,1334.6333777040068,1.0,0,1,typing
SYNTHETIC DEMONSTRATION ONLY - NOT HUMAN EXPERIMENT RESULTS,1008220,C,1,1334.6140836448667,1.0,0,1,typing
SYNTHETIC DEMONSTRATION ONLY - NOT HUMAN EXPERIMENT RESULTS,1008240,C,1,1334.5942976429797,1.0,0,1,typing
SYNTHETIC DEMONSTRATION ONLY - NOT HUMAN EXPERIMENT RESULTS,1008260,C,1,1334.5740199795482,1.0,0,1,typing
SYNTHETIC DEMONSTRATION ONLY - NOT HUMAN EXPERIMENT RESULTS,1008280,C,1,1334.5532509427633,1.0,0,1,typing
SYNTHETIC DEMONSTRATION ONLY - NOT HUMAN EXPERIMENT RESULTS,1008300,C,1,1334.5319908277986,1.0,0,1,typing
SYNTHETIC DEMONSTRATION ONLY - NOT HUMAN EXPERIMENT RESULTS,1008320,C,1,1334.5102399368077,1.0,0,1,typing
SYNTHETIC DEMONSTRATION ONLY - NOT HUMAN EXPERIMENT RESULTS,1008340,C,1,1334.4879985789185,1.0,0,1,typing
SYNTHETIC DEMONSTRATION ONLY - NOT HUMAN EXPERIMENT RESULTS,1008360,C,1,1334.46526707023,1.0,0,1,typing
SYNTHETIC DEMONSTRATION ONLY - NOT HUMAN EXPERIMENT RESULTS,1008380,C,1,1334.4420457338076,1.0,0,1,typing
SYNTHETIC DEMONSTRATION ONLY - NOT HUMAN EXPERIMENT RESULTS,1008400,C,1,1334.4183348996776,1.0,0,1,typing
SYNTHETIC DEMONSTRATION ONLY - NOT HUMAN EXPERIMENT RESULTS,1008420,C,1,1334.3941349048237,1.0,0,1,typing
SYNTHETIC DEMONSTRATION ONLY - NOT HUMAN EXPERIMENT RESULTS,1008440,C,1,1334.3694460931808,1.0,0,1,typing
SYNTHETIC DEMONSTRATION ONLY - NOT HUMAN EXPERIMENT RESULTS,1008460,C,1,1334.3442688156324,1.0,0,1,typing
SYNTHETIC DEMONSTRATION ONLY - NOT HUMAN EXPERIMENT RESULTS,1008480,C,1,1334.3186034300027,1.0,0,1,typing
SYNTHETIC DEMONSTRATION ONLY - NOT HUMAN EXPERIMENT RESULTS,1008500,C,1,1334.2924503010538,1.0,0,1,typing
SYNTHETIC DEMONSTRATION ONLY - NOT HUMAN EXPERIMENT RESULTS,1008520,C,1,1334.2658098004797,1.0,0,1,typing
SYNTHETIC DEMONSTRATION ONLY - NOT HUMAN EXPERIMENT RESULTS,1008540,C,1,1334.2386823069007,1.0,0,1,typing
SYNTHETIC DEMONSTRATION ONLY - NOT HUMAN EXPERIMENT RESULTS,1008560,C,1,1334.2110682058585,1.0,0,1,typing
SYNTHETIC DEMONSTRATION ONLY - NOT HUMAN EXPERIMENT RESULTS,1008580,C,1,1334.182967889811,1.0,0,1,typing
SYNTHETIC DEMONSTRATION ONLY - NOT HUMAN EXPERIMENT RESULTS,1008600,C,1,1334.1543817581255,1.0,0,1,typing
SYNTHETIC DEMONSTRATION ONLY - NOT HUMAN EXPERIMENT RESULTS,1008620,C,1,1334.1253102170742,1.0,0,1,typing
SYNTHETIC DEMONSTRATION ONLY - NOT HUMAN EXPERIMENT RESULTS,1008640,C,1,1334.0957536798282,1.0,0,1,typing
SYNTHETIC DEMONSTRATION ONLY - NOT HUMAN EXPERIMENT RESULTS,1008660,C,1,1334.0657125664513,1.0,0,1,typing
SYNTHETIC DEMONSTRATION ONLY - NOT HUMAN EXPERIMENT RESULTS,1008680,C,1,1334.0351873038942,1.0,0,1,typing
SYNTHETIC DEMONSTRATION ONLY - NOT HUMAN EXPERIMENT RESULTS,1008700,C,1,1334.0041783259885,1.0,0,1,typing
SYNTHETIC DEMONSTRATION ONLY - NOT HUMAN EXPERIMENT RESULTS,1008720,C,1,1333.9726860734404,1.0,0,1,typing
SYNTHETIC DEMONSTRATION ONLY - NOT HUMAN EXPERIMENT RESULTS,1008740,C,1,1333.9407109938243,1.0,0,1,typing
SYNTHETIC DEMONSTRATION ONLY - NOT HUMAN EXPERIMENT RESULTS,1008760,C,1,1333.908253541577,1.0,0,1,typing
SYNTHETIC DEMONSTRATION ONLY - NOT HUMAN EXPERIMENT RESULTS,1008780,C,1,1333.8753141779912,1.0,0,1,typing
SYNTHETIC DEMONSTRATION ONLY - NOT HUMAN EXPERIMENT RESULTS,1008800,C,1,1333.8418933712073,1.0,0,1,typing
SYNTHETIC DEMONSTRATION ONLY - NOT HUMAN EXPERIMENT RESULTS,1008820,C,1,1333.8079915962096,1.0,0,1,typing
SYNTHETIC DEMONSTRATION ONLY - NOT HUMAN EXPERIMENT RESULTS,1008840,C,1,1333.7736093348171,1.0,0,1,typing
SYNTHETIC DEMONSTRATION ONLY - NOT HUMAN EXPERIMENT RESULTS,1008860,C,1,1333.7387470756778,1.0,0,1,typing
SYNTHETIC DEMONSTRATION ONLY - NOT HUMAN EXPERIMENT RESULTS,1008880,C,1,1333.7034053142618,1.0,0,1,typing
SYNTHETIC DEMONSTRATION ONLY - NOT HUMAN EXPERIMENT RESULTS,1008900,C,1,1333.6675845528534,1.0,0,1,typing
SYNTHETIC DEMONSTRATION ONLY - NOT HUMAN EXPERIMENT RESULTS,1008920,C,1,1333.6312853005454,1.0,0,1,typing
SYNTHETIC DEMONSTRATION ONLY - NOT HUMAN EXPERIMENT RESULTS,1008940,C,1,1333.5945080732301,1.0,0,1,typing
SYNTHETIC DEMONSTRATION ONLY - NOT HUMAN EXPERIMENT RESULTS,1008960,C,1,1333.5572533935936,1.0,0,1,typing
SYNTHETIC DEMONSTRATION ONLY - NOT HUMAN EXPERIMENT RESULTS,1008980,C,1,1333.519521791107,1.0,0,1,typing
SYNTHETIC DEMONSTRATION ONLY - NOT HUMAN EXPERIMENT RESULTS,1009000,C,1,1333.4813138020202,1.0,0,1,typing
SYNTHETIC DEMONSTRATION ONLY - NOT HUMAN EXPERIMENT RESULTS,1009020,C,1,1333.4426299693532,1.0,0,1,typing
SYNTHETIC DEMONSTRATION ONLY - NOT HUMAN EXPERIMENT RESULTS,1009040,C,1,1333.403470842889,1.0,0,1,typing
SYNTHETIC DEMONSTRATION ONLY - NOT HUMAN EXPERIMENT RESULTS,1009060,C,1,1333.3638369791652,1.0,0,1,typing
SYNTHETIC DEMONSTRATION ONLY - NOT HUMAN EXPERIMENT RESULTS,1009080,C,1,1333.3237289414672,1.0,0,1,typing
SYNTHETIC DEMONSTRATION ONLY - NOT HUMAN EXPERIMENT RESULTS,1009100,C,1,1333.2831472998184,1.0,0,1,typing
SYNTHETIC DEMONSTRATION ONLY - NOT HUMAN EXPERIMENT RESULTS,1009120,C,1,1333.242092630974,1.0,0,1,typing
SYNTHETIC DEMONSTRATION ONLY - NOT HUMAN EXPERIMENT RESULTS,1009140,C,1,1333.2005655184118,1.0,0,1,typing
SYNTHETIC DEMONSTRATION ONLY - NOT HUMAN EXPERIMENT RESULTS,1009160,C,1,1333.1585665523241,1.0,0,1,typing
SYNTHETIC DEMONSTRATION ONLY - NOT HUMAN EXPERIMENT RESULTS,1009180,C,1,1333.116096329609,1.0,0,1,typing
SYNTHETIC DEMONSTRATION ONLY - NOT HUMAN EXPERIMENT RESULTS,1009200,C,1,1333.0731554538625,1.0,0,1,typing
SYNTHETIC DEMONSTRATION ONLY - NOT HUMAN EXPERIMENT RESULTS,1009220,C,1,1333.0297445353692,1.0,0,1,typing
SYNTHETIC DEMONSTRATION ONLY - NOT HUMAN EXPERIMENT RESULTS,1009240,C,1,1332.9858641910946,1.0,0,1,typing
SYNTHETIC DEMONSTRATION ONLY - NOT HUMAN EXPERIMENT RESULTS,1009260,C,1,1332.9415150446755,1.0,0,1,typing
SYNTHETIC DEMONSTRATION ONLY - NOT HUMAN EXPERIMENT RESULTS,1009280,C,1,1332.8966977264113,1.0,0,1,typing
SYNTHETIC DEMONSTRATION ONLY - NOT HUMAN EXPERIMENT RESULTS,1009300,C,1,1332.8514128732554,1.0,0,1,typing
SYNTHETIC DEMONSTRATION ONLY - NOT HUMAN EXPERIMENT RESULTS,1009320,C,1,1332.805661128806,1.0,0,1,typing
SYNTHETIC DEMONSTRATION ONLY - NOT HUMAN EXPERIMENT RESULTS,1009340,C,1,1332.7594431432963,1.0,0,1,typing
SYNTHETIC DEMONSTRATION ONLY - NOT HUMAN EXPERIMENT RESULTS,1009360,C,1,1332.7127595735863,1.0,0,1,typing
SYNTHETIC DEMONSTRATION ONLY - NOT HUMAN EXPERIMENT RESULTS,1009380,C,1,1332.665611083153,1.0,0,1,typing
SYNTHETIC DEMONSTRATION ONLY - NOT HUMAN EXPERIMENT RESULTS,1009400,C,1,1332.6179983420807,1.0,0,1,typing
SYNTHETIC DEMONSTRATION ONLY - NOT HUMAN EXPERIMENT RESULTS,1009420,C,1,1332.5699220270517,1.0,0,1,typing
SYNTHETIC DEMONSTRATION ONLY - NOT HUMAN EXPERIMENT RESULTS,1009440,C,1,1332.521382821337,1.0,0,1,typing
SYNTHETIC DEMONSTRATION ONLY - NOT HUMAN EXPERIMENT RESULTS,1009460,C,1,1332.4723814147865,1.0,0,1,typing
SYNTHETIC DEMONSTRATION ONLY - NOT HUMAN EXPERIMENT RESULTS,1009480,C,1,1332.422918503818,1.0,0,1,typing
SYNTHETIC DEMONSTRATION ONLY - NOT HUMAN EXPERIMENT RESULTS,1009500,C,1,1332.3729947914092,1.0,0,1,typing
SYNTHETIC DEMONSTRATION ONLY - NOT HUMAN EXPERIMENT RESULTS,1009520,C,1,1332.3226109870868,1.0,0,1,typing
SYNTHETIC DEMONSTRATION ONLY - NOT HUMAN EXPERIMENT RESULTS,1009540,C,1,1332.271767806916,1.0,0,1,typing
SYNTHETIC DEMONSTRATION ONLY - NOT HUMAN EXPERIMENT RESULTS,1009560,C,1,1332.2204659734907,1.0,0,1,typing
SYNTHETIC DEMONSTRATION ONLY - NOT HUMAN EXPERIMENT RESULTS,1009580,C,1,1332.168706215924,1.0,0,1,typing
SYNTHETIC DEMONSTRATION ONLY - NOT HUMAN EXPERIMENT RESULTS,1009600,C,1,1332.1164892698362,1.0,0,1,typing
SYNTHETIC DEMONSTRATION ONLY - NOT HUMAN EXPERIMENT RESULTS,1009620,C,1,1332.063815877346,1.0,0,1,typing
SYNTHETIC DEMONSTRATION ONLY - NOT HUMAN EXPERIMENT RESULTS,1009640,C,1,1332.0106867870588,1.0,0,1,typing
SYNTHETIC DEMONSTRATION ONLY - NOT HUMAN EXPERIMENT RESULTS,1009660,C,1,1331.9571027540565,1.0,0,1,typing
SYNTHETIC DEMONSTRATION ONLY - NOT HUMAN EXPERIMENT RESULTS,1009680,C,1,1331.9030645398866,1.0,0,1,typing
SYNTHETIC DEMONSTRATION ONLY - NOT HUMAN EXPERIMENT RESULTS,1009700,C,1,1331.8485729125523,1.0,0,1,typing
SYNTHETIC DEMONSTRATION ONLY - NOT HUMAN EXPERIMENT RESULTS,1009720,C,1,1331.7936286464997,1.0,0,1,typing
SYNTHETIC DEMONSTRATION ONLY - NOT HUMAN EXPERIMENT RESULTS,1009740,C,1,1331.7382325226088,1.0,0,1,typing
SYNTHETIC DEMONSTRATION ONLY - NOT HUMAN EXPERIMENT RESULTS,1009760,C,1,1331.682385328181,1.0,0,1,typing
SYNTHETIC DEMONSTRATION ONLY - NOT HUMAN EXPERIMENT RESULTS,1009780,C,1,1331.6260878569285,1.0,0,1,typing
SYNTHETIC DEMONSTRATION ONLY - NOT HUMAN EXPERIMENT RESULTS,1009800,C,1,1331.569340908963,1.0,0,1,typing
SYNTHETIC DEMONSTRATION ONLY - NOT HUMAN EXPERIMENT RESULTS,1009820,C,1,1331.5121452907845,1.0,0,1,typing
SYNTHETIC DEMONSTRATION ONLY - NOT HUMAN EXPERIMENT RESULTS,1009840,C,1,1331.454501815269,1.0,0,1,typing
SYNTHETIC DEMONSTRATION ONLY - NOT HUMAN EXPERIMENT RESULTS,1009860,C,1,1331.3964113016577,1.0,0,1,typing
SYNTHETIC DEMONSTRATION ONLY - NOT HUMAN EXPERIMENT RESULTS,1009880,C,1,1331.337874575546,1.0,0,1,typing
SYNTHETIC DEMONSTRATION ONLY - NOT HUMAN EXPERIMENT RESULTS,1009900,C,1,1331.27889246887,1.0,0,1,typing
SYNTHETIC DEMONSTRATION ONLY - NOT HUMAN EXPERIMENT RESULTS,1009920,C,1,1331.2194658198962,1.0,0,1,typing
SYNTHETIC DEMONSTRATION ONLY - NOT HUMAN EXPERIMENT RESULTS,1009940,C,1,1331.1595954732084,1.0,0,1,typing
SYNTHETIC DEMONSTRATION ONLY - NOT HUMAN EXPERIMENT RESULTS,1009960,C,1,1331.099282279697,1.0,0,1,typing
SYNTHETIC DEMONSTRATION ONLY - NOT HUMAN EXPERIMENT RESULTS,1009980,C,1,1331.038527096546,1.0,0,1,typing
SYNTHETIC DEMONSTRATION ONLY - NOT HUMAN EXPERIMENT RESULTS,1010000,C,1,1330.977330787221,1.0,0,1,typing
SYNTHETIC DEMONSTRATION ONLY - NOT HUMAN EXPERIMENT RESULTS,1010020,C,1,1330.9156942214572,1.0,0,1,typing
SYNTHETIC DEMONSTRATION ONLY - NOT HUMAN EXPERIMENT RESULTS,1010040,C,1,1330.8536182752462,1.0,0,1,typing
SYNTHETIC DEMONSTRATION ONLY - NOT HUMAN EXPERIMENT RESULTS,1010060,C,1,1330.791103830825,1.0,0,1,typing
SYNTHETIC DEMONSTRATION ONLY - NOT HUMAN EXPERIMENT RESULTS,1010080,C,1,1330.7281517766621,1.0,0,1,typing
SYNTHETIC DEMONSTRATION ONLY - NOT HUMAN EXPERIMENT RESULTS,1010100,C,1,1330.6647630074456,1.0,0,1,typing
SYNTHETIC DEMONSTRATION ONLY - NOT HUMAN EXPERIMENT RESULTS,1010120,C,1,1330.60093842407,1.0,0,1,typing
SYNTHETIC DEMONSTRATION ONLY - NOT HUMAN EXPERIMENT RESULTS,1010140,C,1,1330.5366789336242,1.0,0,1,typing
SYNTHETIC DEMONSTRATION ONLY - NOT HUMAN EXPERIMENT RESULTS,1010160,C,1,1330.4719854493776,1.0,0,1,typing
SYNTHETIC DEMONSTRATION ONLY - NOT HUMAN EXPERIMENT RESULTS,1010180,C,1,1330.4068588907678,1.0,0,1,typing
SYNTHETIC DEMONSTRATION ONLY - NOT HUMAN EXPERIMENT RESULTS,1010200,C,1,1330.3413001833874,1.0,0,1,typing
SYNTHETIC DEMONSTRATION ONLY - NOT HUMAN EXPERIMENT RESULTS,1010220,C,1,1330.2753102589709,1.0,0,1,typing
SYNTHETIC DEMONSTRATION ONLY - NOT HUMAN EXPERIMENT RESULTS,1010240,C,1,1330.2088900553808,1.0,0,1,typing
SYNTHETIC DEMONSTRATION ONLY - NOT HUMAN EXPERIMENT RESULTS,1010260,C,1,1330.1420405165957,1.0,0,1,typing
SYNTHETIC DEMONSTRATION ONLY - NOT HUMAN EXPERIMENT RESULTS,1010280,C,1,1330.0747625926954,1.0,0,1,typing
SYNTHETIC DEMONSTRATION ONLY - NOT HUMAN EXPERIMENT RESULTS,1010300,C,1,1330.0070572398477,1.0,0,1,typing
SYNTHETIC DEMONSTRATION ONLY - NOT HUMAN EXPERIMENT RESULTS,1010320,C,1,1329.938925420296,1.0,0,1,typing
SYNTHETIC DEMONSTRATION ONLY - NOT HUMAN EXPERIMENT RESULTS,1010340,C,1,1329.8703681023442,1.0,0,1,typing
SYNTHETIC DEMONSTRATION ONLY - NOT HUMAN EXPERIMENT RESULTS,1010360,C,1,1329.8013862603434,1.0,0,1,typing
SYNTHETIC DEMONSTRATION ONLY - NOT HUMAN EXPERIMENT RESULTS,1010380,C,1,1329.7319808746781,1.0,0,1,typing
SYNTHETIC DEMONSTRATION ONLY - NOT HUMAN EXPERIMENT RESULTS,1010400,C,1,1329.6621529317529,1.0,0,1,typing
SYNTHETIC DEMONSTRATION ONLY - NOT HUMAN EXPERIMENT RESULTS,1010420,C,1,1329.591903423977,1.0,0,1,typing
SYNTHETIC DEMONSTRATION ONLY - NOT HUMAN EXPERIMENT RESULTS,1010440,C,1,1329.521233349752,1.0,0,1,typing
SYNTHETIC DEMONSTRATION ONLY - NOT HUMAN EXPERIMENT RESULTS,1010460,C,1,1329.4501437134554,1.0,0,1,typing
SYNTHETIC DEMONSTRATION ONLY - NOT HUMAN EXPERIMENT RESULTS,1010480,C,1,1329.3786355254288,1.0,0,1,typing
SYNTHETIC DEMONSTRATION ONLY - NOT HUMAN EXPERIMENT RESULTS,1010500,C,1,1329.3067098019612,1.0,0,1,typing
SYNTHETIC DEMONSTRATION ONLY - NOT HUMAN EXPERIMENT RESULTS,1010520,C,1,1329.2343675652771,1.0,0,1,typing
SYNTHETIC DEMONSTRATION ONLY - NOT HUMAN EXPERIMENT RESULTS,1010540,C,1,1329.1616098435195,1.0,0,1,typing
SYNTHETIC DEMONSTRATION ONLY - NOT HUMAN EXPERIMENT RESULTS,1010560,C,1,1329.0884376707365,1.0,0,1,typing
SYNTHETIC DEMONSTRATION ONLY - NOT HUMAN EXPERIMENT RESULTS,1010580,C,1,1329.0148520868668,1.0,0,1,typing
SYNTHETIC DEMONSTRATION ONLY - NOT HUMAN EXPERIMENT RESULTS,1010600,C,1,1328.9408541377245,1.0,0,1,typing
SYNTHETIC DEMONSTRATION ONLY - NOT HUMAN EXPERIMENT RESULTS,1010620,C,1,1328.866444874984,1.0,0,1,typing
SYNTHETIC DEMONSTRATION ONLY - NOT HUMAN EXPERIMENT RESULTS,1010640,C,1,1328.791625356166,1.0,0,1,typing
SYNTHETIC DEMONSTRATION ONLY - NOT HUMAN EXPERIMENT RESULTS,1010660,C,1,1328.716396644621,1.0,0,1,typing
SYNTHETIC DEMONSTRATION ONLY - NOT HUMAN EXPERIMENT RESULTS,1010680,C,1,1328.640759809516,1.0,0,1,typing
SYNTHETIC DEMONSTRATION ONLY - NOT HUMAN EXPERIMENT RESULTS,1010700,C,1,1328.5647159258176,1.0,0,1,typing
SYNTHETIC DEMONSTRATION ONLY - NOT HUMAN EXPERIMENT RESULTS,1010720,C,1,1328.4882660742778,1.0,0,1,typing
SYNTHETIC DEMONSTRATION ONLY - NOT HUMAN EXPERIMENT RESULTS,1010740,C,1,1328.4114113414182,1.0,0,1,typing
SYNTHETIC DEMONSTRATION ONLY - NOT HUMAN EXPERIMENT RESULTS,1010760,C,1,1328.3341528195144,1.0,0,1,typing
SYNTHETIC DEMONSTRATION ONLY - NOT HUMAN EXPERIMENT RESULTS,1010780,C,1,1328.2564916065814,1.0,0,1,typing
SYNTHETIC DEMONSTRATION ONLY - NOT HUMAN EXPERIMENT RESULTS,1010800,C,1,1328.1784288063568,1.0,0,1,typing
SYNTHETIC DEMONSTRATION ONLY - NOT HUMAN EXPERIMENT RESULTS,1010820,C,1,1328.0999655282856,1.0,0,1,typing
SYNTHETIC DEMONSTRATION ONLY - NOT HUMAN EXPERIMENT RESULTS,1010840,C,1,1328.021102887505,1.0,0,1,typing
SYNTHETIC DEMONSTRATION ONLY - NOT HUMAN EXPERIMENT RESULTS,1010860,C,1,1327.9418420048273,1.0,0,1,typing
SYNTHETIC DEMONSTRATION ONLY - NOT HUMAN EXPERIMENT RESULTS,1010880,C,1,1327.8621840067256,1.0,0,1,typing
SYNTHETIC DEMONSTRATION ONLY - NOT HUMAN EXPERIMENT RESULTS,1010900,C,1,1327.7821300253158,1.0,0,1,typing
SYNTHETIC DEMONSTRATION ONLY - NOT HUMAN EXPERIMENT RESULTS,1010920,C,1,1327.7016811983426,1.0,0,1,typing
SYNTHETIC DEMONSTRATION ONLY - NOT HUMAN EXPERIMENT RESULTS,1010940,C,1,1327.6208386691617,1.0,0,1,typing
SYNTHETIC DEMONSTRATION ONLY - NOT HUMAN EXPERIMENT RESULTS,1010960,C,1,1327.5396035867245,1.0,0,1,typing
SYNTHETIC DEMONSTRATION ONLY - NOT HUMAN EXPERIMENT RESULTS,1010980,C,1,1327.4579771055612,1.0,0,1,typing
SYNTHETIC DEMONSTRATION ONLY - NOT HUMAN EXPERIMENT RESULTS,1011000,C,1,1327.3759603857648,1.0,0,1,typing
SYNTHETIC DEMONSTRATION ONLY - NOT HUMAN EXPERIMENT RESULTS,1011020,C,1,1327.2935545929745,1.0,0,1,typing
SYNTHETIC DEMONSTRATION ONLY - NOT HUMAN EXPERIMENT RESULTS,1011040,C,1,1327.2107608983592,1.0,0,1,typing
SYNTHETIC DEMONSTRATION ONLY - NOT HUMAN EXPERIMENT RESULTS,1011060,C,1,1327.1275804786003,1.0,0,1,typing
SYNTHETIC DEMONSTRATION ONLY - NOT HUMAN EXPERIMENT RESULTS,1011080,C,1,1327.0440145158757,1.0,0,1,typing
SYNTHETIC DEMONSTRATION ONLY - NOT HUMAN EXPERIMENT RESULTS,1011100,C,1,1326.9600641978427,1.0,0,1,typing
SYNTHETIC DEMONSTRATION ONLY - NOT HUMAN EXPERIMENT RESULTS,1011120,C,1,1326.875730717621,1.0,0,1,typing
SYNTHETIC DEMONSTRATION ONLY - NOT HUMAN EXPERIMENT RESULTS,1011140,C,1,1326.7910152737766,1.0,0,1,typing
SYNTHETIC DEMONSTRATION ONLY - NOT HUMAN EXPERIMENT RESULTS,1011160,C,1,1326.705919070303,1.0,0,1,typing
SYNTHETIC DEMONSTRATION ONLY - NOT HUMAN EXPERIMENT RESULTS,1011180,C,1,1326.6204433166058,1.0,0,1,typing
SYNTHETIC DEMONSTRATION ONLY - NOT HUMAN EXPERIMENT RESULTS,1011200,C,1,1326.5345892274845,1.0,0,1,typing
SYNTHETIC DEMONSTRATION ONLY - NOT HUMAN EXPERIMENT RESULTS,1011220,C,1,1326.4483580231158,1.0,0,1,typing
SYNTHETIC DEMONSTRATION ONLY - NOT HUMAN EXPERIMENT RESULTS,1011240,C,1,1326.361750929036,1.0,0,1,typing
SYNTHETIC DEMONSTRATION ONLY - NOT HUMAN EXPERIMENT RESULTS,1011260,C,1,1326.2747691761238,1.0,0,1,typing
SYNTHETIC DEMONSTRATION ONLY - NOT HUMAN EXPERIMENT RESULTS,1011280,C,1,1326.187414000582,1.0,0,1,typing
SYNTHETIC DEMONSTRATION ONLY - NOT HUMAN EXPERIMENT RESULTS,1011300,C,1,1326.0996866439214,1.0,0,1,typing
SYNTHETIC DEMONSTRATION ONLY - NOT HUMAN EXPERIMENT RESULTS,1011320,C,1,1326.0115883529418,1.0,0,1,typing
SYNTHETIC DEMONSTRATION ONLY - NOT HUMAN EXPERIMENT RESULTS,1011340,C,1,1325.9231203797149,1.0,0,1,typing
SYNTHETIC DEMONSTRATION ONLY - NOT HUMAN EXPERIMENT RESULTS,1011360,C,1,1325.8342839815664,1.0,0,1,typing
SYNTHETIC DEMONSTRATION ONLY - NOT HUMAN EXPERIMENT RESULTS,1011380,C,1,1325.7450804210582,1.0,0,1,typing
SYNTHETIC DEMONSTRATION ONLY - NOT HUMAN EXPERIMENT RESULTS,1011400,C,1,1325.6555109659703,1.0,0,1,typing
SYNTHETIC DEMONSTRATION ONLY - NOT HUMAN EXPERIMENT RESULTS,1011420,C,1,1325.5655768892832,1.0,0,1,typing
SYNTHETIC DEMONSTRATION ONLY - NOT HUMAN EXPERIMENT RESULTS,1011440,C,1,1325.4752794691587,1.0,0,1,typing
SYNTHETIC DEMONSTRATION ONLY - NOT HUMAN EXPERIMENT RESULTS,1011460,C,1,1325.3846199889235,1.0,0,1,typing
SYNTHETIC DEMONSTRATION ONLY - NOT HUMAN EXPERIMENT RESULTS,1011480,C,1,1325.2935997370491,1.0,0,1,typing
SYNTHETIC DEMONSTRATION ONLY - NOT HUMAN EXPERIMENT RESULTS,1011500,C,1,1325.2022200071349,1.0,0,1,typing
SYNTHETIC DEMONSTRATION ONLY - NOT HUMAN EXPERIMENT RESULTS,1011520,C,1,1325.1104820978892,1.0,0,1,typing
SYNTHETIC DEMONSTRATION ONLY - NOT HUMAN EXPERIMENT RESULTS,1011540,C,1,1325.018387313111,1.0,0,1,typing
SYNTHETIC DEMONSTRATION ONLY - NOT HUMAN EXPERIMENT RESULTS,1011560,C,1,1324.9259369616702,1.0,0,1,typing
SYNTHETIC DEMONSTRATION ONLY - NOT HUMAN EXPERIMENT RESULTS,1011580,C,1,1324.8331323574919,1.0,0,1,typing
SYNTHETIC DEMONSTRATION ONLY - NOT HUMAN EXPERIMENT RESULTS,1011600,C,1,1324.7399748195344,1.0,0,1,typing
SYNTHETIC DEMONSTRATION ONLY - NOT HUMAN EXPERIMENT RESULTS,1011620,C,1,1324.6464656717726,1.0,0,1,typing
SYNTHETIC DEMONSTRATION ONLY - NOT HUMAN EXPERIMENT RESULTS,1011640,C,1,1324.5526062431786,1.0,0,1,typing
SYNTHETIC DEMONSTRATION ONLY - NOT HUMAN EXPERIMENT RESULTS,1011660,C,1,1324.4583978677024,1.0,0,1,typing
SYNTHETIC DEMONSTRATION ONLY - NOT HUMAN EXPERIMENT RESULTS,1011680,C,1,1324.3638418842538,1.0,0,1,typing
SYNTHETIC DEMONSTRATION ONLY - NOT HUMAN EXPERIMENT RESULTS,1011700,C,1,1324.2689396366827,1.0,0,1,typing
SYNTHETIC DEMONSTRATION ONLY - NOT HUMAN EXPERIMENT RESULTS,1011720,C,1,1324.1736924737597,1.0,0,1,typing
SYNTHETIC DEMONSTRATION ONLY - NOT HUMAN EXPERIMENT RESULTS,1011740,C,1,1324.0781017491581,1.0,0,1,typing
SYNTHETIC DEMONSTRATION ONLY - NOT HUMAN EXPERIMENT RESULTS,1011760,C,1,1323.9821688214338,1.0,0,1,typing
SYNTHETIC DEMONSTRATION ONLY - NOT HUMAN EXPERIMENT RESULTS,1011780,C,1,1323.8858950540057,1.0,0,1,typing
SYNTHETIC DEMONSTRATION ONLY - NOT HUMAN EXPERIMENT RESULTS,1011800,C,1,1323.7892818151374,1.0,0,1,typing
SYNTHETIC DEMONSTRATION ONLY - NOT HUMAN EXPERIMENT RESULTS,1011820,C,1,1323.6923304779168,1.0,0,1,typing
SYNTHETIC DEMONSTRATION ONLY - NOT HUMAN EXPERIMENT RESULTS,1011840,C,1,1323.5950424202372,1.0,0,1,typing
SYNTHETIC DEMONSTRATION ONLY - NOT HUMAN EXPERIMENT RESULTS,1011860,C,1,1323.4974190247767,1.0,0,1,typing
SYNTHETIC DEMONSTRATION ONLY - NOT HUMAN EXPERIMENT RESULTS,1011880,C,1,1323.3994616789805,1.0,0,1,typing
SYNTHETIC DEMONSTRATION ONLY - NOT HUMAN EXPERIMENT RESULTS,1011900,C,1,1323.301171775039,1.0,0,1,typing
SYNTHETIC DEMONSTRATION ONLY - NOT HUMAN EXPERIMENT RESULTS,1011920,C,1,1323.202550709869,1.0,0,1,typing
SYNTHETIC DEMONSTRATION ONLY - NOT HUMAN EXPERIMENT RESULTS,1011940,C,1,1323.1035998850946,1.0,0,1,typing
SYNTHETIC DEMONSTRATION ONLY - NOT HUMAN EXPERIMENT RESULTS,1011960,C,1,1323.004320707026,1.0,0,1,typing
SYNTHETIC DEMONSTRATION ONLY - NOT HUMAN EXPERIMENT RESULTS,1011980,C,1,1322.9047145866398,1.0,0,1,typing
SYNTHETIC DEMONSTRATION ONLY - NOT HUMAN EXPERIMENT RESULTS,1012000,C,1,1322.8047829395598,1.0,0,1,typing
SYNTHETIC DEMONSTRATION ONLY - NOT HUMAN EXPERIMENT RESULTS,1012020,C,1,1322.7045271860356,1.0,0,1,typing
SYNTHETIC DEMONSTRATION ONLY - NOT HUMAN EXPERIMENT RESULTS,1012040,C,1,1322.6039487509236,1.0,0,1,typing
SYNTHETIC DEMONSTRATION ONLY - NOT HUMAN EXPERIMENT RESULTS,1012060,C,1,1322.503049063666,1.0,0,1,typing
SYNTHETIC DEMONSTRATION ONLY - NOT HUMAN EXPERIMENT RESULTS,1012080,C,1,1322.4018295582703,1.0,0,1,typing
SYNTHETIC DEMONSTRATION ONLY - NOT HUMAN EXPERIMENT RESULTS,1012100,C,1,1322.30029167329,1.0,0,1,typing
SYNTHETIC DEMONSTRATION ONLY - NOT HUMAN EXPERIMENT RESULTS,1012120,C,1,1322.1984368518033,1.0,0,1,typing
SYNTHETIC DEMONSTRATION ONLY - NOT HUMAN EXPERIMENT RESULTS,1012140,C,1,1322.0962665413927,1.0,0,1,typing
SYNTHETIC DEMONSTRATION ONLY - NOT HUMAN EXPERIMENT RESULTS,1012160,C,1,1321.9937821941242,1.0,0,1,typing
SYNTHETIC DEMONSTRATION ONLY - NOT HUMAN EXPERIMENT RESULTS,1012180,C,1,1321.8909852665274,1.0,0,1,typing
SYNTHETIC DEMONSTRATION ONLY - NOT HUMAN EXPERIMENT RESULTS,1012200,C,1,1321.7878772195743,1.0,0,1,typing
SYNTHETIC DEMONSTRATION ONLY - NOT HUMAN EXPERIMENT RESULTS,1012220,C,1,1321.684459518658,1.0,0,1,typing
SYNTHETIC DEMONSTRATION ONLY - NOT HUMAN EXPERIMENT RESULTS,1012240,C,1,1321.5807336335736,1.0,0,1,typing
SYNTHETIC DEMONSTRATION ONLY - NOT HUMAN EXPERIMENT RESULTS,1012260,C,1,1321.476701038495,1.0,0,1,typing
SYNTHETIC DEMONSTRATION ONLY - NOT HUMAN EXPERIMENT RESULTS,1012280,C,1,1321.3723632119559,1.0,0,1,typing
SYNTHETIC DEMONSTRATION ONLY - NOT HUMAN EXPERIMENT RESULTS,1012300,C,1,1321.267721636828,1.0,0,1,typing
SYNTHETIC DEMONSTRATION ONLY - NOT HUMAN EXPERIMENT RESULTS,1012320,C,1,1321.162777800299,1.0,0,1,typing
SYNTHETIC DEMONSTRATION ONLY - NOT HUMAN EXPERIMENT RESULTS,1012340,C,1,1321.0575331938537,1.0,0,1,typing
SYNTHETIC DEMONSTRATION ONLY - NOT HUMAN EXPERIMENT RESULTS,1012360,C,1,1320.9519893132508,1.0,0,1,typing
SYNTHETIC DEMONSTRATION ONLY - NOT HUMAN EXPERIMENT RESULTS,1012380,C,1,1320.8461476585023,1.0,0,1,typing
SYNTHETIC DEMONSTRATION ONLY - NOT HUMAN EXPERIMENT RESULTS,1012400,C,1,1320.7400097338525,1.0,0,1,typing
SYNTHETIC DEMONSTRATION ONLY - NOT HUMAN EXPERIMENT RESULTS,1012420,C,1,1320.6335770477565,1.0,0,1,typing
SYNTHETIC DEMONSTRATION ONLY - NOT HUMAN EXPERIMENT RESULTS,1012440,C,1,1320.526851112858,1.0,0,1,typing
SYNTHETIC DEMONSTRATION ONLY - NOT HUMAN EXPERIMENT RESULTS,1012460,C,1,1320.4198334459688,1.0,0,1,typing
SYNTHETIC DEMONSTRATION ONLY - NOT HUMAN EXPERIMENT RESULTS,1012480,C,1,1320.312525568047,1.0,0,1,typing
SYNTHETIC DEMONSTRATION ONLY - NOT HUMAN EXPERIMENT RESULTS,1012500,C,1,1320.204929004175,1.0,0,1,typing
SYNTHETIC DEMONSTRATION ONLY - NOT HUMAN EXPERIMENT RESULTS,1012520,C,1,1320.0970452835381,1.0,0,1,typing
SYNTHETIC DEMONSTRATION ONLY - NOT HUMAN EXPERIMENT RESULTS,1012540,C,1,1319.9888759394028,1.0,0,1,typing
SYNTHETIC DEMONSTRATION ONLY - NOT HUMAN EXPERIMENT RESULTS,1012560,C,1,1319.880422509095,1.0,0,1,typing
SYNTHETIC DEMONSTRATION ONLY - NOT HUMAN EXPERIMENT RESULTS,1012580,C,1,1319.7716865339778,1.0,0,1,typing
SYNTHETIC DEMONSTRATION ONLY - NOT HUMAN EXPERIMENT RESULTS,1012600,C,1,1319.6626695594302,1.0,0,1,typing
SYNTHETIC DEMONSTRATION ONLY - NOT HUMAN EXPERIMENT RESULTS,1012620,C,1,1319.553373134825,1.0,0,1,typing
SYNTHETIC DEMONSTRATION ONLY - NOT HUMAN EXPERIMENT RESULTS,1012640,C,1,1319.4437988135057,1.0,0,1,typing
SYNTHETIC DEMONSTRATION ONLY - NOT HUMAN EXPERIMENT RESULTS,1012660,C,1,1319.3339481527667,1.0,0,1,typing
SYNTHETIC DEMONSTRATION ONLY - NOT HUMAN EXPERIMENT RESULTS,1012680,C,1,1319.2238227138284,1.0,0,1,typing
SYNTHETIC DEMONSTRATION ONLY - NOT HUMAN EXPERIMENT RESULTS,1012700,C,1,1319.1134240618173,1.0,0,1,typing
SYNTHETIC DEMONSTRATION ONLY - NOT HUMAN EXPERIMENT RESULTS,1012720,C,1,1319.0027537657427,1.0,0,1,typing
SYNTHETIC DEMONSTRATION ONLY - NOT HUMAN EXPERIMENT RESULTS,1012740,C,1,1318.8918133984744,1.0,0,1,typing
SYNTHETIC DEMONSTRATION ONLY - NOT HUMAN EXPERIMENT RESULTS,1012760,C,1,1318.7806045367206,1.0,0,1,typing
SYNTHETIC DEMONSTRATION ONLY - NOT HUMAN EXPERIMENT RESULTS,1012780,C,1,1318.6691287610051,1.0,0,1,typing
SYNTHETIC DEMONSTRATION ONLY - NOT HUMAN EXPERIMENT RESULTS,1012800,C,1,1318.557387655646,1.0,0,1,typing
SYNTHETIC DEMONSTRATION ONLY - NOT HUMAN EXPERIMENT RESULTS,1012820,C,1,1318.4453828087312,1.0,0,1,typing
SYNTHETIC DEMONSTRATION ONLY - NOT HUMAN EXPERIMENT RESULTS,1012840,C,1,1318.333115812098,1.0,0,1,typing
SYNTHETIC DEMONSTRATION ONLY - NOT HUMAN EXPERIMENT RESULTS,1012860,C,1,1318.2205882613084,1.0,0,1,typing
SYNTHETIC DEMONSTRATION ONLY - NOT HUMAN EXPERIMENT RESULTS,1012880,C,1,1318.1078017556285,1.0,0,1,typing
SYNTHETIC DEMONSTRATION ONLY - NOT HUMAN EXPERIMENT RESULTS,1012900,C,1,1317.9947578980039,1.0,0,1,typing
SYNTHETIC DEMONSTRATION ONLY - NOT HUMAN EXPERIMENT RESULTS,1012920,C,1,1317.8814582950379,1.0,0,1,typing
SYNTHETIC DEMONSTRATION ONLY - NOT HUMAN EXPERIMENT RESULTS,1012940,C,1,1317.767904556969,1.0,0,1,typing
SYNTHETIC DEMONSTRATION ONLY - NOT HUMAN EXPERIMENT RESULTS,1012960,C,1,1317.6540982976467,1.0,0,1,typing
SYNTHETIC DEMONSTRATION ONLY - NOT HUMAN EXPERIMENT RESULTS,1012980,C,1,1317.5400411345104,1.0,0,1,typing
SYNTHETIC DEMONSTRATION ONLY - NOT HUMAN EXPERIMENT RESULTS,1013000,C,1,1317.4257346885645,1.0,0,1,typing
SYNTHETIC DEMONSTRATION ONLY - NOT HUMAN EXPERIMENT RESULTS,1013020,C,1,1317.3111805843569,1.0,0,1,typing
SYNTHETIC DEMONSTRATION ONLY - NOT HUMAN EXPERIMENT RESULTS,1013040,C,1,1317.1963804499546,1.0,0,1,typing
SYNTHETIC DEMONSTRATION ONLY - NOT HUMAN EXPERIMENT RESULTS,1013060,C,1,1317.081335916922,1.0,0,1,typing
SYNTHETIC DEMONSTRATION ONLY - NOT HUMAN EXPERIMENT RESULTS,1013080,C,1,1316.9660486202963,1.0,0,1,typing
SYNTHETIC DEMONSTRATION ONLY - NOT HUMAN EXPERIMENT RESULTS,1013100,C,1,1316.8505201985652,1.0,0,1,typing
SYNTHETIC DEMONSTRATION ONLY - NOT HUMAN EXPERIMENT RESULTS,1013120,C,1,1316.7347522936434,1.0,0,1,typing
SYNTHETIC DEMONSTRATION ONLY - NOT HUMAN EXPERIMENT RESULTS,1013140,C,1,1316.6187465508492,1.0,0,1,typing
SYNTHETIC DEMONSTRATION ONLY - NOT HUMAN EXPERIMENT RESULTS,1013160,C,1,1316.5025046188807,1.0,0,1,typing
SYNTHETIC DEMONSTRATION ONLY - NOT HUMAN EXPERIMENT RESULTS,1013180,C,1,1316.3860281497932,1.0,0,1,typing
SYNTHETIC DEMONSTRATION ONLY - NOT HUMAN EXPERIMENT RESULTS,1013200,C,1,1316.269318798975,1.0,0,1,typing
SYNTHETIC DEMONSTRATION ONLY - NOT HUMAN EXPERIMENT RESULTS,1013220,C,1,1316.1523782251247,1.0,0,1,typing
SYNTHETIC DEMONSTRATION ONLY - NOT HUMAN EXPERIMENT RESULTS,1013240,C,1,1316.0352080902262,1.0,0,1,typing
SYNTHETIC DEMONSTRATION ONLY - NOT HUMAN EXPERIMENT RESULTS,1013260,C,1,1315.9178100595268,1.0,0,1,typing
SYNTHETIC DEMONSTRATION ONLY - NOT HUMAN EXPERIMENT RESULTS,1013280,C,1,1315.8001858015125,1.0,0,1,typing
SYNTHETIC DEMONSTRATION ONLY - NOT HUMAN EXPERIMENT RESULTS,1013300,C,1,1315.682336987884,1.0,0,1,typing
SYNTHETIC DEMONSTRATION ONLY - NOT HUMAN EXPERIMENT RESULTS,1013320,C,1,1315.564265293534,1.0,0,1,typing
SYNTHETIC DEMONSTRATION ONLY - NOT HUMAN EXPERIMENT RESULTS,1013340,C,1,1315.4459723965224,1.0,0,1,typing
SYNTHETIC DEMONSTRATION ONLY - NOT HUMAN EXPERIMENT RESULTS,1013360,C,1,1315.3274599780534,1.0,0,1,typing
SYNTHETIC DEMONSTRATION ONLY - NOT HUMAN EXPERIMENT RESULTS,1013380,C,1,1315.208729722451,1.0,0,1,typing
SYNTHETIC DEMONSTRATION ONLY - NOT HUMAN EXPERIMENT RESULTS,1013400,C,1,1315.0897833171343,1.0,0,1,typing
SYNTHETIC DEMONSTRATION ONLY - NOT HUMAN EXPERIMENT RESULTS,1013420,C,1,1314.9706224525953,1.0,0,1,typing
SYNTHETIC DEMONSTRATION ONLY - NOT HUMAN EXPERIMENT RESULTS,1013440,C,1,1314.851248822374,1.0,0,1,typing
SYNTHETIC DEMONSTRATION ONLY - NOT HUMAN EXPERIMENT RESULTS,1013460,C,1,1314.7316641230334,1.0,0,1,typing
SYNTHETIC DEMONSTRATION ONLY - NOT HUMAN EXPERIMENT RESULTS,1013480,C,1,1314.6118700541372,1.0,0,1,typing
SYNTHETIC DEMONSTRATION ONLY - NOT HUMAN EXPERIMENT RESULTS,1013500,C,1,1314.4918683182239,1.0,0,1,typing
SYNTHETIC DEMONSTRATION ONLY - NOT HUMAN EXPERIMENT RESULTS,1013520,C,1,1314.371660620784,1.0,0,1,typing
SYNTHETIC DEMONSTRATION ONLY - NOT HUMAN EXPERIMENT RESULTS,1013540,C,1,1314.2512486702349,1.0,0,1,typing
SYNTHETIC DEMONSTRATION ONLY - NOT HUMAN EXPERIMENT RESULTS,1013560,C,1,1314.130634177897,1.0,0,1,typing
SYNTHETIC DEMONSTRATION ONLY - NOT HUMAN EXPERIMENT RESULTS,1013580,C,1,1314.009818857969,1.0,0,1,typing
SYNTHETIC DEMONSTRATION ONLY - NOT HUMAN EXPERIMENT RESULTS,1013600,C,1,1313.8888044275047,1.0,0,1,typing
SYNTHETIC DEMONSTRATION ONLY - NOT HUMAN EXPERIMENT RESULTS,1013620,C,1,1313.7675926063862,1.0,0,1,typing
SYNTHETIC DEMONSTRATION ONLY - NOT HUMAN EXPERIMENT RESULTS,1013640,C,1,1313.6461851173021,1.0,0,1,typing
SYNTHETIC DEMONSTRATION ONLY - NOT HUMAN EXPERIMENT RESULTS,1013660,C,1,1313.5245836857218,1.0,0,1,typing
SYNTHETIC DEMONSTRATION ONLY - NOT HUMAN EXPERIMENT RESULTS,1013680,C,1,1313.4027900398705,1.0,0,1,typing
SYNTHETIC DEMONSTRATION ONLY - NOT HUMAN EXPERIMENT RESULTS,1013700,C,1,1313.2808059107056,1.0,0,1,typing
SYNTHETIC DEMONSTRATION ONLY - NOT HUMAN EXPERIMENT RESULTS,1013720,C,1,1313.1586330318914,1.0,0,1,typing
SYNTHETIC DEMONSTRATION ONLY - NOT HUMAN EXPERIMENT RESULTS,1013740,C,1,1313.0362731397754,1.0,0,1,typing
SYNTHETIC DEMONSTRATION ONLY - NOT HUMAN EXPERIMENT RESULTS,1013760,C,1,1312.913727973362,1.0,0,1,typing
SYNTHETIC DEMONSTRATION ONLY - NOT HUMAN EXPERIMENT RESULTS,1013780,C,1,1312.7909992742896,1.0,0,1,typing
SYNTHETIC DEMONSTRATION ONLY - NOT HUMAN EXPERIMENT RESULTS,1013800,C,1,1312.6680887868044,1.0,0,1,typing
SYNTHETIC DEMONSTRATION ONLY - NOT HUMAN EXPERIMENT RESULTS,1013820,C,1,1312.544998257737,1.0,0,1,typing
SYNTHETIC DEMONSTRATION ONLY - NOT HUMAN EXPERIMENT RESULTS,1013840,C,1,1312.4217294364757,1.0,0,1,typing
SYNTHETIC DEMONSTRATION ONLY - NOT HUMAN EXPERIMENT RESULTS,1013860,C,1,1312.2982840749435,1.0,0,1,typing
SYNTHETIC DEMONSTRATION ONLY - NOT HUMAN EXPERIMENT RESULTS,1013880,C,1,1312.1746639275723,1.0,0,1,typing
SYNTHETIC DEMONSTRATION ONLY - NOT HUMAN EXPERIMENT RESULTS,1013900,C,1,1312.0508707512781,1.0,0,1,typing
SYNTHETIC DEMONSTRATION ONLY - NOT HUMAN EXPERIMENT RESULTS,1013920,C,1,1311.926906305436,1.0,0,1,typing
SYNTHETIC DEMONSTRATION ONLY - NOT HUMAN EXPERIMENT RESULTS,1013940,C,1,1311.8027723518546,1.0,0,1,typing
SYNTHETIC DEMONSTRATION ONLY - NOT HUMAN EXPERIMENT RESULTS,1013960,C,1,1311.678470654753,1.0,0,1,typing
SYNTHETIC DEMONSTRATION ONLY - NOT HUMAN EXPERIMENT RESULTS,1013980,C,1,1311.5540029807328,1.0,0,1,typing
SYNTHETIC DEMONSTRATION ONLY - NOT HUMAN EXPERIMENT RESULTS,1014000,C,1,1311.4293710987554,1.0,0,1,typing
SYNTHETIC DEMONSTRATION ONLY - NOT HUMAN EXPERIMENT RESULTS,1014020,C,1,1311.304576780116,1.0,0,1,typing
SYNTHETIC DEMONSTRATION ONLY - NOT HUMAN EXPERIMENT RESULTS,1014040,C,1,1311.1796217984174,1.0,0,1,typing
SYNTHETIC DEMONSTRATION ONLY - NOT HUMAN EXPERIMENT RESULTS,1014060,C,1,1311.054507929547,1.0,0,1,typing
SYNTHETIC DEMONSTRATION ONLY - NOT HUMAN EXPERIMENT RESULTS,1014080,C,1,1310.92923695165,1.0,0,1,typing
SYNTHETIC DEMONSTRATION ONLY - NOT HUMAN EXPERIMENT RESULTS,1014100,C,1,1310.8038106451038,1.0,0,1,typing
SYNTHETIC DEMONSTRATION ONLY - NOT HUMAN EXPERIMENT RESULTS,1014120,C,1,1310.6782307924939,1.0,0,1,typing
SYNTHETIC DEMONSTRATION ONLY - NOT HUMAN EXPERIMENT RESULTS,1014140,C,1,1310.5524991785883,1.0,0,1,typing
SYNTHETIC DEMONSTRATION ONLY - NOT HUMAN EXPERIMENT RESULTS,1014160,C,1,1310.4266175903113,1.0,0,1,typing
SYNTHETIC DEMONSTRATION ONLY - NOT HUMAN EXPERIMENT RESULTS,1014180,C,1,1310.300587816719,1.0,0,1,typing
SYNTHETIC DEMONSTRATION ONLY - NOT HUMAN EXPERIMENT RESULTS,1014200,C,1,1310.1744116489733,1.0,0,1,typing
SYNTHETIC DEMONSTRATION ONLY - NOT HUMAN EXPERIMENT RESULTS,1014220,C,1,1310.0480908803172,1.0,0,1,typing
SYNTHETIC DEMONSTRATION ONLY - NOT HUMAN EXPERIMENT RESULTS,1014240,C,1,1309.9216273060479,1.0,0,1,typing
SYNTHETIC DEMONSTRATION ONLY - NOT HUMAN EXPERIMENT RESULTS,1014260,C,1,1309.7950227234933,1.0,0,1,typing
SYNTHETIC DEMONSTRATION ONLY - NOT HUMAN EXPERIMENT RESULTS,1014280,C,1,1309.668278931984,1.0,0,1,typing
SYNTHETIC DEMONSTRATION ONLY - NOT HUMAN EXPERIMENT RESULTS,1014300,C,1,1309.5413977328308,1.0,0,1,typing
SYNTHETIC DEMONSTRATION ONLY - NOT HUMAN EXPERIMENT RESULTS,1014320,C,1,1309.4143809292957,1.0,0,1,typing
SYNTHETIC DEMONSTRATION ONLY - NOT HUMAN EXPERIMENT RESULTS,1014340,C,1,1309.2872303265688,1.0,0,1,typing
SYNTHETIC DEMONSTRATION ONLY - NOT HUMAN EXPERIMENT RESULTS,1014360,C,1,1309.1599477317416,1.0,0,1,typing
SYNTHETIC DEMONSTRATION ONLY - NOT HUMAN EXPERIMENT RESULTS,1014380,C,1,1309.0325349537816,1.0,0,1,typing
SYNTHETIC DEMONSTRATION ONLY - NOT HUMAN EXPERIMENT RESULTS,1014400,C,1,1308.9049938035064,1.0,0,1,typing
SYNTHETIC DEMONSTRATION ONLY - NOT HUMAN EXPERIMENT RESULTS,1014420,C,1,1308.7773260935578,1.0,0,1,typing
SYNTHETIC DEMONSTRATION ONLY - NOT HUMAN EXPERIMENT RESULTS,1014440,C,1,1308.6495336383769,1.0,0,1,typing
SYNTHETIC DEMONSTRATION ONLY - NOT HUMAN EXPERIMENT RESULTS,1014460,C,1,1308.5216182541772,1.0,0,1,typing
SYNTHETIC DEMONSTRATION ONLY - NOT HUMAN EXPERIMENT RESULTS,1014480,C,1,1308.3935817589193,1.0,0,1,typing
SYNTHETIC DEMONSTRATION ONLY - NOT HUMAN EXPERIMENT RESULTS,1014500,C,1,1308.2654259722856,1.0,0,1,typing
SYNTHETIC DEMONSTRATION ONLY - NOT HUMAN EXPERIMENT RESULTS,1014520,C,1,1308.1371527156532,1.0,0,1,typing
SYNTHETIC DEMONSTRATION ONLY - NOT HUMAN EXPERIMENT RESULTS,1014540,C,1,1308.008763812069,1.0,0,1,typing
SYNTHETIC DEMONSTRATION ONLY - NOT HUMAN EXPERIMENT RESULTS,1014560,C,1,1307.8802610862235,1.0,0,1,typing
SYNTHETIC DEMONSTRATION ONLY - NOT HUMAN EXPERIMENT RESULTS,1014580,C,1,1307.7516463644251,1.0,0,1,typing
SYNTHETIC DEMONSTRATION ONLY - NOT HUMAN EXPERIMENT RESULTS,1014600,C,1,1307.6229214745736,1.0,0,1,typing
SYNTHETIC DEMONSTRATION ONLY - NOT HUMAN EXPERIMENT RESULTS,1014620,C,1,1307.4940882461347,1.0,0,1,typing
SYNTHETIC DEMONSTRATION ONLY - NOT HUMAN EXPERIMENT RESULTS,1014640,C,1,1307.3651485101134,1.0,0,1,typing
SYNTHETIC DEMONSTRATION ONLY - NOT HUMAN EXPERIMENT RESULTS,1014660,C,1,1307.2361040990288,1.0,0,1,typing
SYNTHETIC DEMONSTRATION ONLY - NOT HUMAN EXPERIMENT RESULTS,1014680,C,1,1307.1069568468881,1.0,0,1,typing
SYNTHETIC DEMONSTRATION ONLY - NOT HUMAN EXPERIMENT RESULTS,1014700,C,1,1306.9777085891592,1.0,0,1,typing
SYNTHETIC DEMONSTRATION ONLY - NOT HUMAN EXPERIMENT RESULTS,1014720,C,1,1306.8483611627462,1.0,0,1,typing
SYNTHETIC DEMONSTRATION ONLY - NOT HUMAN EXPERIMENT RESULTS,1014740,C,1,1306.718916405962,1.0,0,1,typing
SYNTHETIC DEMONSTRATION ONLY - NOT HUMAN EXPERIMENT RESULTS,1014760,C,1,1306.5893761585035,1.0,0,1,typing
SYNTHETIC DEMONSTRATION ONLY - NOT HUMAN EXPERIMENT RESULTS,1014780,C,1,1306.459742261424,1.0,0,1,typing
SYNTHETIC DEMONSTRATION ONLY - NOT HUMAN EXPERIMENT RESULTS,1014800,C,1,1306.3300165571084,1.0,0,1,typing
SYNTHETIC DEMONSTRATION ONLY - NOT HUMAN EXPERIMENT RESULTS,1014820,C,1,1306.200200889246,1.0,0,1,typing
SYNTHETIC DEMONSTRATION ONLY - NOT HUMAN EXPERIMENT RESULTS,1014840,C,1,1306.0702971028047,1.0,0,1,typing
SYNTHETIC DEMONSTRATION ONLY - NOT HUMAN EXPERIMENT RESULTS,1014860,C,1,1305.9403070440048,1.0,0,1,typing
SYNTHETIC DEMONSTRATION ONLY - NOT HUMAN EXPERIMENT RESULTS,1014880,C,1,1305.8102325602931,1.0,0,1,typing
SYNTHETIC DEMONSTRATION ONLY - NOT HUMAN EXPERIMENT RESULTS,1014900,C,1,1305.6800755003158,1.0,0,1,typing
SYNTHETIC DEMONSTRATION ONLY - NOT HUMAN EXPERIMENT RESULTS,1014920,C,1,1305.5498377138927,1.0,0,1,typing
SYNTHETIC DEMONSTRATION ONLY - NOT HUMAN EXPERIMENT RESULTS,1014940,C,1,1305.419521051991,1.0,0,1,typing
SYNTHETIC DEMONSTRATION ONLY - NOT HUMAN EXPERIMENT RESULTS,1014960,C,1,1305.2891273666992,1.0,0,1,typing
SYNTHETIC DEMONSTRATION ONLY - NOT HUMAN EXPERIMENT RESULTS,1014980,C,1,1305.1586585111997,1.0,0,1,typing
SYNTHETIC DEMONSTRATION ONLY - NOT HUMAN EXPERIMENT RESULTS,1015000,C,1,1305.0281163397444,1.0,0,1,typing
SYNTHETIC DEMONSTRATION ONLY - NOT HUMAN EXPERIMENT RESULTS,1015020,C,1,1304.897502707626,1.0,0,1,typing
SYNTHETIC DEMONSTRATION ONLY - NOT HUMAN EXPERIMENT RESULTS,1015040,C,1,1304.7668194711534,1.0,0,1,typing
SYNTHETIC DEMONSTRATION ONLY - NOT HUMAN EXPERIMENT RESULTS,1015060,C,1,1304.6360684876247,1.0,0,1,typing
SYNTHETIC DEMONSTRATION ONLY - NOT HUMAN EXPERIMENT RESULTS,1015080,C,1,1304.505251615301,1.0,0,1,typing
SYNTHETIC DEMONSTRATION ONLY - NOT HUMAN EXPERIMENT RESULTS,1015100,C,1,1304.3743707133794,1.0,0,1,typing
SYNTHETIC DEMONSTRATION ONLY - NOT HUMAN EXPERIMENT RESULTS,1015120,C,1,1304.2434276419672,1.0,0,1,typing
SYNTHETIC DEMONSTRATION ONLY - NOT HUMAN EXPERIMENT RESULTS,1015140,C,1,1304.1124242620554,1.0,0,1,typing
SYNTHETIC DEMONSTRATION ONLY - NOT HUMAN EXPERIMENT RESULTS,1015160,C,1,1303.981362435492,1.0,0,1,typing
SYNTHETIC DEMONSTRATION ONLY - NOT HUMAN EXPERIMENT RESULTS,1015180,C,1,1303.8502440249556,1.0,0,1,typing
SYNTHETIC DEMONSTRATION ONLY - NOT HUMAN EXPERIMENT RESULTS,1015200,C,1,1303.719070893929,1.0,0,1,typing
SYNTHETIC DEMONSTRATION ONLY - NOT HUMAN EXPERIMENT RESULTS,1015220,C,1,1303.587844906673,1.0,0,1,typing
SYNTHETIC DEMONSTRATION ONLY - NOT HUMAN EXPERIMENT RESULTS,1015240,C,1,1303.4565679281989,1.0,0,1,typing
SYNTHETIC DEMONSTRATION ONLY - NOT HUMAN EXPERIMENT RESULTS,1015260,C,1,1303.3252418242434,1.0,0,1,typing
SYNTHETIC DEMONSTRATION ONLY - NOT HUMAN EXPERIMENT RESULTS,1015280,C,1,1303.1938684612414,1.0,0,1,typing
SYNTHETIC DEMONSTRATION ONLY - NOT HUMAN EXPERIMENT RESULTS,1015300,C,1,1303.0624497062988,1.0,0,1,typing
SYNTHETIC DEMONSTRATION ONLY - NOT HUMAN EXPERIMENT RESULTS,1015320,C,1,1302.930987427167,1.0,0,1,typing
SYNTHETIC DEMONSTRATION ONLY - NOT HUMAN EXPERIMENT RESULTS,1015340,C,1,1302.7994834922163,1.0,0,1,typing
SYNTHETIC DEMONSTRATION ONLY - NOT HUMAN EXPERIMENT RESULTS,1015360,C,1,1302.6679397704083,1.0,0,1,typing
SYNTHETIC DEMONSTRATION ONLY - NOT HUMAN EXPERIMENT RESULTS,1015380,C,1,1302.5363581312708,1.0,0,1,typing
SYNTHETIC DEMONSTRATION ONLY - NOT HUMAN EXPERIMENT RESULTS,1015400,C,1,1302.4047404448702,1.0,0,1,typing
SYNTHETIC DEMONSTRATION ONLY - NOT HUMAN EXPERIMENT RESULTS,1015420,C,1,1302.2730885817848,1.0,0,1,typing
SYNTHETIC DEMONSTRATION ONLY - NOT HUMAN EXPERIMENT RESULTS,1015440,C,1,1302.141404413079,1.0,0,1,typing
SYNTHETIC DEMONSTRATION ONLY - NOT HUMAN EXPERIMENT RESULTS,1015460,C,1,1302.0096898102768,1.0,0,1,typing
SYNTHETIC DEMONSTRATION ONLY - NOT HUMAN EXPERIMENT RESULTS,1015480,C,1,1301.8779466453336,1.0,0,1,typing
SYNTHETIC DEMONSTRATION ONLY - NOT HUMAN EXPERIMENT RESULTS,1015500,C,1,1301.7461767906118,1.0,0,1,typing
SYNTHETIC DEMONSTRATION ONLY - NOT HUMAN EXPERIMENT RESULTS,1015520,C,1,1301.6143821188527,1.0,0,1,typing
SYNTHETIC DEMONSTRATION ONLY - NOT HUMAN EXPERIMENT RESULTS,1015540,C,1,1301.4825645031503,1.0,0,1,typing
SYNTHETIC DEMONSTRATION ONLY - NOT HUMAN EXPERIMENT RESULTS,1015560,C,1,1301.3507258169248,1.0,0,1,typing
SYNTHETIC DEMONSTRATION ONLY - NOT HUMAN EXPERIMENT RESULTS,1015580,C,1,1301.2188679338954,1.0,0,1,typing
SYNTHETIC DEMONSTRATION ONLY - NOT HUMAN EXPERIMENT RESULTS,1015600,C,1,1301.0869927280546,1.0,0,1,typing
SYNTHETIC DEMONSTRATION ONLY - NOT HUMAN EXPERIMENT RESULTS,1015620,C,1,1300.9551020736412,1.0,0,1,typing
SYNTHETIC DEMONSTRATION ONLY - NOT HUMAN EXPERIMENT RESULTS,1015640,C,1,1300.823197845113,1.0,0,1,typing
SYNTHETIC DEMONSTRATION ONLY - NOT HUMAN EXPERIMENT RESULTS,1015660,C,1,1300.6912819171216,1.0,0,1,typing
SYNTHETIC DEMONSTRATION ONLY - NOT HUMAN EXPERIMENT RESULTS,1015680,C,1,1300.559356164484,1.0,0,1,typing
SYNTHETIC DEMONSTRATION ONLY - NOT HUMAN EXPERIMENT RESULTS,1015700,C,1,1300.4274224621568,1.0,0,1,typing
SYNTHETIC DEMONSTRATION ONLY - NOT HUMAN EXPERIMENT RESULTS,1015720,C,1,1300.2954826852106,1.0,0,1,typing
SYNTHETIC DEMONSTRATION ONLY - NOT HUMAN EXPERIMENT RESULTS,1015740,C,1,1300.1635387088013,1.0,0,1,typing
SYNTHETIC DEMONSTRATION ONLY - NOT HUMAN EXPERIMENT RESULTS,1015760,C,1,1300.031592408145,1.0,0,1,typing
SYNTHETIC DEMONSTRATION ONLY - NOT HUMAN EXPERIMENT RESULTS,1015780,C,1,1299.8996456584905,1.0,0,1,typing
SYNTHETIC DEMONSTRATION ONLY - NOT HUMAN EXPERIMENT RESULTS,1015800,C,1,1299.7677003350934,1.0,0,1,typing
SYNTHETIC DEMONSTRATION ONLY - NOT HUMAN EXPERIMENT RESULTS,1015820,C,1,1299.635758313189,1.0,0,1,typing
SYNTHETIC DEMONSTRATION ONLY - NOT HUMAN EXPERIMENT RESULTS,1015840,C,1,1299.5038214679648,1.0,0,1,typing
SYNTHETIC DEMONSTRATION ONLY - NOT HUMAN EXPERIMENT RESULTS,1015860,C,1,1299.371891674536,1.0,0,1,typing
SYNTHETIC DEMONSTRATION ONLY - NOT HUMAN EXPERIMENT RESULTS,1015880,C,1,1299.239970807917,1.0,0,1,typing
SYNTHETIC DEMONSTRATION ONLY - NOT HUMAN EXPERIMENT RESULTS,1015900,C,1,1299.108060742995,1.0,0,1,typing
SYNTHETIC DEMONSTRATION ONLY - NOT HUMAN EXPERIMENT RESULTS,1015920,C,1,1298.9761633545043,1.0,0,1,typing
SYNTHETIC DEMONSTRATION ONLY - NOT HUMAN EXPERIMENT RESULTS,1015940,C,1,1298.8442805169984,1.0,0,1,typing
SYNTHETIC DEMONSTRATION ONLY - NOT HUMAN EXPERIMENT RESULTS,1015960,C,1,1298.7124141048246,1.0,0,1,typing
SYNTHETIC DEMONSTRATION ONLY - NOT HUMAN EXPERIMENT RESULTS,1015980,C,1,1298.5805659920964,1.0,0,1,typing
SYNTHETIC DEMONSTRATION ONLY - NOT HUMAN EXPERIMENT RESULTS,1016000,C,1,1298.4487380526675,1.0,0,1,typing
SYNTHETIC DEMONSTRATION ONLY - NOT HUMAN EXPERIMENT RESULTS,1016020,C,1,1298.3169321601044,1.0,0,1,typing
SYNTHETIC DEMONSTRATION ONLY - NOT HUMAN EXPERIMENT RESULTS,1016040,C,1,1298.185150187661,1.0,0,1,typing
SYNTHETIC DEMONSTRATION ONLY - NOT HUMAN EXPERIMENT RESULTS,1016060,C,1,1298.0533940082505,1.0,0,1,typing
SYNTHETIC DEMONSTRATION ONLY - NOT HUMAN EXPERIMENT RESULTS,1016080,C,1,1297.92166549442,1.0,0,1,typing
SYNTHETIC DEMONSTRATION ONLY - NOT HUMAN EXPERIMENT RESULTS,1016100,C,1,1297.7899665183231,1.0,0,1,typing
SYNTHETIC DEMONSTRATION ONLY - NOT HUMAN EXPERIMENT RESULTS,1016120,C,1,1297.6582989516942,1.0,0,1,typing
SYNTHETIC DEMONSTRATION ONLY - NOT HUMAN EXPERIMENT RESULTS,1016140,C,1,1297.5266646658204,1.0,0,1,typing
SYNTHETIC DEMONSTRATION ONLY - NOT HUMAN EXPERIMENT RESULTS,1016160,C,1,1297.3950655315164,1.0,0,1,typing
SYNTHETIC DEMONSTRATION ONLY - NOT HUMAN EXPERIMENT RESULTS,1016180,C,1,1297.263503419097,1.0,0,1,typing
SYNTHETIC DEMONSTRATION ONLY - NOT HUMAN EXPERIMENT RESULTS,1016200,C,1,1297.1319801983518,1.0,0,1,typing
SYNTHETIC DEMONSTRATION ONLY - NOT HUMAN EXPERIMENT RESULTS,1016220,C,1,1297.000497738516,1.0,0,1,typing
SYNTHETIC DEMONSTRATION ONLY - NOT HUMAN EXPERIMENT RESULTS,1016240,C,1,1296.8690579082468,1.0,0,1,typing
SYNTHETIC DEMONSTRATION ONLY - NOT HUMAN EXPERIMENT RESULTS,1016260,C,1,1296.737662575595,1.0,0,1,typing
SYNTHETIC DEMONSTRATION ONLY - NOT HUMAN EXPERIMENT RESULTS,1016280,C,1,1296.6063136079795,1.0,0,1,typing
SYNTHETIC DEMONSTRATION ONLY - NOT HUMAN EXPERIMENT RESULTS,1016300,C,1,1296.4750128721594,1.0,0,1,typing
SYNTHETIC DEMONSTRATION ONLY - NOT HUMAN EXPERIMENT RESULTS,1016320,C,1,1296.343762234209,1.0,0,1,typing
SYNTHETIC DEMONSTRATION ONLY - NOT HUMAN EXPERIMENT RESULTS,1016340,C,1,1296.2125635594903,1.0,0,1,typing
SYNTHETIC DEMONSTRATION ONLY - NOT HUMAN EXPERIMENT RESULTS,1016360,C,1,1296.0814187126268,1.0,0,1,typing
SYNTHETIC DEMONSTRATION ONLY - NOT HUMAN EXPERIMENT RESULTS,1016380,C,1,1295.9503295574773,1.0,0,1,typing
SYNTHETIC DEMONSTRATION ONLY - NOT HUMAN EXPERIMENT RESULTS,1016400,C,1,1295.8192979571088,1.0,0,1,typing
SYNTHETIC DEMONSTRATION ONLY - NOT HUMAN EXPERIMENT RESULTS,1016420,C,1,1295.6883257737704,1.0,0,1,typing
SYNTHETIC DEMONSTRATION ONLY - NOT HUMAN EXPERIMENT RESULTS,1016440,C,1,1295.5574148688665,1.0,0,1,typing
SYNTHETIC DEMONSTRATION ONLY - NOT HUMAN EXPERIMENT RESULTS,1016460,C,1,1295.4265671029311,1.0,0,1,typing
SYNTHETIC DEMONSTRATION ONLY - NOT HUMAN EXPERIMENT RESULTS,1016480,C,1,1295.2957843356005,1.0,0,1,typing
SYNTHETIC DEMONSTRATION ONLY - NOT HUMAN EXPERIMENT RESULTS,1016500,C,1,1295.1650684255874,1.0,0,1,typing
SYNTHETIC DEMONSTRATION ONLY - NOT HUMAN EXPERIMENT RESULTS,1016520,C,1,1295.0344212306538,1.0,0,1,typing
SYNTHETIC DEMONSTRATION ONLY - NOT HUMAN EXPERIMENT RESULTS,1016540,C,1,1294.903844607586,1.0,0,1,typing
SYNTHETIC DEMONSTRATION ONLY - NOT HUMAN EXPERIMENT RESULTS,1016560,C,1,1294.7733404121668,1.0,0,1,typing
SYNTHETIC DEMONSTRATION ONLY - NOT HUMAN EXPERIMENT RESULTS,1016580,C,1,1294.6429104991496,1.0,0,1,typing
SYNTHETIC DEMONSTRATION ONLY - NOT HUMAN EXPERIMENT RESULTS,1016600,C,1,1294.512556722232,1.0,0,1,typing
SYNTHETIC DEMONSTRATION ONLY - NOT HUMAN EXPERIMENT RESULTS,1016620,C,1,1294.38228093403,1.0,0,1,typing
SYNTHETIC DEMONSTRATION ONLY - NOT HUMAN EXPERIMENT RESULTS,1016640,C,1,1294.2520849860507,1.0,0,1,typing
SYNTHETIC DEMONSTRATION ONLY - NOT HUMAN EXPERIMENT RESULTS,1016660,C,1,1294.1219707286666,1.0,0,1,typing
SYNTHETIC DEMONSTRATION ONLY - NOT HUMAN EXPERIMENT RESULTS,1016680,C,1,1293.9919400110898,1.0,0,1,typing
SYNTHETIC DEMONSTRATION ONLY - NOT HUMAN EXPERIMENT RESULTS,1016700,C,1,1293.8619946813442,1.0,0,1,typing
SYNTHETIC DEMONSTRATION ONLY - NOT HUMAN EXPERIMENT RESULTS,1016720,C,1,1293.7321365862406,1.0,0,1,typing
SYNTHETIC DEMONSTRATION ONLY - NOT HUMAN EXPERIMENT RESULTS,1016740,C,1,1293.6023675713502,1.0,0,1,typing
SYNTHETIC DEMONSTRATION ONLY - NOT HUMAN EXPERIMENT RESULTS,1016760,C,1,1293.4726894809778,1.0,0,1,typing
SYNTHETIC DEMONSTRATION ONLY - NOT HUMAN EXPERIMENT RESULTS,1016780,C,1,1293.343104158136,1.0,0,1,typing
SYNTHETIC DEMONSTRATION ONLY - NOT HUMAN EXPERIMENT RESULTS,1016800,C,1,1293.2136134445193,1.0,0,1,typing
SYNTHETIC DEMONSTRATION ONLY - NOT HUMAN EXPERIMENT RESULTS,1016820,C,1,1293.0842191804772,1.0,0,1,typing
SYNTHETIC DEMONSTRATION ONLY - NOT HUMAN EXPERIMENT RESULTS,1016840,C,1,1292.9549232049887,1.0,0,1,typing
SYNTHETIC DEMONSTRATION ONLY - NOT HUMAN EXPERIMENT RESULTS,1016860,C,1,1292.8257273556358,1.0,0,1,typing
SYNTHETIC DEMONSTRATION ONLY - NOT HUMAN EXPERIMENT RESULTS,1016880,C,1,1292.6966334685774,1.0,0,1,typing
SYNTHETIC DEMONSTRATION ONLY - NOT HUMAN EXPERIMENT RESULTS,1016900,C,1,1292.5676433785234,1.0,0,1,typing
SYNTHETIC DEMONSTRATION ONLY - NOT HUMAN EXPERIMENT RESULTS,1016920,C,1,1292.4387589187086,1.0,0,1,typing
SYNTHETIC DEMONSTRATION ONLY - NOT HUMAN EXPERIMENT RESULTS,1016940,C,1,1292.3099819208664,1.0,0,1,typing
SYNTHETIC DEMONSTRATION ONLY - NOT HUMAN EXPERIMENT RESULTS,1016960,C,1,1292.181314215203,1.0,0,1,typing
SYNTHETIC DEMONSTRATION ONLY - NOT HUMAN EXPERIMENT RESULTS,1016980,C,1,1292.0527576303714,1.0,0,1,typing
SYNTHETIC DEMONSTRATION ONLY - NOT HUMAN EXPERIMENT RESULTS,1017000,C,1,1291.924313993445,1.0,0,1,typing
SYNTHETIC DEMONSTRATION ONLY - NOT HUMAN EXPERIMENT RESULTS,1017020,C,1,1291.7959851298924,1.0,0,1,typing
SYNTHETIC DEMONSTRATION ONLY - NOT HUMAN EXPERIMENT RESULTS,1017040,C,1,1291.6677728635507,1.0,0,1,typing
SYNTHETIC DEMONSTRATION ONLY - NOT HUMAN EXPERIMENT RESULTS,1017060,C,1,1291.5396790166,1.0,0,1,typing
SYNTHETIC DEMONSTRATION ONLY - NOT HUMAN EXPERIMENT RESULTS,1017080,C,1,1291.4117054095375,1.0,0,1,typing
SYNTHETIC DEMONSTRATION ONLY - NOT HUMAN EXPERIMENT RESULTS,1017100,C,1,1291.2838538611513,1.0,0,1,typing
SYNTHETIC DEMONSTRATION ONLY - NOT HUMAN EXPERIMENT RESULTS,1017120,C,1,1291.1561261884951,1.0,0,1,typing
SYNTHETIC DEMONSTRATION ONLY - NOT HUMAN EXPERIMENT RESULTS,1017140,C,1,1291.0285242068617,1.0,0,1,typing
SYNTHETIC DEMONSTRATION ONLY - NOT HUMAN EXPERIMENT RESULTS,1017160,C,1,1290.9010497297577,1.0,0,1,typing
SYNTHETIC DEMONSTRATION ONLY - NOT HUMAN EXPERIMENT RESULTS,1017180,C,1,1290.7737045688775,1.0,0,1,typing
SYNTHETIC DEMONSTRATION ONLY - NOT HUMAN EXPERIMENT RESULTS,1017200,C,1,1290.646490534078,1.0,0,1,typing
SYNTHETIC DEMONSTRATION ONLY - NOT HUMAN EXPERIMENT RESULTS,1017220,C,1,1290.519409433352,1.0,0,1,typing
SYNTHETIC DEMONSTRATION ONLY - NOT HUMAN EXPERIMENT RESULTS,1017240,C,1,1290.3924630728034,1.0,0,1,typing
SYNTHETIC DEMONSTRATION ONLY - NOT HUMAN EXPERIMENT RESULTS,1017260,C,1,1290.2656532566207,1.0,0,1,typing
SYNTHETIC DEMONSTRATION ONLY - NOT HUMAN EXPERIMENT RESULTS,1017280,C,1,1290.1389817870522,1.0,0,1,typing
SYNTHETIC DEMONSTRATION ONLY - NOT HUMAN EXPERIMENT RESULTS,1017300,C,1,1290.01245046438,1.0,0,1,typing
SYNTHETIC DEMONSTRATION ONLY - NOT HUMAN EXPERIMENT RESULTS,1017320,C,1,1289.8860610868942,1.0,0,1,typing
SYNTHETIC DEMONSTRATION ONLY - NOT HUMAN EXPERIMENT RESULTS,1017340,C,1,1289.7598154508676,1.0,0,1,typing
SYNTHETIC DEMONSTRATION ONLY - NOT HUMAN EXPERIMENT RESULTS,1017360,C,1,1289.6337153505303,1.0,0,1,typing
SYNTHETIC DEMONSTRATION ONLY - NOT HUMAN EXPERIMENT RESULTS,1017380,C,1,1289.5077625780434,1.0,0,1,typing
SYNTHETIC DEMONSTRATION ONLY - NOT HUMAN EXPERIMENT RESULTS,1017400,C,1,1289.3819589234752,1.0,0,1,typing
SYNTHETIC DEMONSTRATION ONLY - NOT HUMAN EXPERIMENT RESULTS,1017420,C,1,1289.2563061747735,1.0,0,1,typing
SYNTHETIC DEMONSTRATION ONLY - NOT HUMAN EXPERIMENT RESULTS,1017440,C,1,1289.1308061177424,1.0,0,1,typing
SYNTHETIC DEMONSTRATION ONLY - NOT HUMAN EXPERIMENT RESULTS,1017460,C,1,1289.0054605360156,1.0,0,1,typing
SYNTHETIC DEMONSTRATION ONLY - NOT HUMAN EXPERIMENT RESULTS,1017480,C,1,1288.8802712110307,1.0,0,1,typing
SYNTHETIC DEMONSTRATION ONLY - NOT HUMAN EXPERIMENT RESULTS,1017500,C,1,1288.7552399220058,1.0,0,1,typing
SYNTHETIC DEMONSTRATION ONLY - NOT HUMAN EXPERIMENT RESULTS,1017520,C,1,1288.6303684459117,1.0,0,1,typing
SYNTHETIC DEMONSTRATION ONLY - NOT HUMAN EXPERIMENT RESULTS,1017540,C,1,1288.5056585574487,1.0,0,1,typing
SYNTHETIC DEMONSTRATION ONLY - NOT HUMAN EXPERIMENT RESULTS,1017560,C,1,1288.3811120290206,1.0,0,1,typing
SYNTHETIC DEMONSTRATION ONLY - NOT HUMAN EXPERIMENT RESULTS,1017580,C,1,1288.256730630709,1.0,0,1,typing
SYNTHETIC DEMONSTRATION ONLY - NOT HUMAN EXPERIMENT RESULTS,1017600,C,1,1288.1325161302486,1.0,0,1,typing
SYNTHETIC DEMONSTRATION ONLY - NOT HUMAN EXPERIMENT RESULTS,1017620,C,1,1288.008470293003,1.0,0,1,typing
SYNTHETIC DEMONSTRATION ONLY - NOT HUMAN EXPERIMENT RESULTS,1017640,C,1,1287.8845948819378,1.0,0,1,typing
SYNTHETIC DEMONSTRATION ONLY - NOT HUMAN EXPERIMENT RESULTS,1017660,C,1,1287.7608916575969,1.0,0,1,typing
SYNTHETIC DEMONSTRATION ONLY - NOT HUMAN EXPERIMENT RESULTS,1017680,C,1,1287.637362378077,1.0,0,1,typing
SYNTHETIC DEMONSTRATION ONLY - NOT HUMAN EXPERIMENT RESULTS,1017700,C,1,1287.514008799002,1.0,0,1,typing
SYNTHETIC DEMONSTRATION ONLY - NOT HUMAN EXPERIMENT RESULTS,1017720,C,1,1287.3908326735002,1.0,0,1,typing
SYNTHETIC DEMONSTRATION ONLY - NOT HUMAN EXPERIMENT RESULTS,1017740,C,1,1287.2678357521766,1.0,0,1,typing
SYNTHETIC DEMONSTRATION ONLY - NOT HUMAN EXPERIMENT RESULTS,1017760,C,1,1287.1450197830895,1.0,0,1,typing
SYNTHETIC DEMONSTRATION ONLY - NOT HUMAN EXPERIMENT RESULTS,1017780,C,1,1287.022386511726,1.0,0,1,typing
SYNTHETIC DEMONSTRATION ONLY - NOT HUMAN EXPERIMENT RESULTS,1017800,C,1,1286.8999376809759,1.0,0,1,typing
SYNTHETIC DEMONSTRATION ONLY - NOT HUMAN EXPERIMENT RESULTS,1017820,C,1,1286.7776750311086,1.0,0,1,typing
SYNTHETIC DEMONSTRATION ONLY - NOT HUMAN EXPERIMENT RESULTS,1017840,C,1,1286.6556002997468,1.0,0,1,typing
SYNTHETIC DEMONSTRATION ONLY - NOT HUMAN EXPERIMENT RESULTS,1017860,C,1,1286.5337152218426,1.0,0,1,typing
SYNTHETIC DEMONSTRATION ONLY - NOT HUMAN EXPERIMENT RESULTS,1017880,C,1,1286.4120215296527,1.0,0,1,typing
SYNTHETIC DEMONSTRATION ONLY - NOT HUMAN EXPERIMENT RESULTS,1017900,C,1,1286.2905209527141,1.0,0,1,typing
SYNTHETIC DEMONSTRATION ONLY - NOT HUMAN EXPERIMENT RESULTS,1017920,C,1,1286.1692152178186,1.0,0,1,typing
SYNTHETIC DEMONSTRATION ONLY - NOT HUMAN EXPERIMENT RESULTS,1017940,C,1,1286.0481060489894,1.0,0,1,typing
SYNTHETIC DEMONSTRATION ONLY - NOT HUMAN EXPERIMENT RESULTS,1017960,C,1,1285.927195167456,1.0,0,1,typing
SYNTHETIC DEMONSTRATION ONLY - NOT HUMAN EXPERIMENT RESULTS,1017980,C,1,1285.8064842916294,1.0,0,1,typing
SYNTHETIC DEMONSTRATION ONLY - NOT HUMAN EXPERIMENT RESULTS,1018000,C,1,1285.6859751370785,1.0,0,1,typing
SYNTHETIC DEMONSTRATION ONLY - NOT HUMAN EXPERIMENT RESULTS,1018020,C,1,1285.565669416505,1.0,0,1,typing
SYNTHETIC DEMONSTRATION ONLY - NOT HUMAN EXPERIMENT RESULTS,1018040,C,1,1285.4455688397195,1.0,0,1,typing
SYNTHETIC DEMONSTRATION ONLY - NOT HUMAN EXPERIMENT RESULTS,1018060,C,1,1285.325675113617,1.0,0,1,typing
SYNTHETIC DEMONSTRATION ONLY - NOT HUMAN EXPERIMENT RESULTS,1018080,C,1,1285.205989942153,1.0,0,1,typing
SYNTHETIC DEMONSTRATION ONLY - NOT HUMAN EXPERIMENT RESULTS,1018100,C,1,1285.0865150263187,1.0,0,1,typing
SYNTHETIC DEMONSTRATION ONLY - NOT HUMAN EXPERIMENT RESULTS,1018120,C,1,1284.9672520641168,1.0,0,1,typing
SYNTHETIC DEMONSTRATION ONLY - NOT HUMAN EXPERIMENT RESULTS,1018140,C,1,1284.8482027505381,1.0,0,1,typing
SYNTHETIC DEMONSTRATION ONLY - NOT HUMAN EXPERIMENT RESULTS,1018160,C,1,1284.7293687775368,1.0,0,1,typing
SYNTHETIC DEMONSTRATION ONLY - NOT HUMAN EXPERIMENT RESULTS,1018180,C,1,1284.610751834007,1.0,0,1,typing
SYNTHETIC DEMONSTRATION ONLY - NOT HUMAN EXPERIMENT RESULTS,1018200,C,1,1284.4923536057577,1.0,0,1,typing
SYNTHETIC DEMONSTRATION ONLY - NOT HUMAN EXPERIMENT RESULTS,1018220,C,1,1284.37417577549,1.0,0,1,typing
SYNTHETIC DEMONSTRATION ONLY - NOT HUMAN EXPERIMENT RESULTS,1018240,C,1,1284.2562200227724,1.0,0,1,typing
SYNTHETIC DEMONSTRATION ONLY - NOT HUMAN EXPERIMENT RESULTS,1018260,C,1,1284.138488024017,1.0,0,1,typing
SYNTHETIC DEMONSTRATION ONLY - NOT HUMAN EXPERIMENT RESULTS,1018280,C,1,1284.0209814524565,1.0,0,1,typing
SYNTHETIC DEMONSTRATION ONLY - NOT HUMAN EXPERIMENT RESULTS,1018300,C,1,1283.9037019781192,1.0,0,1,typing
SYNTHETIC DEMONSTRATION ONLY - NOT HUMAN EXPERIMENT RESULTS,1018320,C,1,1283.786651267806,1.0,0,1,typing
SYNTHETIC DEMONSTRATION ONLY - NOT HUMAN EXPERIMENT RESULTS,1018340,C,1,1283.6698309850665,1.0,0,1,typing
SYNTHETIC DEMONSTRATION ONLY - NOT HUMAN EXPERIMENT RESULTS,1018360,C,1,1283.5532427901758,1.0,0,1,typing
SYNTHETIC DEMONSTRATION ONLY - NOT HUMAN EXPERIMENT RESULTS,1018380,C,1,1283.43688834011,1.0,0,1,typing
SYNTHETIC DEMONSTRATION ONLY - NOT HUMAN EXPERIMENT RESULTS,1018400,C,1,1283.3207692885233,1.0,0,1,typing
SYNTHETIC DEMONSTRATION ONLY - NOT HUMAN EXPERIMENT RESULTS,1018420,C,1,1283.2048872857247,1.0,0,1,typing
SYNTHETIC DEMONSTRATION ONLY - NOT HUMAN EXPERIMENT RESULTS,1018440,C,1,1283.089243978654,1.0,0,1,typing
SYNTHETIC DEMONSTRATION ONLY - NOT HUMAN EXPERIMENT RESULTS,1018460,C,1,1282.973841010858,1.0,0,1,typing
SYNTHETIC DEMONSTRATION ONLY - NOT HUMAN EXPERIMENT RESULTS,1018480,C,1,1282.858680022469,1.0,0,1,typing
SYNTHETIC DEMONSTRATION ONLY - NOT HUMAN EXPERIMENT RESULTS,1018500,C,1,1282.7437626501792,1.0,0,1,typing
SYNTHETIC DEMONSTRATION ONLY - NOT HUMAN EXPERIMENT RESULTS,1018520,C,1,1282.629090527219,1.0,0,1,typing
SYNTHETIC DEMONSTRATION ONLY - NOT HUMAN EXPERIMENT RESULTS,1018540,C,1,1282.514665283333,1.0,0,1,typing
SYNTHETIC DEMONSTRATION ONLY - NOT HUMAN EXPERIMENT RESULTS,1018560,C,1,1282.400488544757,1.0,0,1,typing
SYNTHETIC DEMONSTRATION ONLY - NOT HUMAN EXPERIMENT RESULTS,1018580,C,1,1282.2865619341956,1.0,0,1,typing
SYNTHETIC DEMONSTRATION ONLY - NOT HUMAN EXPERIMENT RESULTS,1018600,C,1,1282.172887070798,1.0,0,1,typing
SYNTHETIC DEMONSTRATION ONLY - NOT HUMAN EXPERIMENT RESULTS,1018620,C,1,1282.0594655701352,1.0,0,1,typing
SYNTHETIC DEMONSTRATION ONLY - NOT HUMAN EXPERIMENT RESULTS,1018640,C,1,1281.9462990441784,1.0,0,1,typing
SYNTHETIC DEMONSTRATION ONLY - NOT HUMAN EXPERIMENT RESULTS,1018660,C,1,1281.833389101274,1.0,0,1,typing
SYNTHETIC DEMONSTRATION ONLY - NOT HUMAN EXPERIMENT RESULTS,1018680,C,1,1281.7207373461224,1.0,0,1,typing
SYNTHETIC DEMONSTRATION ONLY - NOT HUMAN EXPERIMENT RESULTS,1018700,C,1,1281.6083453797544,1.0,0,1,typing
SYNTHETIC DEMONSTRATION ONLY - NOT HUMAN EXPERIMENT RESULTS,1018720,C,1,1281.4962147995086,1.0,0,1,typing
SYNTHETIC DEMONSTRATION ONLY - NOT HUMAN EXPERIMENT RESULTS,1018740,C,1,1281.3843471990085,1.0,0,1,typing
SYNTHETIC DEMONSTRATION ONLY - NOT HUMAN EXPERIMENT RESULTS,1018760,C,1,1281.2727441681407,1.0,0,1,typing
SYNTHETIC DEMONSTRATION ONLY - NOT HUMAN EXPERIMENT RESULTS,1018780,C,1,1281.1614072930313,1.0,0,1,typing
SYNTHETIC DEMONSTRATION ONLY - NOT HUMAN EXPERIMENT RESULTS,1018800,C,1,1281.0503381560234,1.0,0,1,typing
SYNTHETIC DEMONSTRATION ONLY - NOT HUMAN EXPERIMENT RESULTS,1018820,C,1,1280.9395383356555,1.0,0,1,typing
SYNTHETIC DEMONSTRATION ONLY - NOT HUMAN EXPERIMENT RESULTS,1018840,C,1,1280.8290094066383,1.0,0,1,typing
SYNTHETIC DEMONSTRATION ONLY - NOT HUMAN EXPERIMENT RESULTS,1018860,C,1,1280.7187529398325,1.0,0,1,typing
SYNTHETIC DEMONSTRATION ONLY - NOT HUMAN EXPERIMENT RESULTS,1018880,C,1,1280.6087705022267,1.0,0,1,typing
SYNTHETIC DEMONSTRATION ONLY - NOT HUMAN EXPERIMENT RESULTS,1018900,C,1,1280.4990636569146,1.0,0,1,typing
SYNTHETIC DEMONSTRATION ONLY - NOT HUMAN EXPERIMENT RESULTS,1018920,C,1,1280.3896339630733,1.0,0,1,typing
SYNTHETIC DEMONSTRATION ONLY - NOT HUMAN EXPERIMENT RESULTS,1018940,C,1,1280.280482975941,1.0,0,1,typing
SYNTHETIC DEMONSTRATION ONLY - NOT HUMAN EXPERIMENT RESULTS,1018960,C,1,1280.171612246795,1.0,0,1,typing
SYNTHETIC DEMONSTRATION ONLY - NOT HUMAN EXPERIMENT RESULTS,1018980,C,1,1280.063023322929,1.0,0,1,typing
SYNTHETIC DEMONSTRATION ONLY - NOT HUMAN EXPERIMENT RESULTS,1019000,C,1,1279.9547177476325,1.0,0,1,typing
SYNTHETIC DEMONSTRATION ONLY - NOT HUMAN EXPERIMENT RESULTS,1019020,C,1,1279.846697060167,1.0,0,1,typing
SYNTHETIC DEMONSTRATION ONLY - NOT HUMAN EXPERIMENT RESULTS,1019040,C,1,1279.7389627957455,1.0,0,1,typing
SYNTHETIC DEMONSTRATION ONLY - NOT HUMAN EXPERIMENT RESULTS,1019060,C,1,1279.6315164855107,1.0,0,1,typing
SYNTHETIC DEMONSTRATION ONLY - NOT HUMAN EXPERIMENT RESULTS,1019080,C,1,1279.5243596565126,1.0,0,1,typing
SYNTHETIC DEMONSTRATION ONLY - NOT HUMAN EXPERIMENT RESULTS,1019100,C,1,1279.4174938316864,1.0,0,1,typing
SYNTHETIC DEMONSTRATION ONLY - NOT HUMAN EXPERIMENT RESULTS,1019120,C,1,1279.3109205298326,1.0,0,1,typing
SYNTHETIC DEMONSTRATION ONLY - NOT HUMAN EXPERIMENT RESULTS,1019140,C,1,1279.2046412655934,1.0,0,1,typing
SYNTHETIC DEMONSTRATION ONLY - NOT HUMAN EXPERIMENT RESULTS,1019160,C,1,1279.0986575494323,1.0,0,1,typing
SYNTHETIC DEMONSTRATION ONLY - NOT HUMAN EXPERIMENT RESULTS,1019180,C,1,1278.992970887613,1.0,0,1,typing
SYNTHETIC DEMONSTRATION ONLY - NOT HUMAN EXPERIMENT RESULTS,1019200,C,1,1278.8875827821762,1.0,0,1,typing
SYNTHETIC DEMONSTRATION ONLY - NOT HUMAN EXPERIMENT RESULTS,1019220,C,1,1278.7824947309207,1.0,0,1,typing
SYNTHETIC DEMONSTRATION ONLY - NOT HUMAN EXPERIMENT RESULTS,1019240,C,1,1278.67770822738,1.0,0,1,typing
SYNTHETIC DEMONSTRATION ONLY - NOT HUMAN EXPERIMENT RESULTS,1019260,C,1,1278.5732247608025,1.0,0,1,typing
SYNTHETIC DEMONSTRATION ONLY - NOT HUMAN EXPERIMENT RESULTS,1019280,C,1,1278.4690458161294,1.0,0,1,typing
SYNTHETIC DEMONSTRATION ONLY - NOT HUMAN EXPERIMENT RESULTS,1019300,C,1,1278.3651728739742,1.0,0,1,typing
SYNTHETIC DEMONSTRATION ONLY - NOT HUMAN EXPERIMENT RESULTS,1019320,C,1,1278.261607410601,1.0,0,1,typing
SYNTHETIC DEMONSTRATION ONLY - NOT HUMAN EXPERIMENT RESULTS,1019340,C,1,1278.1583508979047,1.0,0,1,typing
SYNTHETIC DEMONSTRATION ONLY - NOT HUMAN EXPERIMENT RESULTS,1019360,C,1,1278.055404803389,1.0,0,1,typing
SYNTHETIC DEMONSTRATION ONLY - NOT HUMAN EXPERIMENT RESULTS,1019380,C,1,1277.9527705901453,1.0,0,1,typing
SYNTHETIC DEMONSTRATION ONLY - NOT HUMAN EXPERIMENT RESULTS,1019400,C,1,1277.850449716833,1.0,0,1,typing
SYNTHETIC DEMONSTRATION ONLY - NOT HUMAN EXPERIMENT RESULTS,1019420,C,1,1277.7484436376585,1.0,0,1,typing
SYNTHETIC DEMONSTRATION ONLY - NOT HUMAN EXPERIMENT RESULTS,1019440,C,1,1277.646753802354,1.0,0,1,typing
SYNTHETIC DEMONSTRATION ONLY - NOT HUMAN EXPERIMENT RESULTS,1019460,C,1,1277.545381656157,1.0,0,1,typing
SYNTHETIC DEMONSTRATION ONLY - NOT HUMAN EXPERIMENT RESULTS,1019480,C,1,1277.44432863979,1.0,0,1,typing
SYNTHETIC DEMONSTRATION ONLY - NOT HUMAN EXPERIMENT RESULTS,1019500,C,1,1277.34359618944,1.0,0,1,typing
SYNTHETIC DEMONSTRATION ONLY - NOT HUMAN EXPERIMENT RESULTS,1019520,C,1,1277.2431857367383,1.0,0,1,typing
SYNTHETIC DEMONSTRATION ONLY - NOT HUMAN EXPERIMENT RESULTS,1019540,C,1,1277.1430987087397,1.0,0,1,typing
SYNTHETIC DEMONSTRATION ONLY - NOT HUMAN EXPERIMENT RESULTS,1019560,C,1,1277.0433365279023,1.0,0,1,typing
SYNTHETIC DEMONSTRATION ONLY - NOT HUMAN EXPERIMENT RESULTS,1019580,C,1,1276.9439006120674,1.0,0,1,typing
SYNTHETIC DEMONSTRATION ONLY - NOT HUMAN EXPERIMENT RESULTS,1019600,C,1,1276.8447923744397,1.0,0,1,typing
SYNTHETIC DEMONSTRATION ONLY - NOT HUMAN EXPERIMENT RESULTS,1019620,C,1,1276.7460132235665,1.0,0,1,typing
SYNTHETIC DEMONSTRATION ONLY - NOT HUMAN EXPERIMENT RESULTS,1019640,C,1,1276.6475645633182,1.0,0,1,typing
SYNTHETIC DEMONSTRATION ONLY - NOT HUMAN EXPERIMENT RESULTS,1019660,C,1,1276.5494477928682,1.0,0,1,typing
SYNTHETIC DEMONSTRATION ONLY - NOT HUMAN EXPERIMENT RESULTS,1019680,C,1,1276.4516643066731,1.0,0,1,typing
SYNTHETIC DEMONSTRATION ONLY - NOT HUMAN EXPERIMENT RESULTS,1019700,C,1,1276.3542154944525,1.0,0,1,typing
SYNTHETIC DEMONSTRATION ONLY - NOT HUMAN EXPERIMENT RESULTS,1019720,C,1,1276.2571027411698,1.0,0,1,typing
SYNTHETIC DEMONSTRATION ONLY - NOT HUMAN EXPERIMENT RESULTS,1019740,C,1,1276.1603274270121,1.0,0,1,typing
SYNTHETIC DEMONSTRATION ONLY - NOT HUMAN EXPERIMENT RESULTS,1019760,C,1,1276.063890927371,1.0,0,1,typing
SYNTHETIC DEMONSTRATION ONLY - NOT HUMAN EXPERIMENT RESULTS,1019780,C,1,1275.9677946128224,1.0,0,1,typing
SYNTHETIC DEMONSTRATION ONLY - NOT HUMAN EXPERIMENT RESULTS,1019800,C,1,1275.8720398491078,1.0,0,1,typing
SYNTHETIC DEMONSTRATION ONLY - NOT HUMAN EXPERIMENT RESULTS,1019820,C,1,1275.7766279971145,1.0,0,1,typing
SYNTHETIC DEMONSTRATION ONLY - NOT HUMAN EXPERIMENT RESULTS,1019840,C,1,1275.6815604128558,1.0,0,1,typing
SYNTHETIC DEMONSTRATION ONLY - NOT HUMAN EXPERIMENT RESULTS,1019860,C,1,1275.5868384474525,1.0,0,1,typing
SYNTHETIC DEMONSTRATION ONLY - NOT HUMAN EXPERIMENT RESULTS,1019880,C,1,1275.4924634471136,1.0,0,1,typing
SYNTHETIC DEMONSTRATION ONLY - NOT HUMAN EXPERIMENT RESULTS,1019900,C,1,1275.3984367531168,1.0,0,1,typing
SYNTHETIC DEMONSTRATION ONLY - NOT HUMAN EXPERIMENT RESULTS,1019920,C,1,1275.3047597017892,1.0,0,1,typing
SYNTHETIC DEMONSTRATION ONLY - NOT HUMAN EXPERIMENT RESULTS,1019940,C,1,1275.2114336244895,1.0,0,1,typing
SYNTHETIC DEMONSTRATION ONLY - NOT HUMAN EXPERIMENT RESULTS,1019960,C,1,1275.1184598475875,1.0,0,1,typing
SYNTHETIC DEMONSTRATION ONLY - NOT HUMAN EXPERIMENT RESULTS,1019980,C,1,1275.0258396924467,1.0,0,1,typing
SYNTHETIC DEMONSTRATION ONLY - NOT HUMAN EXPERIMENT RESULTS,1020000,C,1,1274.933574475404,1.0,0,1,typing
SYNTHETIC DEMONSTRATION ONLY - NOT HUMAN EXPERIMENT RESULTS,1020020,C,1,1274.8416655077529,1.0,0,1,typing
SYNTHETIC DEMONSTRATION ONLY - NOT HUMAN EXPERIMENT RESULTS,1020040,C,1,1274.750114095723,1.0,0,1,typing
SYNTHETIC DEMONSTRATION ONLY - NOT HUMAN EXPERIMENT RESULTS,1020060,C,1,1274.6589215404624,1.0,0,1,typing
SYNTHETIC DEMONSTRATION ONLY - NOT HUMAN EXPERIMENT RESULTS,1020080,C,1,1274.5680891380193,1.0,0,1,typing
SYNTHETIC DEMONSTRATION ONLY - NOT HUMAN EXPERIMENT RESULTS,1020100,C,1,1274.4776181793234,1.0,0,1,typing
SYNTHETIC DEMONSTRATION ONLY - NOT HUMAN EXPERIMENT RESULTS,1020120,C,1,1274.387509950167,1.0,0,1,typing
SYNTHETIC DEMONSTRATION ONLY - NOT HUMAN EXPERIMENT RESULTS,1020140,C,1,1274.2977657311876,1.0,0,1,typing
SYNTHETIC DEMONSTRATION ONLY - NOT HUMAN EXPERIMENT RESULTS,1020160,C,1,1274.2083867978492,1.0,0,1,typing
SYNTHETIC DEMONSTRATION ONLY - NOT HUMAN EXPERIMENT RESULTS,1020180,C,1,1274.1193744204245,1.0,0,1,typing
SYNTHETIC DEMONSTRATION ONLY - NOT HUMAN EXPERIMENT RESULTS,1020200,C,1,1274.030729863976,1.0,0,1,typing
SYNTHETIC DEMONSTRATION ONLY - NOT HUMAN EXPERIMENT RESULTS,1020220,C,1,1273.942454388339,1.0,0,1,typing
SYNTHETIC DEMONSTRATION ONLY - NOT HUMAN EXPERIMENT RESULTS,1020240,C,1,1273.854549248104,1.0,0,1,typing
SYNTHETIC DEMONSTRATION ONLY - NOT HUMAN EXPERIMENT RESULTS,1020260,C,1,1273.7670156925972,1.0,0,1,typing
SYNTHETIC DEMONSTRATION ONLY - NOT HUMAN EXPERIMENT RESULTS,1020280,C,1,1273.6798549658643,1.0,0,1,typing
SYNTHETIC DEMONSTRATION ONLY - NOT HUMAN EXPERIMENT RESULTS,1020300,C,1,1273.593068306652,1.0,0,1,typing
SYNTHETIC DEMONSTRATION ONLY - NOT HUMAN EXPERIMENT RESULTS,1020320,C,1,1273.5066569483909,1.0,0,1,typing
SYNTHETIC DEMONSTRATION ONLY - NOT HUMAN EXPERIMENT RESULTS,1020340,C,1,1273.4206221191778,1.0,0,1,typing
SYNTHETIC DEMONSTRATION ONLY - NOT HUMAN EXPERIMENT RESULTS,1020360,C,1,1273.3349650417579,1.0,0,1,typing
SYNTHETIC DEMONSTRATION ONLY - NOT HUMAN EXPERIMENT RESULTS,1020380,C,1,1273.2496869335082,1.0,0,1,typing
SYNTHETIC DEMONSTRATION ONLY - NOT HUMAN EXPERIMENT RESULTS,1020400,C,1,1273.164789006419,1.0,0,1,typing
SYNTHETIC DEMONSTRATION ONLY - NOT HUMAN EXPERIMENT RESULTS,1020420,C,1,1273.0802724670777,1.0,0,1,typing
SYNTHETIC DEMONSTRATION ONLY - NOT HUMAN EXPERIMENT RESULTS,1020440,C,1,1272.9961385166519,1.0,0,1,typing
SYNTHETIC DEMONSTRATION ONLY - NOT HUMAN EXPERIMENT RESULTS,1020460,C,1,1272.9123883508707,1.0,0,1,typing
SYNTHETIC DEMONSTRATION ONLY - NOT HUMAN EXPERIMENT RESULTS,1020480,C,1,1272.8290231600097,1.0,0,1,typing
SYNTHETIC DEMONSTRATION ONLY - NOT HUMAN EXPERIMENT RESULTS,1020500,C,1,1272.7460441288729,1.0,0,1,typing
SYNTHETIC DEMONSTRATION ONLY - NOT HUMAN EXPERIMENT RESULTS,1020520,C,1,1272.6634524367755,1.0,0,1,typing
SYNTHETIC DEMONSTRATION ONLY - NOT HUMAN EXPERIMENT RESULTS,1020540,C,1,1272.5812492575287,1.0,0,1,typing
SYNTHETIC DEMONSTRATION ONLY - NOT HUMAN EXPERIMENT RESULTS,1020560,C,1,1272.4994357594217,1.0,0,1,typing
SYNTHETIC DEMONSTRATION ONLY - NOT HUMAN EXPERIMENT RESULTS,1020580,C,1,1272.4180131052049,1.0,0,1,typing
SYNTHETIC DEMONSTRATION ONLY - NOT HUMAN EXPERIMENT RESULTS,1020600,C,1,1272.3369824520748,1.0,0,1,typing
SYNTHETIC DEMONSTRATION ONLY - NOT HUMAN EXPERIMENT RESULTS,1020620,C,1,1272.2563449516565,1.0,0,1,typing
SYNTHETIC DEMONSTRATION ONLY - NOT HUMAN EXPERIMENT RESULTS,1020640,C,1,1272.1761017499869,1.0,0,1,typing
SYNTHETIC DEMONSTRATION ONLY - NOT HUMAN EXPERIMENT RESULTS,1020660,C,1,1272.0962539875,1.0,0,1,typing
SYNTHETIC DEMONSTRATION ONLY - NOT HUMAN EXPERIMENT RESULTS,1020680,C,1,1272.016802799009,1.0,0,1,typing
SYNTHETIC DEMONSTRATION ONLY - NOT HUMAN EXPERIMENT RESULTS,1020700,C,1,1271.937749313691,1.0,0,1,typing
SYNTHETIC DEMONSTRATION ONLY - NOT HUMAN EXPERIMENT RESULTS,1020720,C,1,1271.8590946550712,1.0,0,1,typing
SYNTHETIC DEMONSTRATION ONLY - NOT HUMAN EXPERIMENT RESULTS,1020740,C,1,1271.7808399410067,1.0,0,1,typing
SYNTHETIC DEMONSTRATION ONLY - NOT HUMAN EXPERIMENT RESULTS,1020760,C,1,1271.7029862836696,1.0,0,1,typing
SYNTHETIC DEMONSTRATION ONLY - NOT HUMAN EXPERIMENT RESULTS,1020780,C,1,1271.625534789533,1.0,0,1,typing
SYNTHETIC DEMONSTRATION ONLY - NOT HUMAN EXPERIMENT RESULTS,1020800,C,1,1271.5484865593542,1.0,0,1,typing
SYNTHETIC DEMONSTRATION ONLY - NOT HUMAN EXPERIMENT RESULTS,1020820,C,1,1271.4718426881589,1.0,0,1,typing
SYNTHETIC DEMONSTRATION ONLY - NOT HUMAN EXPERIMENT RESULTS,1020840,C,1,1271.3956042652262,1.0,0,1,typing
SYNTHETIC DEMONSTRATION ONLY - NOT HUMAN EXPERIMENT RESULTS,1020860,C,1,1271.319772374073,1.0,0,1,typing
SYNTHETIC DEMONSTRATION ONLY - NOT HUMAN EXPERIMENT RESULTS,1020880,C,1,1271.244348092438,1.0,0,1,typing
SYNTHETIC DEMONSTRATION ONLY - NOT HUMAN EXPERIMENT RESULTS,1020900,C,1,1271.1693324922676,1.0,0,1,typing
SYNTHETIC DEMONSTRATION ONLY - NOT HUMAN EXPERIMENT RESULTS,1020920,C,1,1271.0947266396993,1.0,0,1,typing
SYNTHETIC DEMONSTRATION ONLY - NOT HUMAN EXPERIMENT RESULTS,1020940,C,1,1271.0205315950473,1.0,0,1,typing
SYNTHETIC DEMONSTRATION ONLY - NOT HUMAN EXPERIMENT RESULTS,1020960,C,1,1270.9467484127877,1.0,0,1,typing
SYNTHETIC DEMONSTRATION ONLY - NOT HUMAN EXPERIMENT RESULTS,1020980,C,1,1270.8733781415426,1.0,0,1,typing
SYNTHETIC DEMONSTRATION ONLY - NOT HUMAN EXPERIMENT RESULTS,1021000,C,1,1270.800421824066,1.0,0,1,typing
SYNTHETIC DEMONSTRATION ONLY - NOT HUMAN EXPERIMENT RESULTS,1021020,C,1,1270.7278804972286,1.0,0,1,typing
SYNTHETIC DEMONSTRATION ONLY - NOT HUMAN EXPERIMENT RESULTS,1021040,C,1,1270.6557551920037,1.0,0,1,typing
SYNTHETIC DEMONSTRATION ONLY - NOT HUMAN EXPERIMENT RESULTS,1021060,C,1,1270.5840469334507,1.0,0,1,typing
SYNTHETIC DEMONSTRATION ONLY - NOT HUMAN EXPERIMENT RESULTS,1021080,C,1,1270.5127567407035,1.0,0,1,typing
SYNTHETIC DEMONSTRATION ONLY - NOT HUMAN EXPERIMENT RESULTS,1021100,C,1,1270.441885626953,1.0,0,1,typing
SYNTHETIC DEMONSTRATION ONLY - NOT HUMAN EXPERIMENT RESULTS,1021120,C,1,1270.3714345994347,1.0,0,1,typing
SYNTHETIC DEMONSTRATION ONLY - NOT HUMAN EXPERIMENT RESULTS,1021140,C,1,1270.301404659414,1.0,0,1,typing
SYNTHETIC DEMONSTRATION ONLY - NOT HUMAN EXPERIMENT RESULTS,1021160,C,1,1270.231796802171,1.0,0,1,typing
SYNTHETIC DEMONSTRATION ONLY - NOT HUMAN EXPERIMENT RESULTS,1021180,C,1,1270.1626120169874,1.0,0,1,typing
SYNTHETIC DEMONSTRATION ONLY - NOT HUMAN EXPERIMENT RESULTS,1021200,C,1,1270.0938512871323,1.0,0,1,typing
SYNTHETIC DEMONSTRATION ONLY - NOT HUMAN EXPERIMENT RESULTS,1021220,C,1,1270.0255155898478,1.0,0,1,typing
SYNTHETIC DEMONSTRATION ONLY - NOT HUMAN EXPERIMENT RESULTS,1021240,C,1,1269.9576058963355,1.0,0,1,typing
SYNTHETIC DEMONSTRATION ONLY - NOT HUMAN EXPERIMENT RESULTS,1021260,C,1,1269.8901231717423,1.0,0,1,typing
SYNTHETIC DEMONSTRATION ONLY - NOT HUMAN EXPERIMENT RESULTS,1021280,C,1,1269.8230683751474,1.0,0,1,typing
SYNTHETIC DEMONSTRATION ONLY - NOT HUMAN EXPERIMENT RESULTS,1021300,C,1,1269.7564424595475,1.0,0,1,typing
SYNTHETIC DEMONSTRATION ONLY - NOT HUMAN EXPERIMENT RESULTS,1021320,C,1,1269.6902463718448,1.0,0,1,typing
SYNTHETIC DEMONSTRATION ONLY - NOT HUMAN EXPERIMENT RESULTS,1021340,C,1,1269.6244810528317,1.0,0,1,typing
SYNTHETIC DEMONSTRATION ONLY - NOT HUMAN EXPERIMENT RESULTS,1021360,C,1,1269.5591474371793,1.0,0,1,typing
SYNTHETIC DEMONSTRATION ONLY - NOT HUMAN EXPERIMENT RESULTS,1021380,C,1,1269.4942464534226,1.0,0,1,typing
SYNTHETIC DEMONSTRATION ONLY - NOT HUMAN EXPERIMENT RESULTS,1021400,C,1,1269.4297790239486,1.0,0,1,typing
SYNTHETIC DEMONSTRATION ONLY - NOT HUMAN EXPERIMENT RESULTS,1021420,C,1,1269.3657460649822,1.0,0,1,typing
SYNTHETIC DEMONSTRATION ONLY - NOT HUMAN EXPERIMENT RESULTS,1021440,C,1,1269.302148486573,1.0,0,1,typing
SYNTHETIC DEMONSTRATION ONLY - NOT HUMAN EXPERIMENT RESULTS,1021460,C,1,1269.2389871925839,1.0,0,1,typing
SYNTHETIC DEMONSTRATION ONLY - NOT HUMAN EXPERIMENT RESULTS,1021480,C,1,1269.1762630806763,1.0,0,1,typing
SYNTHETIC DEMONSTRATION ONLY - NOT HUMAN EXPERIMENT RESULTS,1021500,C,1,1269.113977042299,1.0,0,1,typing
SYNTHETIC DEMONSTRATION ONLY - NOT HUMAN EXPERIMENT RESULTS,1021520,C,1,1269.0521299626741,1.0,0,1,typing
SYNTHETIC DEMONSTRATION ONLY - NOT HUMAN EXPERIMENT RESULTS,1021540,C,1,1268.990722720786,1.0,0,1,typing
SYNTHETIC DEMONSTRATION ONLY - NOT HUMAN EXPERIMENT RESULTS,1021560,C,1,1268.929756189367,1.0,0,1,typing
SYNTHETIC DEMONSTRATION ONLY - NOT HUMAN EXPERIMENT RESULTS,1021580,C,1,1268.8692312348867,1.0,0,1,typing
SYNTHETIC DEMONSTRATION ONLY - NOT HUMAN EXPERIMENT RESULTS,1021600,C,1,1268.8091487175386,1.0,0,1,typing
SYNTHETIC DEMONSTRATION ONLY - NOT HUMAN EXPERIMENT RESULTS,1021620,C,1,1268.7495094912285,1.0,0,1,typing
SYNTHETIC DEMONSTRATION ONLY - NOT HUMAN EXPERIMENT RESULTS,1021640,C,1,1268.6903144035616,1.0,0,1,typing
SYNTHETIC DEMONSTRATION ONLY - NOT HUMAN EXPERIMENT RESULTS,1021660,C,1,1268.6315642958311,1.0,0,1,typing
SYNTHETIC DEMONSTRATION ONLY - NOT HUMAN EXPERIMENT RESULTS,1021680,C,1,1268.5732600030062,1.0,0,1,typing
SYNTHETIC DEMONSTRATION ONLY - NOT HUMAN EXPERIMENT RESULTS,1021700,C,1,1268.51540235372,1.0,0,1,typing
SYNTHETIC DEMONSTRATION ONLY - NOT HUMAN EXPERIMENT RESULTS,1021720,C,1,1268.4579921702577,1.0,0,1,typing
SYNTHETIC DEMONSTRATION ONLY - NOT HUMAN EXPERIMENT RESULTS,1021740,C,1,1268.401030268545,1.0,0,1,typing
SYNTHETIC DEMONSTRATION ONLY - NOT HUMAN EXPERIMENT RESULTS,1021760,C,1,1268.3445174581366,1.0,0,1,typing
SYNTHETIC DEMONSTRATION ONLY - NOT HUMAN EXPERIMENT RESULTS,1021780,C,1,1268.2884545422048,1.0,0,1,typing
SYNTHETIC DEMONSTRATION ONLY - NOT HUMAN EXPERIMENT RESULTS,1021800,C,1,1268.2328423175275,1.0,0,1,typing
SYNTHETIC DEMONSTRATION ONLY - NOT HUMAN EXPERIMENT RESULTS,1021820,C,1,1268.177681574478,1.0,0,1,typing
SYNTHETIC DEMONSTRATION ONLY - NOT HUMAN EXPERIMENT RESULTS,1021840,C,1,1268.1229730970117,1.0,0,1,typing
SYNTHETIC DEMONSTRATION ONLY - NOT HUMAN EXPERIMENT RESULTS,1021860,C,1,1268.068717662658,1.0,0,1,typing
SYNTHETIC DEMONSTRATION ONLY - NOT HUMAN EXPERIMENT RESULTS,1021880,C,1,1268.0149160425062,1.0,0,1,typing
SYNTHETIC DEMONSTRATION ONLY - NOT HUMAN EXPERIMENT RESULTS,1021900,C,1,1267.9615690011965,1.0,0,1,typing
SYNTHETIC DEMONSTRATION ONLY - NOT HUMAN EXPERIMENT RESULTS,1021920,C,1,1267.9086772969088,1.0,0,1,typing
SYNTHETIC DEMONSTRATION ONLY - NOT HUMAN EXPERIMENT RESULTS,1021940,C,1,1267.8562416813509,1.0,0,1,typing
SYNTHETIC DEMONSTRATION ONLY - NOT HUMAN EXPERIMENT RESULTS,1021960,C,1,1267.8042628997491,1.0,0,1,typing
SYNTHETIC DEMONSTRATION ONLY - NOT HUMAN EXPERIMENT RESULTS,1021980,C,1,1267.752741690837,1.0,0,1,typing
SYNTHETIC DEMONSTRATION ONLY - NOT HUMAN EXPERIMENT RESULTS,1022000,C,1,1267.7016787868447,1.0,0,1,typing
SYNTHETIC DEMONSTRATION ONLY - NOT HUMAN EXPERIMENT RESULTS,1022020,C,1,1267.6510749134895,1.0,0,1,typing
SYNTHETIC DEMONSTRATION ONLY - NOT HUMAN EXPERIMENT RESULTS,1022040,C,1,1267.6009307899644,1.0,0,1,typing
SYNTHETIC DEMONSTRATION ONLY - NOT HUMAN EXPERIMENT RESULTS,1022060,C,1,1267.551247128928,1.0,0,1,typing
SYNTHETIC DEMONSTRATION ONLY - NOT HUMAN EXPERIMENT RESULTS,1022080,C,1,1267.5020246364957,1.0,0,1,typing
SYNTHETIC DEMONSTRATION ONLY - NOT HUMAN EXPERIMENT RESULTS,1022100,C,1,1267.4532640122277,1.0,0,1,typing
SYNTHETIC DEMONSTRATION ONLY - NOT HUMAN EXPERIMENT RESULTS,1022120,C,1,1267.4049659491202,1.0,0,1,typing
SYNTHETIC DEMONSTRATION ONLY - NOT HUMAN EXPERIMENT RESULTS,1022140,C,1,1267.357131133596,1.0,0,1,typing
SYNTHETIC DEMONSTRATION ONLY - NOT HUMAN EXPERIMENT RESULTS,1022160,C,1,1267.3097602454936,1.0,0,1,typing
SYNTHETIC DEMONSTRATION ONLY - NOT HUMAN EXPERIMENT RESULTS,1022180,C,1,1267.2628539580583,1.0,0,1,typing
SYNTHETIC DEMONSTRATION ONLY - NOT HUMAN EXPERIMENT RESULTS,1022200,C,1,1267.2164129379319,1.0,0,1,typing
SYNTHETIC DEMONSTRATION ONLY - NOT HUMAN EXPERIMENT RESULTS,1022220,C,1,1267.1704378451443,1.0,0,1,typing
SYNTHETIC DEMONSTRATION ONLY - NOT HUMAN EXPERIMENT RESULTS,1022240,C,1,1267.1249293331032,1.0,0,1,typing
SYNTHETIC DEMONSTRATION ONLY - NOT HUMAN EXPERIMENT RESULTS,1022260,C,1,1267.0798880485856,1.0,0,1,typing
SYNTHETIC DEMONSTRATION ONLY - NOT HUMAN EXPERIMENT RESULTS,1022280,C,1,1267.0353146317277,1.0,0,1,typing
SYNTHETIC DEMONSTRATION ONLY - NOT HUMAN EXPERIMENT RESULTS,1022300,C,1,1266.9912097160163,1.0,0,1,typing
SYNTHETIC DEMONSTRATION ONLY - NOT HUMAN EXPERIMENT RESULTS,1022320,C,1,1266.94757392828,1.0,0,1,typing
SYNTHETIC DEMONSTRATION ONLY - NOT HUMAN EXPERIMENT RESULTS,1022340,C,1,1266.9044078886798,1.0,0,1,typing
SYNTHETIC DEMONSTRATION ONLY - NOT HUMAN EXPERIMENT RESULTS,1022360,C,1,1266.861712210701,1.0,0,1,typing
SYNTHETIC DEMONSTRATION ONLY - NOT HUMAN EXPERIMENT RESULTS,1022380,C,1,1266.8194875011432,1.0,0,1,typing
SYNTHETIC DEMONSTRATION ONLY - NOT HUMAN EXPERIMENT RESULTS,1022400,C,1,1266.7777343601133,1.0,0,1,typing
SYNTHETIC DEMONSTRATION ONLY - NOT HUMAN EXPERIMENT RESULTS,1022420,C,1,1266.736453381016,1.0,0,1,typing
SYNTHETIC DEMONSTRATION ONLY - NOT HUMAN EXPERIMENT RESULTS,1022440,C,1,1266.695645150545,1.0,0,1,typing
SYNTHETIC DEMONSTRATION ONLY - NOT HUMAN EXPERIMENT RESULTS,1022460,C,1,1266.6553102486757,1.0,0,1,typing
SYNTHETIC DEMONSTRATION ONLY - NOT HUMAN EXPERIMENT RESULTS,1022480,C,1,1266.6154492486567,1.0,0,1,typing
SYNTHETIC DEMONSTRATION ONLY - NOT HUMAN EXPERIMENT RESULTS,1022500,C,1,1266.5760627170007,1.0,0,1,typing
SYNTHETIC DEMONSTRATION ONLY - NOT HUMAN EXPERIMENT RESULTS,1022520,C,1,1266.5371512134773,1.0,0,1,typing
SYNTHETIC DEMONSTRATION ONLY - NOT HUMAN EXPERIMENT RESULTS,1022540,C,1,1266.4987152911056,1.0,0,1,typing
SYNTHETIC DEMONSTRATION ONLY - NOT HUMAN EXPERIMENT RESULTS,1022560,C,1,1266.4607554961447,1.0,0,1,typing
SYNTHETIC DEMONSTRATION ONLY - NOT HUMAN EXPERIMENT RESULTS,1022580,C,1,1266.4232723680875,1.0,0,1,typing
SYNTHETIC DEMONSTRATION ONLY - NOT HUMAN EXPERIMENT RESULTS,1022600,C,1,1266.3862664396524,1.0,0,1,typing
SYNTHETIC DEMONSTRATION ONLY - NOT HUMAN EXPERIMENT RESULTS,1022620,C,1,1266.3497382367752,1.0,0,1,typing
SYNTHETIC DEMONSTRATION ONLY - NOT HUMAN EXPERIMENT RESULTS,1022640,C,1,1266.313688278603,1.0,0,1,typing
SYNTHETIC DEMONSTRATION ONLY - NOT HUMAN EXPERIMENT RESULTS,1022660,C,1,1266.2781170774847,1.0,0,1,typing
SYNTHETIC DEMONSTRATION ONLY - NOT HUMAN EXPERIMENT RESULTS,1022680,C,1,1266.2430251389667,1.0,0,1,typing
SYNTHETIC DEMONSTRATION ONLY - NOT HUMAN EXPERIMENT RESULTS,1022700,C,1,1266.2084129617824,1.0,0,1,typing
SYNTHETIC DEMONSTRATION ONLY - NOT HUMAN EXPERIMENT RESULTS,1022720,C,1,1266.174281037848,1.0,0,1,typing
SYNTHETIC DEMONSTRATION ONLY - NOT HUMAN EXPERIMENT RESULTS,1022740,C,1,1266.1406298522534,1.0,0,1,typing
SYNTHETIC DEMONSTRATION ONLY - NOT HUMAN EXPERIMENT RESULTS,1022760,C,1,1266.1074598832565,1.0,0,1,typing
SYNTHETIC DEMONSTRATION ONLY - NOT HUMAN EXPERIMENT RESULTS,1022780,C,1,1266.0747716022759,1.0,0,1,typing
SYNTHETIC DEMONSTRATION ONLY - NOT HUMAN EXPERIMENT RESULTS,1022800,C,1,1266.0425654738847,1.0,0,1,typing
SYNTHETIC DEMONSTRATION ONLY - NOT HUMAN EXPERIMENT RESULTS,1022820,C,1,1266.0108419558028,1.0,0,1,typing
SYNTHETIC DEMONSTRATION ONLY - NOT HUMAN EXPERIMENT RESULTS,1022840,C,1,1265.9796014988922,1.0,0,1,typing
SYNTHETIC DEMONSTRATION ONLY - NOT HUMAN EXPERIMENT RESULTS,1022860,C,1,1265.9488445471484,1.0,0,1,typing
SYNTHETIC DEMONSTRATION ONLY - NOT HUMAN EXPERIMENT RESULTS,1022880,C,1,1265.918571537696,1.0,0,1,typing
SYNTHETIC DEMONSTRATION ONLY - NOT HUMAN EXPERIMENT RESULTS,1022900,C,1,1265.8887829007815,1.0,0,1,typing
SYNTHETIC DEMONSTRATION ONLY - NOT HUMAN EXPERIMENT RESULTS,1022920,C,1,1265.8594790597674,1.0,0,1,typing
SYNTHETIC DEMONSTRATION ONLY - NOT HUMAN EXPERIMENT RESULTS,1022940,C,1,1265.830660431126,1.0,0,1,typing
SYNTHETIC DEMONSTRATION ONLY - NOT HUMAN EXPERIMENT RESULTS,1022960,C,1,1265.802327424434,1.0,0,1,typing
SYNTHETIC DEMONSTRATION ONLY - NOT HUMAN EXPERIMENT RESULTS,1022980,C,1,1265.774480442366,1.0,0,1,typing
SYNTHETIC DEMONSTRATION ONLY - NOT HUMAN EXPERIMENT RESULTS,1023000,C,1,1265.7471198806893,1.0,0,1,typing
SYNTHETIC DEMONSTRATION ONLY - NOT HUMAN EXPERIMENT RESULTS,1023020,C,1,1265.720246128258,1.0,0,1,typing
SYNTHETIC DEMONSTRATION ONLY - NOT HUMAN EXPERIMENT RESULTS,1023040,C,1,1265.6938595670076,1.0,0,1,typing
SYNTHETIC DEMONSTRATION ONLY - NOT HUMAN EXPERIMENT RESULTS,1023060,C,1,1265.6679605719496,1.0,0,1,typing
SYNTHETIC DEMONSTRATION ONLY - NOT HUMAN EXPERIMENT RESULTS,1023080,C,1,1265.642549511166,1.0,0,1,typing
SYNTHETIC DEMONSTRATION ONLY - NOT HUMAN EXPERIMENT RESULTS,1023100,C,1,1265.6176267458043,1.0,0,1,typing
SYNTHETIC DEMONSTRATION ONLY - NOT HUMAN EXPERIMENT RESULTS,1023120,C,1,1265.5931926300718,1.0,0,1,typing
SYNTHETIC DEMONSTRATION ONLY - NOT HUMAN EXPERIMENT RESULTS,1023140,C,1,1265.569247511232,1.0,0,1,typing
SYNTHETIC DEMONSTRATION ONLY - NOT HUMAN EXPERIMENT RESULTS,1023160,C,1,1265.5457917295978,1.0,0,1,typing
SYNTHETIC DEMONSTRATION ONLY - NOT HUMAN EXPERIMENT RESULTS,1023180,C,1,1265.5228256185276,1.0,0,1,typing
SYNTHETIC DEMONSTRATION ONLY - NOT HUMAN EXPERIMENT RESULTS,1023200,C,1,1265.5003495044207,1.0,0,1,typing
SYNTHETIC DEMONSTRATION ONLY - NOT HUMAN EXPERIMENT RESULTS,1023220,C,1,1265.4783637067123,1.0,0,1,typing
SYNTHETIC DEMONSTRATION ONLY - NOT HUMAN EXPERIMENT RESULTS,1023240,C,1,1265.4568685378697,1.0,0,1,typing
SYNTHETIC DEMONSTRATION ONLY - NOT HUMAN EXPERIMENT RESULTS,1023260,C,1,1265.4358643033866,1.0,0,1,typing
SYNTHETIC DEMONSTRATION ONLY - NOT HUMAN EXPERIMENT RESULTS,1023280,C,1,1265.4153513017798,1.0,0,1,typing
SYNTHETIC DEMONSTRATION ONLY - NOT HUMAN EXPERIMENT RESULTS,1023300,C,1,1265.395329824584,1.0,0,1,typing
SYNTHETIC DEMONSTRATION ONLY - NOT HUMAN EXPERIMENT RESULTS,1023320,C,1,1265.375800156349,1.0,0,1,typing
SYNTHETIC DEMONSTRATION ONLY - NOT HUMAN EXPERIMENT RESULTS,1023340,C,1,1265.3567625746348,1.0,0,1,typing
SYNTHETIC DEMONSTRATION ONLY - NOT HUMAN EXPERIMENT RESULTS,1023360,C,1,1265.3382173500074,1.0,0,1,typing
SYNTHETIC DEMONSTRATION ONLY - NOT HUMAN EXPERIMENT RESULTS,1023380,C,1,1265.3201647460355,1.0,0,1,typing
SYNTHETIC DEMONSTRATION ONLY - NOT HUMAN EXPERIMENT RESULTS,1023400,C,1,1265.3026050192864,1.0,0,1,typing
SYNTHETIC DEMONSTRATION ONLY - NOT HUMAN EXPERIMENT RESULTS,1023420,C,1,1265.285538419323,1.0,0,1,typing
SYNTHETIC DEMONSTRATION ONLY - NOT HUMAN EXPERIMENT RESULTS,1023440,C,1,1265.2689651886992,1.0,0,1,typing
SYNTHETIC DEMONSTRATION ONLY - NOT HUMAN EXPERIMENT RESULTS,1023460,C,1,1265.2528855629575,1.0,0,1,typing
SYNTHETIC DEMONSTRATION ONLY - NOT HUMAN EXPERIMENT RESULTS,1023480,C,1,1265.2372997706248,1.0,0,1,typing
SYNTHETIC DEMONSTRATION ONLY - NOT HUMAN EXPERIMENT RESULTS,1023500,C,1,1265.2222080332099,1.0,0,1,typing
SYNTHETIC DEMONSTRATION ONLY - NOT HUMAN EXPERIMENT RESULTS,1023520,C,1,1265.2076105651995,1.0,0,1,typing
SYNTHETIC DEMONSTRATION ONLY - NOT HUMAN EXPERIMENT RESULTS,1023540,C,1,1265.1935075740562,1.0,0,1,typing
SYNTHETIC DEMONSTRATION ONLY - NOT HUMAN EXPERIMENT RESULTS,1023560,C,1,1265.1798992602146,1.0,0,1,typing
SYNTHETIC DEMONSTRATION ONLY - NOT HUMAN EXPERIMENT RESULTS,1023580,C,1,1265.166785817079,1.0,0,1,typing
SYNTHETIC DEMONSTRATION ONLY - NOT HUMAN EXPERIMENT RESULTS,1023600,C,1,1265.1541674310204,1.0,0,1,typing
SYNTHETIC DEMONSTRATION ONLY - NOT HUMAN EXPERIMENT RESULTS,1023620,C,1,1265.1420442813742,1.0,0,1,typing
SYNTHETIC DEMONSTRATION ONLY - NOT HUMAN EXPERIMENT RESULTS,1023640,C,1,1265.1304165404367,1.0,0,1,typing
SYNTHETIC DEMONSTRATION ONLY - NOT HUMAN EXPERIMENT RESULTS,1023660,C,1,1265.1192843734646,1.0,0,1,typing
SYNTHETIC DEMONSTRATION ONLY - NOT HUMAN EXPERIMENT RESULTS,1023680,C,1,1265.10864793867,1.0,0,1,typing
SYNTHETIC DEMONSTRATION ONLY - NOT HUMAN EXPERIMENT RESULTS,1023700,C,1,1265.0985073872203,1.0,0,1,typing
SYNTHETIC DEMONSTRATION ONLY - NOT HUMAN EXPERIMENT RESULTS,1023720,C,1,1265.0888628632351,1.0,0,1,typing
SYNTHETIC DEMONSTRATION ONLY - NOT HUMAN EXPERIMENT RESULTS,1023740,C,1,1265.079714503785,1.0,0,1,typing
SYNTHETIC DEMONSTRATION ONLY - NOT HUMAN EXPERIMENT RESULTS,1023760,C,1,1265.0710624388878,1.0,0,1,typing
SYNTHETIC DEMONSTRATION ONLY - NOT HUMAN EXPERIMENT RESULTS,1023780,C,1,1265.0629067915088,1.0,0,1,typing
SYNTHETIC DEMONSTRATION ONLY - NOT HUMAN EXPERIMENT RESULTS,1023800,C,1,1265.0552476775579,1.0,0,1,typing
SYNTHETIC DEMONSTRATION ONLY - NOT HUMAN EXPERIMENT RESULTS,1023820,C,1,1265.0480852058877,1.0,0,1,typing
SYNTHETIC DEMONSTRATION ONLY - NOT HUMAN EXPERIMENT RESULTS,1023840,C,1,1265.041419478293,1.0,0,1,typing
SYNTHETIC DEMONSTRATION ONLY - NOT HUMAN EXPERIMENT RESULTS,1023860,C,1,1265.0352505895085,1.0,0,1,typing
SYNTHETIC DEMONSTRATION ONLY - NOT HUMAN EXPERIMENT RESULTS,1023880,C,1,1265.0295786272077,1.0,0,1,typing
SYNTHETIC DEMONSTRATION ONLY - NOT HUMAN EXPERIMENT RESULTS,1023900,C,1,1265.0244036720019,1.0,0,1,typing
SYNTHETIC DEMONSTRATION ONLY - NOT HUMAN EXPERIMENT RESULTS,1023920,C,1,1265.0197257974387,1.0,0,1,typing
SYNTHETIC DEMONSTRATION ONLY - NOT HUMAN EXPERIMENT RESULTS,1023940,C,1,1265.0155450700008,1.0,0,1,typing
SYNTHETIC DEMONSTRATION ONLY - NOT HUMAN EXPERIMENT RESULTS,1023960,C,1,1265.0118615491058,1.0,0,1,typing
SYNTHETIC DEMONSTRATION ONLY - NOT HUMAN EXPERIMENT RESULTS,1023980,C,1,1265.0086752871046,1.0,0,1,typing
SYNTHETIC DEMONSTRATION ONLY - NOT HUMAN EXPERIMENT RESULTS,1024000,C,1,1265.005986329281,1.0,0,1,typing
SYNTHETIC DEMONSTRATION ONLY - NOT HUMAN EXPERIMENT RESULTS,1024020,C,1,1265.0037947138512,1.0,0,1,typing
SYNTHETIC DEMONSTRATION ONLY - NOT HUMAN EXPERIMENT RESULTS,1024040,C,1,1265.0021004719626,1.0,0,1,typing
SYNTHETIC DEMONSTRATION ONLY - NOT HUMAN EXPERIMENT RESULTS,1024060,C,1,1265.0009036276945,1.0,0,1,typing
SYNTHETIC DEMONSTRATION ONLY - NOT HUMAN EXPERIMENT RESULTS,1024080,C,1,1265.0002041980565,1.0,0,1,typing
SYNTHETIC DEMONSTRATION ONLY - NOT HUMAN EXPERIMENT RESULTS,1024100,C,1,1265.000002192989,1.0,0,1,typing
SYNTHETIC DEMONSTRATION ONLY - NOT HUMAN EXPERIMENT RESULTS,1024120,C,1,1265.0002976153633,1.0,0,1,typing
SYNTHETIC DEMONSTRATION ONLY - NOT HUMAN EXPERIMENT RESULTS,1024140,C,1,1265.0010904609803,1.0,0,1,typing
SYNTHETIC DEMONSTRATION ONLY - NOT HUMAN EXPERIMENT RESULTS,1024160,C,1,1265.002380718572,1.0,0,1,typing
SYNTHETIC DEMONSTRATION ONLY - NOT HUMAN EXPERIMENT RESULTS,1024180,C,1,1265.0041683698014,1.0,0,1,typing
SYNTHETIC DEMONSTRATION ONLY - NOT HUMAN EXPERIMENT RESULTS,1024200,C,1,1265.0064533892614,1.0,0,1,typing
SYNTHETIC DEMONSTRATION ONLY - NOT HUMAN EXPERIMENT RESULTS,1024220,C,1,1265.0092357444773,1.0,0,1,typing
SYNTHETIC DEMONSTRATION ONLY - NOT HUMAN EXPERIMENT RESULTS,1024240,C,1,1265.0125153959057,1.0,0,1,typing
SYNTHETIC DEMONSTRATION ONLY - NOT HUMAN EXPERIMENT RESULTS,1024260,C,1,1265.016292296935,1.0,0,1,typing
SYNTHETIC DEMONSTRATION ONLY - NOT HUMAN EXPERIMENT RESULTS,1024280,C,1,1265.0205663938875,1.0,0,1,typing
SYNTHETIC DEMONSTRATION ONLY - NOT HUMAN EXPERIMENT RESULTS,1024300,C,1,1265.0253376260189,1.0,0,1,typing
SYNTHETIC DEMONSTRATION ONLY - NOT HUMAN EXPERIMENT RESULTS,1024320,C,1,1265.030605925519,1.0,0,1,typing
SYNTHETIC DEMONSTRATION ONLY - NOT HUMAN EXPERIMENT RESULTS,1024340,C,1,1265.0363712175138,1.0,0,1,typing
SYNTHETIC DEMONSTRATION ONLY - NOT HUMAN EXPERIMENT RESULTS,1024360,C,1,1265.0426334200658,1.0,0,1,typing
SYNTHETIC DEMONSTRATION ONLY - NOT HUMAN EXPERIMENT RESULTS,1024380,C,1,1265.0493924441753,1.0,0,1,typing
SYNTHETIC DEMONSTRATION ONLY - NOT HUMAN EXPERIMENT RESULTS,1024400,C,1,1265.0566481937815,1.0,0,1,typing
SYNTHETIC DEMONSTRATION ONLY - NOT HUMAN EXPERIMENT RESULTS,1024420,C,1,1265.0644005657641,1.0,0,1,typing
SYNTHETIC DEMONSTRATION ONLY - NOT HUMAN EXPERIMENT RESULTS,1024440,C,1,1265.072649449945,1.0,0,1,typing
SYNTHETIC DEMONSTRATION ONLY - NOT HUMAN EXPERIMENT RESULTS,1024460,C,1,1265.081394729089,1.0,0,1,typing
SYNTHETIC DEMONSTRATION ONLY - NOT HUMAN EXPERIMENT RESULTS,1024480,C,1,1265.0906362789062,1.0,0,1,typing
SYNTHETIC DEMONSTRATION ONLY - NOT HUMAN EXPERIMENT RESULTS,1024500,C,1,1265.100373968054,1.0,0,1,typing
SYNTHETIC DEMONSTRATION ONLY - NOT HUMAN EXPERIMENT RESULTS,1024520,C,1,1265.1106076581384,1.0,0,1,typing
SYNTHETIC DEMONSTRATION ONLY - NOT HUMAN EXPERIMENT RESULTS,1024540,C,1,1265.1213372037157,1.0,0,1,typing
SYNTHETIC DEMONSTRATION ONLY - NOT HUMAN EXPERIMENT RESULTS,1024560,C,1,1265.1325624522956,1.0,0,1,typing
SYNTHETIC DEMONSTRATION ONLY - NOT HUMAN EXPERIMENT RESULTS,1024580,C,1,1265.1442832443422,1.0,0,1,typing
SYNTHETIC DEMONSTRATION ONLY - NOT HUMAN EXPERIMENT RESULTS,1024600,C,1,1265.1564994132773,1.0,0,1,typing
SYNTHETIC DEMONSTRATION ONLY - NOT HUMAN EXPERIMENT RESULTS,1024620,C,1,1265.169210785482,1.0,0,1,typing
SYNTHETIC DEMONSTRATION ONLY - NOT HUMAN EXPERIMENT RESULTS,1024640,C,1,1265.1824171802994,1.0,0,1,typing
SYNTHETIC DEMONSTRATION ONLY - NOT HUMAN EXPERIMENT RESULTS,1024660,C,1,1265.1961184100376,1.0,0,1,typing
SYNTHETIC DEMONSTRATION ONLY - NOT HUMAN EXPERIMENT RESULTS,1024680,C,1,1265.210314279972,1.0,0,1,typing
SYNTHETIC DEMONSTRATION ONLY - NOT HUMAN EXPERIMENT RESULTS,1024700,C,1,1265.2250045883472,1.0,0,1,typing
SYNTHETIC DEMONSTRATION ONLY - NOT HUMAN EXPERIMENT RESULTS,1024720,C,1,1265.2401891263821,1.0,0,1,typing
SYNTHETIC DEMONSTRATION ONLY - NOT HUMAN EXPERIMENT RESULTS,1024740,C,1,1265.2558676782708,1.0,0,1,typing
SYNTHETIC DEMONSTRATION ONLY - NOT HUMAN EXPERIMENT RESULTS,1024760,C,1,1265.2720400211856,1.0,0,1,typing
SYNTHETIC DEMONSTRATION ONLY - NOT HUMAN EXPERIMENT RESULTS,1024780,C,1,1265.2887059252826,1.0,0,1,typing
SYNTHETIC DEMONSTRATION ONLY - NOT HUMAN EXPERIMENT RESULTS,1024800,C,1,1265.305865153702,1.0,0,1,typing
SYNTHETIC DEMONSTRATION ONLY - NOT HUMAN EXPERIMENT RESULTS,1024820,C,1,1265.3235174625731,1.0,0,1,typing
SYNTHETIC DEMONSTRATION ONLY - NOT HUMAN EXPERIMENT RESULTS,1024840,C,1,1265.3416626010176,1.0,0,1,typing
SYNTHETIC DEMONSTRATION ONLY - NOT HUMAN EXPERIMENT RESULTS,1024860,C,1,1265.360300311153,1.0,0,1,typing
SYNTHETIC DEMONSTRATION ONLY - NOT HUMAN EXPERIMENT RESULTS,1024880,C,1,1265.379430328096,1.0,0,1,typing
SYNTHETIC DEMONSTRATION ONLY - NOT HUMAN EXPERIMENT RESULTS,1024900,C,1,1265.399052379967,1.0,0,1,typing
SYNTHETIC DEMONSTRATION ONLY - NOT HUMAN EXPERIMENT RESULTS,1024920,C,1,1265.4191661878933,1.0,0,1,typing
SYNTHETIC DEMONSTRATION ONLY - NOT HUMAN EXPERIMENT RESULTS,1024940,C,1,1265.4397714660126,1.0,0,1,typing
SYNTHETIC DEMONSTRATION ONLY - NOT HUMAN EXPERIMENT RESULTS,1024960,C,1,1265.4608679214787,1.0,0,1,typing
SYNTHETIC DEMONSTRATION ONLY - NOT HUMAN EXPERIMENT RESULTS,1024980,C,1,1265.4824552544642,1.0,0,1,typing
SYNTHETIC DEMONSTRATION ONLY - NOT HUMAN EXPERIMENT RESULTS,1025000,C,1,1265.5045331581655,1.0,0,1,typing
SYNTHETIC DEMONSTRATION ONLY - NOT HUMAN EXPERIMENT RESULTS,1025020,C,1,1265.5271013188062,1.0,0,1,typing
SYNTHETIC DEMONSTRATION ONLY - NOT HUMAN EXPERIMENT RESULTS,1025040,C,1,1265.5501594156433,1.0,0,1,typing
SYNTHETIC DEMONSTRATION ONLY - NOT HUMAN EXPERIMENT RESULTS,1025060,C,1,1265.5737071209699,1.0,0,1,typing
SYNTHETIC DEMONSTRATION ONLY - NOT HUMAN EXPERIMENT RESULTS,1025080,C,1,1265.5977441001212,1.0,0,1,typing
SYNTHETIC DEMONSTRATION ONLY - NOT HUMAN EXPERIMENT RESULTS,1025100,C,1,1265.6222700114781,1.0,0,1,typing
SYNTHETIC DEMONSTRATION ONLY - NOT HUMAN EXPERIMENT RESULTS,1025120,C,1,1265.6472845064739,1.0,0,1,typing
SYNTHETIC DEMONSTRATION ONLY - NOT HUMAN EXPERIMENT RESULTS,1025140,C,1,1265.6727872295965,1.0,0,1,typing
SYNTHETIC DEMONSTRATION ONLY - NOT HUMAN EXPERIMENT RESULTS,1025160,C,1,1265.698777818396,1.0,0,1,typing
SYNTHETIC DEMONSTRATION ONLY - NOT HUMAN EXPERIMENT RESULTS,1025180,C,1,1265.7252559034887,1.0,0,1,typing
SYNTHETIC DEMONSTRATION ONLY - NOT HUMAN EXPERIMENT RESULTS,1025200,C,1,1265.7522211085625,1.0,0,1,typing
SYNTHETIC DEMONSTRATION ONLY - NOT HUMAN EXPERIMENT RESULTS,1025220,C,1,1265.7796730503817,1.0,0,1,typing
SYNTHETIC DEMONSTRATION ONLY - NOT HUMAN EXPERIMENT RESULTS,1025240,C,1,1265.8076113387938,1.0,0,1,typing
SYNTHETIC DEMONSTRATION ONLY - NOT HUMAN EXPERIMENT RESULTS,1025260,C,1,1265.836035576734,1.0,0,1,typing
SYNTHETIC DEMONSTRATION ONLY - NOT HUMAN EXPERIMENT RESULTS,1025280,C,1,1265.8649453602306,1.0,0,1,typing
SYNTHETIC DEMONSTRATION ONLY - NOT HUMAN EXPERIMENT RESULTS,1025300,C,1,1265.8943402784118,1.0,0,1,typing
SYNTHETIC DEMONSTRATION ONLY - NOT HUMAN EXPERIMENT RESULTS,1025320,C,1,1265.9242199135108,1.0,0,1,typing
SYNTHETIC DEMONSTRATION ONLY - NOT HUMAN EXPERIMENT RESULTS,1025340,C,1,1265.9545838408715,1.0,0,1,typing
SYNTHETIC DEMONSTRATION ONLY - NOT HUMAN EXPERIMENT RESULTS,1025360,C,1,1265.9854316289557,1.0,0,1,typing
SYNTHETIC DEMONSTRATION ONLY - NOT HUMAN EXPERIMENT RESULTS,1025380,C,1,1266.0167628393478,1.0,0,1,typing
SYNTHETIC DEMONSTRATION ONLY - NOT HUMAN EXPERIMENT RESULTS,1025400,C,1,1266.0485770267621,1.0,0,1,typing
SYNTHETIC DEMONSTRATION ONLY - NOT HUMAN EXPERIMENT RESULTS,1025420,C,1,1266.0808737390487,1.0,0,1,typing
SYNTHETIC DEMONSTRATION ONLY - NOT HUMAN EXPERIMENT RESULTS,1025440,C,1,1266.1136525171994,1.0,0,1,typing
SYNTHETIC DEMONSTRATION ONLY - NOT HUMAN EXPERIMENT RESULTS,1025460,C,1,1266.1469128953554,1.0,0,1,typing
SYNTHETIC DEMONSTRATION ONLY - NOT HUMAN EXPERIMENT RESULTS,1025480,C,1,1266.1806544008132,1.0,0,1,typing
SYNTHETIC DEMONSTRATION ONLY - NOT HUMAN EXPERIMENT RESULTS,1025500,C,1,1266.2148765540312,1.0,0,1,typing
SYNTHETIC DEMONSTRATION ONLY - NOT HUMAN EXPERIMENT RESULTS,1025520,C,1,1266.2495788686372,1.0,0,1,typing
SYNTHETIC DEMONSTRATION ONLY - NOT HUMAN EXPERIMENT RESULTS,1025540,C,1,1266.284760851434,1.0,0,1,typing
SYNTHETIC DEMONSTRATION ONLY - NOT HUMAN EXPERIMENT RESULTS,1025560,C,1,1266.320422002408,1.0,0,1,typing
SYNTHETIC DEMONSTRATION ONLY - NOT HUMAN EXPERIMENT RESULTS,1025580,C,1,1266.3565618147352,1.0,0,1,typing
SYNTHETIC DEMONSTRATION ONLY - NOT HUMAN EXPERIMENT RESULTS,1025600,C,1,1266.393179774789,1.0,0,1,typing
SYNTHETIC DEMONSTRATION ONLY - NOT HUMAN EXPERIMENT RESULTS,1025620,C,1,1266.4302753621469,1.0,0,1,typing
SYNTHETIC DEMONSTRATION ONLY - NOT HUMAN EXPERIMENT RESULTS,1025640,C,1,1266.4678480495988,1.0,0,1,typing
SYNTHETIC DEMONSTRATION ONLY - NOT HUMAN EXPERIMENT RESULTS,1025660,C,1,1266.5058973031535,1.0,0,1,typing
SYNTHETIC DEMONSTRATION ONLY - NOT HUMAN EXPERIMENT RESULTS,1025680,C,1,1266.544422582047,1.0,0,1,typing
SYNTHETIC DEMONSTRATION ONLY - NOT HUMAN EXPERIMENT RESULTS,1025700,C,1,1266.5834233387495,1.0,0,1,typing
SYNTHETIC DEMONSTRATION ONLY - NOT HUMAN EXPERIMENT RESULTS,1025720,C,1,1266.6228990189743,1.0,0,1,typing
SYNTHETIC DEMONSTRATION ONLY - NOT HUMAN EXPERIMENT RESULTS,1025740,C,1,1266.6628490616845,1.0,0,1,typing
SYNTHETIC DEMONSTRATION ONLY - NOT HUMAN EXPERIMENT RESULTS,1025760,C,1,1266.7032728991014,1.0,0,1,typing
SYNTHETIC DEMONSTRATION ONLY - NOT HUMAN EXPERIMENT RESULTS,1025780,C,1,1266.7441699567128,1.0,0,1,typing
SYNTHETIC DEMONSTRATION ONLY - NOT HUMAN EXPERIMENT RESULTS,1025800,C,1,1266.7855396532811,1.0,0,1,typing
SYNTHETIC DEMONSTRATION ONLY - NOT HUMAN EXPERIMENT RESULTS,1025820,C,1,1266.8273814008514,1.0,0,1,typing
SYNTHETIC DEMONSTRATION ONLY - NOT HUMAN EXPERIMENT RESULTS,1025840,C,1,1266.8696946047596,1.0,0,1,typing
SYNTHETIC DEMONSTRATION ONLY - NOT HUMAN EXPERIMENT RESULTS,1025860,C,1,1266.9124786636417,1.0,0,1,typing
SYNTHETIC DEMONSTRATION ONLY - NOT HUMAN EXPERIMENT RESULTS,1025880,C,1,1266.9557329694414,1.0,0,1,typing
SYNTHETIC DEMONSTRATION ONLY - NOT HUMAN EXPERIMENT RESULTS,1025900,C,1,1266.9994569074192,1.0,0,1,typing
SYNTHETIC DEMONSTRATION ONLY - NOT HUMAN EXPERIMENT RESULTS,1025920,C,1,1267.0436498561614,1.0,0,1,typing
SYNTHETIC DEMONSTRATION ONLY - NOT HUMAN EXPERIMENT RESULTS,1025940,C,1,1267.088311187588,1.0,0,1,typing
SYNTHETIC DEMONSTRATION ONLY - NOT HUMAN EXPERIMENT RESULTS,1025960,C,1,1267.133440266963,1.0,0,1,typing
SYNTHETIC DEMONSTRATION ONLY - NOT HUMAN EXPERIMENT RESULTS,1025980,C,1,1267.1790364529018,1.0,0,1,typing
SYNTHETIC DEMONSTRATION ONLY - NOT HUMAN EXPERIMENT RESULTS,1026000,C,1,1267.2250990973823,1.0,0,1,typing
SYNTHETIC DEMONSTRATION ONLY - NOT HUMAN EXPERIMENT RESULTS,1026020,C,1,1267.271627545752,1.0,0,1,typing
SYNTHETIC DEMONSTRATION ONLY - NOT HUMAN EXPERIMENT RESULTS,1026040,C,1,1267.3186211367386,1.0,0,1,typing
SYNTHETIC DEMONSTRATION ONLY - NOT HUMAN EXPERIMENT RESULTS,1026060,C,1,1267.366079202459,1.0,0,1,typing
SYNTHETIC DEMONSTRATION ONLY - NOT HUMAN EXPERIMENT RESULTS,1026080,C,1,1267.4140010684296,1.0,0,1,typing
SYNTHETIC DEMONSTRATION ONLY - NOT HUMAN EXPERIMENT RESULTS,1026100,C,1,1267.4623860535744,1.0,0,1,typing
SYNTHETIC DEMONSTRATION ONLY - NOT HUMAN EXPERIMENT RESULTS,1026120,C,1,1267.5112334702353,1.0,0,1,typing
SYNTHETIC DEMONSTRATION ONLY - NOT HUMAN EXPERIMENT RESULTS,1026140,C,1,1267.5605426241827,1.0,0,1,typing
SYNTHETIC DEMONSTRATION ONLY - NOT HUMAN EXPERIMENT RESULTS,1026160,C,1,1267.6103128146244,1.0,0,1,typing
SYNTHETIC DEMONSTRATION ONLY - NOT HUMAN EXPERIMENT RESULTS,1026180,C,1,1267.6605433342158,1.0,0,1,typing
SYNTHETIC DEMONSTRATION ONLY - NOT HUMAN EXPERIMENT RESULTS,1026200,C,1,1267.7112334690698,1.0,0,1,typing
SYNTHETIC DEMONSTRATION ONLY - NOT HUMAN EXPERIMENT RESULTS,1026220,C,1,1267.7623824987677,1.0,0,1,typing
SYNTHETIC DEMONSTRATION ONLY - NOT HUMAN EXPERIMENT RESULTS,1026240,C,1,1267.8139896963685,1.0,0,1,typing
SYNTHETIC DEMONSTRATION ONLY - NOT HUMAN EXPERIMENT RESULTS,1026260,C,1,1267.8660543284195,1.0,0,1,typing
SYNTHETIC DEMONSTRATION ONLY - NOT HUMAN EXPERIMENT RESULTS,1026280,C,1,1267.918575654967,1.0,0,1,typing
SYNTHETIC DEMONSTRATION ONLY - NOT HUMAN EXPERIMENT RESULTS,1026300,C,1,1267.9715529295672,1.0,0,1,typing
SYNTHETIC DEMONSTRATION ONLY - NOT HUMAN EXPERIMENT RESULTS,1026320,C,1,1268.0249853992952,1.0,0,1,typing
SYNTHETIC DEMONSTRATION ONLY - NOT HUMAN EXPERIMENT RESULTS,1026340,C,1,1268.0788723047574,1.0,0,1,typing
SYNTHETIC DEMONSTRATION ONLY - NOT HUMAN EXPERIMENT RESULTS,1026360,C,1,1268.133212880102,1.0,0,1,typing
SYNTHETIC DEMONSTRATION ONLY - NOT HUMAN EXPERIMENT RESULTS,1026380,C,1,1268.1880063530289,1.0,0,1,typing
SYNTHETIC DEMONSTRATION ONLY - NOT HUMAN EXPERIMENT RESULTS,1026400,C,1,1268.2432519448014,1.0,0,1,typing
SYNTHETIC DEMONSTRATION ONLY - NOT HUMAN EXPERIMENT RESULTS,1026420,C,1,1268.2989488702574,1.0,0,1,typing
SYNTHETIC DEMONSTRATION ONLY - NOT HUMAN EXPERIMENT RESULTS,1026440,C,1,1268.3550963378204,1.0,0,1,typing
SYNTHETIC DEMONSTRATION ONLY - NOT HUMAN EXPERIMENT RESULTS,1026460,C,1,1268.4116935495108,1.0,0,1,typing
SYNTHETIC DEMONSTRATION ONLY - NOT HUMAN EXPERIMENT RESULTS,1026480,C,1,1268.4687397009566,1.0,0,1,typing
SYNTHETIC DEMONSTRATION ONLY - NOT HUMAN EXPERIMENT RESULTS,1026500,C,1,1268.526233981406,1.0,0,1,typing
SYNTHETIC DEMONSTRATION ONLY - NOT HUMAN EXPERIMENT RESULTS,1026520,C,1,1268.5841755737376,1.0,0,1,typing
SYNTHETIC DEMONSTRATION ONLY - NOT HUMAN EXPERIMENT RESULTS,1026540,C,1,1268.6425636544736,1.0,0,1,typing
SYNTHETIC DEMONSTRATION ONLY - NOT HUMAN EXPERIMENT RESULTS,1026560,C,1,1268.7013973937899,1.0,0,1,typing
SYNTHETIC DEMONSTRATION ONLY - NOT HUMAN EXPERIMENT RESULTS,1026580,C,1,1268.7606759555288,1.0,0,1,typing
SYNTHETIC DEMONSTRATION ONLY - NOT HUMAN EXPERIMENT RESULTS,1026600,C,1,1268.8203984972108,1.0,0,1,typing
SYNTHETIC DEMONSTRATION ONLY - NOT HUMAN EXPERIMENT RESULTS,1026620,C,1,1268.8805641700465,1.0,0,1,typing
SYNTHETIC DEMONSTRATION ONLY - NOT HUMAN EXPERIMENT RESULTS,1026640,C,1,1268.9411721189483,1.0,0,1,typing
SYNTHETIC DEMONSTRATION ONLY - NOT HUMAN EXPERIMENT RESULTS,1026660,C,1,1269.002221482543,1.0,0,1,typing
SYNTHETIC DEMONSTRATION ONLY - NOT HUMAN EXPERIMENT RESULTS,1026680,C,1,1269.0637113931843,1.0,0,1,typing
SYNTHETIC DEMONSTRATION ONLY - NOT HUMAN EXPERIMENT RESULTS,1026700,C,1,1269.1256409769644,1.0,0,1,typing
SYNTHETIC DEMONSTRATION ONLY - NOT HUMAN EXPERIMENT RESULTS,1026720,C,1,1269.1880093537268,1.0,0,1,typing
SYNTHETIC DEMONSTRATION ONLY - NOT HUMAN EXPERIMENT RESULTS,1026740,C,1,1269.2508156370789,1.0,0,1,typing
SYNTHETIC DEMONSTRATION ONLY - NOT HUMAN EXPERIMENT RESULTS,1026760,C,1,1269.3140589344039,1.0,0,1,typing
SYNTHETIC DEMONSTRATION ONLY - NOT HUMAN EXPERIMENT RESULTS,1026780,C,1,1269.3777383468753,1.0,0,1,typing
SYNTHETIC DEMONSTRATION ONLY - NOT HUMAN EXPERIMENT RESULTS,1026800,C,1,1269.4418529694672,1.0,0,1,typing
SYNTHETIC DEMONSTRATION ONLY - NOT HUMAN EXPERIMENT RESULTS,1026820,C,1,1269.5064018909688,1.0,0,1,typing
SYNTHETIC DEMONSTRATION ONLY - NOT HUMAN EXPERIMENT RESULTS,1026840,C,1,1269.5713841939976,1.0,0,1,typing
SYNTHETIC DEMONSTRATION ONLY - NOT HUMAN EXPERIMENT RESULTS,1026860,C,1,1269.6367989550106,1.0,0,1,typing
SYNTHETIC DEMONSTRATION ONLY - NOT HUMAN EXPERIMENT RESULTS,1026880,C,1,1269.7026452443197,1.0,0,1,typing
SYNTHETIC DEMONSTRATION ONLY - NOT HUMAN EXPERIMENT RESULTS,1026900,C,1,1269.7689221261032,1.0,0,1,typing
SYNTHETIC DEMONSTRATION ONLY - NOT HUMAN EXPERIMENT RESULTS,1026920,C,1,1269.83562865842,1.0,0,1,typing
SYNTHETIC DEMONSTRATION ONLY - NOT HUMAN EXPERIMENT RESULTS,1026940,C,1,1269.9027638932228,1.0,0,1,typing
SYNTHETIC DEMONSTRATION ONLY - NOT HUMAN EXPERIMENT RESULTS,1026960,C,1,1269.9703268763708,1.0,0,1,typing
SYNTHETIC DEMONSTRATION ONLY - NOT HUMAN EXPERIMENT RESULTS,1026980,C,1,1270.0383166476447,1.0,0,1,typing
SYNTHETIC DEMONSTRATION ONLY - NOT HUMAN EXPERIMENT RESULTS,1027000,C,1,1270.1067322407594,1.0,0,1,typing
SYNTHETIC DEMONSTRATION ONLY - NOT HUMAN EXPERIMENT RESULTS,1027020,C,1,1270.1755726833778,1.0,0,1,typing
SYNTHETIC DEMONSTRATION ONLY - NOT HUMAN EXPERIMENT RESULTS,1027040,C,1,1270.244836997125,1.0,0,1,typing
SYNTHETIC DEMONSTRATION ONLY - NOT HUMAN EXPERIMENT RESULTS,1027060,C,1,1270.3145241976017,1.0,0,1,typing
SYNTHETIC DEMONSTRATION ONLY - NOT HUMAN EXPERIMENT RESULTS,1027080,C,1,1270.3846332943986,1.0,0,1,typing
SYNTHETIC DEMONSTRATION ONLY - NOT HUMAN EXPERIMENT RESULTS,1027100,C,1,1270.45516329111,1.0,0,1,typing
SYNTHETIC DEMONSTRATION ONLY - NOT HUMAN EXPERIMENT RESULTS,1027120,C,1,1270.5261131853488,1.0,0,1,typing
SYNTHETIC DEMONSTRATION ONLY - NOT HUMAN EXPERIMENT RESULTS,1027140,C,1,1270.5974819687597,1.0,0,1,typing
SYNTHETIC DEMONSTRATION ONLY - NOT HUMAN EXPERIMENT RESULTS,1027160,C,1,1270.6692686270344,1.0,0,1,typing
SYNTHETIC DEMONSTRATION ONLY - NOT HUMAN EXPERIMENT RESULTS,1027180,C,1,1270.741472139926,1.0,0,1,typing
SYNTHETIC DEMONSTRATION ONLY - NOT HUMAN EXPERIMENT RESULTS,1027200,C,1,1270.814091481262,1.0,0,1,typing
SYNTHETIC DEMONSTRATION ONLY - NOT HUMAN EXPERIMENT RESULTS,1027220,C,1,1270.8871256189614,1.0,0,1,typing
SYNTHETIC DEMONSTRATION ONLY - NOT HUMAN EXPERIMENT RESULTS,1027240,C,1,1270.9605735150471,1.0,0,1,typing
SYNTHETIC DEMONSTRATION ONLY - NOT HUMAN EXPERIMENT RESULTS,1027260,C,1,1271.0344341256623,1.0,0,1,typing
SYNTHETIC DEMONSTRATION ONLY - NOT HUMAN EXPERIMENT RESULTS,1027280,C,1,1271.108706401084,1.0,0,1,typing
SYNTHETIC DEMONSTRATION ONLY - NOT HUMAN EXPERIMENT RESULTS,1027300,C,1,1271.1833892857385,1.0,0,1,typing
SYNTHETIC DEMONSTRATION ONLY - NOT HUMAN EXPERIMENT RESULTS,1027320,C,1,1271.2584817182171,1.0,0,1,typing
SYNTHETIC DEMONSTRATION ONLY - NOT HUMAN EXPERIMENT RESULTS,1027340,C,1,1271.3339826312902,1.0,0,1,typing
SYNTHETIC DEMONSTRATION ONLY - NOT HUMAN EXPERIMENT RESULTS,1027360,C,1,1271.4098909519223,1.0,0,1,typing
SYNTHETIC DEMONSTRATION ONLY - NOT HUMAN EXPERIMENT RESULTS,1027380,C,1,1271.4862056012882,1.0,0,1,typing
SYNTHETIC DEMONSTRATION ONLY - NOT HUMAN EXPERIMENT RESULTS,1027400,C,1,1271.5629254947883,1.0,0,1,typing
SYNTHETIC DEMONSTRATION ONLY - NOT HUMAN EXPERIMENT RESULTS,1027420,C,1,1271.6400495420623,1.0,0,1,typing
SYNTHETIC DEMONSTRATION ONLY - NOT HUMAN EXPERIMENT RESULTS,1027440,C,1,1271.7175766470075,1.0,0,1,typing
SYNTHETIC DEMONSTRATION ONLY - NOT HUMAN EXPERIMENT RESULTS,1027460,C,1,1271.7955057077918,1.0,0,1,typing
SYNTHETIC DEMONSTRATION ONLY - NOT HUMAN EXPERIMENT RESULTS,1027480,C,1,1271.8738356168708,1.0,0,1,typing
SYNTHETIC DEMONSTRATION ONLY - NOT HUMAN EXPERIMENT RESULTS,1027500,C,1,1271.9525652610032,1.0,0,1,typing
SYNTHETIC DEMONSTRATION ONLY - NOT HUMAN EXPERIMENT RESULTS,1027520,C,1,1272.031693521266,1.0,0,1,typing
SYNTHETIC DEMONSTRATION ONLY - NOT HUMAN EXPERIMENT RESULTS,1027540,C,1,1272.1112192730723,1.0,0,1,typing
SYNTHETIC DEMONSTRATION ONLY - NOT HUMAN EXPERIMENT RESULTS,1027560,C,1,1272.1911413861844,1.0,0,1,typing
SYNTHETIC DEMONSTRATION ONLY - NOT HUMAN EXPERIMENT RESULTS,1027580,C,1,1272.2714587247326,1.0,0,1,typing
SYNTHETIC DEMONSTRATION ONLY - NOT HUMAN EXPERIMENT RESULTS,1027600,C,1,1272.3521701472296,1.0,0,1,typing
SYNTHETIC DEMONSTRATION ONLY - NOT HUMAN EXPERIMENT RESULTS,1027620,C,1,1272.4332745065874,1.0,0,1,typing
SYNTHETIC DEMONSTRATION ONLY - NOT HUMAN EXPERIMENT RESULTS,1027640,C,1,1272.5147706501334,1.0,0,1,typing
SYNTHETIC DEMONSTRATION ONLY - NOT HUMAN EXPERIMENT RESULTS,1027660,C,1,1272.5966574196273,1.0,0,1,typing
SYNTHETIC DEMONSTRATION ONLY - NOT HUMAN EXPERIMENT RESULTS,1027680,C,1,1272.6789336512768,1.0,0,1,typing
SYNTHETIC DEMONSTRATION ONLY - NOT HUMAN EXPERIMENT RESULTS,1027700,C,1,1272.7615981757542,1.0,0,1,typing
SYNTHETIC DEMONSTRATION ONLY - NOT HUMAN EXPERIMENT RESULTS,1027720,C,1,1272.844649818214,1.0,0,1,typing
SYNTHETIC DEMONSTRATION ONLY - NOT HUMAN EXPERIMENT RESULTS,1027740,C,1,1272.9280873983084,1.0,0,1,typing
SYNTHETIC DEMONSTRATION ONLY - NOT HUMAN EXPERIMENT RESULTS,1027760,C,1,1273.011909730205,1.0,0,1,typing
SYNTHETIC DEMONSTRATION ONLY - NOT HUMAN EXPERIMENT RESULTS,1027780,C,1,1273.0961156226022,1.0,0,1,typing
SYNTHETIC DEMONSTRATION ONLY - NOT HUMAN EXPERIMENT RESULTS,1027800,C,1,1273.1807038787483,1.0,0,1,typing
SYNTHETIC DEMONSTRATION ONLY - NOT HUMAN EXPERIMENT RESULTS,1027820,C,1,1273.2656732964572,1.0,0,1,typing
SYNTHETIC DEMONSTRATION ONLY - NOT HUMAN EXPERIMENT RESULTS,1027840,C,1,1273.3510226681249,1.0,0,1,typing
SYNTHETIC DEMONSTRATION ONLY - NOT HUMAN EXPERIMENT RESULTS,1027860,C,1,1273.4367507807483,1.0,0,1,typing
SYNTHETIC DEMONSTRATION ONLY - NOT HUMAN EXPERIMENT RESULTS,1027880,C,1,1273.5228564159409,1.0,0,1,typing
SYNTHETIC DEMONSTRATION ONLY - NOT HUMAN EXPERIMENT RESULTS,1027900,C,1,1273.609338349951,1.0,0,1,typing
SYNTHETIC DEMONSTRATION ONLY - NOT HUMAN EXPERIMENT RESULTS,1027920,C,1,1273.6961953536793,1.0,0,1,typing
SYNTHETIC DEMONSTRATION ONLY - NOT HUMAN EXPERIMENT RESULTS,1027940,C,1,1273.783426192695,1.0,0,1,typing
SYNTHETIC DEMONSTRATION ONLY - NOT HUMAN EXPERIMENT RESULTS,1027960,C,1,1273.871029627255,1.0,0,1,typing
SYNTHETIC DEMONSTRATION ONLY - NOT HUMAN EXPERIMENT RESULTS,1027980,C,1,1273.9590044123208,1.0,0,1,typing
SYNTHETIC DEMONSTRATION ONLY - NOT HUMAN EXPERIMENT RESULTS,1028000,C,1,1274.0473492975757,1.0,0,1,typing
SYNTHETIC DEMONSTRATION ONLY - NOT HUMAN EXPERIMENT RESULTS,1028020,C,1,1274.1360630274435,1.0,0,1,typing
SYNTHETIC DEMONSTRATION ONLY - NOT HUMAN EXPERIMENT RESULTS,1028040,C,1,1274.2251443411055,1.0,0,1,typing
SYNTHETIC DEMONSTRATION ONLY - NOT HUMAN EXPERIMENT RESULTS,1028060,C,1,1274.3145919725193,1.0,0,1,typing
SYNTHETIC DEMONSTRATION ONLY - NOT HUMAN EXPERIMENT RESULTS,1028080,C,1,1274.404404650436,1.0,0,1,typing
SYNTHETIC DEMONSTRATION ONLY - NOT HUMAN EXPERIMENT RESULTS,1028100,C,1,1274.4945810984184,1.0,0,1,typing
SYNTHETIC DEMONSTRATION ONLY - NOT HUMAN EXPERIMENT RESULTS,1028120,C,1,1274.58512003486,1.0,0,1,typing
SYNTHETIC DEMONSTRATION ONLY - NOT HUMAN EXPERIMENT RESULTS,1028140,C,1,1274.6760201730017,1.0,0,1,typing
SYNTHETIC DEMONSTRATION ONLY - NOT HUMAN EXPERIMENT RESULTS,1028160,C,1,1274.7672802209515,1.0,0,1,typing
SYNTHETIC DEMONSTRATION ONLY - NOT HUMAN EXPERIMENT RESULTS,1028180,C,1,1274.858898881702,1.0,0,1,typing
SYNTHETIC DEMONSTRATION ONLY - NOT HUMAN EXPERIMENT RESULTS,1028200,C,1,1274.9508748531498,1.0,0,1,typing
SYNTHETIC DEMONSTRATION ONLY - NOT HUMAN EXPERIMENT RESULTS,1028220,C,1,1275.043206828112,1.0,0,1,typing
SYNTHETIC DEMONSTRATION ONLY - NOT HUMAN EXPERIMENT RESULTS,1028240,C,1,1275.135893494347,1.0,0,1,typing
SYNTHETIC DEMONSTRATION ONLY - NOT HUMAN EXPERIMENT RESULTS,1028260,C,1,1275.2289335345727,1.0,0,1,typing
SYNTHETIC DEMONSTRATION ONLY - NOT HUMAN EXPERIMENT RESULTS,1028280,C,1,1275.3223256264835,1.0,0,1,typing
SYNTHETIC DEMONSTRATION ONLY - NOT HUMAN EXPERIMENT RESULTS,1028300,C,1,1275.4160684427713,1.0,0,1,typing
SYNTHETIC DEMONSTRATION ONLY - NOT HUMAN EXPERIMENT RESULTS,1028320,C,1,1275.5101606511432,1.0,0,1,typing
SYNTHETIC DEMONSTRATION ONLY - NOT HUMAN EXPERIMENT RESULTS,1028340,C,1,1275.6046009143408,1.0,0,1,typing
SYNTHETIC DEMONSTRATION ONLY - NOT HUMAN EXPERIMENT RESULTS,1028360,C,1,1275.6993878901585,1.0,0,1,typing
SYNTHETIC DEMONSTRATION ONLY - NOT HUMAN EXPERIMENT RESULTS,1028380,C,1,1275.794520231464,1.0,0,1,typing
SYNTHETIC DEMONSTRATION ONLY - NOT HUMAN EXPERIMENT RESULTS,1028400,C,1,1275.889996586216,1.0,0,1,typing
SYNTHETIC DEMONSTRATION ONLY - NOT HUMAN EXPERIMENT RESULTS,1028420,C,1,1275.9858155974841,1.0,0,1,typing
SYNTHETIC DEMONSTRATION ONLY - NOT HUMAN EXPERIMENT RESULTS,1028440,C,1,1276.081975903468,1.0,0,1,typing
SYNTHETIC DEMONSTRATION ONLY - NOT HUMAN EXPERIMENT RESULTS,1028460,C,1,1276.178476137517,1.0,0,1,typing
SYNTHETIC DEMONSTRATION ONLY - NOT HUMAN EXPERIMENT RESULTS,1028480,C,1,1276.275314928149,1.0,0,1,typing
SYNTHETIC DEMONSTRATION ONLY - NOT HUMAN EXPERIMENT RESULTS,1028500,C,1,1276.372490899071,1.0,0,1,typing
SYNTHETIC DEMONSTRATION ONLY - NOT HUMAN EXPERIMENT RESULTS,1028520,C,1,1276.4700026691967,1.0,0,1,typing
SYNTHETIC DEMONSTRATION ONLY - NOT HUMAN EXPERIMENT RESULTS,1028540,C,1,1276.5678488526682,1.0,0,1,typing
SYNTHETIC DEMONSTRATION ONLY - NOT HUMAN EXPERIMENT RESULTS,1028560,C,1,1276.6660280588746,1.0,0,1,typing
SYNTHETIC DEMONSTRATION ONLY - NOT HUMAN EXPERIMENT RESULTS,1028580,C,1,1276.7645388924723,1.0,0,1,typing
SYNTHETIC DEMONSTRATION ONLY - NOT HUMAN EXPERIMENT RESULTS,1028600,C,1,1276.863379953404,1.0,0,1,typing
SYNTHETIC DEMONSTRATION ONLY - NOT HUMAN EXPERIMENT RESULTS,1028620,C,1,1276.9625498369198,1.0,0,1,typing
SYNTHETIC DEMONSTRATION ONLY - NOT HUMAN EXPERIMENT RESULTS,1028640,C,1,1277.062047133596,1.0,0,1,typing
SYNTHETIC DEMONSTRATION ONLY - NOT HUMAN EXPERIMENT RESULTS,1028660,C,1,1277.1618704293555,1.0,0,1,typing
SYNTHETIC DEMONSTRATION ONLY - NOT HUMAN EXPERIMENT RESULTS,1028680,C,1,1277.2620183054887,1.0,0,1,typing
SYNTHETIC DEMONSTRATION ONLY - NOT HUMAN EXPERIMENT RESULTS,1028700,C,1,1277.3624893386723,1.0,0,1,typing
SYNTHETIC DEMONSTRATION ONLY - NOT HUMAN EXPERIMENT RESULTS,1028720,C,1,1277.4632821009907,1.0,0,1,typing
SYNTHETIC DEMONSTRATION ONLY - NOT HUMAN EXPERIMENT RESULTS,1028740,C,1,1277.5643951599557,1.0,0,1,typing
SYNTHETIC DEMONSTRATION ONLY - NOT HUMAN EXPERIMENT RESULTS,1028760,C,1,1277.6658270785265,1.0,0,1,typing
SYNTHETIC DEMONSTRATION ONLY - NOT HUMAN EXPERIMENT RESULTS,1028780,C,1,1277.7675764151315,1.0,0,1,typing
SYNTHETIC DEMONSTRATION ONLY - NOT HUMAN EXPERIMENT RESULTS,1028800,C,1,1277.8696417236872,1.0,0,1,typing
SYNTHETIC DEMONSTRATION ONLY - NOT HUMAN EXPERIMENT RESULTS,1028820,C,1,1277.9720215536197,1.0,0,1,typing
SYNTHETIC DEMONSTRATION ONLY - NOT HUMAN EXPERIMENT RESULTS,1028840,C,1,1278.074714449885,1.0,0,1,typing
SYNTHETIC DEMONSTRATION ONLY - NOT HUMAN EXPERIMENT RESULTS,1028860,C,1,1278.1777189529896,1.0,0,1,typing
SYNTHETIC DEMONSTRATION ONLY - NOT HUMAN EXPERIMENT RESULTS,1028880,C,1,1278.2810335990116,1.0,0,1,typing
SYNTHETIC DEMONSTRATION ONLY - NOT HUMAN EXPERIMENT RESULTS,1028900,C,1,1278.3846569196214,1.0,0,1,typing
SYNTHETIC DEMONSTRATION ONLY - NOT HUMAN EXPERIMENT RESULTS,1028920,C,1,1278.488587442102,1.0,0,1,typing
SYNTHETIC DEMONSTRATION ONLY - NOT HUMAN EXPERIMENT RESULTS,1028940,C,1,1278.5928236893706,1.0,0,1,typing
SYNTHETIC DEMONSTRATION ONLY - NOT HUMAN EXPERIMENT RESULTS,1028960,C,1,1278.6973641799993,1.0,0,1,typing
SYNTHETIC DEMONSTRATION ONLY - NOT HUMAN EXPERIMENT RESULTS,1028980,C,1,1278.8022074282367,1.0,0,1,typing
SYNTHETIC DEMONSTRATION ONLY - NOT HUMAN EXPERIMENT RESULTS,1029000,C,1,1278.907351944028,1.0,0,1,typing
SYNTHETIC DEMONSTRATION ONLY - NOT HUMAN EXPERIMENT RESULTS,1029020,C,1,1279.0127962330369,1.0,0,1,typing
SYNTHETIC DEMONSTRATION ONLY - NOT HUMAN EXPERIMENT RESULTS,1029040,C,1,1279.1185387966664,1.0,0,1,typing
SYNTHETIC DEMONSTRATION ONLY - NOT HUMAN EXPERIMENT RESULTS,1029060,C,1,1279.224578132081,1.0,0,1,typing
SYNTHETIC DEMONSTRATION ONLY - NOT HUMAN EXPERIMENT RESULTS,1029080,C,1,1279.3309127322268,1.0,0,1,typing
SYNTHETIC DEMONSTRATION ONLY - NOT HUMAN EXPERIMENT RESULTS,1029100,C,1,1279.4375410858538,1.0,0,1,typing
SYNTHETIC DEMONSTRATION ONLY - NOT HUMAN EXPERIMENT RESULTS,1029120,C,1,1279.5444616775371,1.0,0,1,typing
SYNTHETIC DEMONSTRATION ONLY - NOT HUMAN EXPERIMENT RESULTS,1029140,C,1,1279.6516729876982,1.0,0,1,typing
SYNTHETIC DEMONSTRATION ONLY - NOT HUMAN EXPERIMENT RESULTS,1029160,C,1,1279.7591734926277,1.0,0,1,typing
SYNTHETIC DEMONSTRATION ONLY - NOT HUMAN EXPERIMENT RESULTS,1029180,C,1,1279.8669616645047,1.0,0,1,typing
SYNTHETIC DEMONSTRATION ONLY - NOT HUMAN EXPERIMENT RESULTS,1029200,C,1,1279.9750359714212,1.0,0,1,typing
SYNTHETIC DEMONSTRATION ONLY - NOT HUMAN EXPERIMENT RESULTS,1029220,C,1,1280.0833948774018,1.0,0,1,typing
SYNTHETIC DEMONSTRATION ONLY - NOT HUMAN EXPERIMENT RESULTS,1029240,C,1,1280.192036842427,1.0,0,1,typing
SYNTHETIC DEMONSTRATION ONLY - NOT HUMAN EXPERIMENT RESULTS,1029260,C,1,1280.3009603224532,1.0,0,1,typing
SYNTHETIC DEMONSTRATION ONLY - NOT HUMAN EXPERIMENT RESULTS,1029280,C,1,1280.4101637694375,1.0,0,1,typing
SYNTHETIC DEMONSTRATION ONLY - NOT HUMAN EXPERIMENT RESULTS,1029300,C,1,1280.5196456313568,1.0,0,1,typing
SYNTHETIC DEMONSTRATION ONLY - NOT HUMAN EXPERIMENT RESULTS,1029320,C,1,1280.6294043522314,1.0,0,1,typing
SYNTHETIC DEMONSTRATION ONLY - NOT HUMAN EXPERIMENT RESULTS,1029340,C,1,1280.739438372147,1.0,0,1,typing
SYNTHETIC DEMONSTRATION ONLY - NOT HUMAN EXPERIMENT RESULTS,1029360,C,1,1280.849746127277,1.0,0,1,typing
SYNTHETIC DEMONSTRATION ONLY - NOT HUMAN EXPERIMENT RESULTS,1029380,C,1,1280.9603260499036,1.0,0,1,typing
SYNTHETIC DEMONSTRATION ONLY - NOT HUMAN EXPERIMENT RESULTS,1029400,C,1,1281.0711765684414,1.0,0,1,typing
SYNTHETIC DEMONSTRATION ONLY - NOT HUMAN EXPERIMENT RESULTS,1029420,C,1,1281.1822961074593,1.0,0,1,typing
SYNTHETIC DEMONSTRATION ONLY - NOT HUMAN EXPERIMENT RESULTS,1029440,C,1,1281.2936830877024,1.0,0,1,typing
SYNTHETIC DEMONSTRATION ONLY - NOT HUMAN EXPERIMENT RESULTS,1029460,C,1,1281.4053359261156,1.0,0,1,typing
SYNTHETIC DEMONSTRATION ONLY - NOT HUMAN EXPERIMENT RESULTS,1029480,C,1,1281.5172530358645,1.0,0,1,typing
SYNTHETIC DEMONSTRATION ONLY - NOT HUMAN EXPERIMENT RESULTS,1029500,C,1,1281.6294328263596,1.0,0,1,typing
SYNTHETIC DEMONSTRATION ONLY - NOT HUMAN EXPERIMENT RESULTS,1029520,C,1,1281.7418737032774,1.0,0,1,typing
SYNTHETIC DEMONSTRATION ONLY - NOT HUMAN EXPERIMENT RESULTS,1029540,C,1,1281.8545740685843,1.0,0,1,typing
SYNTHETIC DEMONSTRATION ONLY - NOT HUMAN EXPERIMENT RESULTS,1029560,C,1,1281.9675323205588,1.0,0,1,typing
SYNTHETIC DEMONSTRATION ONLY - NOT HUMAN EXPERIMENT RESULTS,1029580,C,1,1282.080746853814,1.0,0,1,typing
SYNTHETIC DEMONSTRATION ONLY - NOT HUMAN EXPERIMENT RESULTS,1029600,C,1,1282.1942160593208,1.0,0,1,typing
SYNTHETIC DEMONSTRATION ONLY - NOT HUMAN EXPERIMENT RESULTS,1029620,C,1,1282.3079383244306,1.0,0,1,typing
SYNTHETIC DEMONSTRATION ONLY - NOT HUMAN EXPERIMENT RESULTS,1029640,C,1,1282.421912032898,1.0,0,1,typing
SYNTHETIC DEMONSTRATION ONLY - NOT HUMAN EXPERIMENT RESULTS,1029660,C,1,1282.536135564905,1.0,0,1,typing
SYNTHETIC DEMONSTRATION ONLY - NOT HUMAN EXPERIMENT RESULTS,1029680,C,1,1282.6506072970817,1.0,0,1,typing
SYNTHETIC DEMONSTRATION ONLY - NOT HUMAN EXPERIMENT RESULTS,1029700,C,1,1282.765325602532,1.0,0,1,typing
SYNTHETIC DEMONSTRATION ONLY - NOT HUMAN EXPERIMENT RESULTS,1029720,C,1,1282.8802888508542,1.0,0,1,typing
SYNTHETIC DEMONSTRATION ONLY - NOT HUMAN EXPERIMENT RESULTS,1029740,C,1,1282.9954954081663,1.0,0,1,typing
SYNTHETIC DEMONSTRATION ONLY - NOT HUMAN EXPERIMENT RESULTS,1029760,C,1,1283.1109436371285,1.0,0,1,typing
SYNTHETIC DEMONSTRATION ONLY - NOT HUMAN EXPERIMENT RESULTS,1029780,C,1,1283.2266318969655,1.0,0,1,typing
SYNTHETIC DEMONSTRATION ONLY - NOT HUMAN EXPERIMENT RESULTS,1029800,C,1,1283.3425585434914,1.0,0,1,typing
SYNTHETIC DEMONSTRATION ONLY - NOT HUMAN EXPERIMENT RESULTS,1029820,C,1,1283.4587219291316,1.0,0,1,typing
SYNTHETIC DEMONSTRATION ONLY - NOT HUMAN EXPERIMENT RESULTS,1029840,C,1,1283.5751204029473,1.0,0,1,typing
SYNTHETIC DEMONSTRATION ONLY - NOT HUMAN EXPERIMENT RESULTS,1029860,C,1,1283.6917523106586,1.0,0,1,typing
SYNTHETIC DEMONSTRATION ONLY - NOT HUMAN EXPERIMENT RESULTS,1029880,C,1,1283.8086159946681,1.0,0,1,typing
SYNTHETIC DEMONSTRATION ONLY - NOT HUMAN EXPERIMENT RESULTS,1029900,C,1,1283.925709794084,1.0,0,1,typing
SYNTHETIC DEMONSTRATION ONLY - NOT HUMAN EXPERIMENT RESULTS,1029920,C,1,1284.0430320447442,1.0,0,1,typing
SYNTHETIC DEMONSTRATION ONLY - NOT HUMAN EXPERIMENT RESULTS,1029940,C,1,1284.16058107924,1.0,0,1,typing
SYNTHETIC DEMONSTRATION ONLY - NOT HUMAN EXPERIMENT RESULTS,1029960,C,1,1284.278355226939,1.0,0,1,typing
SYNTHETIC DEMONSTRATION ONLY - NOT HUMAN EXPERIMENT RESULTS,1029980,C,1,1284.3963528140105,1.0,0,1,typing
SYNTHETIC DEMONSTRATION ONLY - NOT HUMAN EXPERIMENT RESULTS,1030000,C,1,1284.5145721634472,1.0,0,1,typing
SYNTHETIC DEMONSTRATION ONLY - NOT HUMAN EXPERIMENT RESULTS,1030020,C,1,1284.6330115950905,1.0,0,1,typing
SYNTHETIC DEMONSTRATION ONLY - NOT HUMAN EXPERIMENT RESULTS,1030040,C,1,1284.751669425654,1.0,0,1,typing
SYNTHETIC DEMONSTRATION ONLY - NOT HUMAN EXPERIMENT RESULTS,1030060,C,1,1284.8705439687471,1.0,0,1,typing
SYNTHETIC DEMONSTRATION ONLY - NOT HUMAN EXPERIMENT RESULTS,1030080,C,1,1284.9896335348994,1.0,0,1,typing
SYNTHETIC DEMONSTRATION ONLY - NOT HUMAN EXPERIMENT RESULTS,1030100,C,1,1285.108936431585,1.0,0,1,typing
SYNTHETIC DEMONSTRATION ONLY - NOT HUMAN EXPERIMENT RESULTS,1030120,C,1,1285.2284509632452,1.0,0,1,typing
SYNTHETIC DEMONSTRATION ONLY - NOT HUMAN EXPERIMENT RESULTS,1030140,C,1,1285.348175431314,1.0,0,1,typing
SYNTHETIC DEMONSTRATION ONLY - NOT HUMAN EXPERIMENT RESULTS,1030160,C,1,1285.4681081342421,1.0,0,1,typing
SYNTHETIC DEMONSTRATION ONLY - NOT HUMAN EXPERIMENT RESULTS,1030180,C,1,1285.58824736752,1.0,0,1,typing
SYNTHETIC DEMONSTRATION ONLY - NOT HUMAN EXPERIMENT RESULTS,1030200,C,1,1285.7085914237032,1.0,0,1,typing
SYNTHETIC DEMONSTRATION ONLY - NOT HUMAN EXPERIMENT RESULTS,1030220,C,1,1285.8291385924363,1.0,0,1,typing
SYNTHETIC DEMONSTRATION ONLY - NOT HUMAN EXPERIMENT RESULTS,1030240,C,1,1285.9498871604774,1.0,0,1,typing
SYNTHETIC DEMONSTRATION ONLY - NOT HUMAN EXPERIMENT RESULTS,1030260,C,1,1286.0708354117219,1.0,0,1,typing
SYNTHETIC DEMONSTRATION ONLY - NOT HUMAN EXPERIMENT RESULTS,1030280,C,1,1286.1919816272275,1.0,0,1,typing
SYNTHETIC DEMONSTRATION ONLY - NOT HUMAN EXPERIMENT RESULTS,1030300,C,1,1286.3133240852383,1.0,0,1,typing
SYNTHETIC DEMONSTRATION ONLY - NOT HUMAN EXPERIMENT RESULTS,1030320,C,1,1286.4348610612092,1.0,0,1,typing
SYNTHETIC DEMONSTRATION ONLY - NOT HUMAN EXPERIMENT RESULTS,1030340,C,1,1286.556590827831,1.0,0,1,typing
SYNTHETIC DEMONSTRATION ONLY - NOT HUMAN EXPERIMENT RESULTS,1030360,C,1,1286.6785116550543,1.0,0,1,typing
SYNTHETIC DEMONSTRATION ONLY - NOT HUMAN EXPERIMENT RESULTS,1030380,C,1,1286.8006218101143,1.0,0,1,typing
SYNTHETIC DEMONSTRATION ONLY - NOT HUMAN EXPERIMENT RESULTS,1030400,C,1,1286.9229195575551,1.0,0,1,typing
SYNTHETIC DEMONSTRATION ONLY - NOT HUMAN EXPERIMENT RESULTS,1030420,C,1,1287.045403159255,1.0,0,1,typing
SYNTHETIC DEMONSTRATION ONLY - NOT HUMAN EXPERIMENT RESULTS,1030440,C,1,1287.1680708744514,1.0,0,1,typing
SYNTHETIC DEMONSTRATION ONLY - NOT HUMAN EXPERIMENT RESULTS,1030460,C,1,1287.290920959764,1.0,0,1,typing
SYNTHETIC DEMONSTRATION ONLY - NOT HUMAN EXPERIMENT RESULTS,1030480,C,1,1287.4139516692214,1.0,0,1,typing
SYNTHETIC DEMONSTRATION ONLY - NOT HUMAN EXPERIMENT RESULTS,1030500,C,1,1287.537161254285,1.0,0,1,typing
SYNTHETIC DEMONSTRATION ONLY - NOT HUMAN EXPERIMENT RESULTS,1030520,C,1,1287.6605479638736,1.0,0,1,typing
SYNTHETIC DEMONSTRATION ONLY - NOT HUMAN EXPERIMENT RESULTS,1030540,C,1,1287.784110044389,1.0,0,1,typing
SYNTHETIC DEMONSTRATION ONLY - NOT HUMAN EXPERIMENT RESULTS,1030560,C,1,1287.9078457397409,1.0,0,1,typing
SYNTHETIC DEMONSTRATION ONLY - NOT HUMAN EXPERIMENT RESULTS,1030580,C,1,1288.0317532913707,1.0,0,1,typing
SYNTHETIC DEMONSTRATION ONLY - NOT HUMAN EXPERIMENT RESULTS,1030600,C,1,1288.155830938278,1.0,0,1,typing
SYNTHETIC DEMONSTRATION ONLY - NOT HUMAN EXPERIMENT RESULTS,1030620,C,1,1288.2800769170449,1.0,0,1,typing
SYNTHETIC DEMONSTRATION ONLY - NOT HUMAN EXPERIMENT RESULTS,1030640,C,1,1288.4044894618607,1.0,0,1,typing
SYNTHETIC DEMONSTRATION ONLY - NOT HUMAN EXPERIMENT RESULTS,1030660,C,1,1288.5290668045482,1.0,0,1,typing
SYNTHETIC DEMONSTRATION ONLY - NOT HUMAN EXPERIMENT RESULTS,1030680,C,1,1288.6538071745874,1.0,0,1,typing
SYNTHETIC DEMONSTRATION ONLY - NOT HUMAN EXPERIMENT RESULTS,1030700,C,1,1288.7787087991414,1.0,0,1,typing
SYNTHETIC DEMONSTRATION ONLY - NOT HUMAN EXPERIMENT RESULTS,1030720,C,1,1288.9037699030816,1.0,0,1,typing
SYNTHETIC DEMONSTRATION ONLY - NOT HUMAN EXPERIMENT RESULTS,1030740,C,1,1289.0289887090132,1.0,0,1,typing
SYNTHETIC DEMONSTRATION ONLY - NOT HUMAN EXPERIMENT RESULTS,1030760,C,1,1289.1543634372997,1.0,0,1,typing
SYNTHETIC DEMONSTRATION ONLY - NOT HUMAN EXPERIMENT RESULTS,1030780,C,1,1289.2798923060886,1.0,0,1,typing
SYNTHETIC DEMONSTRATION ONLY - NOT HUMAN EXPERIMENT RESULTS,1030800,C,1,1289.4055735313368,1.0,0,1,typing
SYNTHETIC DEMONSTRATION ONLY - NOT HUMAN EXPERIMENT RESULTS,1030820,C,1,1289.531405326836,1.0,0,1,typing
SYNTHETIC DEMONSTRATION ONLY - NOT HUMAN EXPERIMENT RESULTS,1030840,C,1,1289.6573859042376,1.0,0,1,typing
SYNTHETIC DEMONSTRATION ONLY - NOT HUMAN EXPERIMENT RESULTS,1030860,C,1,1289.7835134730792,1.0,0,1,typing
SYNTHETIC DEMONSTRATION ONLY - NOT HUMAN EXPERIMENT RESULTS,1030880,C,1,1289.9097862408084,1.0,0,1,typing
SYNTHETIC DEMONSTRATION ONLY - NOT HUMAN EXPERIMENT RESULTS,1030900,C,1,1290.0362024128099,1.0,0,1,typing
SYNTHETIC DEMONSTRATION ONLY - NOT HUMAN EXPERIMENT RESULTS,1030920,C,1,1290.1627601924301,1.0,0,1,typing
SYNTHETIC DEMONSTRATION ONLY - NOT HUMAN EXPERIMENT RESULTS,1030940,C,1,1290.2894577810027,1.0,0,1,typing
SYNTHETIC DEMONSTRATION ONLY - NOT HUMAN EXPERIMENT RESULTS,1030960,C,1,1290.4162933778746,1.0,0,1,typing
SYNTHETIC DEMONSTRATION ONLY - NOT HUMAN EXPERIMENT RESULTS,1030980,C,1,1290.5432651804313,1.0,0,1,typing
SYNTHETIC DEMONSTRATION ONLY - NOT HUMAN EXPERIMENT RESULTS,1031000,C,1,1290.670371384122,1.0,0,1,typing
SYNTHETIC DEMONSTRATION ONLY - NOT HUMAN EXPERIMENT RESULTS,1031020,C,1,1290.7976101824868,1.0,0,1,typing
SYNTHETIC DEMONSTRATION ONLY - NOT HUMAN EXPERIMENT RESULTS,1031040,C,1,1290.9249797671803,1.0,0,1,typing
SYNTHETIC DEMONSTRATION ONLY - NOT HUMAN EXPERIMENT RESULTS,1031060,C,1,1291.0524783279989,1.0,0,1,typing
SYNTHETIC DEMONSTRATION ONLY - NOT HUMAN EXPERIMENT RESULTS,1031080,C,1,1291.180104052906,1.0,0,1,typing
SYNTHETIC DEMONSTRATION ONLY - NOT HUMAN EXPERIMENT RESULTS,1031100,C,1,1291.307855128057,1.0,0,1,typing
SYNTHETIC DEMONSTRATION ONLY - NOT HUMAN EXPERIMENT RESULTS,1031120,C,1,1291.4357297378272,1.0,0,1,typing
SYNTHETIC DEMONSTRATION ONLY - NOT HUMAN EXPERIMENT RESULTS,1031140,C,1,1291.5637260648348,1.0,0,1,typing
SYNTHETIC DEMONSTRATION ONLY - NOT HUMAN EXPERIMENT RESULTS,1031160,C,1,1291.6918422899687,1.0,0,1,typing
SYNTHETIC DEMONSTRATION ONLY - NOT HUMAN EXPERIMENT RESULTS,1031180,C,1,1291.8200765924137,1.0,0,1,typing
SYNTHETIC DEMONSTRATION ONLY - NOT HUMAN EXPERIMENT RESULTS,1031200,C,1,1291.9484271496767,1.0,0,1,typing
SYNTHETIC DEMONSTRATION ONLY - NOT HUMAN EXPERIMENT RESULTS,1031220,C,1,1292.076892137612,1.0,0,1,typing
SYNTHETIC DEMONSTRATION ONLY - NOT HUMAN EXPERIMENT RESULTS,1031240,C,1,1292.2054697304482,1.0,0,1,typing
SYNTHETIC DEMONSTRATION ONLY - NOT HUMAN EXPERIMENT RESULTS,1031260,C,1,1292.3341581008124,1.0,0,1,typing
SYNTHETIC DEMONSTRATION ONLY - NOT HUMAN EXPERIMENT RESULTS,1031280,C,1,1292.4629554197586,1.0,0,1,typing
SYNTHETIC DEMONSTRATION ONLY - NOT HUMAN EXPERIMENT RESULTS,1031300,C,1,1292.5918598567914,1.0,0,1,typing
SYNTHETIC DEMONSTRATION ONLY - NOT HUMAN EXPERIMENT RESULTS,1031320,C,1,1292.7208695798936,1.0,0,1,typing
SYNTHETIC DEMONSTRATION ONLY - NOT HUMAN EXPERIMENT RESULTS,1031340,C,1,1292.8499827555515,1.0,0,1,typing
SYNTHETIC DEMONSTRATION ONLY - NOT HUMAN EXPERIMENT RESULTS,1031360,C,1,1292.9791975487813,1.0,0,1,typing
SYNTHETIC DEMONSTRATION ONLY - NOT HUMAN EXPERIMENT RESULTS,1031380,C,1,1293.1085121231542,1.0,0,1,typing
SYNTHETIC DEMONSTRATION ONLY - NOT HUMAN EXPERIMENT RESULTS,1031400,C,1,1293.2379246408243,1.0,0,1,typing
SYNTHETIC DEMONSTRATION ONLY - NOT HUMAN EXPERIMENT RESULTS,1031420,C,1,1293.367433262553,1.0,0,1,typing
SYNTHETIC DEMONSTRATION ONLY - NOT HUMAN EXPERIMENT RESULTS,1031440,C,1,1293.4970361477365,1.0,0,1,typing
SYNTHETIC DEMONSTRATION ONLY - NOT HUMAN EXPERIMENT RESULTS,1031460,C,1,1293.6267314544305,1.0,0,1,typing
SYNTHETIC DEMONSTRATION ONLY - NOT HUMAN EXPERIMENT RESULTS,1031480,C,1,1293.7565173393778,1.0,0,1,typing
SYNTHETIC DEMONSTRATION ONLY - NOT HUMAN EXPERIMENT RESULTS,1031500,C,1,1293.8863919580338,1.0,0,1,typing
SYNTHETIC DEMONSTRATION ONLY - NOT HUMAN EXPERIMENT RESULTS,1031520,C,1,1294.0163534645926,1.0,0,1,typing
SYNTHETIC DEMONSTRATION ONLY - NOT HUMAN EXPERIMENT RESULTS,1031540,C,1,1294.1464000120134,1.0,0,1,typing
SYNTHETIC DEMONSTRATION ONLY - NOT HUMAN EXPERIMENT RESULTS,1031560,C,1,1294.276529752047,1.0,0,1,typing
SYNTHETIC DEMONSTRATION ONLY - NOT HUMAN EXPERIMENT RESULTS,1031580,C,1,1294.4067408352619,1.0,0,1,typing
SYNTHETIC DEMONSTRATION ONLY - NOT HUMAN EXPERIMENT RESULTS,1031600,C,1,1294.53703141107,1.0,0,1,typing
SYNTHETIC DEMONSTRATION ONLY - NOT HUMAN EXPERIMENT RESULTS,1031620,C,1,1294.667399627754,1.0,0,1,typing
SYNTHETIC DEMONSTRATION ONLY - NOT HUMAN EXPERIMENT RESULTS,1031640,C,1,1294.7978436324934,1.0,0,1,typing
SYNTHETIC DEMONSTRATION ONLY - NOT HUMAN EXPERIMENT RESULTS,1031660,C,1,1294.9283615713896,1.0,0,1,typing
SYNTHETIC DEMONSTRATION ONLY - NOT HUMAN EXPERIMENT RESULTS,1031680,C,1,1295.058951589494,1.0,0,1,typing
SYNTHETIC DEMONSTRATION ONLY - NOT HUMAN EXPERIMENT RESULTS,1031700,C,1,1295.1896118308332,1.0,0,1,typing
SYNTHETIC DEMONSTRATION ONLY - NOT HUMAN EXPERIMENT RESULTS,1031720,C,1,1295.3203404384362,1.0,0,1,typing
SYNTHETIC DEMONSTRATION ONLY - NOT HUMAN EXPERIMENT RESULTS,1031740,C,1,1295.4511355543602,1.0,0,1,typing
SYNTHETIC DEMONSTRATION ONLY - NOT HUMAN EXPERIMENT RESULTS,1031760,C,1,1295.5819953197167,1.0,0,1,typing
SYNTHETIC DEMONSTRATION ONLY - NOT HUMAN EXPERIMENT RESULTS,1031780,C,1,1295.712917874699,1.0,0,1,typing
SYNTHETIC DEMONSTRATION ONLY - NOT HUMAN EXPERIMENT RESULTS,1031800,C,1,1295.8439013586078,1.0,0,1,typing
SYNTHETIC DEMONSTRATION ONLY - NOT HUMAN EXPERIMENT RESULTS,1031820,C,1,1295.9749439098778,1.0,0,1,typing
SYNTHETIC DEMONSTRATION ONLY - NOT HUMAN EXPERIMENT RESULTS,1031840,C,1,1296.1060436661044,1.0,0,1,typing
SYNTHETIC DEMONSTRATION ONLY - NOT HUMAN EXPERIMENT RESULTS,1031860,C,1,1296.2371987640697,1.0,0,1,typing
SYNTHETIC DEMONSTRATION ONLY - NOT HUMAN EXPERIMENT RESULTS,1031880,C,1,1296.3684073397696,1.0,0,1,typing
SYNTHETIC DEMONSTRATION ONLY - NOT HUMAN EXPERIMENT RESULTS,1031900,C,1,1296.4996675284399,1.0,0,1,typing
SYNTHETIC DEMONSTRATION ONLY - NOT HUMAN EXPERIMENT RESULTS,1031920,C,1,1296.6309774645824,1.0,0,1,typing
SYNTHETIC DEMONSTRATION ONLY - NOT HUMAN EXPERIMENT RESULTS,1031940,C,1,1296.7623352819926,1.0,0,1,typing
SYNTHETIC DEMONSTRATION ONLY - NOT HUMAN EXPERIMENT RESULTS,1031960,C,1,1296.8937391137852,1.0,0,1,typing
SYNTHETIC DEMONSTRATION ONLY - NOT HUMAN EXPERIMENT RESULTS,1031980,C,1,1297.0251870924203,1.0,0,1,typing
SYNTHETIC DEMONSTRATION ONLY - NOT HUMAN EXPERIMENT RESULTS,1032000,C,1,1297.1566773497318,1.0,0,1,typing
SYNTHETIC DEMONSTRATION ONLY - NOT HUMAN EXPERIMENT RESULTS,1032020,C,1,1297.288208016952,1.0,0,1,typing
SYNTHETIC DEMONSTRATION ONLY - NOT HUMAN EXPERIMENT RESULTS,1032040,C,1,1297.4197772247387,1.0,0,1,typing
SYNTHETIC DEMONSTRATION ONLY - NOT HUMAN EXPERIMENT RESULTS,1032060,C,1,1297.5513831032024,1.0,0,1,typing
SYNTHETIC DEMONSTRATION ONLY - NOT HUMAN EXPERIMENT RESULTS,1032080,C,1,1297.6830237819322,1.0,0,1,typing
SYNTHETIC DEMONSTRATION ONLY - NOT HUMAN EXPERIMENT RESULTS,1032100,C,1,1297.8146973900227,1.0,0,1,typing
SYNTHETIC DEMONSTRATION ONLY - NOT HUMAN EXPERIMENT RESULTS,1032120,C,1,1297.9464020561004,1.0,0,1,typing
SYNTHETIC DEMONSTRATION ONLY - NOT HUMAN EXPERIMENT RESULTS,1032140,C,1,1298.0781359083508,1.0,0,1,typing
SYNTHETIC DEMONSTRATION ONLY - NOT HUMAN EXPERIMENT RESULTS,1032160,C,1,1298.2098970745437,1.0,0,1,typing
SYNTHETIC DEMONSTRATION ONLY - NOT HUMAN EXPERIMENT RESULTS,1032180,C,1,1298.3416836820618,1.0,0,1,typing
SYNTHETIC DEMONSTRATION ONLY - NOT HUMAN EXPERIMENT RESULTS,1032200,C,1,1298.4734938579252,1.0,0,1,typing
SYNTHETIC DEMONSTRATION ONLY - NOT HUMAN EXPERIMENT RESULTS,1032220,C,1,1298.60532572882,1.0,0,1,typing
SYNTHETIC DEMONSTRATION ONLY - NOT HUMAN EXPERIMENT RESULTS,1032240,C,1,1298.7371774211233,1.0,0,1,typing
SYNTHETIC DEMONSTRATION ONLY - NOT HUMAN EXPERIMENT RESULTS,1032260,C,1,1298.8690470609306,1.0,0,1,typing
SYNTHETIC DEMONSTRATION ONLY - NOT HUMAN EXPERIMENT RESULTS,1032280,C,1,1299.0009327740827,1.0,0,1,typing
SYNTHETIC DEMONSTRATION ONLY - NOT HUMAN EXPERIMENT RESULTS,1032300,C,1,1299.1328326861915,1.0,0,1,typing
SYNTHETIC DEMONSTRATION ONLY - NOT HUMAN EXPERIMENT RESULTS,1032320,C,1,1299.2647449226672,1.0,0,1,typing
SYNTHETIC DEMONSTRATION ONLY - NOT HUMAN EXPERIMENT RESULTS,1032340,C,1,1299.396667608745,1.0,0,1,typing
SYNTHETIC DEMONSTRATION ONLY - NOT HUMAN EXPERIMENT RESULTS,1032360,C,1,1299.5285988695116,1.0,0,1,typing
SYNTHETIC DEMONSTRATION ONLY - NOT HUMAN EXPERIMENT RESULTS,1032380,C,1,1299.660536829932,1.0,0,1,typing
SYNTHETIC DEMONSTRATION ONLY - NOT HUMAN EXPERIMENT RESULTS,1032400,C,1,1299.792479614875,1.0,0,1,typing
SYNTHETIC DEMONSTRATION ONLY - NOT HUMAN EXPERIMENT RESULTS,1032420,C,1,1299.9244253491424,1.0,0,1,typing
SYNTHETIC DEMONSTRATION ONLY - NOT HUMAN EXPERIMENT RESULTS,1032440,C,1,1300.0563721574927,1.0,0,1,typing
SYNTHETIC DEMONSTRATION ONLY - NOT HUMAN EXPERIMENT RESULTS,1032460,C,1,1300.18831816467,1.0,0,1,typing
SYNTHETIC DEMONSTRATION ONLY - NOT HUMAN EXPERIMENT RESULTS,1032480,C,1,1300.3202614954291,1.0,0,1,typing
SYNTHETIC DEMONSTRATION ONLY - NOT HUMAN EXPERIMENT RESULTS,1032500,C,1,1300.4522002745634,1.0,0,1,typing
SYNTHETIC DEMONSTRATION ONLY - NOT HUMAN EXPERIMENT RESULTS,1032520,C,1,1300.584132626931,1.0,0,1,typing
SYNTHETIC DEMONSTRATION ONLY - NOT HUMAN EXPERIMENT RESULTS,1032540,C,1,1300.716056677481,1.0,0,1,typing
SYNTHETIC DEMONSTRATION ONLY - NOT HUMAN EXPERIMENT RESULTS,1032560,C,1,1300.8479705512807,1.0,0,1,typing
SYNTHETIC DEMONSTRATION ONLY - NOT HUMAN EXPERIMENT RESULTS,1032580,C,1,1300.9798723735416,1.0,0,1,typing
SYNTHETIC DEMONSTRATION ONLY - NOT HUMAN EXPERIMENT RESULTS,1032600,C,1,1301.1117602696474,1.0,0,1,typing
SYNTHETIC DEMONSTRATION ONLY - NOT HUMAN EXPERIMENT RESULTS,1032620,C,1,1301.2436323651789,1.0,0,1,typing
SYNTHETIC DEMONSTRATION ONLY - NOT HUMAN EXPERIMENT RESULTS,1032640,C,1,1301.3754867859416,1.0,0,1,typing
SYNTHETIC DEMONSTRATION ONLY - NOT HUMAN EXPERIMENT RESULTS,1032660,C,1,1301.5073216579924,1.0,0,1,typing
SYNTHETIC DEMONSTRATION ONLY - NOT HUMAN EXPERIMENT RESULTS,1032680,C,1,1301.6391351076659,1.0,0,1,typing
SYNTHETIC DEMONSTRATION ONLY - NOT HUMAN EXPERIMENT RESULTS,1032700,C,1,1301.7709252616014,1.0,0,1,typing
SYNTHETIC DEMONSTRATION ONLY - NOT HUMAN EXPERIMENT RESULTS,1032720,C,1,1301.902690246769,1.0,0,1,typing
SYNTHETIC DEMONSTRATION ONLY - NOT HUMAN EXPERIMENT RESULTS,1032740,C,1,1302.0344281904966,1.0,0,1,typing
SYNTHETIC DEMONSTRATION ONLY - NOT HUMAN EXPERIMENT RESULTS,1032760,C,1,1302.1661372204962,1.0,0,1,typing
SYNTHETIC DEMONSTRATION ONLY - NOT HUMAN EXPERIMENT RESULTS,1032780,C,1,1302.2978154648913,1.0,0,1,typing
SYNTHETIC DEMONSTRATION ONLY - NOT HUMAN EXPERIMENT RESULTS,1032800,C,1,1302.4294610522425,1.0,0,1,typing
SYNTHETIC DEMONSTRATION ONLY - NOT HUMAN EXPERIMENT RESULTS,1032820,C,1,1302.5610721115745,1.0,0,1,typing
SYNTHETIC DEMONSTRATION ONLY - NOT HUMAN EXPERIMENT RESULTS,1032840,C,1,1302.6926467724027,1.0,0,1,typing
SYNTHETIC DEMONSTRATION ONLY - NOT HUMAN EXPERIMENT RESULTS,1032860,C,1,1302.8241831647601,1.0,0,1,typing
SYNTHETIC DEMONSTRATION ONLY - NOT HUMAN EXPERIMENT RESULTS,1032880,C,1,1302.9556794192235,1.0,0,1,typing
SYNTHETIC DEMONSTRATION ONLY - NOT HUMAN EXPERIMENT RESULTS,1032900,C,1,1303.0871336669397,1.0,0,1,typing
SYNTHETIC DEMONSTRATION ONLY - NOT HUMAN EXPERIMENT RESULTS,1032920,C,1,1303.2185440396534,1.0,0,1,typing
SYNTHETIC DEMONSTRATION ONLY - NOT HUMAN EXPERIMENT RESULTS,1032940,C,1,1303.3499086697318,1.0,0,1,typing
SYNTHETIC DEMONSTRATION ONLY - NOT HUMAN EXPERIMENT RESULTS,1032960,C,1,1303.4812256901932,1.0,0,1,typing
SYNTHETIC DEMONSTRATION ONLY - NOT HUMAN EXPERIMENT RESULTS,1032980,C,1,1303.6124932347316,1.0,0,1,typing
SYNTHETIC DEMONSTRATION ONLY - NOT HUMAN EXPERIMENT RESULTS,1033000,C,1,1303.743709437745,1.0,0,1,typing
SYNTHETIC DEMONSTRATION ONLY - NOT HUMAN EXPERIMENT RESULTS,1033020,C,1,1303.8748724343607,1.0,0,1,typing
SYNTHETIC DEMONSTRATION ONLY - NOT HUMAN EXPERIMENT RESULTS,1033040,C,1,1304.0059803604618,1.0,0,1,typing
SYNTHETIC DEMONSTRATION ONLY - NOT HUMAN EXPERIMENT RESULTS,1033060,C,1,1304.1370313527148,1.0,0,1,typing
SYNTHETIC DEMONSTRATION ONLY - NOT HUMAN EXPERIMENT RESULTS,1033080,C,1,1304.2680235485948,1.0,0,1,typing
SYNTHETIC DEMONSTRATION ONLY - NOT HUMAN EXPERIMENT RESULTS,1033100,C,1,1304.398955086413,1.0,0,1,typing
SYNTHETIC DEMONSTRATION ONLY - NOT HUMAN EXPERIMENT RESULTS,1033120,C,1,1304.5298241053424,1.0,0,1,typing
SYNTHETIC DEMONSTRATION ONLY - NOT HUMAN EXPERIMENT RESULTS,1033140,C,1,1304.6606287454445,1.0,0,1,typing
SYNTHETIC DEMONSTRATION ONLY - NOT HUMAN EXPERIMENT RESULTS,1033160,C,1,1304.7913671476956,1.0,0,1,typing
SYNTHETIC DEMONSTRATION ONLY - NOT HUMAN EXPERIMENT RESULTS,1033180,C,1,1304.922037454014,1.0,0,1,typing
SYNTHETIC DEMONSTRATION ONLY - NOT HUMAN EXPERIMENT RESULTS,1033200,C,1,1305.0526378072852,1.0,0,1,typing
SYNTHETIC DEMONSTRATION ONLY - NOT HUMAN EXPERIMENT RESULTS,1033220,C,1,1305.183166351389,1.0,0,1,typing
SYNTHETIC DEMONSTRATION ONLY - NOT HUMAN EXPERIMENT RESULTS,1033240,C,1,1305.313621231226,1.0,0,1,typing
SYNTHETIC DEMONSTRATION ONLY - NOT HUMAN EXPERIMENT RESULTS,1033260,C,1,1305.4440005927436,1.0,0,1,typing
SYNTHETIC DEMONSTRATION ONLY - NOT HUMAN EXPERIMENT RESULTS,1033280,C,1,1305.5743025829624,1.0,0,1,typing
SYNTHETIC DEMONSTRATION ONLY - NOT HUMAN EXPERIMENT RESULTS,1033300,C,1,1305.704525350003,1.0,0,1,typing
SYNTHETIC DEMONSTRATION ONLY - NOT HUMAN EXPERIMENT RESULTS,1033320,C,1,1305.8346670431113,1.0,0,1,typing
SYNTHETIC DEMONSTRATION ONLY - NOT HUMAN EXPERIMENT RESULTS,1033340,C,1,1305.9647258126856,1.0,0,1,typing
SYNTHETIC DEMONSTRATION ONLY - NOT HUMAN EXPERIMENT RESULTS,1033360,C,1,1306.0946998103034,1.0,0,1,typing
SYNTHETIC DEMONSTRATION ONLY - NOT HUMAN EXPERIMENT RESULTS,1033380,C,1,1306.224587188746,1.0,0,1,typing
SYNTHETIC DEMONSTRATION ONLY - NOT HUMAN EXPERIMENT RESULTS,1033400,C,1,1306.3543861020266,1.0,0,1,typing
SYNTHETIC DEMONSTRATION ONLY - NOT HUMAN EXPERIMENT RESULTS,1033420,C,1,1306.4840947054154,1.0,0,1,typing
SYNTHETIC DEMONSTRATION ONLY - NOT HUMAN EXPERIMENT RESULTS,1033440,C,1,1306.6137111554656,1.0,0,1,typing
SYNTHETIC DEMONSTRATION ONLY - NOT HUMAN EXPERIMENT RESULTS,1033460,C,1,1306.743233610041,1.0,0,1,typing
SYNTHETIC DEMONSTRATION ONLY - NOT HUMAN EXPERIMENT RESULTS,1033480,C,1,1306.8726602283407,1.0,0,1,typing
SYNTHETIC DEMONSTRATION ONLY - NOT HUMAN EXPERIMENT RESULTS,1033500,C,1,1307.0019891709255,1.0,0,1,typing
SYNTHETIC DEMONSTRATION ONLY - NOT HUMAN EXPERIMENT RESULTS,1033520,C,1,1307.1312185997456,1.0,0,1,typing
SYNTHETIC DEMONSTRATION ONLY - NOT HUMAN EXPERIMENT RESULTS,1033540,C,1,1307.2603466781643,1.0,0,1,typing
SYNTHETIC DEMONSTRATION ONLY - NOT HUMAN EXPERIMENT RESULTS,1033560,C,1,1307.3893715709858,1.0,0,1,typing
SYNTHETIC DEMONSTRATION ONLY - NOT HUMAN EXPERIMENT RESULTS,1033580,C,1,1307.5182914444808,1.0,0,1,typing
SYNTHETIC DEMONSTRATION ONLY - NOT HUMAN EXPERIMENT RESULTS,1033600,C,1,1307.6471044664129,1.0,0,1,typing
SYNTHETIC DEMONSTRATION ONLY - NOT HUMAN EXPERIMENT RESULTS,1033620,C,1,1307.7758088060634,1.0,0,1,typing
SYNTHETIC DEMONSTRATION ONLY - NOT HUMAN EXPERIMENT RESULTS,1033640,C,1,1307.904402634259,1.0,0,1,typing
SYNTHETIC DEMONSTRATION ONLY - NOT HUMAN EXPERIMENT RESULTS,1033660,C,1,1308.0328841233968,1.0,0,1,typing
SYNTHETIC DEMONSTRATION ONLY - NOT HUMAN EXPERIMENT RESULTS,1033680,C,1,1308.1612514474702,1.0,0,1,typing
SYNTHETIC DEMONSTRATION ONLY - NOT HUMAN EXPERIMENT RESULTS,1033700,C,1,1308.2895027820957,1.0,0,1,typing
SYNTHETIC DEMONSTRATION ONLY - NOT HUMAN EXPERIMENT RESULTS,1033720,C,1,1308.4176363045378,1.0,0,1,typing
SYNTHETIC DEMONSTRATION ONLY - NOT HUMAN EXPERIMENT RESULTS,1033740,C,1,1308.5456501937356,1.0,0,1,typing
SYNTHETIC DEMONSTRATION ONLY - NOT HUMAN EXPERIMENT RESULTS,1033760,C,1,1308.673542630328,1.0,0,1,typing
SYNTHETIC DEMONSTRATION ONLY - NOT HUMAN EXPERIMENT RESULTS,1033780,C,1,1308.8013117966811,1.0,0,1,typing
SYNTHETIC DEMONSTRATION ONLY - NOT HUMAN EXPERIMENT RESULTS,1033800,C,1,1308.9289558769115,1.0,0,1,typing
SYNTHETIC DEMONSTRATION ONLY - NOT HUMAN EXPERIMENT RESULTS,1033820,C,1,1309.056473056915,1.0,0,1,typing
SYNTHETIC DEMONSTRATION ONLY - NOT HUMAN EXPERIMENT RESULTS,1033840,C,1,1309.1838615243894,1.0,0,1,typing
SYNTHETIC DEMONSTRATION ONLY - NOT HUMAN EXPERIMENT RESULTS,1033860,C,1,1309.3111194688631,1.0,0,1,typing
SYNTHETIC DEMONSTRATION ONLY - NOT HUMAN EXPERIMENT RESULTS,1033880,C,1,1309.438245081719,1.0,0,1,typing
SYNTHETIC DEMONSTRATION ONLY - NOT HUMAN EXPERIMENT RESULTS,1033900,C,1,1309.5652365562207,1.0,0,1,typing
SYNTHETIC DEMONSTRATION ONLY - NOT HUMAN EXPERIMENT RESULTS,1033920,C,1,1309.6920920875382,1.0,0,1,typing
SYNTHETIC DEMONSTRATION ONLY - NOT HUMAN EXPERIMENT RESULTS,1033940,C,1,1309.8188098727735,1.0,0,1,typing
SYNTHETIC DEMONSTRATION ONLY - NOT HUMAN EXPERIMENT RESULTS,1033960,C,1,1309.9453881109866,1.0,0,1,typing
SYNTHETIC DEMONSTRATION ONLY - NOT HUMAN EXPERIMENT RESULTS,1033980,C,1,1310.0718250032207,1.0,0,1,typing
SYNTHETIC DEMONSTRATION ONLY - NOT HUMAN EXPERIMENT RESULTS,1034000,C,1,1310.1981187525273,1.0,0,1,typing
SYNTHETIC DEMONSTRATION ONLY - NOT HUMAN EXPERIMENT RESULTS,1034020,C,1,1310.3242675639929,1.0,0,1,typing
SYNTHETIC DEMONSTRATION ONLY - NOT HUMAN EXPERIMENT RESULTS,1034040,C,1,1310.4502696447635,1.0,0,1,typing
SYNTHETIC DEMONSTRATION ONLY - NOT HUMAN EXPERIMENT RESULTS,1034060,C,1,1310.5761232040707,1.0,0,1,typing
SYNTHETIC DEMONSTRATION ONLY - NOT HUMAN EXPERIMENT RESULTS,1034080,C,1,1310.701826453257,1.0,0,1,typing
SYNTHETIC DEMONSTRATION ONLY - NOT HUMAN EXPERIMENT RESULTS,1034100,C,1,1310.8273776058008,1.0,0,1,typing
SYNTHETIC DEMONSTRATION ONLY - NOT HUMAN EXPERIMENT RESULTS,1034120,C,1,1310.9527748773423,1.0,0,1,typing
SYNTHETIC DEMONSTRATION ONLY - NOT HUMAN EXPERIMENT RESULTS,1034140,C,1,1311.0780164857088,1.0,0,1,typing
SYNTHETIC DEMONSTRATION ONLY - NOT HUMAN EXPERIMENT RESULTS,1034160,C,1,1311.2031006509399,1.0,0,1,typing
SYNTHETIC DEMONSTRATION ONLY - NOT HUMAN EXPERIMENT RESULTS,1034180,C,1,1311.3280255953123,1.0,0,1,typing
SYNTHETIC DEMONSTRATION ONLY - NOT HUMAN EXPERIMENT RESULTS,1034200,C,1,1311.4527895433666,1.0,0,1,typing
SYNTHETIC DEMONSTRATION ONLY - NOT HUMAN EXPERIMENT RESULTS,1034220,C,1,1311.5773907219307,1.0,0,1,typing
SYNTHETIC DEMONSTRATION ONLY - NOT HUMAN EXPERIMENT RESULTS,1034240,C,1,1311.701827360146,1.0,0,1,typing
SYNTHETIC DEMONSTRATION ONLY - NOT HUMAN EXPERIMENT RESULTS,1034260,C,1,1311.8260976894924,1.0,0,1,typing
SYNTHETIC DEMONSTRATION ONLY - NOT HUMAN EXPERIMENT RESULTS,1034280,C,1,1311.9501999438135,1.0,0,1,typing
SYNTHETIC DEMONSTRATION ONLY - NOT HUMAN EXPERIMENT RESULTS,1034300,C,1,1312.0741323593415,1.0,0,1,typing
SYNTHETIC DEMONSTRATION ONLY - NOT HUMAN EXPERIMENT RESULTS,1034320,C,1,1312.1978931747228,1.0,0,1,typing
SYNTHETIC DEMONSTRATION ONLY - NOT HUMAN EXPERIMENT RESULTS,1034340,C,1,1312.3214806310418,1.0,0,1,typing
SYNTHETIC DEMONSTRATION ONLY - NOT HUMAN EXPERIMENT RESULTS,1034360,C,1,1312.4448929718474,1.0,0,1,typing
SYNTHETIC DEMONSTRATION ONLY - NOT HUMAN EXPERIMENT RESULTS,1034380,C,1,1312.5681284431769,1.0,0,1,typing
SYNTHETIC DEMONSTRATION ONLY - NOT HUMAN EXPERIMENT RESULTS,1034400,C,1,1312.6911852935816,1.0,0,1,typing
SYNTHETIC DEMONSTRATION ONLY - NOT HUMAN EXPERIMENT RESULTS,1034420,C,1,1312.8140617741515,1.0,0,1,typing
SYNTHETIC DEMONSTRATION ONLY - NOT HUMAN EXPERIMENT RESULTS,1034440,C,1,1312.9367561385395,1.0,0,1,typing
SYNTHETIC DEMONSTRATION ONLY - NOT HUMAN EXPERIMENT RESULTS,1034460,C,1,1313.0592666429873,1.0,0,1,typing
SYNTHETIC DEMONSTRATION ONLY - NOT HUMAN EXPERIMENT RESULTS,1034480,C,1,1313.1815915463492,1.0,0,1,typing
SYNTHETIC DEMONSTRATION ONLY - NOT HUMAN EXPERIMENT RESULTS,1034500,C,1,1313.3037291101177,1.0,0,1,typing
SYNTHETIC DEMONSTRATION ONLY - NOT HUMAN EXPERIMENT RESULTS,1034520,C,1,1313.4256775984477,1.0,0,1,typing
SYNTHETIC DEMONSTRATION ONLY - NOT HUMAN EXPERIMENT RESULTS,1034540,C,1,1313.5474352781812,1.0,0,1,typing
SYNTHETIC DEMONSTRATION ONLY - NOT HUMAN EXPERIMENT RESULTS,1034560,C,1,1313.669000418872,1.0,0,1,typing
SYNTHETIC DEMONSTRATION ONLY - NOT HUMAN EXPERIMENT RESULTS,1034580,C,1,1313.7903712928105,1.0,0,1,typing
SYNTHETIC DEMONSTRATION ONLY - NOT HUMAN EXPERIMENT RESULTS,1034600,C,1,1313.911546175048,1.0,0,1,typing
SYNTHETIC DEMONSTRATION ONLY - NOT HUMAN EXPERIMENT RESULTS,1034620,C,1,1314.032523343421,1.0,0,1,typing
SYNTHETIC DEMONSTRATION ONLY - NOT HUMAN EXPERIMENT RESULTS,1034640,C,1,1314.153301078576,1.0,0,1,typing
SYNTHETIC DEMONSTRATION ONLY - NOT HUMAN EXPERIMENT RESULTS,1034660,C,1,1314.2738776639947,1.0,0,1,typing
SYNTHETIC DEMONSTRATION ONLY - NOT HUMAN EXPERIMENT RESULTS,1034680,C,1,1314.394251386016,1.0,0,1,typing
SYNTHETIC DEMONSTRATION ONLY - NOT HUMAN EXPERIMENT RESULTS,1034700,C,1,1314.5144205338638,1.0,0,1,typing
SYNTHETIC DEMONSTRATION ONLY - NOT HUMAN EXPERIMENT RESULTS,1034720,C,1,1314.6343833996677,1.0,0,1,typing
SYNTHETIC DEMONSTRATION ONLY - NOT HUMAN EXPERIMENT RESULTS,1034740,C,1,1314.7541382784905,1.0,0,1,typing
SYNTHETIC DEMONSTRATION ONLY - NOT HUMAN EXPERIMENT RESULTS,1034760,C,1,1314.8736834683498,1.0,0,1,typing
SYNTHETIC DEMONSTRATION ONLY - NOT HUMAN EXPERIMENT RESULTS,1034780,C,1,1314.9930172702443,1.0,0,1,typing
SYNTHETIC DEMONSTRATION ONLY - NOT HUMAN EXPERIMENT RESULTS,1034800,C,1,1315.112137988176,1.0,0,1,typing
SYNTHETIC DEMONSTRATION ONLY - NOT HUMAN EXPERIMENT RESULTS,1034820,C,1,1315.2310439291762,1.0,0,1,typing
SYNTHETIC DEMONSTRATION ONLY - NOT HUMAN EXPERIMENT RESULTS,1034840,C,1,1315.3497334033282,1.0,0,1,typing
SYNTHETIC DEMONSTRATION ONLY - NOT HUMAN EXPERIMENT RESULTS,1034860,C,1,1315.4682047237916,1.0,0,1,typing
SYNTHETIC DEMONSTRATION ONLY - NOT HUMAN EXPERIMENT RESULTS,1034880,C,1,1315.5864562068273,1.0,0,1,typing
SYNTHETIC DEMONSTRATION ONLY - NOT HUMAN EXPERIMENT RESULTS,1034900,C,1,1315.7044861718193,1.0,0,1,typing
SYNTHETIC DEMONSTRATION ONLY - NOT HUMAN EXPERIMENT RESULTS,1034920,C,1,1315.822292941301,1.0,0,1,typing
SYNTHETIC DEMONSTRATION ONLY - NOT HUMAN EXPERIMENT RESULTS,1034940,C,1,1315.9398748409772,1.0,0,1,typing
SYNTHETIC DEMONSTRATION ONLY - NOT HUMAN EXPERIMENT RESULTS,1034960,C,1,1316.0572301997488,1.0,0,1,typing
SYNTHETIC DEMONSTRATION ONLY - NOT HUMAN EXPERIMENT RESULTS,1034980,C,1,1316.1743573497365,1.0,0,1,typing
SYNTHETIC DEMONSTRATION ONLY - NOT HUMAN EXPERIMENT RESULTS,1035000,C,1,1316.2912546263044,1.0,0,1,typing
SYNTHETIC DEMONSTRATION ONLY - NOT HUMAN EXPERIMENT RESULTS,1035020,C,1,1316.4079203680833,1.0,0,1,typing
SYNTHETIC DEMONSTRATION ONLY - NOT HUMAN EXPERIMENT RESULTS,1035040,C,1,1316.5243529169948,1.0,0,1,typing
SYNTHETIC DEMONSTRATION ONLY - NOT HUMAN EXPERIMENT RESULTS,1035060,C,1,1316.6405506182743,1.0,0,1,typing
SYNTHETIC DEMONSTRATION ONLY - NOT HUMAN EXPERIMENT RESULTS,1035080,C,1,1316.7565118204957,1.0,0,1,typing
SYNTHETIC DEMONSTRATION ONLY - NOT HUMAN EXPERIMENT RESULTS,1035100,C,1,1316.8722348755937,1.0,0,1,typing
SYNTHETIC DEMONSTRATION ONLY - NOT HUMAN EXPERIMENT RESULTS,1035120,C,1,1316.9877181388872,1.0,0,1,typing
SYNTHETIC DEMONSTRATION ONLY - NOT HUMAN EXPERIMENT RESULTS,1035140,C,1,1317.1029599691035,1.0,0,1,typing
SYNTHETIC DEMONSTRATION ONLY - NOT HUMAN EXPERIMENT RESULTS,1035160,C,1,1317.217958728401,1.0,0,1,typing
SYNTHETIC DEMONSTRATION ONLY - NOT HUMAN EXPERIMENT RESULTS,1035180,C,1,1317.3327127823932,1.0,0,1,typing
SYNTHETIC DEMONSTRATION ONLY - NOT HUMAN EXPERIMENT RESULTS,1035200,C,1,1317.4472205001707,1.0,0,1,typing
SYNTHETIC DEMONSTRATION ONLY - NOT HUMAN EXPERIMENT RESULTS,1035220,C,1,1317.5614802543253,1.0,0,1,typing
SYNTHETIC DEMONSTRATION ONLY - NOT HUMAN EXPERIMENT RESULTS,1035240,C,1,1317.6754904209731,1.0,0,1,typing
SYNTHETIC DEMONSTRATION ONLY - NOT HUMAN EXPERIMENT RESULTS,1035260,C,1,1317.7892493797772,1.0,0,1,typing
SYNTHETIC DEMONSTRATION ONLY - NOT HUMAN EXPERIMENT RESULTS,1035280,C,1,1317.902755513971,1.0,0,1,typing
SYNTHETIC DEMONSTRATION ONLY - NOT HUMAN EXPERIMENT RESULTS,1035300,C,1,1318.016007210381,1.0,0,1,typing
SYNTHETIC DEMONSTRATION ONLY - NOT HUMAN EXPERIMENT RESULTS,1035320,C,1,1318.12900285945,1.0,0,1,typing
SYNTHETIC DEMONSTRATION ONLY - NOT HUMAN EXPERIMENT RESULTS,1035340,C,1,1318.2417408552599,1.0,0,1,typing
SYNTHETIC DEMONSTRATION ONLY - NOT HUMAN EXPERIMENT RESULTS,1035360,C,1,1318.354219595554,1.0,0,1,typing
SYNTHETIC DEMONSTRATION ONLY - NOT HUMAN EXPERIMENT RESULTS,1035380,C,1,1318.4664374817605,1.0,0,1,typing
SYNTHETIC DEMONSTRATION ONLY - NOT HUMAN EXPERIMENT RESULTS,1035400,C,1,1318.5783929190147,1.0,0,1,typing
SYNTHETIC DEMONSTRATION ONLY - NOT HUMAN EXPERIMENT RESULTS,1035420,C,1,1318.6900843161825,1.0,0,1,typing
SYNTHETIC DEMONSTRATION ONLY - NOT HUMAN EXPERIMENT RESULTS,1035440,C,1,1318.801510085881,1.0,0,1,typing
SYNTHETIC DEMONSTRATION ONLY - NOT HUMAN EXPERIMENT RESULTS,1035460,C,1,1318.9126686445045,1.0,0,1,typing
SYNTHETIC DEMONSTRATION ONLY - NOT HUMAN EXPERIMENT RESULTS,1035480,C,1,1319.0235584122431,1.0,0,1,typing
SYNTHETIC DEMONSTRATION ONLY - NOT HUMAN EXPERIMENT RESULTS,1035500,C,1,1319.1341778131077,1.0,0,1,typing
SYNTHETIC DEMONSTRATION ONLY - NOT HUMAN EXPERIMENT RESULTS,1035520,C,1,1319.2445252749521,1.0,0,1,typing
SYNTHETIC DEMONSTRATION ONLY - NOT HUMAN EXPERIMENT RESULTS,1035540,C,1,1319.3545992294946,1.0,0,1,typing
SYNTHETIC DEMONSTRATION ONLY - NOT HUMAN EXPERIMENT RESULTS,1035560,C,1,1319.4643981123404,1.0,0,1,typing
SYNTHETIC DEMONSTRATION ONLY - NOT HUMAN EXPERIMENT RESULTS,1035580,C,1,1319.5739203630044,1.0,0,1,typing
SYNTHETIC DEMONSTRATION ONLY - NOT HUMAN EXPERIMENT RESULTS,1035600,C,1,1319.6831644249332,1.0,0,1,typing
SYNTHETIC DEMONSTRATION ONLY - NOT HUMAN EXPERIMENT RESULTS,1035620,C,1,1319.7921287455267,1.0,0,1,typing
SYNTHETIC DEMONSTRATION ONLY - NOT HUMAN EXPERIMENT RESULTS,1035640,C,1,1319.900811776161,1.0,0,1,typing
SYNTHETIC DEMONSTRATION ONLY - NOT HUMAN EXPERIMENT RESULTS,1035660,C,1,1320.009211972209,1.0,0,1,typing
SYNTHETIC DEMONSTRATION ONLY - NOT HUMAN EXPERIMENT RESULTS,1035680,C,1,1320.1173277930645,1.0,0,1,typing
SYNTHETIC DEMONSTRATION ONLY - NOT HUMAN EXPERIMENT RESULTS,1035700,C,1,1320.2251577021623,1.0,0,1,typing
SYNTHETIC DEMONSTRATION ONLY - NOT HUMAN EXPERIMENT RESULTS,1035720,C,1,1320.3327001670007,1.0,0,1,typing
SYNTHETIC DEMONSTRATION ONLY - NOT HUMAN EXPERIMENT RESULTS,1035740,C,1,1320.4399536591632,1.0,0,1,typing
SYNTHETIC DEMONSTRATION ONLY - NOT HUMAN EXPERIMENT RESULTS,1035760,C,1,1320.54691665434,1.0,0,1,typing
SYNTHETIC DEMONSTRATION ONLY - NOT HUMAN EXPERIMENT RESULTS,1035780,C,1,1320.6535876323508,1.0,0,1,typing
SYNTHETIC DEMONSTRATION ONLY - NOT HUMAN EXPERIMENT RESULTS,1035800,C,1,1320.7599650771645,1.0,0,1,typing
SYNTHETIC DEMONSTRATION ONLY - NOT HUMAN EXPERIMENT RESULTS,1035820,C,1,1320.866047476922,1.0,0,1,typing
SYNTHETIC DEMONSTRATION ONLY - NOT HUMAN EXPERIMENT RESULTS,1035840,C,1,1320.9718333239578,1.0,0,1,typing
SYNTHETIC DEMONSTRATION ONLY - NOT HUMAN EXPERIMENT RESULTS,1035860,C,1,1321.0773211148205,1.0,0,1,typing
SYNTHETIC DEMONSTRATION ONLY - NOT HUMAN EXPERIMENT RESULTS,1035880,C,1,1321.1825093502957,1.0,0,1,typing
SYNTHETIC DEMONSTRATION ONLY - NOT HUMAN EXPERIMENT RESULTS,1035900,C,1,1321.2873965354254,1.0,0,1,typing
SYNTHETIC DEMONSTRATION ONLY - NOT HUMAN EXPERIMENT RESULTS,1035920,C,1,1321.3919811795306,1.0,0,1,typing
SYNTHETIC DEMONSTRATION ONLY - NOT HUMAN EXPERIMENT RESULTS,1035940,C,1,1321.496261796232,1.0,0,1,typing
SYNTHETIC DEMONSTRATION ONLY - NOT HUMAN EXPERIMENT RESULTS,1035960,C,1,1321.6002369034711,1.0,0,1,typing
SYNTHETIC DEMONSTRATION ONLY - NOT HUMAN EXPERIMENT RESULTS,1035980,C,1,1321.7039050235317,1.0,0,1,typing
SYNTHETIC DEMONSTRATION ONLY - NOT HUMAN EXPERIMENT RESULTS,1036000,C,1,1321.8072646830599,1.0,0,1,typing
SYNTHETIC DEMONSTRATION ONLY - NOT HUMAN EXPERIMENT RESULTS,1036020,C,1,1321.9103144130868,1.0,0,1,typing
SYNTHETIC DEMONSTRATION ONLY - NOT HUMAN EXPERIMENT RESULTS,1036040,C,1,1322.0130527490471,1.0,0,1,typing
SYNTHETIC DEMONSTRATION ONLY - NOT HUMAN EXPERIMENT RESULTS,1036060,C,1,1322.1154782308017,1.0,0,1,typing
SYNTHETIC DEMONSTRATION ONLY - NOT HUMAN EXPERIMENT RESULTS,1036080,C,1,1322.2175894026582,1.0,0,1,typing
SYNTHETIC DEMONSTRATION ONLY - NOT HUMAN EXPERIMENT RESULTS,1036100,C,1,1322.3193848133903,1.0,0,1,typing
SYNTHETIC DEMONSTRATION ONLY - NOT HUMAN EXPERIMENT RESULTS,1036120,C,1,1322.4208630162605,1.0,0,1,typing
SYNTHETIC DEMONSTRATION ONLY - NOT HUMAN EXPERIMENT RESULTS,1036140,C,1,1322.5220225690382,1.0,0,1,typing
SYNTHETIC DEMONSTRATION ONLY - NOT HUMAN EXPERIMENT RESULTS,1036160,C,1,1322.6228620340225,1.0,0,1,typing
SYNTHETIC DEMONSTRATION ONLY - NOT HUMAN EXPERIMENT RESULTS,1036180,C,1,1322.7233799780618,1.0,0,1,typing
SYNTHETIC DEMONSTRATION ONLY - NOT HUMAN EXPERIMENT RESULTS,1036200,C,1,1322.8235749725732,1.0,0,1,typing
SYNTHETIC DEMONSTRATION ONLY - NOT HUMAN EXPERIMENT RESULTS,1036220,C,1,1322.9234455935639,1.0,0,1,typing
SYNTHETIC DEMONSTRATION ONLY - NOT HUMAN EXPERIMENT RESULTS,1036240,C,1,1323.0229904216517,1.0,0,1,typing
SYNTHETIC DEMONSTRATION ONLY - NOT HUMAN EXPERIMENT RESULTS,1036260,C,1,1323.1222080420841,1.0,0,1,typing
SYNTHETIC DEMONSTRATION ONLY - NOT HUMAN EXPERIMENT RESULTS,1036280,C,1,1323.2210970447593,1.0,0,1,typing
SYNTHETIC DEMONSTRATION ONLY - NOT HUMAN EXPERIMENT RESULTS,1036300,C,1,1323.3196560242452,1.0,0,1,typing
SYNTHETIC DEMONSTRATION ONLY - NOT HUMAN EXPERIMENT RESULTS,1036320,C,1,1323.417883579801,1.0,0,1,typing
SYNTHETIC DEMONSTRATION ONLY - NOT HUMAN EXPERIMENT RESULTS,1036340,C,1,1323.5157783153952,1.0,0,1,typing
SYNTHETIC DEMONSTRATION ONLY - NOT HUMAN EXPERIMENT RESULTS,1036360,C,1,1323.6133388397275,1.0,0,1,typing
SYNTHETIC DEMONSTRATION ONLY - NOT HUMAN EXPERIMENT RESULTS,1036380,C,1,1323.7105637662467,1.0,0,1,typing
SYNTHETIC DEMONSTRATION ONLY - NOT HUMAN EXPERIMENT RESULTS,1036400,C,1,1323.807451713171,1.0,0,1,typing
SYNTHETIC DEMONSTRATION ONLY - NOT HUMAN EXPERIMENT RESULTS,1036420,C,1,1323.9040013035087,1.0,0,1,typing
SYNTHETIC DEMONSTRATION ONLY - NOT HUMAN EXPERIMENT RESULTS,1036440,C,1,1324.0002111650765,1.0,0,1,typing
SYNTHETIC DEMONSTRATION ONLY - NOT HUMAN EXPERIMENT RESULTS,1036460,C,1,1324.0960799305187,1.0,0,1,typing
SYNTHETIC DEMONSTRATION ONLY - NOT HUMAN EXPERIMENT RESULTS,1036480,C,1,1324.1916062373284,1.0,0,1,typing
SYNTHETIC DEMONSTRATION ONLY - NOT HUMAN EXPERIMENT RESULTS,1036500,C,1,1324.2867887278653,1.0,0,1,typing
SYNTHETIC DEMONSTRATION ONLY - NOT HUMAN EXPERIMENT RESULTS,1036520,C,1,1324.3816260493754,1.0,0,1,typing
SYNTHETIC DEMONSTRATION ONLY - NOT HUMAN EXPERIMENT RESULTS,1036540,C,1,1324.4761168540106,1.0,0,1,typing
SYNTHETIC DEMONSTRATION ONLY - NOT HUMAN EXPERIMENT RESULTS,1036560,C,1,1324.570259798847,1.0,0,1,typing
SYNTHETIC DEMONSTRATION ONLY - NOT HUMAN EXPERIMENT RESULTS,1036580,C,1,1324.6640535459055,1.0,0,1,typing
SYNTHETIC DEMONSTRATION ONLY - NOT HUMAN EXPERIMENT RESULTS,1036600,C,1,1324.757496762169,1.0,0,1,typing
SYNTHETIC DEMONSTRATION ONLY - NOT HUMAN EXPERIMENT RESULTS,1036620,C,1,1324.8505881196027,1.0,0,1,typing
SYNTHETIC DEMONSTRATION ONLY - NOT HUMAN EXPERIMENT RESULTS,1036640,C,1,1324.9433262951723,1.0,0,1,typing
SYNTHETIC DEMONSTRATION ONLY - NOT HUMAN EXPERIMENT RESULTS,1036660,C,1,1325.035709970863,1.0,0,1,typing
SYNTHETIC DEMONSTRATION ONLY - NOT HUMAN EXPERIMENT RESULTS,1036680,C,1,1325.1277378336983,1.0,0,1,typing
SYNTHETIC DEMONSTRATION ONLY - NOT HUMAN EXPERIMENT RESULTS,1036700,C,1,1325.2194085757587,1.0,0,1,typing
SYNTHETIC DEMONSTRATION ONLY - NOT HUMAN EXPERIMENT RESULTS,1036720,C,1,1325.3107208942,1.0,0,1,typing
SYNTHETIC DEMONSTRATION ONLY - NOT HUMAN EXPERIMENT RESULTS,1036740,C,1,1325.4016734912718,1.0,0,1,typing
SYNTHETIC DEMONSTRATION ONLY - NOT HUMAN EXPERIMENT RESULTS,1036760,C,1,1325.4922650743367,1.0,0,1,typing
SYNTHETIC DEMONSTRATION ONLY - NOT HUMAN EXPERIMENT RESULTS,1036780,C,1,1325.5824943558875,1.0,0,1,typing
SYNTHETIC DEMONSTRATION ONLY - NOT HUMAN EXPERIMENT RESULTS,1036800,C,1,1325.6723600535668,1.0,0,1,typing
SYNTHETIC DEMONSTRATION ONLY - NOT HUMAN EXPERIMENT RESULTS,1036820,C,1,1325.7618608901835,1.0,0,1,typing
SYNTHETIC DEMONSTRATION ONLY - NOT HUMAN EXPERIMENT RESULTS,1036840,C,1,1325.8509955937332,1.0,0,1,typing
SYNTHETIC DEMONSTRATION ONLY - NOT HUMAN EXPERIMENT RESULTS,1036860,C,1,1325.939762897414,1.0,0,1,typing
SYNTHETIC DEMONSTRATION ONLY - NOT HUMAN EXPERIMENT RESULTS,1036880,C,1,1326.0281615396464,1.0,0,1,typing
SYNTHETIC DEMONSTRATION ONLY - NOT HUMAN EXPERIMENT RESULTS,1036900,C,1,1326.1161902640897,1.0,0,1,typing
SYNTHETIC DEMONSTRATION ONLY - NOT HUMAN EXPERIMENT RESULTS,1036920,C,1,1326.203847819661,1.0,0,1,typing
SYNTHETIC DEMONSTRATION ONLY - NOT HUMAN EXPERIMENT RESULTS,1036940,C,1,1326.2911329605527,1.0,0,1,typing
SYNTHETIC DEMONSTRATION ONLY - NOT HUMAN EXPERIMENT RESULTS,1036960,C,1,1326.378044446249,1.0,0,1,typing
SYNTHETIC DEMONSTRATION ONLY - NOT HUMAN EXPERIMENT RESULTS,1036980,C,1,1326.4645810415461,1.0,0,1,typing
SYNTHETIC DEMONSTRATION ONLY - NOT HUMAN EXPERIMENT RESULTS,1037000,C,1,1326.550741516567,1.0,0,1,typing
SYNTHETIC DEMONSTRATION ONLY - NOT HUMAN EXPERIMENT RESULTS,1037020,C,1,1326.636524646781,1.0,0,1,typing
SYNTHETIC DEMONSTRATION ONLY - NOT HUMAN EXPERIMENT RESULTS,1037040,C,1,1326.7219292130194,1.0,0,1,typing
SYNTHETIC DEMONSTRATION ONLY - NOT HUMAN EXPERIMENT RESULTS,1037060,C,1,1326.8069540014947,1.0,0,1,typing
SYNTHETIC DEMONSTRATION ONLY - NOT HUMAN EXPERIMENT RESULTS,1037080,C,1,1326.8915978038162,1.0,0,1,typing
SYNTHETIC DEMONSTRATION ONLY - NOT HUMAN EXPERIMENT RESULTS,1037100,C,1,1326.9758594170082,1.0,0,1,typing
SYNTHETIC DEMONSTRATION ONLY - NOT HUMAN EXPERIMENT RESULTS,1037120,C,1,1327.0597376435267,1.0,0,1,typing
SYNTHETIC DEMONSTRATION ONLY - NOT HUMAN EXPERIMENT RESULTS,1037140,C,1,1327.1432312912764,1.0,0,1,typing
SYNTHETIC DEMONSTRATION ONLY - NOT HUMAN EXPERIMENT RESULTS,1037160,C,1,1327.2263391736278,1.0,0,1,typing
SYNTHETIC DEMONSTRATION ONLY - NOT HUMAN EXPERIMENT RESULTS,1037180,C,1,1327.309060109434,1.0,0,1,typing
SYNTHETIC DEMONSTRATION ONLY - NOT HUMAN EXPERIMENT RESULTS,1037200,C,1,1327.391392923047,1.0,0,1,typing
SYNTHETIC DEMONSTRATION ONLY - NOT HUMAN EXPERIMENT RESULTS,1037220,C,1,1327.473336444336,1.0,0,1,typing
SYNTHETIC DEMONSTRATION ONLY - NOT HUMAN EXPERIMENT RESULTS,1037240,C,1,1327.5548895087015,1.0,0,1,typing
SYNTHETIC DEMONSTRATION ONLY - NOT HUMAN EXPERIMENT RESULTS,1037260,C,1,1327.636050957094,1.0,0,1,typing
SYNTHETIC DEMONSTRATION ONLY - NOT HUMAN EXPERIMENT RESULTS,1037280,C,1,1327.7168196360303,1.0,0,1,typing
SYNTHETIC DEMONSTRATION ONLY - NOT HUMAN EXPERIMENT RESULTS,1037300,C,1,1327.7971943976079,1.0,0,1,typing
SYNTHETIC DEMONSTRATION ONLY - NOT HUMAN EXPERIMENT RESULTS,1037320,C,1,1327.877174099524,1.0,0,1,typing
SYNTHETIC DEMONSTRATION ONLY - NOT HUMAN EXPERIMENT RESULTS,1037340,C,1,1327.95675760509,1.0,0,1,typing
SYNTHETIC DEMONSTRATION ONLY - NOT HUMAN EXPERIMENT RESULTS,1037360,C,1,1328.0359437832476,1.0,0,1,typing
SYNTHETIC DEMONSTRATION ONLY - NOT HUMAN EXPERIMENT RESULTS,1037380,C,1,1328.1147315085868,1.0,0,1,typing
SYNTHETIC DEMONSTRATION ONLY - NOT HUMAN EXPERIMENT RESULTS,1037400,C,1,1328.1931196613589,1.0,0,1,typing
SYNTHETIC DEMONSTRATION ONLY - NOT HUMAN EXPERIMENT RESULTS,1037420,C,1,1328.271107127495,1.0,0,1,typing
SYNTHETIC DEMONSTRATION ONLY - NOT HUMAN EXPERIMENT RESULTS,1037440,C,1,1328.3486927986205,1.0,0,1,typing
SYNTHETIC DEMONSTRATION ONLY - NOT HUMAN EXPERIMENT RESULTS,1037460,C,1,1328.4258755720716,1.0,0,1,typing
SYNTHETIC DEMONSTRATION ONLY - NOT HUMAN EXPERIMENT RESULTS,1037480,C,1,1328.5026543509098,1.0,0,1,typing
SYNTHETIC DEMONSTRATION ONLY - NOT HUMAN EXPERIMENT RESULTS,1037500,C,1,1328.579028043939,1.0,0,1,typing
SYNTHETIC DEMONSTRATION ONLY - NOT HUMAN EXPERIMENT RESULTS,1037520,C,1,1328.6549955657197,1.0,0,1,typing
SYNTHETIC DEMONSTRATION ONLY - NOT HUMAN EXPERIMENT RESULTS,1037540,C,1,1328.7305558365856,1.0,0,1,typing
SYNTHETIC DEMONSTRATION ONLY - NOT HUMAN EXPERIMENT RESULTS,1037560,C,1,1328.8057077826577,1.0,0,1,typing
SYNTHETIC DEMONSTRATION ONLY - NOT HUMAN EXPERIMENT RESULTS,1037580,C,1,1328.8804503358608,1.0,0,1,typing
SYNTHETIC DEMONSTRATION ONLY - NOT HUMAN EXPERIMENT RESULTS,1037600,C,1,1328.9547824339375,1.0,0,1,typing
SYNTHETIC DEMONSTRATION ONLY - NOT HUMAN EXPERIMENT RESULTS,1037620,C,1,1329.028703020464,1.0,0,1,typing
SYNTHETIC DEMONSTRATION ONLY - NOT HUMAN EXPERIMENT RESULTS,1037640,C,1,1329.1022110448657,1.0,0,1,typing
SYNTHETIC DEMONSTRATION ONLY - NOT HUMAN EXPERIMENT RESULTS,1037660,C,1,1329.1753054624305,1.0,0,1,typing
SYNTHETIC DEMONSTRATION ONLY - NOT HUMAN EXPERIMENT RESULTS,1037680,C,1,1329.2479852343251,1.0,0,1,typing
SYNTHETIC DEMONSTRATION ONLY - NOT HUMAN EXPERIMENT RESULTS,1037700,C,1,1329.3202493276087,1.0,0,1,typing
SYNTHETIC DEMONSTRATION ONLY - NOT HUMAN EXPERIMENT RESULTS,1037720,C,1,1329.392096715249,1.0,0,1,typing
SYNTHETIC DEMONSTRATION ONLY - NOT HUMAN EXPERIMENT RESULTS,1037740,C,1,1329.4635263761354,1.0,0,1,typing
SYNTHETIC DEMONSTRATION ONLY - NOT HUMAN EXPERIMENT RESULTS,1037760,C,1,1329.5345372950942,1.0,0,1,typing
SYNTHETIC DEMONSTRATION ONLY - NOT HUMAN EXPERIMENT RESULTS,1037780,C,1,1329.6051284629034,1.0,0,1,typing
SYNTHETIC DEMONSTRATION ONLY - NOT HUMAN EXPERIMENT RESULTS,1037800,C,1,1329.6752988763058,1.0,0,1,typing
SYNTHETIC DEMONSTRATION ONLY - NOT HUMAN EXPERIMENT RESULTS,1037820,C,1,1329.745047538025,1.0,0,1,typing
SYNTHETIC DEMONSTRATION ONLY - NOT HUMAN EXPERIMENT RESULTS,1037840,C,1,1329.8143734567775,1.0,0,1,typing
SYNTHETIC DEMONSTRATION ONLY - NOT HUMAN EXPERIMENT RESULTS,1037860,C,1,1329.883275647289,1.0,0,1,typing
SYNTHETIC DEMONSTRATION ONLY - NOT HUMAN EXPERIMENT RESULTS,1037880,C,1,1329.951753130307,1.0,0,1,typing
SYNTHETIC DEMONSTRATION ONLY - NOT HUMAN EXPERIMENT RESULTS,1037900,C,1,1330.0198049326145,1.0,0,1,typing
SYNTHETIC DEMONSTRATION ONLY - NOT HUMAN EXPERIMENT RESULTS,1037920,C,1,1330.087430087045,1.0,0,1,typing
SYNTHETIC DEMONSTRATION ONLY - NOT HUMAN EXPERIMENT RESULTS,1037940,C,1,1330.1546276324952,1.0,0,1,typing
SYNTHETIC DEMONSTRATION ONLY - NOT HUMAN EXPERIMENT RESULTS,1037960,C,1,1330.2213966139393,1.0,0,1,typing
SYNTHETIC DEMONSTRATION ONLY - NOT HUMAN EXPERIMENT RESULTS,1037980,C,1,1330.2877360824423,1.0,0,1,typing
SYNTHETIC DEMONSTRATION ONLY - NOT HUMAN EXPERIMENT RESULTS,1038000,C,1,1330.3536450951735,1.0,0,1,typing
SYNTHETIC DEMONSTRATION ONLY - NOT HUMAN EXPERIMENT RESULTS,1038020,C,1,1330.4191227154201,1.0,0,1,typing
SYNTHETIC DEMONSTRATION ONLY - NOT HUMAN EXPERIMENT RESULTS,1038040,C,1,1330.4841680125999,1.0,0,1,typing
SYNTHETIC DEMONSTRATION ONLY - NOT HUMAN EXPERIMENT RESULTS,1038060,C,1,1330.5487800622755,1.0,0,1,typing
SYNTHETIC DEMONSTRATION ONLY - NOT HUMAN EXPERIMENT RESULTS,1038080,C,1,1330.6129579461663,1.0,0,1,typing
SYNTHETIC DEMONSTRATION ONLY - NOT HUMAN EXPERIMENT RESULTS,1038100,C,1,1330.6767007521628,1.0,0,1,typing
SYNTHETIC DEMONSTRATION ONLY - NOT HUMAN EXPERIMENT RESULTS,1038120,C,1,1330.7400075743385,1.0,0,1,typing
SYNTHETIC DEMONSTRATION ONLY - NOT HUMAN EXPERIMENT RESULTS,1038140,C,1,1330.8028775129635,1.0,0,1,typing
SYNTHETIC DEMONSTRATION ONLY - NOT HUMAN EXPERIMENT RESULTS,1038160,C,1,1330.8653096745168,1.0,0,1,typing
SYNTHETIC DEMONSTRATION ONLY - NOT HUMAN EXPERIMENT RESULTS,1038180,C,1,1330.9273031716991,1.0,0,1,typing
SYNTHETIC DEMONSTRATION ONLY - NOT HUMAN EXPERIMENT RESULTS,1038200,C,1,1330.9888571234455,1.0,0,1,typing
SYNTHETIC DEMONSTRATION ONLY - NOT HUMAN EXPERIMENT RESULTS,1038220,C,1,1331.049970654938,1.0,0,1,typing
SYNTHETIC DEMONSTRATION ONLY - NOT HUMAN EXPERIMENT RESULTS,1038240,C,1,1331.1106428976186,1.0,0,1,typing
SYNTHETIC DEMONSTRATION ONLY - NOT HUMAN EXPERIMENT RESULTS,1038260,C,1,1331.1708729891998,1.0,0,1,typing
SYNTHETIC DEMONSTRATION ONLY - NOT HUMAN EXPERIMENT RESULTS,1038280,C,1,1331.230660073679,1.0,0,1,typing
SYNTHETIC DEMONSTRATION ONLY - NOT HUMAN EXPERIMENT RESULTS,1038300,C,1,1331.2900033013493,1.0,0,1,typing
SYNTHETIC DEMONSTRATION ONLY - NOT HUMAN EXPERIMENT RESULTS,1038320,C,1,1331.3489018288121,1.0,0,1,typing
SYNTHETIC DEMONSTRATION ONLY - NOT HUMAN EXPERIMENT RESULTS,1038340,C,1,1331.407354818989,1.0,0,1,typing
SYNTHETIC DEMONSTRATION ONLY - NOT HUMAN EXPERIMENT RESULTS,1038360,C,1,1331.4653614411334,1.0,0,1,typing
SYNTHETIC DEMONSTRATION ONLY - NOT HUMAN EXPERIMENT RESULTS,1038380,C,1,1331.522920870843,1.0,0,1,typing
SYNTHETIC DEMONSTRATION ONLY - NOT HUMAN EXPERIMENT RESULTS,1038400,C,1,1331.5800322900711,1.0,0,1,typing
SYNTHETIC DEMONSTRATION ONLY - NOT HUMAN EXPERIMENT RESULTS,1038420,C,1,1331.6366948871378,1.0,0,1,typing
SYNTHETIC DEMONSTRATION ONLY - NOT HUMAN EXPERIMENT RESULTS,1038440,C,1,1331.6929078567418,1.0,0,1,typing
SYNTHETIC DEMONSTRATION ONLY - NOT HUMAN EXPERIMENT RESULTS,1038460,C,1,1331.7486703999732,1.0,0,1,typing
SYNTHETIC DEMONSTRATION ONLY - NOT HUMAN EXPERIMENT RESULTS,1038480,C,1,1331.803981724322,1.0,0,1,typing
SYNTHETIC DEMONSTRATION ONLY - NOT HUMAN EXPERIMENT RESULTS,1038500,C,1,1331.8588410436923,1.0,0,1,typing
SYNTHETIC DEMONSTRATION ONLY - NOT HUMAN EXPERIMENT RESULTS,1038520,C,1,1331.9132475784118,1.0,0,1,typing
SYNTHETIC DEMONSTRATION ONLY - NOT HUMAN EXPERIMENT RESULTS,1038540,C,1,1331.967200555243,1.0,0,1,typing
SYNTHETIC DEMONSTRATION ONLY - NOT HUMAN EXPERIMENT RESULTS,1038560,C,1,1332.0206992073947,1.0,0,1,typing
SYNTHETIC DEMONSTRATION ONLY - NOT HUMAN EXPERIMENT RESULTS,1038580,C,1,1332.0737427745328,1.0,0,1,typing
SYNTHETIC DEMONSTRATION ONLY - NOT HUMAN EXPERIMENT RESULTS,1038600,C,1,1332.1263305027906,1.0,0,1,typing
SYNTHETIC DEMONSTRATION ONLY - NOT HUMAN EXPERIMENT RESULTS,1038620,C,1,1332.17846164478,1.0,0,1,typing
SYNTHETIC DEMONSTRATION ONLY - NOT HUMAN EXPERIMENT RESULTS,1038640,C,1,1332.2301354596025,1.0,0,1,typing
SYNTHETIC DEMONSTRATION ONLY - NOT HUMAN EXPERIMENT RESULTS,1038660,C,1,1332.2813512128582,1.0,0,1,typing
SYNTHETIC DEMONSTRATION ONLY - NOT HUMAN EXPERIMENT RESULTS,1038680,C,1,1332.3321081766585,1.0,0,1,typing
SYNTHETIC DEMONSTRATION ONLY - NOT HUMAN EXPERIMENT RESULTS,1038700,C,1,1332.3824056296341,1.0,0,1,typing
SYNTHETIC DEMONSTRATION ONLY - NOT HUMAN EXPERIMENT RESULTS,1038720,C,1,1332.4322428569474,1.0,0,1,typing
SYNTHETIC DEMONSTRATION ONLY - NOT HUMAN EXPERIMENT RESULTS,1038740,C,1,1332.4816191503005,1.0,0,1,typing
SYNTHETIC DEMONSTRATION ONLY - NOT HUMAN EXPERIMENT RESULTS,1038760,C,1,1332.5305338079474,1.0,0,1,typing
SYNTHETIC DEMONSTRATION ONLY - NOT HUMAN EXPERIMENT RESULTS,1038780,C,1,1332.5789861347023,1.0,0,1,typing
SYNTHETIC DEMONSTRATION ONLY - NOT HUMAN EXPERIMENT RESULTS,1038800,C,1,1332.6269754419504,1.0,0,1,typing
SYNTHETIC DEMONSTRATION ONLY - NOT HUMAN EXPERIMENT RESULTS,1038820,C,1,1332.6745010476575,1.0,0,1,typing
SYNTHETIC DEMONSTRATION ONLY - NOT HUMAN EXPERIMENT RESULTS,1038840,C,1,1332.7215622763797,1.0,0,1,typing
SYNTHETIC DEMONSTRATION ONLY - NOT HUMAN EXPERIMENT RESULTS,1038860,C,1,1332.7681584592724,1.0,0,1,typing
SYNTHETIC DEMONSTRATION ONLY - NOT HUMAN EXPERIMENT RESULTS,1038880,C,1,1332.8142889341011,1.0,0,1,typing
SYNTHETIC DEMONSTRATION ONLY - NOT HUMAN EXPERIMENT RESULTS,1038900,C,1,1332.8599530452493,1.0,0,1,typing
SYNTHETIC DEMONSTRATION ONLY - NOT HUMAN EXPERIMENT RESULTS,1038920,C,1,1332.905150143729,1.0,0,1,typing
SYNTHETIC DEMONSTRATION ONLY - NOT HUMAN EXPERIMENT RESULTS,1038940,C,1,1332.9498795871896,1.0,0,1,typing
SYNTHETIC DEMONSTRATION ONLY - NOT HUMAN EXPERIMENT RESULTS,1038960,C,1,1332.9941407399265,1.0,0,1,typing
SYNTHETIC DEMONSTRATION ONLY - NOT HUMAN EXPERIMENT RESULTS,1038980,C,1,1333.0379329728908,1.0,0,1,typing
SYNTHETIC DEMONSTRATION ONLY - NOT HUMAN EXPERIMENT RESULTS,1039000,C,1,1333.0812556636977,1.0,0,1,typing
SYNTHETIC DEMONSTRATION ONLY - NOT HUMAN EXPERIMENT RESULTS,1039020,C,1,1333.1241081966364,1.0,0,1,typing
SYNTHETIC DEMONSTRATION ONLY - NOT HUMAN EXPERIMENT RESULTS,1039040,C,1,1333.166489962677,1.0,0,1,typing
SYNTHETIC DEMONSTRATION ONLY - NOT HUMAN EXPERIMENT RESULTS,1039060,C,1,1333.208400359481,1.0,0,1,typing
SYNTHETIC DEMONSTRATION ONLY - NOT HUMAN EXPERIMENT RESULTS,1039080,C,1,1333.249838791409,1.0,0,1,typing
SYNTHETIC DEMONSTRATION ONLY - NOT HUMAN EXPERIMENT RESULTS,1039100,C,1,1333.290804669529,1.0,0,1,typing
SYNTHETIC DEMONSTRATION ONLY - NOT HUMAN EXPERIMENT RESULTS,1039120,C,1,1333.3312974116254,1.0,0,1,typing
SYNTHETIC DEMONSTRATION ONLY - NOT HUMAN EXPERIMENT RESULTS,1039140,C,1,1333.3713164422068,1.0,0,1,typing
SYNTHETIC DEMONSTRATION ONLY - NOT HUMAN EXPERIMENT RESULTS,1039160,C,1,1333.4108611925135,1.0,0,1,typing
SYNTHETIC DEMONSTRATION ONLY - NOT HUMAN EXPERIMENT RESULTS,1039180,C,1,1333.449931100528,1.0,0,1,typing
SYNTHETIC DEMONSTRATION ONLY - NOT HUMAN EXPERIMENT RESULTS,1039200,C,1,1333.4885256109797,1.0,0,1,typing
SYNTHETIC DEMONSTRATION ONLY - NOT HUMAN EXPERIMENT RESULTS,1039220,C,1,1333.5266441753554,1.0,0,1,typing
SYNTHETIC DEMONSTRATION ONLY - NOT HUMAN EXPERIMENT RESULTS,1039240,C,1,1333.564286251906,1.0,0,1,typing
SYNTHETIC DEMONSTRATION ONLY - NOT HUMAN EXPERIMENT RESULTS,1039260,C,1,1333.601451305654,1.0,0,1,typing
SYNTHETIC DEMONSTRATION ONLY - NOT HUMAN EXPERIMENT RESULTS,1039280,C,1,1333.6381388084023,1.0,0,1,typing
SYNTHETIC DEMONSTRATION ONLY - NOT HUMAN EXPERIMENT RESULTS,1039300,C,1,1333.67434823874,1.0,0,1,typing
SYNTHETIC DEMONSTRATION ONLY - NOT HUMAN EXPERIMENT RESULTS,1039320,C,1,1333.7100790820507,1.0,0,1,typing
SYNTHETIC DEMONSTRATION ONLY - NOT HUMAN EXPERIMENT RESULTS,1039340,C,1,1333.7453308305203,1.0,0,1,typing
SYNTHETIC DEMONSTRATION ONLY - NOT HUMAN EXPERIMENT RESULTS,1039360,C,1,1333.7801029831433,1.0,0,1,typing
SYNTHETIC DEMONSTRATION ONLY - NOT HUMAN EXPERIMENT RESULTS,1039380,C,1,1333.8143950457304,1.0,0,1,typing
SYNTHETIC DEMONSTRATION ONLY - NOT HUMAN EXPERIMENT RESULTS,1039400,C,1,1333.8482065309156,1.0,0,1,typing
SYNTHETIC DEMONSTRATION ONLY - NOT HUMAN EXPERIMENT RESULTS,1039420,C,1,1333.8815369581628,1.0,0,1,typing
SYNTHETIC DEMONSTRATION ONLY - NOT HUMAN EXPERIMENT RESULTS,1039440,C,1,1333.9143858537727,1.0,0,1,typing
SYNTHETIC DEMONSTRATION ONLY - NOT HUMAN EXPERIMENT RESULTS,1039460,C,1,1333.9467527508903,1.0,0,1,typing
SYNTHETIC DEMONSTRATION ONLY - NOT HUMAN EXPERIMENT RESULTS,1039480,C,1,1333.9786371895098,1.0,0,1,typing
SYNTHETIC DEMONSTRATION ONLY - NOT HUMAN EXPERIMENT RESULTS,1039500,C,1,1334.010038716483,1.0,0,1,typing
SYNTHETIC DEMONSTRATION ONLY - NOT HUMAN EXPERIMENT RESULTS,1039520,C,1,1334.0409568855246,1.0,0,1,typing
SYNTHETIC DEMONSTRATION ONLY - NOT HUMAN EXPERIMENT RESULTS,1039540,C,1,1334.071391257219,1.0,0,1,typing
SYNTHETIC DEMONSTRATION ONLY - NOT HUMAN EXPERIMENT RESULTS,1039560,C,1,1334.1013413990263,1.0,0,1,typing
SYNTHETIC DEMONSTRATION ONLY - NOT HUMAN EXPERIMENT RESULTS,1039580,C,1,1334.130806885289,1.0,0,1,typing
SYNTHETIC DEMONSTRATION ONLY - NOT HUMAN EXPERIMENT RESULTS,1039600,C,1,1334.1597872972372,1.0,0,1,typing
SYNTHETIC DEMONSTRATION ONLY - NOT HUMAN EXPERIMENT RESULTS,1039620,C,1,1334.188282222995,1.0,0,1,typing
SYNTHETIC DEMONSTRATION ONLY - NOT HUMAN EXPERIMENT RESULTS,1039640,C,1,1334.2162912575864,1.0,0,1,typing
SYNTHETIC DEMONSTRATION ONLY - NOT HUMAN EXPERIMENT RESULTS,1039660,C,1,1334.243814002941,1.0,0,1,typing
SYNTHETIC DEMONSTRATION ONLY - NOT HUMAN EXPERIMENT RESULTS,1039680,C,1,1334.2708500678998,1.0,0,1,typing
SYNTHETIC DEMONSTRATION ONLY - NOT HUMAN EXPERIMENT RESULTS,1039700,C,1,1334.2973990682206,1.0,0,1,typing
SYNTHETIC DEMONSTRATION ONLY - NOT HUMAN EXPERIMENT RESULTS,1039720,C,1,1334.323460626583,1.0,0,1,typing
SYNTHETIC DEMONSTRATION ONLY - NOT HUMAN EXPERIMENT RESULTS,1039740,C,1,1334.3490343725948,1.0,0,1,typing
SYNTHETIC DEMONSTRATION ONLY - NOT HUMAN EXPERIMENT RESULTS,1039760,C,1,1334.3741199427964,1.0,0,1,typing
SYNTHETIC DEMONSTRATION ONLY - NOT HUMAN EXPERIMENT RESULTS,1039780,C,1,1334.3987169806662,1.0,0,1,typing
SYNTHETIC DEMONSTRATION ONLY - NOT HUMAN EXPERIMENT RESULTS,1039800,C,1,1334.422825136626,1.0,0,1,typing
SYNTHETIC DEMONSTRATION ONLY - NOT HUMAN EXPERIMENT RESULTS,1039820,C,1,1334.4464440680456,1.0,0,1,typing
SYNTHETIC DEMONSTRATION ONLY - NOT HUMAN EXPERIMENT RESULTS,1039840,C,1,1334.4695734392476,1.0,0,1,typing
SYNTHETIC DEMONSTRATION ONLY - NOT HUMAN EXPERIMENT RESULTS,1039860,C,1,1334.4922129215124,1.0,0,1,typing
SYNTHETIC DEMONSTRATION ONLY - NOT HUMAN EXPERIMENT RESULTS,1039880,C,1,1334.514362193083,1.0,0,1,typing
SYNTHETIC DEMONSTRATION ONLY - NOT HUMAN EXPERIMENT RESULTS,1039900,C,1,1334.5360209391688,1.0,0,1,typing
SYNTHETIC DEMONSTRATION ONLY - NOT HUMAN EXPERIMENT RESULTS,1039920,C,1,1334.5571888519517,1.0,0,1,typing
SYNTHETIC DEMONSTRATION ONLY - NOT HUMAN EXPERIMENT RESULTS,1039940,C,1,1334.5778656305883,1.0,0,1,typing
SYNTHETIC DEMONSTRATION ONLY - NOT HUMAN EXPERIMENT RESULTS,1039960,C,1,1334.5980509812161,1.0,0,1,typing
SYNTHETIC DEMONSTRATION ONLY - NOT HUMAN EXPERIMENT RESULTS,1039980,C,1,1334.6177446169565,1.0,0,1,typing
SYNTHETIC DEMONSTRATION ONLY - NOT HUMAN EXPERIMENT RESULTS,1040000,C,1,1334.6369462579194,1.0,0,1,typing
SYNTHETIC DEMONSTRATION ONLY - NOT HUMAN EXPERIMENT RESULTS,1040020,C,1,1334.6556556312069,1.0,0,1,typing
SYNTHETIC DEMONSTRATION ONLY - NOT HUMAN EXPERIMENT RESULTS,1040040,C,1,1334.6738724709173,1.0,0,1,typing
SYNTHETIC DEMONSTRATION ONLY - NOT HUMAN EXPERIMENT RESULTS,1040060,C,1,1334.691596518149,1.0,0,1,typing
SYNTHETIC DEMONSTRATION ONLY - NOT HUMAN EXPERIMENT RESULTS,1040080,C,1,1334.7088275210044,1.0,0,1,typing
SYNTHETIC DEMONSTRATION ONLY - NOT HUMAN EXPERIMENT RESULTS,1040100,C,1,1334.7255652345923,1.0,0,1,typing
SYNTHETIC DEMONSTRATION ONLY - NOT HUMAN EXPERIMENT RESULTS,1040120,C,1,1334.7418094210332,1.0,0,1,typing
SYNTHETIC DEMONSTRATION ONLY - NOT HUMAN EXPERIMENT RESULTS,1040140,C,1,1334.757559849461,1.0,0,1,typing
SYNTHETIC DEMONSTRATION ONLY - NOT HUMAN EXPERIMENT RESULTS,1040160,C,1,1334.7728162960273,1.0,0,1,typing
SYNTHETIC DEMONSTRATION ONLY - NOT HUMAN EXPERIMENT RESULTS,1040180,C,1,1334.7875785439041,1.0,0,1,typing
SYNTHETIC DEMONSTRATION ONLY - NOT HUMAN EXPERIMENT RESULTS,1040200,C,1,1334.8018463832873,1.0,0,1,typing
SYNTHETIC DEMONSTRATION ONLY - NOT HUMAN EXPERIMENT RESULTS,1040220,C,1,1334.8156196113994,1.0,0,1,typing
SYNTHETIC DEMONSTRATION ONLY - NOT HUMAN EXPERIMENT RESULTS,1040240,C,1,1334.8288980324924,1.0,0,1,typing
SYNTHETIC DEMONSTRATION ONLY - NOT HUMAN EXPERIMENT RESULTS,1040260,C,1,1334.8416814578502,1.0,0,1,typing
SYNTHETIC DEMONSTRATION ONLY - NOT HUMAN EXPERIMENT RESULTS,1040280,C,1,1334.8539697057922,1.0,0,1,typing
SYNTHETIC DEMONSTRATION ONLY - NOT HUMAN EXPERIMENT RESULTS,1040300,C,1,1334.8657626016754,1.0,0,1,typing
SYNTHETIC DEMONSTRATION ONLY - NOT HUMAN EXPERIMENT RESULTS,1040320,C,1,1334.8770599778966,1.0,0,1,typing
SYNTHETIC DEMONSTRATION ONLY - NOT HUMAN EXPERIMENT RESULTS,1040340,C,1,1334.8878616738946,1.0,0,1,typing
SYNTHETIC DEMONSTRATION ONLY - NOT HUMAN EXPERIMENT RESULTS,1040360,C,1,1334.898167536154,1.0,0,1,typing
SYNTHETIC DEMONSTRATION ONLY - NOT HUMAN EXPERIMENT RESULTS,1040380,C,1,1334.9079774182053,1.0,0,1,typing
SYNTHETIC DEMONSTRATION ONLY - NOT HUMAN EXPERIMENT RESULTS,1040400,C,1,1334.9172911806286,1.0,0,1,typing
SYNTHETIC DEMONSTRATION ONLY - NOT HUMAN EXPERIMENT RESULTS,1040420,C,1,1334.9261086910547,1.0,0,1,typing
SYNTHETIC DEMONSTRATION ONLY - NOT HUMAN EXPERIMENT RESULTS,1040440,C,1,1334.934429824167,1.0,0,1,typing
SYNTHETIC DEMONSTRATION ONLY - NOT HUMAN EXPERIMENT RESULTS,1040460,C,1,1334.942254461704,1.0,0,1,typing
SYNTHETIC DEMONSTRATION ONLY - NOT HUMAN EXPERIMENT RESULTS,1040480,C,1,1334.9495824924602,1.0,0,1,typing
SYNTHETIC DEMONSTRATION ONLY - NOT HUMAN EXPERIMENT RESULTS,1040500,C,1,1334.956413812288,1.0,0,1,typing
SYNTHETIC DEMONSTRATION ONLY - NOT HUMAN EXPERIMENT RESULTS,1040520,C,1,1334.9627483240995,1.0,0,1,typing
SYNTHETIC DEMONSTRATION ONLY - NOT HUMAN EXPERIMENT RESULTS,1040540,C,1,1334.9685859378671,1.0,0,1,typing
SYNTHETIC DEMONSTRATION ONLY - NOT HUMAN EXPERIMENT RESULTS,1040560,C,1,1334.9739265706253,1.0,0,1,typing
SYNTHETIC DEMONSTRATION ONLY - NOT HUMAN EXPERIMENT RESULTS,1040580,C,1,1334.978770146472,1.0,0,1,typing
SYNTHETIC DEMONSTRATION ONLY - NOT HUMAN EXPERIMENT RESULTS,1040600,C,1,1334.9831165965693,1.0,0,1,typing
SYNTHETIC DEMONSTRATION ONLY - NOT HUMAN EXPERIMENT RESULTS,1040620,C,1,1334.9869658591442,1.0,0,1,typing
SYNTHETIC DEMONSTRATION ONLY - NOT HUMAN EXPERIMENT RESULTS,1040640,C,1,1334.9903178794907,1.0,0,1,typing
SYNTHETIC DEMONSTRATION ONLY - NOT HUMAN EXPERIMENT RESULTS,1040660,C,1,1334.9931726099687,1.0,0,1,typing
SYNTHETIC DEMONSTRATION ONLY - NOT HUMAN EXPERIMENT RESULTS,1040680,C,1,1334.9955300100064,1.0,0,1,typing
SYNTHETIC DEMONSTRATION ONLY - NOT HUMAN EXPERIMENT RESULTS,1040700,C,1,1334.9973900460998,1.0,0,1,typing
SYNTHETIC DEMONSTRATION ONLY - NOT HUMAN EXPERIMENT RESULTS,1040720,C,1,1334.9987526918137,1.0,0,1,typing
SYNTHETIC DEMONSTRATION ONLY - NOT HUMAN EXPERIMENT RESULTS,1040740,C,1,1334.999617927782,1.0,0,1,typing
SYNTHETIC DEMONSTRATION ONLY - NOT HUMAN EXPERIMENT RESULTS,1040760,C,1,1334.9999857417079,1.0,0,1,typing
SYNTHETIC DEMONSTRATION ONLY - NOT HUMAN EXPERIMENT RESULTS,1040780,C,1,1334.9998561283635,1.0,0,1,typing
SYNTHETIC DEMONSTRATION ONLY - NOT HUMAN EXPERIMENT RESULTS,1040800,C,1,1334.9992290895912,1.0,0,1,typing
SYNTHETIC DEMONSTRATION ONLY - NOT HUMAN EXPERIMENT RESULTS,1040820,C,1,1334.9981046343025,1.0,0,1,typing
SYNTHETIC DEMONSTRATION ONLY - NOT HUMAN EXPERIMENT RESULTS,1040840,C,1,1334.9964827784786,1.0,0,1,typing
SYNTHETIC DEMONSTRATION ONLY - NOT HUMAN EXPERIMENT RESULTS,1040860,C,1,1334.9943635451693,1.0,0,1,typing
SYNTHETIC DEMONSTRATION ONLY - NOT HUMAN EXPERIMENT RESULTS,1040880,C,1,1334.991746964494,1.0,0,1,typing
SYNTHETIC DEMONSTRATION ONLY - NOT HUMAN EXPERIMENT RESULTS,1040900,C,1,1334.98863307364,1.0,0,1,typing
SYNTHETIC DEMONSTRATION ONLY - NOT HUMAN EXPERIMENT RESULTS,1040920,C,1,1334.9850219168625,1.0,0,1,typing
SYNTHETIC DEMONSTRATION ONLY - NOT HUMAN EXPERIMENT RESULTS,1040940,C,1,1334.9809135454839,1.0,0,1,typing
SYNTHETIC DEMONSTRATION ONLY - NOT HUMAN EXPERIMENT RESULTS,1040960,C,1,1334.9763080178932,1.0,0,1,typing
SYNTHETIC DEMONSTRATION ONLY - NOT HUMAN EXPERIMENT RESULTS,1040980,C,1,1334.9712053995456,1.0,0,1,typing
SYNTHETIC DEMONSTRATION ONLY - NOT HUMAN EXPERIMENT RESULTS,1041000,C,1,1334.9656057629602,1.0,0,1,typing
SYNTHETIC DEMONSTRATION ONLY - NOT HUMAN EXPERIMENT RESULTS,1041020,C,1,1334.9595091877204,1.0,0,1,typing
SYNTHETIC DEMONSTRATION ONLY - NOT HUMAN EXPERIMENT RESULTS,1041040,C,1,1334.952915760472,1.0,0,1,typing
SYNTHETIC DEMONSTRATION ONLY - NOT HUMAN EXPERIMENT RESULTS,1041060,C,1,1334.945825574922,1.0,0,1,typing
SYNTHETIC DEMONSTRATION ONLY - NOT HUMAN EXPERIMENT RESULTS,1041080,C,1,1334.938238731838,1.0,0,1,typing
SYNTHETIC DEMONSTRATION ONLY - NOT HUMAN EXPERIMENT RESULTS,1041100,C,1,1334.9301553390458,1.0,0,1,typing
SYNTHETIC DEMONSTRATION ONLY - NOT HUMAN EXPERIMENT RESULTS,1041120,C,1,1334.921575511428,1.0,0,1,typing
SYNTHETIC DEMONSTRATION ONLY - NOT HUMAN EXPERIMENT RESULTS,1041140,C,1,1334.912499370923,1.0,0,1,typing
SYNTHETIC DEMONSTRATION ONLY - NOT HUMAN EXPERIMENT RESULTS,1041160,C,1,1334.902927046523,1.0,0,1,typing
SYNTHETIC DEMONSTRATION ONLY - NOT HUMAN EXPERIMENT RESULTS,1041180,C,1,1334.8928586742718,1.0,0,1,typing
SYNTHETIC DEMONSTRATION ONLY - NOT HUMAN EXPERIMENT RESULTS,1041200,C,1,1334.8822943972634,1.0,0,1,typing
SYNTHETIC DEMONSTRATION ONLY - NOT HUMAN EXPERIMENT RESULTS,1041220,C,1,1334.8712343656393,1.0,0,1,typing
SYNTHETIC DEMONSTRATION ONLY - NOT HUMAN EXPERIMENT RESULTS,1041240,C,1,1334.8596787365875,1.0,0,1,typing
SYNTHETIC DEMONSTRATION ONLY - NOT HUMAN EXPERIMENT RESULTS,1041260,C,1,1334.8476276743386,1.0,0,1,typing
SYNTHETIC DEMONSTRATION ONLY - NOT HUMAN EXPERIMENT RESULTS,1041280,C,1,1334.835081350165,1.0,0,1,typing
SYNTHETIC DEMONSTRATION ONLY - NOT HUMAN EXPERIMENT RESULTS,1041300,C,1,1334.8220399423778,1.0,0,1,typing
SYNTHETIC DEMONSTRATION ONLY - NOT HUMAN EXPERIMENT RESULTS,1041320,C,1,1334.8085036363243,1.0,0,1,typing
SYNTHETIC DEMONSTRATION ONLY - NOT HUMAN EXPERIMENT RESULTS,1041340,C,1,1334.7944726243852,1.0,0,1,typing
SYNTHETIC DEMONSTRATION ONLY - NOT HUMAN EXPERIMENT RESULTS,1041360,C,1,1334.7799471059725,1.0,0,1,typing
SYNTHETIC DEMONSTRATION ONLY - NOT HUMAN EXPERIMENT RESULTS,1041380,C,1,1334.7649272875258,1.0,0,1,typing
SYNTHETIC DEMONSTRATION ONLY - NOT HUMAN EXPERIMENT RESULTS,1041400,C,1,1334.74941338251,1.0,0,1,typing
SYNTHETIC DEMONSTRATION ONLY - NOT HUMAN EXPERIMENT RESULTS,1041420,C,1,1334.733405611412,1.0,0,1,typing
SYNTHETIC DEMONSTRATION ONLY - NOT HUMAN EXPERIMENT RESULTS,1041440,C,1,1334.7169042017376,1.0,0,1,typing
SYNTHETIC DEMONSTRATION ONLY - NOT HUMAN EXPERIMENT RESULTS,1041460,C,1,1334.6999093880086,1.0,0,1,typing
SYNTHETIC DEMONSTRATION ONLY - NOT HUMAN EXPERIMENT RESULTS,1041480,C,1,1334.6824214117587,1.0,0,1,typing
SYNTHETIC DEMONSTRATION ONLY - NOT HUMAN EXPERIMENT RESULTS,1041500,C,1,1334.6644405215309,1.0,0,1,typing
SYNTHETIC DEMONSTRATION ONLY - NOT HUMAN EXPERIMENT RESULTS,1041520,C,1,1334.645966972873,1.0,0,1,typing
SYNTHETIC DEMONSTRATION ONLY - NOT HUMAN EXPERIMENT RESULTS,1041540,C,1,1334.6270010283358,1.0,0,1,typing
SYNTHETIC DEMONSTRATION ONLY - NOT HUMAN EXPERIMENT RESULTS,1041560,C,1,1334.6075429574669,1.0,0,1,typing
SYNTHETIC DEMONSTRATION ONLY - NOT HUMAN EXPERIMENT RESULTS,1041580,C,1,1334.5875930368084,1.0,0,1,typing
SYNTHETIC DEMONSTRATION ONLY - NOT HUMAN EXPERIMENT RESULTS,1041600,C,1,1334.5671515498932,1.0,0,1,typing
SYNTHETIC DEMONSTRATION ONLY - NOT HUMAN EXPERIMENT RESULTS,1041620,C,1,1334.5462187872397,1.0,0,1,typing
SYNTHETIC DEMONSTRATION ONLY - NOT HUMAN EXPERIMENT RESULTS,1041640,C,1,1334.5247950463493,1.0,0,1,typing
SYNTHETIC DEMONSTRATION ONLY - NOT HUMAN EXPERIMENT RESULTS,1041660,C,1,1334.5028806317002,1.0,0,1,typing
SYNTHETIC DEMONSTRATION ONLY - NOT HUMAN EXPERIMENT RESULTS,1041680,C,1,1334.480475854745,1.0,0,1,typing
SYNTHETIC DEMONSTRATION ONLY - NOT HUMAN EXPERIMENT RESULTS,1041700,C,1,1334.4575810339054,1.0,0,1,typing
SYNTHETIC DEMONSTRATION ONLY - NOT HUMAN EXPERIMENT RESULTS,1041720,C,1,1334.434196494567,1.0,0,1,typing
SYNTHETIC DEMONSTRATION ONLY - NOT HUMAN EXPERIMENT RESULTS,1041740,C,1,1334.4103225690765,1.0,0,1,typing
SYNTHETIC DEMONSTRATION ONLY - NOT HUMAN EXPERIMENT RESULTS,1041760,C,1,1334.3859595967347,1.0,0,1,typing
SYNTHETIC DEMONSTRATION ONLY - NOT HUMAN EXPERIMENT RESULTS,1041780,C,1,1334.3611079237933,1.0,0,1,typing
SYNTHETIC DEMONSTRATION ONLY - NOT HUMAN EXPERIMENT RESULTS,1041800,C,1,1334.33576790345,1.0,0,1,typing
SYNTHETIC DEMONSTRATION ONLY - NOT HUMAN EXPERIMENT RESULTS,1041820,C,1,1334.3099398958425,1.0,0,1,typing
SYNTHETIC DEMONSTRATION ONLY - NOT HUMAN EXPERIMENT RESULTS,1041840,C,1,1334.2836242680437,1.0,0,1,typing
SYNTHETIC DEMONSTRATION ONLY - NOT HUMAN EXPERIMENT RESULTS,1041860,C,1,1334.2568213940572,1.0,0,1,typing
SYNTHETIC DEMONSTRATION ONLY - NOT HUMAN EXPERIMENT RESULTS,1041880,C,1,1334.229531654811,1.0,0,1,typing
SYNTHETIC DEMONSTRATION ONLY - NOT HUMAN EXPERIMENT RESULTS,1041900,C,1,1334.2017554381525,1.0,0,1,typing
SYNTHETIC DEMONSTRATION ONLY - NOT HUMAN EXPERIMENT RESULTS,1041920,C,1,1334.1734931388437,1.0,0,1,typing
SYNTHETIC DEMONSTRATION ONLY - NOT HUMAN EXPERIMENT RESULTS,1041940,C,1,1334.144745158554,1.0,0,1,typing
SYNTHETIC DEMONSTRATION ONLY - NOT HUMAN EXPERIMENT RESULTS,1041960,C,1,1334.1155119058562,1.0,0,1,typing
SYNTHETIC DEMONSTRATION ONLY - NOT HUMAN EXPERIMENT RESULTS,1041980,C,1,1334.0857937962191,1.0,0,1,typing
SYNTHETIC DEMONSTRATION ONLY - NOT HUMAN EXPERIMENT RESULTS,1042000,C,1,1334.0555912520035,1.0,0,1,typing
SYNTHETIC DEMONSTRATION ONLY - NOT HUMAN EXPERIMENT RESULTS,1042020,C,1,1334.0249047024536,1.0,0,1,typing
SYNTHETIC DEMONSTRATION ONLY - NOT HUMAN EXPERIMENT RESULTS,1042040,C,1,1333.9937345836938,1.0,0,1,typing
SYNTHETIC DEMONSTRATION ONLY - NOT HUMAN EXPERIMENT RESULTS,1042060,C,1,1333.96208133872,1.0,0,1,typing
SYNTHETIC DEMONSTRATION ONLY - NOT HUMAN EXPERIMENT RESULTS,1042080,C,1,1333.9299454173954,1.0,0,1,typing
SYNTHETIC DEMONSTRATION ONLY - NOT HUMAN EXPERIMENT RESULTS,1042100,C,1,1333.8973272764422,1.0,0,1,typing
SYNTHETIC DEMONSTRATION ONLY - NOT HUMAN EXPERIMENT RESULTS,1042120,C,1,1333.8642273794364,1.0,0,1,typing
SYNTHETIC DEMONSTRATION ONLY - NOT HUMAN EXPERIMENT RESULTS,1042140,C,1,1333.8306461968011,1.0,0,1,typing
SYNTHETIC DEMONSTRATION ONLY - NOT HUMAN EXPERIMENT RESULTS,1042160,C,1,1333.7965842057988,1.0,0,1,typing
SYNTHETIC DEMONSTRATION ONLY - NOT HUMAN EXPERIMENT RESULTS,1042180,C,1,1333.7620418905262,1.0,0,1,typing
SYNTHETIC DEMONSTRATION ONLY - NOT HUMAN EXPERIMENT RESULTS,1042200,C,1,1333.727019741906,1.0,0,1,typing
SYNTHETIC DEMONSTRATION ONLY - NOT HUMAN EXPERIMENT RESULTS,1042220,C,1,1333.69151825768,1.0,0,1,typing
SYNTHETIC DEMONSTRATION ONLY - NOT HUMAN EXPERIMENT RESULTS,1042240,C,1,1333.6555379424033,1.0,0,1,typing
SYNTHETIC DEMONSTRATION ONLY - NOT HUMAN EXPERIMENT RESULTS,1042260,C,1,1333.6190793074359,1.0,0,1,typing
SYNTHETIC DEMONSTRATION ONLY - NOT HUMAN EXPERIMENT RESULTS,1042280,C,1,1333.5821428709353,1.0,0,1,typing
SYNTHETIC DEMONSTRATION ONLY - NOT HUMAN EXPERIMENT RESULTS,1042300,C,1,1333.5447291578503,1.0,0,1,typing
SYNTHETIC DEMONSTRATION ONLY - NOT HUMAN EXPERIMENT RESULTS,1042320,C,1,1333.5068386999126,1.0,0,1,typing
SYNTHETIC DEMONSTRATION ONLY - NOT HUMAN EXPERIMENT RESULTS,1042340,C,1,1333.4684720356295,1.0,0,1,typing
SYNTHETIC DEMONSTRATION ONLY - NOT HUMAN EXPERIMENT RESULTS,1042360,C,1,1333.429629710276,1.0,0,1,typing
SYNTHETIC DEMONSTRATION ONLY - NOT HUMAN EXPERIMENT RESULTS,1042380,C,1,1333.3903122758877,1.0,0,1,typing
SYNTHETIC DEMONSTRATION ONLY - NOT HUMAN EXPERIMENT RESULTS,1042400,C,1,1333.3505202912522,1.0,0,1,typing
SYNTHETIC DEMONSTRATION ONLY - NOT HUMAN EXPERIMENT RESULTS,1042420,C,1,1333.310254321902,1.0,0,1,typing
SYNTHETIC DEMONSTRATION ONLY - NOT HUMAN EXPERIMENT RESULTS,1042440,C,1,1333.2695149401054,1.0,0,1,typing
SYNTHETIC DEMONSTRATION ONLY - NOT HUMAN EXPERIMENT RESULTS,1042460,C,1,1333.2283027248593,1.0,0,1,typing
SYNTHETIC DEMONSTRATION ONLY - NOT HUMAN EXPERIMENT RESULTS,1042480,C,1,1333.1866182618803,1.0,0,1,typing
SYNTHETIC DEMONSTRATION ONLY - NOT HUMAN EXPERIMENT RESULTS,1042500,C,1,1333.1444621435971,1.0,0,1,typing
SYNTHETIC DEMONSTRATION ONLY - NOT HUMAN EXPERIMENT RESULTS,1042520,C,1,1333.1018349691415,1.0,0,1,typing
SYNTHETIC DEMONSTRATION ONLY - NOT HUMAN EXPERIMENT RESULTS,1042540,C,1,1333.0587373443398,1.0,0,1,typing
SYNTHETIC DEMONSTRATION ONLY - NOT HUMAN EXPERIMENT RESULTS,1042560,C,1,1333.0151698817049,1.0,0,1,typing
SYNTHETIC DEMONSTRATION ONLY - NOT HUMAN EXPERIMENT RESULTS,1042580,C,1,1332.9711332004265,1.0,0,1,typing
SYNTHETIC DEMONSTRATION ONLY - NOT HUMAN EXPERIMENT RESULTS,1042600,C,1,1332.9266279263636,1.0,0,1,typing
SYNTHETIC DEMONSTRATION ONLY - NOT HUMAN EXPERIMENT RESULTS,1042620,C,1,1332.8816546920348,1.0,0,1,typing
SYNTHETIC DEMONSTRATION ONLY - NOT HUMAN EXPERIMENT RESULTS,1042640,C,1,1332.836214136609,1.0,0,1,typing
SYNTHETIC DEMONSTRATION ONLY - NOT HUMAN EXPERIMENT RESULTS,1042660,C,1,1332.790306905897,1.0,0,1,typing
SYNTHETIC DEMONSTRATION ONLY - NOT HUMAN EXPERIMENT RESULTS,1042680,C,1,1332.7439336523425,1.0,0,1,typing
SYNTHETIC DEMONSTRATION ONLY - NOT HUMAN EXPERIMENT RESULTS,1042700,C,1,1332.697095035012,1.0,0,1,typing
SYNTHETIC DEMONSTRATION ONLY - NOT HUMAN EXPERIMENT RESULTS,1042720,C,1,1332.649791719586,1.0,0,1,typing
SYNTHETIC DEMONSTRATION ONLY - NOT HUMAN EXPERIMENT RESULTS,1042740,C,1,1332.6020243783487,1.0,0,1,typing
SYNTHETIC DEMONSTRATION ONLY - NOT HUMAN EXPERIMENT RESULTS,1042760,C,1,1332.5537936901806,1.0,0,1,typing
SYNTHETIC DEMONSTRATION ONLY - NOT HUMAN EXPERIMENT RESULTS,1042780,C,1,1332.505100340546,1.0,0,1,typing
SYNTHETIC DEMONSTRATION ONLY - NOT HUMAN EXPERIMENT RESULTS,1042800,C,1,1332.4559450214854,1.0,0,1,typing
SYNTHETIC DEMONSTRATION ONLY - NOT HUMAN EXPERIMENT RESULTS,1042820,C,1,1332.4063284316046,1.0,0,1,typing
SYNTHETIC DEMONSTRATION ONLY - NOT HUMAN EXPERIMENT RESULTS,1042840,C,1,1332.3562512760654,1.0,0,1,typing
SYNTHETIC DEMONSTRATION ONLY - NOT HUMAN EXPERIMENT RESULTS,1042860,C,1,1332.3057142665746,1.0,0,1,typing
SYNTHETIC DEMONSTRATION ONLY - NOT HUMAN EXPERIMENT RESULTS,1042880,C,1,1332.2547181213754,1.0,0,1,typing
SYNTHETIC DEMONSTRATION ONLY - NOT HUMAN EXPERIMENT RESULTS,1042900,C,1,1332.2032635652356,1.0,0,1,typing
SYNTHETIC DEMONSTRATION ONLY - NOT HUMAN EXPERIMENT RESULTS,1042920,C,1,1332.1513513294385,1.0,0,1,typing
SYNTHETIC DEMONSTRATION ONLY - NOT HUMAN EXPERIMENT RESULTS,1042940,C,1,1332.0989821517717,1.0,0,1,typing
SYNTHETIC DEMONSTRATION ONLY - NOT HUMAN EXPERIMENT RESULTS,1042960,C,1,1332.0461567765174,1.0,0,1,typing
SYNTHETIC DEMONSTRATION ONLY - NOT HUMAN EXPERIMENT RESULTS,1042980,C,1,1331.9928759544407,1.0,0,1,typing
SYNTHETIC DEMONSTRATION ONLY - NOT HUMAN EXPERIMENT RESULTS,1043000,C,1,1331.9391404427806,1.0,0,1,typing
SYNTHETIC DEMONSTRATION ONLY - NOT HUMAN EXPERIMENT RESULTS,1043020,C,1,1331.8849510052373,1.0,0,1,typing
SYNTHETIC DEMONSTRATION ONLY - NOT HUMAN EXPERIMENT RESULTS,1043040,C,1,1331.8303084119625,1.0,0,1,typing
SYNTHETIC DEMONSTRATION ONLY - NOT HUMAN EXPERIMENT RESULTS,1043060,C,1,1331.775213439549,1.0,0,1,typing
SYNTHETIC DEMONSTRATION ONLY - NOT HUMAN EXPERIMENT RESULTS,1043080,C,1,1331.7196668710176,1.0,0,1,typing
SYNTHETIC DEMONSTRATION ONLY - NOT HUMAN EXPERIMENT RESULTS,1043100,C,1,1331.6636694958083,1.0,0,1,typing
SYNTHETIC DEMONSTRATION ONLY - NOT HUMAN EXPERIMENT RESULTS,1043120,C,1,1331.607222109768,1.0,0,1,typing
SYNTHETIC DEMONSTRATION ONLY - NOT HUMAN EXPERIMENT RESULTS,1043140,C,1,1331.5503255151384,1.0,0,1,typing
SYNTHETIC DEMONSTRATION ONLY - NOT HUMAN EXPERIMENT RESULTS,1043160,C,1,1331.4929805205468,1.0,0,1,typing
SYNTHETIC DEMONSTRATION ONLY - NOT HUMAN EXPERIMENT RESULTS,1043180,C,1,1331.435187940992,1.0,0,1,typing
SYNTHETIC DEMONSTRATION ONLY - NOT HUMAN EXPERIMENT RESULTS,1043200,C,1,1331.3769485978344,1.0,0,1,typing
SYNTHETIC DEMONSTRATION ONLY - NOT HUMAN EXPERIMENT RESULTS,1043220,C,1,1331.3182633187844,1.0,0,1,typing
SYNTHETIC DEMONSTRATION ONLY - NOT HUMAN EXPERIMENT RESULTS,1043240,C,1,1331.2591329378895,1.0,0,1,typing
SYNTHETIC DEMONSTRATION ONLY - NOT HUMAN EXPERIMENT RESULTS,1043260,C,1,1331.1995582955233,1.0,0,1,typing
SYNTHETIC DEMONSTRATION ONLY - NOT HUMAN EXPERIMENT RESULTS,1043280,C,1,1331.1395402383732,1.0,0,1,typing
SYNTHETIC DEMONSTRATION ONLY - NOT HUMAN EXPERIMENT RESULTS,1043300,C,1,1331.0790796194287,1.0,0,1,typing
SYNTHETIC DEMONSTRATION ONLY - NOT HUMAN EXPERIMENT RESULTS,1043320,C,1,1331.0181772979695,1.0,0,1,typing
SYNTHETIC DEMONSTRATION ONLY - NOT HUMAN EXPERIMENT RESULTS,1043340,C,1,1330.9568341395516,1.0,0,1,typing
SYNTHETIC DEMONSTRATION ONLY - NOT HUMAN EXPERIMENT RESULTS,1043360,C,1,1330.8950510159978,1.0,0,1,typing
SYNTHETIC DEMONSTRATION ONLY - NOT HUMAN EXPERIMENT RESULTS,1043380,C,1,1330.8328288053824,1.0,0,1,typing
SYNTHETIC DEMONSTRATION ONLY - NOT HUMAN EXPERIMENT RESULTS,1043400,C,1,1330.770168392021,1.0,0,1,typing
SYNTHETIC DEMONSTRATION ONLY - NOT HUMAN EXPERIMENT RESULTS,1043420,C,1,1330.7070706664572,1.0,0,1,typing
SYNTHETIC DEMONSTRATION ONLY - NOT HUMAN EXPERIMENT RESULTS,1043440,C,1,1330.6435365254486,1.0,0,1,typing
SYNTHETIC DEMONSTRATION ONLY - NOT HUMAN EXPERIMENT RESULTS,1043460,C,1,1330.5795668719566,1.0,0,1,typing
SYNTHETIC DEMONSTRATION ONLY - NOT HUMAN EXPERIMENT RESULTS,1043480,C,1,1330.5151626151312,1.0,0,1,typing
SYNTHETIC DEMONSTRATION ONLY - NOT HUMAN EXPERIMENT RESULTS,1043500,C,1,1330.4503246702996,1.0,0,1,typing
SYNTHETIC DEMONSTRATION ONLY - NOT HUMAN EXPERIMENT RESULTS,1043520,C,1,1330.3850539589523,1.0,0,1,typing
SYNTHETIC DEMONSTRATION ONLY - NOT HUMAN EXPERIMENT RESULTS,1043540,C,1,1330.3193514087309,1.0,0,1,typing
SYNTHETIC DEMONSTRATION ONLY - NOT HUMAN EXPERIMENT RESULTS,1043560,C,1,1330.253217953414,1.0,0,1,typing
SYNTHETIC DEMONSTRATION ONLY - NOT HUMAN EXPERIMENT RESULTS,1043580,C,1,1330.1866545329044,1.0,0,1,typing
SYNTHETIC DEMONSTRATION ONLY - NOT HUMAN EXPERIMENT RESULTS,1043600,C,1,1330.1196620932153,1.0,0,1,typing
SYNTHETIC DEMONSTRATION ONLY - NOT HUMAN EXPERIMENT RESULTS,1043620,C,1,1330.052241586458,1.0,0,1,typing
SYNTHETIC DEMONSTRATION ONLY - NOT HUMAN EXPERIMENT RESULTS,1043640,C,1,1329.9843939708269,1.0,0,1,typing
SYNTHETIC DEMONSTRATION ONLY - NOT HUMAN EXPERIMENT RESULTS,1043660,C,1,1329.916120210587,1.0,0,1,typing
SYNTHETIC DEMONSTRATION ONLY - NOT HUMAN EXPERIMENT RESULTS,1043680,C,1,1329.8474212760593,1.0,0,1,typing
SYNTHETIC DEMONSTRATION ONLY - NOT HUMAN EXPERIMENT RESULTS,1043700,C,1,1329.7782981436078,1.0,0,1,typing
SYNTHETIC DEMONSTRATION ONLY - NOT HUMAN EXPERIMENT RESULTS,1043720,C,1,1329.7087517956254,1.0,0,1,typing
SYNTHETIC DEMONSTRATION ONLY - NOT HUMAN EXPERIMENT RESULTS,1043740,C,1,1329.6387832205194,1.0,0,1,typing
SYNTHETIC DEMONSTRATION ONLY - NOT HUMAN EXPERIMENT RESULTS,1043760,C,1,1329.5683934126982,1.0,0,1,typing
SYNTHETIC DEMONSTRATION ONLY - NOT HUMAN EXPERIMENT RESULTS,1043780,C,1,1329.4975833725568,1.0,0,1,typing
SYNTHETIC DEMONSTRATION ONLY - NOT HUMAN EXPERIMENT RESULTS,1043800,C,1,1329.4263541064627,1.0,0,1,typing
SYNTHETIC DEMONSTRATION ONLY - NOT HUMAN EXPERIMENT RESULTS,1043820,C,1,1329.3547066267415,1.0,0,1,typing
SYNTHETIC DEMONSTRATION ONLY - NOT HUMAN EXPERIMENT RESULTS,1043840,C,1,1329.282641951662,1.0,0,1,typing
SYNTHETIC DEMONSTRATION ONLY - NOT HUMAN EXPERIMENT RESULTS,1043860,C,1,1329.2101611054234,1.0,0,1,typing
SYNTHETIC DEMONSTRATION ONLY - NOT HUMAN EXPERIMENT RESULTS,1043880,C,1,1329.1372651181384,1.0,0,1,typing
SYNTHETIC DEMONSTRATION ONLY - NOT HUMAN EXPERIMENT RESULTS,1043900,C,1,1329.0639550258206,1.0,0,1,typing
SYNTHETIC DEMONSTRATION ONLY - NOT HUMAN EXPERIMENT RESULTS,1043920,C,1,1328.990231870369,1.0,0,1,typing
SYNTHETIC DEMONSTRATION ONLY - NOT HUMAN EXPERIMENT RESULTS,1043940,C,1,1328.916096699552,1.0,0,1,typing
SYNTHETIC DEMONSTRATION ONLY - NOT HUMAN EXPERIMENT RESULTS,1043960,C,1,1328.8415505669952,1.0,0,1,typing
SYNTHETIC DEMONSTRATION ONLY - NOT HUMAN EXPERIMENT RESULTS,1043980,C,1,1328.766594532164,1.0,0,1,typing
SYNTHETIC DEMONSTRATION ONLY - NOT HUMAN EXPERIMENT RESULTS,1044000,C,1,1328.6912296603493,1.0,0,1,typing
SYNTHETIC DEMONSTRATION ONLY - NOT HUMAN EXPERIMENT RESULTS,1044020,C,1,1328.6154570226531,1.0,0,1,typing
SYNTHETIC DEMONSTRATION ONLY - NOT HUMAN EXPERIMENT RESULTS,1044040,C,1,1328.5392776959723,1.0,0,1,typing
SYNTHETIC DEMONSTRATION ONLY - NOT HUMAN EXPERIMENT RESULTS,1044060,C,1,1328.4626927629834,1.0,0,1,typing
SYNTHETIC DEMONSTRATION ONLY - NOT HUMAN EXPERIMENT RESULTS,1044080,C,1,1328.3857033121278,1.0,0,1,typing
SYNTHETIC DEMONSTRATION ONLY - NOT HUMAN EXPERIMENT RESULTS,1044100,C,1,1328.3083104375964,1.0,0,1,typing
SYNTHETIC DEMONSTRATION ONLY - NOT HUMAN EXPERIMENT RESULTS,1044120,C,1,1328.2305152393133,1.0,0,1,typing
SYNTHETIC DEMONSTRATION ONLY - NOT HUMAN EXPERIMENT RESULTS,1044140,C,1,1328.15231882292,1.0,0,1,typing
SYNTHETIC DEMONSTRATION ONLY - NOT HUMAN EXPERIMENT RESULTS,1044160,C,1,1328.073722299761,1.0,0,1,typing
SYNTHETIC DEMONSTRATION ONLY - NOT HUMAN EXPERIMENT RESULTS,1044180,C,1,1327.9947267868667,1.0,0,1,typing
SYNTHETIC DEMONSTRATION ONLY - NOT HUMAN EXPERIMENT RESULTS,1044200,C,1,1327.9153334069385,1.0,0,1,typing
SYNTHETIC DEMONSTRATION ONLY - NOT HUMAN EXPERIMENT RESULTS,1044220,C,1,1327.8355432883318,1.0,0,1,typing
SYNTHETIC DEMONSTRATION ONLY - NOT HUMAN EXPERIMENT RESULTS,1044240,C,1,1327.7553575650406,1.0,0,1,typing
SYNTHETIC DEMONSTRATION ONLY - NOT HUMAN EXPERIMENT RESULTS,1044260,C,1,1327.674777376682,1.0,0,1,typing
SYNTHETIC DEMONSTRATION ONLY - NOT HUMAN EXPERIMENT RESULTS,1044280,C,1,1327.5938038684785,1.0,0,1,typing
SYNTHETIC DEMONSTRATION ONLY - NOT HUMAN EXPERIMENT RESULTS,1044300,C,1,1327.512438191243,1.0,0,1,typing
SYNTHETIC DEMONSTRATION ONLY - NOT HUMAN EXPERIMENT RESULTS,1044320,C,1,1327.430681501362,1.0,0,1,typing
SYNTHETIC DEMONSTRATION ONLY - NOT HUMAN EXPERIMENT RESULTS,1044340,C,1,1327.3485349607788,1.0,0,1,typing
SYNTHETIC DEMONSTRATION ONLY - NOT HUMAN EXPERIMENT RESULTS,1044360,C,1,1327.2659997369778,1.0,0,1,typing
SYNTHETIC DEMONSTRATION ONLY - NOT HUMAN EXPERIMENT RESULTS,1044380,C,1,1327.183077002967,1.0,0,1,typing
SYNTHETIC DEMONSTRATION ONLY - NOT HUMAN EXPERIMENT RESULTS,1044400,C,1,1327.0997679372622,1.0,0,1,typing
SYNTHETIC DEMONSTRATION ONLY - NOT HUMAN EXPERIMENT RESULTS,1044420,C,1,1327.0160737238693,1.0,0,1,typing
SYNTHETIC DEMONSTRATION ONLY - NOT HUMAN EXPERIMENT RESULTS,1044440,C,1,1326.9319955522687,1.0,0,1,typing
SYNTHETIC DEMONSTRATION ONLY - NOT HUMAN EXPERIMENT RESULTS,1044460,C,1,1326.8475346173973,1.0,0,1,typing
SYNTHETIC DEMONSTRATION ONLY - NOT HUMAN EXPERIMENT RESULTS,1044480,C,1,1326.7626921196318,1.0,0,1,typing
SYNTHETIC DEMONSTRATION ONLY - NOT HUMAN EXPERIMENT RESULTS,1044500,C,1,1326.6774692647718,1.0,0,1,typing
SYNTHETIC DEMONSTRATION ONLY - NOT HUMAN EXPERIMENT RESULTS,1044520,C,1,1326.5918672640228,1.0,0,1,typing
SYNTHETIC DEMONSTRATION ONLY - NOT HUMAN EXPERIMENT RESULTS,1044540,C,1,1326.505887333979,1.0,0,1,typing
SYNTHETIC DEMONSTRATION ONLY - NOT HUMAN EXPERIMENT RESULTS,1044560,C,1,1326.4195306966049,1.0,0,1,typing
SYNTHETIC DEMONSTRATION ONLY - NOT HUMAN EXPERIMENT RESULTS,1044580,C,1,1326.33279857922,1.0,0,1,typing
SYNTHETIC DEMONSTRATION ONLY - NOT HUMAN EXPERIMENT RESULTS,1044600,C,1,1326.2456922144795,1.0,0,1,typing
SYNTHETIC DEMONSTRATION ONLY - NOT HUMAN EXPERIMENT RESULTS,1044620,C,1,1326.1582128403577,1.0,0,1,typing
SYNTHETIC DEMONSTRATION ONLY - NOT HUMAN EXPERIMENT RESULTS,1044640,C,1,1326.0703617001302,1.0,0,1,typing
SYNTHETIC DEMONSTRATION ONLY - NOT HUMAN EXPERIMENT RESULTS,1044660,C,1,1325.9821400423557,1.0,0,1,typing
SYNTHETIC DEMONSTRATION ONLY - NOT HUMAN EXPERIMENT RESULTS,1044680,C,1,1325.89354912086,1.0,0,1,typing
SYNTHETIC DEMONSTRATION ONLY - NOT HUMAN EXPERIMENT RESULTS,1044700,C,1,1325.8045901947155,1.0,0,1,typing
SYNTHETIC DEMONSTRATION ONLY - NOT HUMAN EXPERIMENT RESULTS,1044720,C,1,1325.7152645282258,1.0,0,1,typing
SYNTHETIC DEMONSTRATION ONLY - NOT HUMAN EXPERIMENT RESULTS,1044740,C,1,1325.6255733909063,1.0,0,1,typing
SYNTHETIC DEMONSTRATION ONLY - NOT HUMAN EXPERIMENT RESULTS,1044760,C,1,1325.5355180574666,1.0,0,1,typing
SYNTHETIC DEMONSTRATION ONLY - NOT HUMAN EXPERIMENT RESULTS,1044780,C,1,1325.4450998077923,1.0,0,1,typing
SYNTHETIC DEMONSTRATION ONLY - NOT HUMAN EXPERIMENT RESULTS,1044800,C,1,1325.3543199269268,1.0,0,1,typing
SYNTHETIC DEMONSTRATION ONLY - NOT HUMAN EXPERIMENT RESULTS,1044820,C,1,1325.2631797050533,1.0,0,1,typing
SYNTHETIC DEMONSTRATION ONLY - NOT HUMAN EXPERIMENT RESULTS,1044840,C,1,1325.171680437476,1.0,0,1,typing
SYNTHETIC DEMONSTRATION ONLY - NOT HUMAN EXPERIMENT RESULTS,1044860,C,1,1325.079823424602,1.0,0,1,typing
SYNTHETIC DEMONSTRATION ONLY - NOT HUMAN EXPERIMENT RESULTS,1044880,C,1,1324.987609971923,1.0,0,1,typing
SYNTHETIC DEMONSTRATION ONLY - NOT HUMAN EXPERIMENT RESULTS,1044900,C,1,1324.8950413899959,1.0,0,1,typing
SYNTHETIC DEMONSTRATION ONLY - NOT HUMAN EXPERIMENT RESULTS,1044920,C,1,1324.8021189944252,1.0,0,1,typing
SYNTHETIC DEMONSTRATION ONLY - NOT HUMAN EXPERIMENT RESULTS,1044940,C,1,1324.7088441058443,1.0,0,1,typing
SYNTHETIC DEMONSTRATION ONLY - NOT HUMAN EXPERIMENT RESULTS,1044960,C,1,1324.6152180498952,1.0,0,1,typing
SYNTHETIC DEMONSTRATION ONLY - NOT HUMAN EXPERIMENT RESULTS,1044980,C,1,1324.5212421572119,1.0,0,1,typing
SYNTHETIC DEMONSTRATION ONLY - NOT HUMAN EXPERIMENT RESULTS,1045000,C,1,1324.4269177633996,1.0,0,1,typing
SYNTHETIC DEMONSTRATION ONLY - NOT HUMAN EXPERIMENT RESULTS,1045020,C,1,1324.3322462090166,1.0,0,1,typing
SYNTHETIC DEMONSTRATION ONLY - NOT HUMAN EXPERIMENT RESULTS,1045040,C,1,1324.2372288395557,1.0,0,1,typing
SYNTHETIC DEMONSTRATION ONLY - NOT HUMAN EXPERIMENT RESULTS,1045060,C,1,1324.1418670054236,1.0,0,1,typing
SYNTHETIC DEMONSTRATION ONLY - NOT HUMAN EXPERIMENT RESULTS,1045080,C,1,1324.046162061923,1.0,0,1,typing
SYNTHETIC DEMONSTRATION ONLY - NOT HUMAN EXPERIMENT RESULTS,1045100,C,1,1323.9501153692336,1.0,0,1,typing
SYNTHETIC DEMONSTRATION ONLY - NOT HUMAN EXPERIMENT RESULTS,1045120,C,1,1323.8537282923908,1.0,0,1,typing
SYNTHETIC DEMONSTRATION ONLY - NOT HUMAN EXPERIMENT RESULTS,1045140,C,1,1323.7570022012687,1.0,0,1,typing
SYNTHETIC DEMONSTRATION ONLY - NOT HUMAN EXPERIMENT RESULTS,1045160,C,1,1323.6599384705592,1.0,0,1,typing
SYNTHETIC DEMONSTRATION ONLY - NOT HUMAN EXPERIMENT RESULTS,1045180,C,1,1323.5625384797524,1.0,0,1,typing
SYNTHETIC DEMONSTRATION ONLY - NOT HUMAN EXPERIMENT RESULTS,1045200,C,1,1323.4648036131182,1.0,0,1,typing
SYNTHETIC DEMONSTRATION ONLY - NOT HUMAN EXPERIMENT RESULTS,1045220,C,1,1323.3667352596851,1.0,0,1,typing
SYNTHETIC DEMONSTRATION ONLY - NOT HUMAN EXPERIMENT RESULTS,1045240,C,1,1323.2683348132216,1.0,0,1,typing
SYNTHETIC DEMONSTRATION ONLY - NOT HUMAN EXPERIMENT RESULTS,1045260,C,1,1323.1696036722158,1.0,0,1,typing
SYNTHETIC DEMONSTRATION ONLY - NOT HUMAN EXPERIMENT RESULTS,1045280,C,1,1323.0705432398559,1.0,0,1,typing
SYNTHETIC DEMONSTRATION ONLY - NOT HUMAN EXPERIMENT RESULTS,1045300,C,1,1322.9711549240096,1.0,0,1,typing
SYNTHETIC DEMONSTRATION ONLY - NOT HUMAN EXPERIMENT RESULTS,1045320,C,1,1322.8714401372051,1.0,0,1,typing
SYNTHETIC DEMONSTRATION ONLY - NOT HUMAN EXPERIMENT RESULTS,1045340,C,1,1322.7714002966102,1.0,0,1,typing
SYNTHETIC DEMONSTRATION ONLY - NOT HUMAN EXPERIMENT RESULTS,1045360,C,1,1322.6710368240126,1.0,0,1,typing
SYNTHETIC DEMONSTRATION ONLY - NOT HUMAN EXPERIMENT RESULTS,1045380,C,1,1322.5703511457991,1.0,0,1,typing
SYNTHETIC DEMONSTRATION ONLY - NOT HUMAN EXPERIMENT RESULTS,1045400,C,1,1322.4693446929364,1.0,0,1,typing
SYNTHETIC DEMONSTRATION ONLY - NOT HUMAN EXPERIMENT RESULTS,1045420,C,1,1322.3680189009494,1.0,0,1,typing
SYNTHETIC DEMONSTRATION ONLY - NOT HUMAN EXPERIMENT RESULTS,1045440,C,1,1322.2663752099022,1.0,0,1,typing
SYNTHETIC DEMONSTRATION ONLY - NOT HUMAN EXPERIMENT RESULTS,1045460,C,1,1322.1644150643765,1.0,0,1,typing
SYNTHETIC DEMONSTRATION ONLY - NOT HUMAN EXPERIMENT RESULTS,1045480,C,1,1322.0621399134516,1.0,0,1,typing
SYNTHETIC DEMONSTRATION ONLY - NOT HUMAN EXPERIMENT RESULTS,1045500,C,1,1321.959551210684,1.0,0,1,typing
SYNTHETIC DEMONSTRATION ONLY - NOT HUMAN EXPERIMENT RESULTS,1045520,C,1,1321.856650414086,1.0,0,1,typing
SYNTHETIC DEMONSTRATION ONLY - NOT HUMAN EXPERIMENT RESULTS,1045540,C,1,1321.753438986106,1.0,0,1,typing
SYNTHETIC DEMONSTRATION ONLY - NOT HUMAN EXPERIMENT RESULTS,1045560,C,1,1321.6499183936064,1.0,0,1,typing
SYNTHETIC DEMONSTRATION ONLY - NOT HUMAN EXPERIMENT RESULTS,1045580,C,1,1321.5460901078445,1.0,0,1,typing
SYNTHETIC DEMONSTRATION ONLY - NOT HUMAN EXPERIMENT RESULTS,1045600,C,1,1321.4419556044495,1.0,0,1,typing
SYNTHETIC DEMONSTRATION ONLY - NOT HUMAN EXPERIMENT RESULTS,1045620,C,1,1321.3375163634037,1.0,0,1,typing
SYNTHETIC DEMONSTRATION ONLY - NOT HUMAN EXPERIMENT RESULTS,1045640,C,1,1321.2327738690196,1.0,0,1,typing
SYNTHETIC DEMONSTRATION ONLY - NOT HUMAN EXPERIMENT RESULTS,1045660,C,1,1321.12772960992,1.0,0,1,typing
SYNTHETIC DEMONSTRATION ONLY - NOT HUMAN EXPERIMENT RESULTS,1045680,C,1,1321.0223850790162,1.0,0,1,typing
SYNTHETIC DEMONSTRATION ONLY - NOT HUMAN EXPERIMENT RESULTS,1045700,C,1,1320.9167417734873,1.0,0,1,typing
SYNTHETIC DEMONSTRATION ONLY - NOT HUMAN EXPERIMENT RESULTS,1045720,C,1,1320.8108011947586,1.0,0,1,typing
SYNTHETIC DEMONSTRATION ONLY - NOT HUMAN EXPERIMENT RESULTS,1045740,C,1,1320.70456484848,1.0,0,1,typing
SYNTHETIC DEMONSTRATION ONLY - NOT HUMAN EXPERIMENT RESULTS,1045760,C,1,1320.5980342445052,1.0,0,1,typing
SYNTHETIC DEMONSTRATION ONLY - NOT HUMAN EXPERIMENT RESULTS,1045780,C,1,1320.49121089687,1.0,0,1,typing
SYNTHETIC DEMONSTRATION ONLY - NOT HUMAN EXPERIMENT RESULTS,1045800,C,1,1320.3840963237706,1.0,0,1,typing
SYNTHETIC DEMONSTRATION ONLY - NOT HUMAN EXPERIMENT RESULTS,1045820,C,1,1320.276692047542,1.0,0,1,typing
SYNTHETIC DEMONSTRATION ONLY - NOT HUMAN EXPERIMENT RESULTS,1045840,C,1,1320.1689995946367,1.0,0,1,typing
SYNTHETIC DEMONSTRATION ONLY - NOT HUMAN EXPERIMENT RESULTS,1045860,C,1,1320.0610204956033,1.0,0,1,typing
SYNTHETIC DEMONSTRATION ONLY - NOT HUMAN EXPERIMENT RESULTS,1045880,C,1,1319.9527562850633,1.0,0,1,typing
SYNTHETIC DEMONSTRATION ONLY - NOT HUMAN EXPERIMENT RESULTS,1045900,C,1,1319.8442085016911,1.0,0,1,typing
SYNTHETIC DEMONSTRATION ONLY - NOT HUMAN EXPERIMENT RESULTS,1045920,C,1,1319.7353786881906,1.0,0,1,typing
SYNTHETIC DEMONSTRATION ONLY - NOT HUMAN EXPERIMENT RESULTS,1045940,C,1,1319.6262683912748,1.0,0,1,typing
SYNTHETIC DEMONSTRATION ONLY - NOT HUMAN EXPERIMENT RESULTS,1045960,C,1,1319.5168791616422,1.0,0,1,typing
SYNTHETIC DEMONSTRATION ONLY - NOT HUMAN EXPERIMENT RESULTS,1045980,C,1,1319.407212553956,1.0,0,1,typing
SYNTHETIC DEMONSTRATION ONLY - NOT HUMAN EXPERIMENT RESULTS,1046000,C,1,1319.2972701268216,1.0,0,1,typing
SYNTHETIC DEMONSTRATION ONLY - NOT HUMAN EXPERIMENT RESULTS,1046020,C,1,1319.187053442764,1.0,0,1,typing
SYNTHETIC DEMONSTRATION ONLY - NOT HUMAN EXPERIMENT RESULTS,1046040,C,1,1319.0765640682062,1.0,0,1,typing
SYNTHETIC DEMONSTRATION ONLY - NOT HUMAN EXPERIMENT RESULTS,1046060,C,1,1318.965803573447,1.0,0,1,typing
SYNTHETIC DEMONSTRATION ONLY - NOT HUMAN EXPERIMENT RESULTS,1046080,C,1,1318.854773532638,1.0,0,1,typing
SYNTHETIC DEMONSTRATION ONLY - NOT HUMAN EXPERIMENT RESULTS,1046100,C,1,1318.743475523762,1.0,0,1,typing
SYNTHETIC DEMONSTRATION ONLY - NOT HUMAN EXPERIMENT RESULTS,1046120,C,1,1318.6319111286102,1.0,0,1,typing
SYNTHETIC DEMONSTRATION ONLY - NOT HUMAN EXPERIMENT RESULTS,1046140,C,1,1318.5200819327595,1.0,0,1,typing
SYNTHETIC DEMONSTRATION ONLY - NOT HUMAN EXPERIMENT RESULTS,1046160,C,1,1318.40798952555,1.0,0,1,typing
SYNTHETIC DEMONSTRATION ONLY - NOT HUMAN EXPERIMENT RESULTS,1046180,C,1,1318.295635500063,1.0,0,1,typing
SYNTHETIC DEMONSTRATION ONLY - NOT HUMAN EXPERIMENT RESULTS,1046200,C,1,1318.1830214530985,1.0,0,1,typing
SYNTHETIC DEMONSTRATION ONLY - NOT HUMAN EXPERIMENT RESULTS,1046220,C,1,1318.0701489851508,1.0,0,1,typing
SYNTHETIC DEMONSTRATION ONLY - NOT HUMAN EXPERIMENT RESULTS,1046240,C,1,1317.9570197003875,1.0,0,1,typing
SYNTHETIC DEMONSTRATION ONLY - NOT HUMAN EXPERIMENT RESULTS,1046260,C,1,1317.8436352066265,1.0,0,1,typing
SYNTHETIC DEMONSTRATION ONLY - NOT HUMAN EXPERIMENT RESULTS,1046280,C,1,1317.729997115312,1.0,0,1,typing
SYNTHETIC DEMONSTRATION ONLY - NOT HUMAN EXPERIMENT RESULTS,1046300,C,1,1317.616107041493,1.0,0,1,typing
SYNTHETIC DEMONSTRATION ONLY - NOT HUMAN EXPERIMENT RESULTS,1046320,C,1,1317.5019666038,1.0,0,1,typing
SYNTHETIC DEMONSTRATION ONLY - NOT HUMAN EXPERIMENT RESULTS,1046340,C,1,1317.3875774244204,1.0,0,1,typing
SYNTHETIC DEMONSTRATION ONLY - NOT HUMAN EXPERIMENT RESULTS,1046360,C,1,1317.2729411290784,1.0,0,1,typing
SYNTHETIC DEMONSTRATION ONLY - NOT HUMAN EXPERIMENT RESULTS,1046380,C,1,1317.1580593470092,1.0,0,1,typing
SYNTHETIC DEMONSTRATION ONLY - NOT HUMAN EXPERIMENT RESULTS,1046400,C,1,1317.0429337109372,1.0,0,1,typing
SYNTHETIC DEMONSTRATION ONLY - NOT HUMAN EXPERIMENT RESULTS,1046420,C,1,1316.9275658570523,1.0,0,1,typing
SYNTHETIC DEMONSTRATION ONLY - NOT HUMAN EXPERIMENT RESULTS,1046440,C,1,1316.8119574249877,1.0,0,1,typing
SYNTHETIC DEMONSTRATION ONLY - NOT HUMAN EXPERIMENT RESULTS,1046460,C,1,1316.6961100577944,1.0,0,1,typing
SYNTHETIC DEMONSTRATION ONLY - NOT HUMAN EXPERIMENT RESULTS,1046480,C,1,1316.5800254019205,1.0,0,1,typing
SYNTHETIC DEMONSTRATION ONLY - NOT HUMAN EXPERIMENT RESULTS,1046500,C,1,1316.4637051071854,1.0,0,1,typing
SYNTHETIC DEMONSTRATION ONLY - NOT HUMAN EXPERIMENT RESULTS,1046520,C,1,1316.3471508267585,1.0,0,1,typing
SYNTHETIC DEMONSTRATION ONLY - NOT HUMAN EXPERIMENT RESULTS,1046540,C,1,1316.2303642171337,1.0,0,1,typing
SYNTHETIC DEMONSTRATION ONLY - NOT HUMAN EXPERIMENT RESULTS,1046560,C,1,1316.1133469381075,1.0,0,1,typing
SYNTHETIC DEMONSTRATION ONLY - NOT HUMAN EXPERIMENT RESULTS,1046580,C,1,1315.9961006527542,1.0,0,1,typing
SYNTHETIC DEMONSTRATION ONLY - NOT HUMAN EXPERIMENT RESULTS,1046600,C,1,1315.8786270274031,1.0,0,1,typing
SYNTHETIC DEMONSTRATION ONLY - NOT HUMAN EXPERIMENT RESULTS,1046620,C,1,1315.7609277316146,1.0,0,1,typing
SYNTHETIC DEMONSTRATION ONLY - NOT HUMAN EXPERIMENT RESULTS,1046640,C,1,1315.6430044381564,1.0,0,1,typing
SYNTHETIC DEMONSTRATION ONLY - NOT HUMAN EXPERIMENT RESULTS,1046660,C,1,1315.524858822979,1.0,0,1,typing
SYNTHETIC DEMONSTRATION ONLY - NOT HUMAN EXPERIMENT RESULTS,1046680,C,1,1315.4064925651933,1.0,0,1,typing
SYNTHETIC DEMONSTRATION ONLY - NOT HUMAN EXPERIMENT RESULTS,1046700,C,1,1315.287907347046,1.0,0,1,typing
SYNTHETIC DEMONSTRATION ONLY - NOT HUMAN EXPERIMENT RESULTS,1046720,C,1,1315.1691048538955,1.0,0,1,typing
SYNTHETIC DEMONSTRATION ONLY - NOT HUMAN EXPERIMENT RESULTS,1046740,C,1,1315.050086774188,1.0,0,1,typing
SYNTHETIC DEMONSTRATION ONLY - NOT HUMAN EXPERIMENT RESULTS,1046760,C,1,1314.9308547994342,1.0,0,1,typing
SYNTHETIC DEMONSTRATION ONLY - NOT HUMAN EXPERIMENT RESULTS,1046780,C,1,1314.811410624184,1.0,0,1,typing
SYNTHETIC DEMONSTRATION ONLY - NOT HUMAN EXPERIMENT RESULTS,1046800,C,1,1314.6917559460037,1.0,0,1,typing
SYNTHETIC DEMONSTRATION ONLY - NOT HUMAN EXPERIMENT RESULTS,1046820,C,1,1314.5718924654511,1.0,0,1,typing
SYNTHETIC DEMONSTRATION ONLY - NOT HUMAN EXPERIMENT RESULTS,1046840,C,1,1314.4518218860517,1.0,0,1,typing
SYNTHETIC DEMONSTRATION ONLY - NOT HUMAN EXPERIMENT RESULTS,1046860,C,1,1314.331545914274,1.0,0,1,typing
SYNTHETIC DEMONSTRATION ONLY - NOT HUMAN EXPERIMENT RESULTS,1046880,C,1,1314.211066259506,1.0,0,1,typing
SYNTHETIC DEMONSTRATION ONLY - NOT HUMAN EXPERIMENT RESULTS,1046900,C,1,1314.0903846340302,1.0,0,1,typing
SYNTHETIC DEMONSTRATION ONLY - NOT HUMAN EXPERIMENT RESULTS,1046920,C,1,1313.9695027529995,1.0,0,1,typing
SYNTHETIC DEMONSTRATION ONLY - NOT HUMAN EXPERIMENT RESULTS,1046940,C,1,1313.8484223344133,1.0,0,1,typing
SYNTHETIC DEMONSTRATION ONLY - NOT HUMAN EXPERIMENT RESULTS,1046960,C,1,1313.727145099092,1.0,0,1,typing
SYNTHETIC DEMONSTRATION ONLY - NOT HUMAN EXPERIMENT RESULTS,1046980,C,1,1313.6056727706537,1.0,0,1,typing
SYNTHETIC DEMONSTRATION ONLY - NOT HUMAN EXPERIMENT RESULTS,1047000,C,1,1313.4840070754892,1.0,0,1,typing
SYNTHETIC DEMONSTRATION ONLY - NOT HUMAN EXPERIMENT RESULTS,1047020,C,1,1313.3621497427373,1.0,0,1,typing
SYNTHETIC DEMONSTRATION ONLY - NOT HUMAN EXPERIMENT RESULTS,1047040,C,1,1313.2401025042602,1.0,0,1,typing
SYNTHETIC DEMONSTRATION ONLY - NOT HUMAN EXPERIMENT RESULTS,1047060,C,1,1313.1178670946197,1.0,0,1,typing
SYNTHETIC DEMONSTRATION ONLY - NOT HUMAN EXPERIMENT RESULTS,1047080,C,1,1312.995445251051,1.0,0,1,typing
SYNTHETIC DEMONSTRATION ONLY - NOT HUMAN EXPERIMENT RESULTS,1047100,C,1,1312.87283871344,1.0,0,1,typing
SYNTHETIC DEMONSTRATION ONLY - NOT HUMAN EXPERIMENT RESULTS,1047120,C,1,1312.7500492242968,1.0,0,1,typing
SYNTHETIC DEMONSTRATION ONLY - NOT HUMAN EXPERIMENT RESULTS,1047140,C,1,1312.6270785287318,1.0,0,1,typing
SYNTHETIC DEMONSTRATION ONLY - NOT HUMAN EXPERIMENT RESULTS,1047160,C,1,1312.5039283744306,1.0,0,1,typing
SYNTHETIC DEMONSTRATION ONLY - NOT HUMAN EXPERIMENT RESULTS,1047180,C,1,1312.38060051163,1.0,0,1,typing
SYNTHETIC DEMONSTRATION ONLY - NOT HUMAN EXPERIMENT RESULTS,1047200,C,1,1312.2570966930914,1.0,0,1,typing
SYNTHETIC DEMONSTRATION ONLY - NOT HUMAN EXPERIMENT RESULTS,1047220,C,1,1312.1334186740778,1.0,0,1,typing
SYNTHETIC DEMONSTRATION ONLY - NOT HUMAN EXPERIMENT RESULTS,1047240,C,1,1312.0095682123274,1.0,0,1,typing
SYNTHETIC DEMONSTRATION ONLY - NOT HUMAN EXPERIMENT RESULTS,1047260,C,1,1311.8855470680294,1.0,0,1,typing
SYNTHETIC DEMONSTRATION ONLY - NOT HUMAN EXPERIMENT RESULTS,1047280,C,1,1311.761357003799,1.0,0,1,typing
SYNTHETIC DEMONSTRATION ONLY - NOT HUMAN EXPERIMENT RESULTS,1047300,C,1,1311.6369997846516,1.0,0,1,typing
SYNTHETIC DEMONSTRATION ONLY - NOT HUMAN EXPERIMENT RESULTS,1047320,C,1,1311.5124771779788,1.0,0,1,typing
SYNTHETIC DEMONSTRATION ONLY - NOT HUMAN EXPERIMENT RESULTS,1047340,C,1,1311.3877909535222,1.0,0,1,typing
SYNTHETIC DEMONSTRATION ONLY - NOT HUMAN EXPERIMENT RESULTS,1047360,C,1,1311.2629428833493,1.0,0,1,typing
SYNTHETIC DEMONSTRATION ONLY - NOT HUMAN EXPERIMENT RESULTS,1047380,C,1,1311.1379347418276,1.0,0,1,typing
SYNTHETIC DEMONSTRATION ONLY - NOT HUMAN EXPERIMENT RESULTS,1047400,C,1,1311.0127683055991,1.0,0,1,typing
SYNTHETIC DEMONSTRATION ONLY - NOT HUMAN EXPERIMENT RESULTS,1047420,C,1,1310.8874453535564,1.0,0,1,typing
SYNTHETIC DEMONSTRATION ONLY - NOT HUMAN EXPERIMENT RESULTS,1047440,C,1,1310.7619676668155,1.0,0,1,typing
SYNTHETIC DEMONSTRATION ONLY - NOT HUMAN EXPERIMENT RESULTS,1047460,C,1,1310.6363370286927,1.0,0,1,typing
SYNTHETIC DEMONSTRATION ONLY - NOT HUMAN EXPERIMENT RESULTS,1047480,C,1,1310.5105552246769,1.0,0,1,typing
SYNTHETIC DEMONSTRATION ONLY - NOT HUMAN EXPERIMENT RESULTS,1047500,C,1,1310.3846240424064,1.0,0,1,typing
SYNTHETIC DEMONSTRATION ONLY - NOT HUMAN EXPERIMENT RESULTS,1047520,C,1,1310.2585452716417,1.0,0,1,typing
SYNTHETIC DEMONSTRATION ONLY - NOT HUMAN EXPERIMENT RESULTS,1047540,C,1,1310.1323207042412,1.0,0,1,typing
SYNTHETIC DEMONSTRATION ONLY - NOT HUMAN EXPERIMENT RESULTS,1047560,C,1,1310.0059521341357,1.0,0,1,typing
SYNTHETIC DEMONSTRATION ONLY - NOT HUMAN EXPERIMENT RESULTS,1047580,C,1,1309.879441357302,1.0,0,1,typing
SYNTHETIC DEMONSTRATION ONLY - NOT HUMAN EXPERIMENT RESULTS,1047600,C,1,1309.7527901717388,1.0,0,1,typing
SYNTHETIC DEMONSTRATION ONLY - NOT HUMAN EXPERIMENT RESULTS,1047620,C,1,1309.6260003774391,1.0,0,1,typing
SYNTHETIC DEMONSTRATION ONLY - NOT HUMAN EXPERIMENT RESULTS,1047640,C,1,1309.499073776367,1.0,0,1,typing
SYNTHETIC DEMONSTRATION ONLY - NOT HUMAN EXPERIMENT RESULTS,1047660,C,1,1309.37201217243,1.0,0,1,typing
SYNTHETIC DEMONSTRATION ONLY - NOT HUMAN EXPERIMENT RESULTS,1047680,C,1,1309.2448173714554,1.0,0,1,typing
SYNTHETIC DEMONSTRATION ONLY - NOT HUMAN EXPERIMENT RESULTS,1047700,C,1,1309.1174911811622,1.0,0,1,typing
SYNTHETIC DEMONSTRATION ONLY - NOT HUMAN EXPERIMENT RESULTS,1047720,C,1,1308.9900354111378,1.0,0,1,typing
SYNTHETIC DEMONSTRATION ONLY - NOT HUMAN EXPERIMENT RESULTS,1047740,C,1,1308.8624518728109,1.0,0,1,typing
SYNTHETIC DEMONSTRATION ONLY - NOT HUMAN EXPERIMENT RESULTS,1047760,C,1,1308.7347423794256,1.0,0,1,typing
SYNTHETIC DEMONSTRATION ONLY - NOT HUMAN EXPERIMENT RESULTS,1047780,C,1,1308.6069087460166,1.0,0,1,typing
SYNTHETIC DEMONSTRATION ONLY - NOT HUMAN EXPERIMENT RESULTS,1047800,C,1,1308.4789527893831,1.0,0,1,typing
SYNTHETIC DEMONSTRATION ONLY - NOT HUMAN EXPERIMENT RESULTS,1047820,C,1,1308.3508763280622,1.0,0,1,typing
SYNTHETIC DEMONSTRATION ONLY - NOT HUMAN EXPERIMENT RESULTS,1047840,C,1,1308.2226811823039,1.0,0,1,typing
SYNTHETIC DEMONSTRATION ONLY - NOT HUMAN EXPERIMENT RESULTS,1047860,C,1,1308.0943691740451,1.0,0,1,typing
SYNTHETIC DEMONSTRATION ONLY - NOT HUMAN EXPERIMENT RESULTS,1047880,C,1,1307.9659421268834,1.0,0,1,typing
SYNTHETIC DEMONSTRATION ONLY - NOT HUMAN EXPERIMENT RESULTS,1047900,C,1,1307.8374018660513,1.0,0,1,typing
SYNTHETIC DEMONSTRATION ONLY - NOT HUMAN EXPERIMENT RESULTS,1047920,C,1,1307.7087502183908,1.0,0,1,typing
SYNTHETIC DEMONSTRATION ONLY - NOT HUMAN EXPERIMENT RESULTS,1047940,C,1,1307.5799890123262,1.0,0,1,typing
SYNTHETIC DEMONSTRATION ONLY - NOT HUMAN EXPERIMENT RESULTS,1047960,C,1,1307.4511200778393,1.0,0,1,typing
SYNTHETIC DEMONSTRATION ONLY - NOT HUMAN EXPERIMENT RESULTS,1047980,C,1,1307.3221452464431,1.0,0,1,typing
SYNTHETIC DEMONSTRATION ONLY - NOT HUMAN EXPERIMENT RESULTS,1048000,C,1,1307.1930663511555,1.0,0,1,typing
SYNTHETIC DEMONSTRATION ONLY - NOT HUMAN EXPERIMENT RESULTS,1048020,C,1,1307.063885226473,1.0,0,1,typing
SYNTHETIC DEMONSTRATION ONLY - NOT HUMAN EXPERIMENT RESULTS,1048040,C,1,1306.9346037083455,1.0,0,1,typing
SYNTHETIC DEMONSTRATION ONLY - NOT HUMAN EXPERIMENT RESULTS,1048060,C,1,1306.8052236341496,1.0,0,1,typing
SYNTHETIC DEMONSTRATION ONLY - NOT HUMAN EXPERIMENT RESULTS,1048080,C,1,1306.6757468426622,1.0,0,1,typing
SYNTHETIC DEMONSTRATION ONLY - NOT HUMAN EXPERIMENT RESULTS,1048100,C,1,1306.5461751740356,1.0,0,1,typing
SYNTHETIC DEMONSTRATION ONLY - NOT HUMAN EXPERIMENT RESULTS,1048120,C,1,1306.4165104697697,1.0,0,1,typing
SYNTHETIC DEMONSTRATION ONLY - NOT HUMAN EXPERIMENT RESULTS,1048140,C,1,1306.286754572687,1.0,0,1,typing
SYNTHETIC DEMONSTRATION ONLY - NOT HUMAN EXPERIMENT RESULTS,1048160,C,1,1306.156909326906,1.0,0,1,typing
SYNTHETIC DEMONSTRATION ONLY - NOT HUMAN EXPERIMENT RESULTS,1048180,C,1,1306.0269765778155,1.0,0,1,typing
SYNTHETIC DEMONSTRATION ONLY - NOT HUMAN EXPERIMENT RESULTS,1048200,C,1,1305.8969581720467,1.0,0,1,typing
SYNTHETIC DEMONSTRATION ONLY - NOT HUMAN EXPERIMENT RESULTS,1048220,C,1,1305.7668559574495,1.0,0,1,typing
SYNTHETIC DEMONSTRATION ONLY - NOT HUMAN EXPERIMENT RESULTS,1048240,C,1,1305.636671783064,1.0,0,1,typing
SYNTHETIC DEMONSTRATION ONLY - NOT HUMAN EXPERIMENT RESULTS,1048260,C,1,1305.506407499096,1.0,0,1,typing
SYNTHETIC DEMONSTRATION ONLY - NOT HUMAN EXPERIMENT RESULTS,1048280,C,1,1305.3760649568885,1.0,0,1,typing
SYNTHETIC DEMONSTRATION ONLY - NOT HUMAN EXPERIMENT RESULTS,1048300,C,1,1305.2456460088983,1.0,0,1,typing
SYNTHETIC DEMONSTRATION ONLY - NOT HUMAN EXPERIMENT RESULTS,1048320,C,1,1305.115152508667,1.0,0,1,typing
SYNTHETIC DEMONSTRATION ONLY - NOT HUMAN EXPERIMENT RESULTS,1048340,C,1,1304.9845863107962,1.0,0,1,typing
SYNTHETIC DEMONSTRATION ONLY - NOT HUMAN EXPERIMENT RESULTS,1048360,C,1,1304.8539492709206,1.0,0,1,typing
SYNTHETIC DEMONSTRATION ONLY - NOT HUMAN EXPERIMENT RESULTS,1048380,C,1,1304.7232432456815,1.0,0,1,typing
SYNTHETIC DEMONSTRATION ONLY - NOT HUMAN EXPERIMENT RESULTS,1048400,C,1,1304.592470092701,1.0,0,1,typing
SYNTHETIC DEMONSTRATION ONLY - NOT HUMAN EXPERIMENT RESULTS,1048420,C,1,1304.4616316705549,1.0,0,1,typing
SYNTHETIC DEMONSTRATION ONLY - NOT HUMAN EXPERIMENT RESULTS,1048440,C,1,1304.330729838747,1.0,0,1,typing
SYNTHETIC DEMONSTRATION ONLY - NOT HUMAN EXPERIMENT RESULTS,1048460,C,1,1304.199766457682,1.0,0,1,typing
SYNTHETIC DEMONSTRATION ONLY - NOT HUMAN EXPERIMENT RESULTS,1048480,C,1,1304.0687433886394,1.0,0,1,typing
SYNTHETIC DEMONSTRATION ONLY - NOT HUMAN EXPERIMENT RESULTS,1048500,C,1,1303.937662493747,1.0,0,1,typing
SYNTHETIC DEMONSTRATION ONLY - NOT HUMAN EXPERIMENT RESULTS,1048520,C,1,1303.8065256359546,1.0,0,1,typing
SYNTHETIC DEMONSTRATION ONLY - NOT HUMAN EXPERIMENT RESULTS,1048540,C,1,1303.6753346790072,1.0,0,1,typing
SYNTHETIC DEMONSTRATION ONLY - NOT HUMAN EXPERIMENT RESULTS,1048560,C,1,1303.5440914874187,1.0,0,1,typing
SYNTHETIC DEMONSTRATION ONLY - NOT HUMAN EXPERIMENT RESULTS,1048580,C,1,1303.4127979264451,1.0,0,1,typing
SYNTHETIC DEMONSTRATION ONLY - NOT HUMAN EXPERIMENT RESULTS,1048600,C,1,1303.2814558620587,1.0,0,1,typing
SYNTHETIC DEMONSTRATION ONLY - NOT HUMAN EXPERIMENT RESULTS,1048620,C,1,1303.1500671609213,1.0,0,1,typing
SYNTHETIC DEMONSTRATION ONLY - NOT HUMAN EXPERIMENT RESULTS,1048640,C,1,1303.0186336903564,1.0,0,1,typing
SYNTHETIC DEMONSTRATION ONLY - NOT HUMAN EXPERIMENT RESULTS,1048660,C,1,1302.8871573183253,1.0,0,1,typing
SYNTHETIC DEMONSTRATION ONLY - NOT HUMAN EXPERIMENT RESULTS,1048680,C,1,1302.755639913398,1.0,0,1,typing
SYNTHETIC DEMONSTRATION ONLY - NOT HUMAN EXPERIMENT RESULTS,1048700,C,1,1302.6240833447278,1.0,0,1,typing
SYNTHETIC DEMONSTRATION ONLY - NOT HUMAN EXPERIMENT RESULTS,1048720,C,1,1302.492489482025,1.0,0,1,typing
SYNTHETIC DEMONSTRATION ONLY - NOT HUMAN EXPERIMENT RESULTS,1048740,C,1,1302.3608601955293,1.0,0,1,typing
SYNTHETIC DEMONSTRATION ONLY - NOT HUMAN EXPERIMENT RESULTS,1048760,C,1,1302.2291973559845,1.0,0,1,typing
SYNTHETIC DEMONSTRATION ONLY - NOT HUMAN EXPERIMENT RESULTS,1048780,C,1,1302.0975028346109,1.0,0,1,typing
SYNTHETIC DEMONSTRATION ONLY - NOT HUMAN EXPERIMENT RESULTS,1048800,C,1,1301.9657785030793,1.0,0,1,typing
SYNTHETIC DEMONSTRATION ONLY - NOT HUMAN EXPERIMENT RESULTS,1048820,C,1,1301.8340262334839,1.0,0,1,typing
SYNTHETIC DEMONSTRATION ONLY - NOT HUMAN EXPERIMENT RESULTS,1048840,C,1,1301.702247898316,1.0,0,1,typing
SYNTHETIC DEMONSTRATION ONLY - NOT HUMAN EXPERIMENT RESULTS,1048860,C,1,1301.5704453704377,1.0,0,1,typing
SYNTHETIC DEMONSTRATION ONLY - NOT HUMAN EXPERIMENT RESULTS,1048880,C,1,1301.4386205230542,1.0,0,1,typing
SYNTHETIC DEMONSTRATION ONLY - NOT HUMAN EXPERIMENT RESULTS,1048900,C,1,1301.306775229689,1.0,0,1,typing
SYNTHETIC DEMONSTRATION ONLY - NOT HUMAN EXPERIMENT RESULTS,1048920,C,1,1301.174911364155,1.0,0,1,typing
SYNTHETIC DEMONSTRATION ONLY - NOT HUMAN EXPERIMENT RESULTS,1048940,C,1,1301.04303080053,1.0,0,1,typing
SYNTHETIC DEMONSTRATION ONLY - NOT HUMAN EXPERIMENT RESULTS,1048960,C,1,1300.9111354131285,1.0,0,1,typing
SYNTHETIC DEMONSTRATION ONLY - NOT HUMAN EXPERIMENT RESULTS,1048980,C,1,1300.779227076476,1.0,0,1,typing
SYNTHETIC DEMONSTRATION ONLY - NOT HUMAN EXPERIMENT RESULTS,1049000,C,1,1300.647307665282,1.0,0,1,typing
SYNTHETIC DEMONSTRATION ONLY - NOT HUMAN EXPERIMENT RESULTS,1049020,C,1,1300.515379054413,1.0,0,1,typing
SYNTHETIC DEMONSTRATION ONLY - NOT HUMAN EXPERIMENT RESULTS,1049040,C,1,1300.383443118867,1.0,0,1,typing
SYNTHETIC DEMONSTRATION ONLY - NOT HUMAN EXPERIMENT RESULTS,1049060,C,1,1300.2515017337455,1.0,0,1,typing
SYNTHETIC DEMONSTRATION ONLY - NOT HUMAN EXPERIMENT RESULTS,1049080,C,1,1300.1195567742277,1.0,0,1,typing
SYNTHETIC DEMONSTRATION ONLY - NOT HUMAN EXPERIMENT RESULTS,1049100,C,1,1299.9876101155435,1.0,0,1,typing
SYNTHETIC DEMONSTRATION ONLY - NOT HUMAN EXPERIMENT RESULTS,1049120,C,1,1299.855663632947,1.0,0,1,typing
SYNTHETIC DEMONSTRATION ONLY - NOT HUMAN EXPERIMENT RESULTS,1049140,C,1,1299.7237192016896,1.0,0,1,typing
SYNTHETIC DEMONSTRATION ONLY - NOT HUMAN EXPERIMENT RESULTS,1049160,C,1,1299.5917786969942,1.0,0,1,typing
SYNTHETIC DEMONSTRATION ONLY - NOT HUMAN EXPERIMENT RESULTS,1049180,C,1,1299.4598439940269,1.0,0,1,typing
SYNTHETIC DEMONSTRATION ONLY - NOT HUMAN EXPERIMENT RESULTS,1049200,C,1,1299.3279169678722,1.0,0,1,typing
SYNTHETIC DEMONSTRATION ONLY - NOT HUMAN EXPERIMENT RESULTS,1049220,C,1,1299.1959994935048,1.0,0,1,typing
SYNTHETIC DEMONSTRATION ONLY - NOT HUMAN EXPERIMENT RESULTS,1049240,C,1,1299.0640934457645,1.0,0,1,typing
SYNTHETIC DEMONSTRATION ONLY - NOT HUMAN EXPERIMENT RESULTS,1049260,C,1,1298.932200699328,1.0,0,1,typing
SYNTHETIC DEMONSTRATION ONLY - NOT HUMAN EXPERIMENT RESULTS,1049280,C,1,1298.800323128683,1.0,0,1,typing
SYNTHETIC DEMONSTRATION ONLY - NOT HUMAN EXPERIMENT RESULTS,1049300,C,1,1298.668462608102,1.0,0,1,typing
SYNTHETIC DEMONSTRATION ONLY - NOT HUMAN EXPERIMENT RESULTS,1049320,C,1,1298.5366210116144,1.0,0,1,typing
SYNTHETIC DEMONSTRATION ONLY - NOT HUMAN EXPERIMENT RESULTS,1049340,C,1,1298.4048002129816,1.0,0,1,typing
SYNTHETIC DEMONSTRATION ONLY - NOT HUMAN EXPERIMENT RESULTS,1049360,C,1,1298.2730020856688,1.0,0,1,typing
SYNTHETIC DEMONSTRATION ONLY - NOT HUMAN EXPERIMENT RESULTS,1049380,C,1,1298.141228502819,1.0,0,1,typing
SYNTHETIC DEMONSTRATION ONLY - NOT HUMAN EXPERIMENT RESULTS,1049400,C,1,1298.0094813372266,1.0,0,1,typing
SYNTHETIC DEMONSTRATION ONLY - NOT HUMAN EXPERIMENT RESULTS,1049420,C,1,1297.8777624613106,1.0,0,1,typing
SYNTHETIC DEMONSTRATION ONLY - NOT HUMAN EXPERIMENT RESULTS,1049440,C,1,1297.7460737470874,1.0,0,1,typing
SYNTHETIC DEMONSTRATION ONLY - NOT HUMAN EXPERIMENT RESULTS,1049460,C,1,1297.6144170661453,1.0,0,1,typing
SYNTHETIC DEMONSTRATION ONLY - NOT HUMAN EXPERIMENT RESULTS,1049480,C,1,1297.4827942896172,1.0,0,1,typing
SYNTHETIC DEMONSTRATION ONLY - NOT HUMAN EXPERIMENT RESULTS,1049500,C,1,1297.3512072881542,1.0,0,1,typing
SYNTHETIC DEMONSTRATION ONLY - NOT HUMAN EXPERIMENT RESULTS,1049520,C,1,1297.2196579318988,1.0,0,1,typing
SYNTHETIC DEMONSTRATION ONLY - NOT HUMAN EXPERIMENT RESULTS,1049540,C,1,1297.0881480904584,1.0,0,1,typing
SYNTHETIC DEMONSTRATION ONLY - NOT HUMAN EXPERIMENT RESULTS,1049560,C,1,1296.956679632879,1.0,0,1,typing
SYNTHETIC DEMONSTRATION ONLY - NOT HUMAN EXPERIMENT RESULTS,1049580,C,1,1296.8252544276186,1.0,0,1,typing
SYNTHETIC DEMONSTRATION ONLY - NOT HUMAN EXPERIMENT RESULTS,1049600,C,1,1296.6938743425198,1.0,0,1,typing
SYNTHETIC DEMONSTRATION ONLY - NOT HUMAN EXPERIMENT RESULTS,1049620,C,1,1296.5625412447848,1.0,0,1,typing
SYNTHETIC DEMONSTRATION ONLY - NOT HUMAN EXPERIMENT RESULTS,1049640,C,1,1296.4312570009477,1.0,0,1,typing
SYNTHETIC DEMONSTRATION ONLY - NOT HUMAN EXPERIMENT RESULTS,1049660,C,1,1296.3000234768479,1.0,0,1,typing
SYNTHETIC DEMONSTRATION ONLY - NOT HUMAN EXPERIMENT RESULTS,1049680,C,1,1296.1688425376046,1.0,0,1,typing
SYNTHETIC DEMONSTRATION ONLY - NOT HUMAN EXPERIMENT RESULTS,1049700,C,1,1296.037716047589,1.0,0,1,typing
SYNTHETIC DEMONSTRATION ONLY - NOT HUMAN EXPERIMENT RESULTS,1049720,C,1,1295.906645870399,1.0,0,1,typing
SYNTHETIC DEMONSTRATION ONLY - NOT HUMAN EXPERIMENT RESULTS,1049740,C,1,1295.7756338688316,1.0,0,1,typing
SYNTHETIC DEMONSTRATION ONLY - NOT HUMAN EXPERIMENT RESULTS,1049760,C,1,1295.6446819048579,1.0,0,1,typing
SYNTHETIC DEMONSTRATION ONLY - NOT HUMAN EXPERIMENT RESULTS,1049780,C,1,1295.5137918395944,1.0,0,1,typing
SYNTHETIC DEMONSTRATION ONLY - NOT HUMAN EXPERIMENT RESULTS,1049800,C,1,1295.3829655332795,1.0,0,1,typing
SYNTHETIC DEMONSTRATION ONLY - NOT HUMAN EXPERIMENT RESULTS,1049820,C,1,1295.252204845244,1.0,0,1,typing
SYNTHETIC DEMONSTRATION ONLY - NOT HUMAN EXPERIMENT RESULTS,1049840,C,1,1295.1215116338872,1.0,0,1,typing
SYNTHETIC DEMONSTRATION ONLY - NOT HUMAN EXPERIMENT RESULTS,1049860,C,1,1294.9908877566484,1.0,0,1,typing
SYNTHETIC DEMONSTRATION ONLY - NOT HUMAN EXPERIMENT RESULTS,1049880,C,1,1294.8603350699823,1.0,0,1,typing
SYNTHETIC DEMONSTRATION ONLY - NOT HUMAN EXPERIMENT RESULTS,1049900,C,1,1294.7298554293316,1.0,0,1,typing
SYNTHETIC DEMONSTRATION ONLY - NOT HUMAN EXPERIMENT RESULTS,1049920,C,1,1294.5994506891006,1.0,0,1,typing
SYNTHETIC DEMONSTRATION ONLY - NOT HUMAN EXPERIMENT RESULTS,1049940,C,1,1294.4691227026296,1.0,0,1,typing
SYNTHETIC DEMONSTRATION ONLY - NOT HUMAN EXPERIMENT RESULTS,1049960,C,1,1294.3388733221675,1.0,0,1,typing
SYNTHETIC DEMONSTRATION ONLY - NOT HUMAN EXPERIMENT RESULTS,1049980,C,1,1294.2087043988465,1.0,0,1,typing
SYNTHETIC DEMONSTRATION ONLY - NOT HUMAN EXPERIMENT RESULTS,1050000,C,1,1294.078617782655,1.0,0,1,typing
SYNTHETIC DEMONSTRATION ONLY - NOT HUMAN EXPERIMENT RESULTS,1050020,C,1,1293.948615322412,1.0,0,1,typing
SYNTHETIC DEMONSTRATION ONLY - NOT HUMAN EXPERIMENT RESULTS,1050040,C,1,1293.8186988657399,1.0,0,1,typing
SYNTHETIC DEMONSTRATION ONLY - NOT HUMAN EXPERIMENT RESULTS,1050060,C,1,1293.6888702590393,1.0,0,1,typing
SYNTHETIC DEMONSTRATION ONLY - NOT HUMAN EXPERIMENT RESULTS,1050080,C,1,1293.559131347462,1.0,0,1,typing
SYNTHETIC DEMONSTRATION ONLY - NOT HUMAN EXPERIMENT RESULTS,1050100,C,1,1293.4294839748852,1.0,0,1,typing
SYNTHETIC DEMONSTRATION ONLY - NOT HUMAN EXPERIMENT RESULTS,1050120,C,1,1293.299929983885,1.0,0,1,typing
SYNTHETIC DEMONSTRATION ONLY - NOT HUMAN EXPERIMENT RESULTS,1050140,C,1,1293.1704712157102,1.0,0,1,typing
SYNTHETIC DEMONSTRATION ONLY - NOT HUMAN EXPERIMENT RESULTS,1050160,C,1,1293.0411095102568,1.0,0,1,typing
SYNTHETIC DEMONSTRATION ONLY - NOT HUMAN EXPERIMENT RESULTS,1050180,C,1,1292.9118467060407,1.0,0,1,typing
SYNTHETIC DEMONSTRATION ONLY - NOT HUMAN EXPERIMENT RESULTS,1050200,C,1,1292.7826846401726,1.0,0,1,typing
SYNTHETIC DEMONSTRATION ONLY - NOT HUMAN EXPERIMENT RESULTS,1050220,C,1,1292.6536251483315,1.0,0,1,typing
SYNTHETIC DEMONSTRATION ONLY - NOT HUMAN EXPERIMENT RESULTS,1050240,C,1,1292.524670064738,1.0,0,1,typing
SYNTHETIC DEMONSTRATION ONLY - NOT HUMAN EXPERIMENT RESULTS,1050260,C,1,1292.3958212221298,1.0,0,1,typing
SYNTHETIC DEMONSTRATION ONLY - NOT HUMAN EXPERIMENT RESULTS,1050280,C,1,1292.2670804517338,1.0,0,1,typing
SYNTHETIC DEMONSTRATION ONLY - NOT HUMAN EXPERIMENT RESULTS,1050300,C,1,1292.1384495832415,1.0,0,1,typing
SYNTHETIC DEMONSTRATION ONLY - NOT HUMAN EXPERIMENT RESULTS,1050320,C,1,1292.0099304447822,1.0,0,1,typing
SYNTHETIC DEMONSTRATION ONLY - NOT HUMAN EXPERIMENT RESULTS,1050340,C,1,1291.881524862897,1.0,0,1,typing
SYNTHETIC DEMONSTRATION ONLY - NOT HUMAN EXPERIMENT RESULTS,1050360,C,1,1291.7532346625144,1.0,0,1,typing
SYNTHETIC DEMONSTRATION ONLY - NOT HUMAN EXPERIMENT RESULTS,1050380,C,1,1291.625061666921,1.0,0,1,typing
SYNTHETIC DEMONSTRATION ONLY - NOT HUMAN EXPERIMENT RESULTS,1050400,C,1,1291.4970076977395,1.0,0,1,typing
SYNTHETIC DEMONSTRATION ONLY - NOT HUMAN EXPERIMENT RESULTS,1050420,C,1,1291.3690745749,1.0,0,1,typing
SYNTHETIC DEMONSTRATION ONLY - NOT HUMAN EXPERIMENT RESULTS,1050440,C,1,1291.2412641166154,1.0,0,1,typing
SYNTHETIC DEMONSTRATION ONLY - NOT HUMAN EXPERIMENT RESULTS,1050460,C,1,1291.1135781393552,1.0,0,1,typing
SYNTHETIC DEMONSTRATION ONLY - NOT HUMAN EXPERIMENT RESULTS,1050480,C,1,1290.98601845782,1.0,0,1,typing
SYNTHETIC DEMONSTRATION ONLY - NOT HUMAN EXPERIMENT RESULTS,1050500,C,1,1290.8585868849148,1.0,0,1,typing
SYNTHETIC DEMONSTRATION ONLY - NOT HUMAN EXPERIMENT RESULTS,1050520,C,1,1290.7312852317243,1.0,0,1,typing
SYNTHETIC DEMONSTRATION ONLY - NOT HUMAN EXPERIMENT RESULTS,1050540,C,1,1290.6041153074873,1.0,0,1,typing
SYNTHETIC DEMONSTRATION ONLY - NOT HUMAN EXPERIMENT RESULTS,1050560,C,1,1290.4770789195695,1.0,0,1,typing
SYNTHETIC DEMONSTRATION ONLY - NOT HUMAN EXPERIMENT RESULTS,1050580,C,1,1290.3501778734394,1.0,0,1,typing
SYNTHETIC DEMONSTRATION ONLY - NOT HUMAN EXPERIMENT RESULTS,1050600,C,1,1290.2234139726415,1.0,0,1,typing
SYNTHETIC DEMONSTRATION ONLY - NOT HUMAN EXPERIMENT RESULTS,1050620,C,1,1290.0967890187717,1.0,0,1,typing
SYNTHETIC DEMONSTRATION ONLY - NOT HUMAN EXPERIMENT RESULTS,1050640,C,1,1289.970304811451,1.0,0,1,typing
SYNTHETIC DEMONSTRATION ONLY - NOT HUMAN EXPERIMENT RESULTS,1050660,C,1,1289.8439631482993,1.0,0,1,typing
SYNTHETIC DEMONSTRATION ONLY - NOT HUMAN EXPERIMENT RESULTS,1050680,C,1,1289.7177658249118,1.0,0,1,typing
SYNTHETIC DEMONSTRATION ONLY - NOT HUMAN EXPERIMENT RESULTS,1050700,C,1,1289.5917146348318,1.0,0,1,typing
SYNTHETIC DEMONSTRATION ONLY - NOT HUMAN EXPERIMENT RESULTS,1050720,C,1,1289.4658113695255,1.0,0,1,typing
SYNTHETIC DEMONSTRATION ONLY - NOT HUMAN EXPERIMENT RESULTS,1050740,C,1,1289.340057818357,1.0,0,1,typing
SYNTHETIC DEMONSTRATION ONLY - NOT HUMAN EXPERIMENT RESULTS,1050760,C,1,1289.214455768563,1.0,0,1,typing
SYNTHETIC DEMONSTRATION ONLY - NOT HUMAN EXPERIMENT RESULTS,1050780,C,1,1289.0890070052264,1.0,0,1,typing
SYNTHETIC DEMONSTRATION ONLY - NOT HUMAN EXPERIMENT RESULTS,1050800,C,1,1288.963713311252,1.0,0,1,typing
SYNTHETIC DEMONSTRATION ONLY - NOT HUMAN EXPERIMENT RESULTS,1050820,C,1,1288.8385764673399,1.0,0,1,typing
SYNTHETIC DEMONSTRATION ONLY - NOT HUMAN EXPERIMENT RESULTS,1050840,C,1,1288.7135982519621,1.0,0,1,typing
SYNTHETIC DEMONSTRATION ONLY - NOT HUMAN EXPERIMENT RESULTS,1050860,C,1,1288.588780441336,1.0,0,1,typing
SYNTHETIC DEMONSTRATION ONLY - NOT HUMAN EXPERIMENT RESULTS,1050880,C,1,1288.4641248093983,1.0,0,1,typing
SYNTHETIC DEMONSTRATION ONLY - NOT HUMAN EXPERIMENT RESULTS,1050900,C,1,1288.3396331277818,1.0,0,1,typing
SYNTHETIC DEMONSTRATION ONLY - NOT HUMAN EXPERIMENT RESULTS,1050920,C,1,1288.215307165789,1.0,0,1,typing
SYNTHETIC DEMONSTRATION ONLY - NOT HUMAN EXPERIMENT RESULTS,1050940,C,1,1288.0911486903667,1.0,0,1,typing
SYNTHETIC DEMONSTRATION ONLY - NOT HUMAN EXPERIMENT RESULTS,1050960,C,1,1287.967159466082,1.0,0,1,typing
SYNTHETIC DEMONSTRATION ONLY - NOT HUMAN EXPERIMENT RESULTS,1050980,C,1,1287.8433412550958,1.0,0,1,typing
SYNTHETIC DEMONSTRATION ONLY - NOT HUMAN EXPERIMENT RESULTS,1051000,C,1,1287.7196958171394,1.0,0,1,typing
SYNTHETIC DEMONSTRATION ONLY - NOT HUMAN EXPERIMENT RESULTS,1051020,C,1,1287.5962249094878,1.0,0,1,typing
SYNTHETIC DEMONSTRATION ONLY - NOT HUMAN EXPERIMENT RESULTS,1051040,C,1,1287.4729302869362,1.0,0,1,typing
SYNTHETIC DEMONSTRATION ONLY - NOT HUMAN EXPERIMENT RESULTS,1051060,C,1,1287.3498137017739,1.0,0,1,typing
SYNTHETIC DEMONSTRATION ONLY - NOT HUMAN EXPERIMENT RESULTS,1051080,C,1,1287.22687690376,1.0,0,1,typing
SYNTHETIC DEMONSTRATION ONLY - NOT HUMAN EXPERIMENT RESULTS,1051100,C,1,1287.1041216400988,1.0,0,1,typing
SYNTHETIC DEMONSTRATION ONLY - NOT HUMAN EXPERIMENT RESULTS,1051120,C,1,1286.9815496554143,1.0,0,1,typing
SYNTHETIC DEMONSTRATION ONLY - NOT HUMAN EXPERIMENT RESULTS,1051140,C,1,1286.8591626917255,1.0,0,1,typing
SYNTHETIC DEMONSTRATION ONLY - NOT HUMAN EXPERIMENT RESULTS,1051160,C,1,1286.7369624884223,1.0,0,1,typing
SYNTHETIC DEMONSTRATION ONLY - NOT HUMAN EXPERIMENT RESULTS,1051180,C,1,1286.6149507822397,1.0,0,1,typing
SYNTHETIC DEMONSTRATION ONLY - NOT HUMAN EXPERIMENT RESULTS,1051200,C,1,1286.4931293072345,1.0,0,1,typing
SYNTHETIC DEMONSTRATION ONLY - NOT HUMAN EXPERIMENT RESULTS,1051220,C,1,1286.3714997947593,1.0,0,1,typing
SYNTHETIC DEMONSTRATION ONLY - NOT HUMAN EXPERIMENT RESULTS,1051240,C,1,1286.250063973439,1.0,0,1,typing
SYNTHETIC DEMONSTRATION ONLY - NOT HUMAN EXPERIMENT RESULTS,1051260,C,1,1286.128823569145,1.0,0,1,typing
SYNTHETIC DEMONSTRATION ONLY - NOT HUMAN EXPERIMENT RESULTS,1051280,C,1,1286.007780304972,1.0,0,1,typing
SYNTHETIC DEMONSTRATION ONLY - NOT HUMAN EXPERIMENT RESULTS,1051300,C,1,1285.8869359012126,1.0,0,1,typing
SYNTHETIC DEMONSTRATION ONLY - NOT HUMAN EXPERIMENT RESULTS,1051320,C,1,1285.7662920753337,1.0,0,1,typing
SYNTHETIC DEMONSTRATION ONLY - NOT HUMAN EXPERIMENT RESULTS,1051340,C,1,1285.6458505419505,1.0,0,1,typing
SYNTHETIC DEMONSTRATION ONLY - NOT HUMAN EXPERIMENT RESULTS,1051360,C,1,1285.5256130128041,1.0,0,1,typing
SYNTHETIC DEMONSTRATION ONLY - NOT HUMAN EXPERIMENT RESULTS,1051380,C,1,1285.4055811967362,1.0,0,1,typing
SYNTHETIC DEMONSTRATION ONLY - NOT HUMAN EXPERIMENT RESULTS,1051400,C,1,1285.2857567996641,1.0,0,1,typing
SYNTHETIC DEMONSTRATION ONLY - NOT HUMAN EXPERIMENT RESULTS,1051420,C,1,1285.166141524558,1.0,0,1,typing
SYNTHETIC DEMONSTRATION ONLY - NOT HUMAN EXPERIMENT RESULTS,1051440,C,1,1285.0467370714157,1.0,0,1,typing
SYNTHETIC DEMONSTRATION ONLY - NOT HUMAN EXPERIMENT RESULTS,1051460,C,1,1284.9275451372387,1.0,0,1,typing
SYNTHETIC DEMONSTRATION ONLY - NOT HUMAN EXPERIMENT RESULTS,1051480,C,1,1284.8085674160081,1.0,0,1,typing
SYNTHETIC DEMONSTRATION ONLY - NOT HUMAN EXPERIMENT RESULTS,1051500,C,1,1284.689805598661,1.0,0,1,typing
SYNTHETIC DEMONSTRATION ONLY - NOT HUMAN EXPERIMENT RESULTS,1051520,C,1,1284.5712613730655,1.0,0,1,typing
SYNTHETIC DEMONSTRATION ONLY - NOT HUMAN EXPERIMENT RESULTS,1051540,C,1,1284.4529364239975,1.0,0,1,typing
SYNTHETIC DEMONSTRATION ONLY - NOT HUMAN EXPERIMENT RESULTS,1051560,C,1,1284.3348324331164,1.0,0,1,typing
SYNTHETIC DEMONSTRATION ONLY - NOT HUMAN EXPERIMENT RESULTS,1051580,C,1,1284.2169510789415,1.0,0,1,typing
SYNTHETIC DEMONSTRATION ONLY - NOT HUMAN EXPERIMENT RESULTS,1051600,C,1,1284.0992940368274,1.0,0,1,typing
SYNTHETIC DEMONSTRATION ONLY - NOT HUMAN EXPERIMENT RESULTS,1051620,C,1,1283.9818629789415,1.0,0,1,typing
SYNTHETIC DEMONSTRATION ONLY - NOT HUMAN EXPERIMENT RESULTS,1051640,C,1,1283.8646595742389,1.0,0,1,typing
SYNTHETIC DEMONSTRATION ONLY - NOT HUMAN EXPERIMENT RESULTS,1051660,C,1,1283.7476854884392,1.0,0,1,typing
SYNTHETIC DEMONSTRATION ONLY - NOT HUMAN EXPERIMENT RESULTS,1051680,C,1,1283.6309423840034,1.0,0,1,typing
SYNTHETIC DEMONSTRATION ONLY - NOT HUMAN EXPERIMENT RESULTS,1051700,C,1,1283.5144319201095,1.0,0,1,typing
SYNTHETIC DEMONSTRATION ONLY - NOT HUMAN EXPERIMENT RESULTS,1051720,C,1,1283.3981557526288,1.0,0,1,typing
SYNTHETIC DEMONSTRATION ONLY - NOT HUMAN EXPERIMENT RESULTS,1051740,C,1,1283.282115534103,1.0,0,1,typing
SYNTHETIC DEMONSTRATION ONLY - NOT HUMAN EXPERIMENT RESULTS,1051760,C,1,1283.1663129137207,1.0,0,1,typing
SYNTHETIC DEMONSTRATION ONLY - NOT HUMAN EXPERIMENT RESULTS,1051780,C,1,1283.0507495372933,1.0,0,1,typing
SYNTHETIC DEMONSTRATION ONLY - NOT HUMAN EXPERIMENT RESULTS,1051800,C,1,1282.9354270472322,1.0,0,1,typing
SYNTHETIC DEMONSTRATION ONLY - NOT HUMAN EXPERIMENT RESULTS,1051820,C,1,1282.8203470825256,1.0,0,1,typing
SYNTHETIC DEMONSTRATION ONLY - NOT HUMAN EXPERIMENT RESULTS,1051840,C,1,1282.7055112787139,1.0,0,1,typing
SYNTHETIC DEMONSTRATION ONLY - NOT HUMAN EXPERIMENT RESULTS,1051860,C,1,1282.5909212678685,1.0,0,1,typing
SYNTHETIC DEMONSTRATION ONLY - NOT HUMAN EXPERIMENT RESULTS,1051880,C,1,1282.4765786785667,1.0,0,1,typing
SYNTHETIC DEMONSTRATION ONLY - NOT HUMAN EXPERIMENT RESULTS,1051900,C,1,1282.3624851358704,1.0,0,1,typing
SYNTHETIC DEMONSTRATION ONLY - NOT HUMAN EXPERIMENT RESULTS,1051920,C,1,1282.2486422613008,1.0,0,1,typing
SYNTHETIC DEMONSTRATION ONLY - NOT HUMAN EXPERIMENT RESULTS,1051940,C,1,1282.1350516728176,1.0,0,1,typing
SYNTHETIC DEMONSTRATION ONLY - NOT HUMAN EXPERIMENT RESULTS,1051960,C,1,1282.021714984794,1.0,0,1,typing
SYNTHETIC DEMONSTRATION ONLY - NOT HUMAN EXPERIMENT RESULTS,1051980,C,1,1281.9086338079958,1.0,0,1,typing
SYNTHETIC DEMONSTRATION ONLY - NOT HUMAN EXPERIMENT RESULTS,1052000,C,1,1281.7958097495564,1.0,0,1,typing
SYNTHETIC DEMONSTRATION ONLY - NOT HUMAN EXPERIMENT RESULTS,1052020,C,1,1281.6832444129554,1.0,0,1,typing
SYNTHETIC DEMONSTRATION ONLY - NOT HUMAN EXPERIMENT RESULTS,1052040,C,1,1281.5709393979957,1.0,0,1,typing
SYNTHETIC DEMONSTRATION ONLY - NOT HUMAN EXPERIMENT RESULTS,1052060,C,1,1281.45889630078,1.0,0,1,typing
SYNTHETIC DEMONSTRATION ONLY - NOT HUMAN EXPERIMENT RESULTS,1052080,C,1,1281.3471167136888,1.0,0,1,typing
SYNTHETIC DEMONSTRATION ONLY - NOT HUMAN EXPERIMENT RESULTS,1052100,C,1,1281.235602225357,1.0,0,1,typing
SYNTHETIC DEMONSTRATION ONLY - NOT HUMAN EXPERIMENT RESULTS,1052120,C,1,1281.124354420653,1.0,0,1,typing
SYNTHETIC DEMONSTRATION ONLY - NOT HUMAN EXPERIMENT RESULTS,1052140,C,1,1281.0133748806538,1.0,0,1,typing
SYNTHETIC DEMONSTRATION ONLY - NOT HUMAN EXPERIMENT RESULTS,1052160,C,1,1280.9026651826246,1.0,0,1,typing
SYNTHETIC DEMONSTRATION ONLY - NOT HUMAN EXPERIMENT RESULTS,1052180,C,1,1280.7922268999953,1.0,0,1,typing
SYNTHETIC DEMONSTRATION ONLY - NOT HUMAN EXPERIMENT RESULTS,1052200,C,1,1280.6820616023383,1.0,0,1,typing
SYNTHETIC DEMONSTRATION ONLY - NOT HUMAN EXPERIMENT RESULTS,1052220,C,1,1280.572170855346,1.0,0,1,typing
SYNTHETIC DEMONSTRATION ONLY - NOT HUMAN EXPERIMENT RESULTS,1052240,C,1,1280.4625562208098,1.0,0,1,typing
SYNTHETIC DEMONSTRATION ONLY - NOT HUMAN EXPERIMENT RESULTS,1052260,C,1,1280.3532192565958,1.0,0,1,typing
SYNTHETIC DEMONSTRATION ONLY - NOT HUMAN EXPERIMENT RESULTS,1052280,C,1,1280.2441615166244,1.0,0,1,typing
SYNTHETIC DEMONSTRATION ONLY - NOT HUMAN EXPERIMENT RESULTS,1052300,C,1,1280.1353845508474,1.0,0,1,typing
SYNTHETIC DEMONSTRATION ONLY - NOT HUMAN EXPERIMENT RESULTS,1052320,C,1,1280.0268899052264,1.0,0,1,typing
SYNTHETIC DEMONSTRATION ONLY - NOT HUMAN EXPERIMENT RESULTS,1052340,C,1,1279.9186791217105,1.0,0,1,typing
SYNTHETIC DEMONSTRATION ONLY - NOT HUMAN EXPERIMENT RESULTS,1052360,C,1,1279.8107537382145,1.0,0,1,typing
SYNTHETIC DEMONSTRATION ONLY - NOT HUMAN EXPERIMENT RESULTS,1052380,C,1,1279.7031152885968,1.0,0,1,typing
SYNTHETIC DEMONSTRATION ONLY - NOT HUMAN EXPERIMENT RESULTS,1052400,C,1,1279.595765302638,1.0,0,1,typing
SYNTHETIC DEMONSTRATION ONLY - NOT HUMAN EXPERIMENT RESULTS,1052420,C,1,1279.4887053060193,1.0,0,1,typing
SYNTHETIC DEMONSTRATION ONLY - NOT HUMAN EXPERIMENT RESULTS,1052440,C,1,1279.3819368202999,1.0,0,1,typing
SYNTHETIC DEMONSTRATION ONLY - NOT HUMAN EXPERIMENT RESULTS,1052460,C,1,1279.2754613628965,1.0,0,1,typing
SYNTHETIC DEMONSTRATION ONLY - NOT HUMAN EXPERIMENT RESULTS,1052480,C,1,1279.169280447061,1.0,0,1,typing
SYNTHETIC DEMONSTRATION ONLY - NOT HUMAN EXPERIMENT RESULTS,1052500,C,1,1279.0633955818594,1.0,0,1,typing
SYNTHETIC DEMONSTRATION ONLY - NOT HUMAN EXPERIMENT RESULTS,1052520,C,1,1278.9578082721496,1.0,0,1,typing
SYNTHETIC DEMONSTRATION ONLY - NOT HUMAN EXPERIMENT RESULTS,1052540,C,1,1278.8525200185616,1.0,0,1,typing
SYNTHETIC DEMONSTRATION ONLY - NOT HUMAN EXPERIMENT RESULTS,1052560,C,1,1278.747532317474,1.0,0,1,typing
SYNTHETIC DEMONSTRATION ONLY - NOT HUMAN EXPERIMENT RESULTS,1052580,C,1,1278.6428466609946,1.0,0,1,typing
SYNTHETIC DEMONSTRATION ONLY - NOT HUMAN EXPERIMENT RESULTS,1052600,C,1,1278.5384645369384,1.0,0,1,typing
SYNTHETIC DEMONSTRATION ONLY - NOT HUMAN EXPERIMENT RESULTS,1052620,C,1,1278.434387428806,1.0,0,1,typing
SYNTHETIC DEMONSTRATION ONLY - NOT HUMAN EXPERIMENT RESULTS,1052640,C,1,1278.3306168157644,1.0,0,1,typing
SYNTHETIC DEMONSTRATION ONLY - NOT HUMAN EXPERIMENT RESULTS,1052660,C,1,1278.2271541726227,1.0,0,1,typing
SYNTHETIC DEMONSTRATION ONLY - NOT HUMAN EXPERIMENT RESULTS,1052680,C,1,1278.124000969815,1.0,0,1,typing
SYNTHETIC DEMONSTRATION ONLY - NOT HUMAN EXPERIMENT RESULTS,1052700,C,1,1278.0211586733756,1.0,0,1,typing
SYNTHETIC DEMONSTRATION ONLY - NOT HUMAN EXPERIMENT RESULTS,1052720,C,1,1277.918628744922,1.0,0,1,typing
SYNTHETIC DEMONSTRATION ONLY - NOT HUMAN EXPERIMENT RESULTS,1052740,C,1,1277.8164126416311,1.0,0,1,typing
SYNTHETIC DEMONSTRATION ONLY - NOT HUMAN EXPERIMENT RESULTS,1052760,C,1,1277.7145118162202,1.0,0,1,typing
SYNTHETIC DEMONSTRATION ONLY - NOT HUMAN EXPERIMENT RESULTS,1052780,C,1,1277.6129277169255,1.0,0,1,typing
SYNTHETIC DEMONSTRATION ONLY - NOT HUMAN EXPERIMENT RESULTS,1052800,C,1,1277.5116617874814,1.0,0,1,typing
SYNTHETIC DEMONSTRATION ONLY - NOT HUMAN EXPERIMENT RESULTS,1052820,C,1,1277.410715467102,1.0,0,1,typing
SYNTHETIC DEMONSTRATION ONLY - NOT HUMAN EXPERIMENT RESULTS,1052840,C,1,1277.3100901904568,1.0,0,1,typing
SYNTHETIC DEMONSTRATION ONLY - NOT HUMAN EXPERIMENT RESULTS,1052860,C,1,1277.2097873876544,1.0,0,1,typing
SYNTHETIC DEMONSTRATION ONLY - NOT HUMAN EXPERIMENT RESULTS,1052880,C,1,1277.1098084842195,1.0,0,1,typing
SYNTHETIC DEMONSTRATION ONLY - NOT HUMAN EXPERIMENT RESULTS,1052900,C,1,1277.0101549010735,1.0,0,1,typing
SYNTHETIC DEMONSTRATION ONLY - NOT HUMAN EXPERIMENT RESULTS,1052920,C,1,1276.9108280545145,1.0,0,1,typing
SYNTHETIC DEMONSTRATION ONLY - NOT HUMAN EXPERIMENT RESULTS,1052940,C,1,1276.811829356197,1.0,0,1,typing
SYNTHETIC DEMONSTRATION ONLY - NOT HUMAN EXPERIMENT RESULTS,1052960,C,1,1276.7131602131115,1.0,0,1,typing
SYNTHETIC DEMONSTRATION ONLY - NOT HUMAN EXPERIMENT RESULTS,1052980,C,1,1276.6148220275647,1.0,0,1,typing
SYNTHETIC DEMONSTRATION ONLY - NOT HUMAN EXPERIMENT RESULTS,1053000,C,1,1276.5168161971603,1.0,0,1,typing
SYNTHETIC DEMONSTRATION ONLY - NOT HUMAN EXPERIMENT RESULTS,1053020,C,1,1276.4191441147777,1.0,0,1,typing
SYNTHETIC DEMONSTRATION ONLY - NOT HUMAN EXPERIMENT RESULTS,1053040,C,1,1276.3218071685537,1.0,0,1,typing
SYNTHETIC DEMONSTRATION ONLY - NOT HUMAN EXPERIMENT RESULTS,1053060,C,1,1276.2248067418616,1.0,0,1,typing
SYNTHETIC DEMONSTRATION ONLY - NOT HUMAN EXPERIMENT RESULTS,1053080,C,1,1276.1281442132922,1.0,0,1,typing
SYNTHETIC DEMONSTRATION ONLY - NOT HUMAN EXPERIMENT RESULTS,1053100,C,1,1276.0318209566342,1.0,0,1,typing
SYNTHETIC DEMONSTRATION ONLY - NOT HUMAN EXPERIMENT RESULTS,1053120,C,1,1275.935838340854,1.0,0,1,typing
SYNTHETIC DEMONSTRATION ONLY - NOT HUMAN EXPERIMENT RESULTS,1053140,C,1,1275.8401977300769,1.0,0,1,typing
SYNTHETIC DEMONSTRATION ONLY - NOT HUMAN EXPERIMENT RESULTS,1053160,C,1,1275.744900483568,1.0,0,1,typing
SYNTHETIC DEMONSTRATION ONLY - NOT HUMAN EXPERIMENT RESULTS,1053180,C,1,1275.6499479557122,1.0,0,1,typing
SYNTHETIC DEMONSTRATION ONLY - NOT HUMAN EXPERIMENT RESULTS,1053200,C,1,1275.5553414959948,1.0,0,1,typing
SYNTHETIC DEMONSTRATION ONLY - NOT HUMAN EXPERIMENT RESULTS,1053220,C,1,1275.4610824489832,1.0,0,1,typing
SYNTHETIC DEMONSTRATION ONLY - NOT HUMAN EXPERIMENT RESULTS,1053240,C,1,1275.367172154307,1.0,0,1,typing
SYNTHETIC DEMONSTRATION ONLY - NOT HUMAN EXPERIMENT RESULTS,1053260,C,1,1275.2736119466392,1.0,0,1,typing
SYNTHETIC DEMONSTRATION ONLY - NOT HUMAN EXPERIMENT RESULTS,1053280,C,1,1275.1804031556778,1.0,0,1,typing
SYNTHETIC DEMONSTRATION ONLY - NOT HUMAN EXPERIMENT RESULTS,1053300,C,1,1275.0875471061258,1.0,0,1,typing
SYNTHETIC DEMONSTRATION ONLY - NOT HUMAN EXPERIMENT RESULTS,1053320,C,1,1274.9950451176735,1.0,0,1,typing
SYNTHETIC DEMONSTRATION ONLY - NOT HUMAN EXPERIMENT RESULTS,1053340,C,1,1274.9028985049783,1.0,0,1,typing
SYNTHETIC DEMONSTRATION ONLY - NOT HUMAN EXPERIMENT RESULTS,1053360,C,1,1274.8111085776482,1.0,0,1,typing
SYNTHETIC DEMONSTRATION ONLY - NOT HUMAN EXPERIMENT RESULTS,1053380,C,1,1274.7196766402208,1.0,0,1,typing
SYNTHETIC DEMONSTRATION ONLY - NOT HUMAN EXPERIMENT RESULTS,1053400,C,1,1274.6286039921465,1.0,0,1,typing
SYNTHETIC DEMONSTRATION ONLY - NOT HUMAN EXPERIMENT RESULTS,1053420,C,1,1274.5378919277694,1.0,0,1,typing
SYNTHETIC DEMONSTRATION ONLY - NOT HUMAN EXPERIMENT RESULTS,1053440,C,1,1274.4475417363083,1.0,0,1,typing
SYNTHETIC DEMONSTRATION ONLY - NOT HUMAN EXPERIMENT RESULTS,1053460,C,1,1274.3575547018395,1.0,0,1,typing
SYNTHETIC DEMONSTRATION ONLY - NOT HUMAN EXPERIMENT RESULTS,1053480,C,1,1274.2679321032783,1.0,0,1,typing
SYNTHETIC DEMONSTRATION ONLY - NOT HUMAN EXPERIMENT RESULTS,1053500,C,1,1274.1786752143598,1.0,0,1,typing
SYNTHETIC DEMONSTRATION ONLY - NOT HUMAN EXPERIMENT RESULTS,1053520,C,1,1274.0897853036224,1.0,0,1,typing
SYNTHETIC DEMONSTRATION ONLY - NOT HUMAN EXPERIMENT RESULTS,1053540,C,1,1274.0012636343881,1.0,0,1,typing
SYNTHETIC DEMONSTRATION ONLY - NOT HUMAN EXPERIMENT RESULTS,1053560,C,1,1273.9131114647457,1.0,0,1,typing
SYNTHETIC DEMONSTRATION ONLY - NOT HUMAN EXPERIMENT RESULTS,1053580,C,1,1273.8253300475333,1.0,0,1,typing
SYNTHETIC DEMONSTRATION ONLY - NOT HUMAN EXPERIMENT RESULTS,1053600,C,1,1273.7379206303183,1.0,0,1,typing
SYNTHETIC DEMONSTRATION ONLY - NOT HUMAN EXPERIMENT RESULTS,1053620,C,1,1273.6508844553825,1.0,0,1,typing
SYNTHETIC DEMONSTRATION ONLY - NOT HUMAN EXPERIMENT RESULTS,1053640,C,1,1273.5642227597025,1.0,0,1,typing
SYNTHETIC DEMONSTRATION ONLY - NOT HUMAN EXPERIMENT RESULTS,1053660,C,1,1273.477936774933,1.0,0,1,typing
SYNTHETIC DEMONSTRATION ONLY - NOT HUMAN EXPERIMENT RESULTS,1053680,C,1,1273.3920277273883,1.0,0,1,typing
SYNTHETIC DEMONSTRATION ONLY - NOT HUMAN EXPERIMENT RESULTS,1053700,C,1,1273.3064968380268,1.0,0,1,typing
SYNTHETIC DEMONSTRATION ONLY - NOT HUMAN EXPERIMENT RESULTS,1053720,C,1,1273.2213453224313,1.0,0,1,typing
SYNTHETIC DEMONSTRATION ONLY - NOT HUMAN EXPERIMENT RESULTS,1053740,C,1,1273.1365743907934,1.0,0,1,typing
SYNTHETIC DEMONSTRATION ONLY - NOT HUMAN EXPERIMENT RESULTS,1053760,C,1,1273.052185247896,1.0,0,1,typing
SYNTHETIC DEMONSTRATION ONLY - NOT HUMAN EXPERIMENT RESULTS,1053780,C,1,1272.9681790930952,1.0,0,1,typing
SYNTHETIC DEMONSTRATION ONLY - NOT HUMAN EXPERIMENT RESULTS,1053800,C,1,1272.8845571203044,1.0,0,1,typing
SYNTHETIC DEMONSTRATION ONLY - NOT HUMAN EXPERIMENT RESULTS,1053820,C,1,1272.8013205179773,1.0,0,1,typing
SYNTHETIC DEMONSTRATION ONLY - NOT HUMAN EXPERIMENT RESULTS,1053840,C,1,1272.7184704690899,1.0,0,1,typing
SYNTHETIC DEMONSTRATION ONLY - NOT HUMAN EXPERIMENT RESULTS,1053860,C,1,1272.6360081511252,1.0,0,1,typing
SYNTHETIC DEMONSTRATION ONLY - NOT HUMAN EXPERIMENT RESULTS,1053880,C,1,1272.5539347360548,1.0,0,1,typing
SYNTHETIC DEMONSTRATION ONLY - NOT HUMAN EXPERIMENT RESULTS,1053900,C,1,1272.472251390324,1.0,0,1,typing
SYNTHETIC DEMONSTRATION ONLY - NOT HUMAN EXPERIMENT RESULTS,1053920,C,1,1272.3909592748334,1.0,0,1,typing
SYNTHETIC DEMONSTRATION ONLY - NOT HUMAN EXPERIMENT RESULTS,1053940,C,1,1272.3100595449246,1.0,0,1,typing
SYNTHETIC DEMONSTRATION ONLY - NOT HUMAN EXPERIMENT RESULTS,1053960,C,1,1272.2295533503614,1.0,0,1,typing
SYNTHETIC DEMONSTRATION ONLY - NOT HUMAN EXPERIMENT RESULTS,1053980,C,1,1272.149441835315,1.0,0,1,typing
SYNTHETIC DEMONSTRATION ONLY - NOT HUMAN EXPERIMENT RESULTS,1054000,C,1,1272.0697261383477,1.0,0,1,typing
SYNTHETIC DEMONSTRATION ONLY - NOT HUMAN EXPERIMENT RESULTS,1054020,C,1,1271.9904073923956,1.0,0,1,typing
SYNTHETIC DEMONSTRATION ONLY - NOT HUMAN EXPERIMENT RESULTS,1054040,C,1,1271.911486724754,1.0,0,1,typing
SYNTHETIC DEMONSTRATION ONLY - NOT HUMAN EXPERIMENT RESULTS,1054060,C,1,1271.8329652570599,1.0,0,1,typing
SYNTHETIC DEMONSTRATION ONLY - NOT HUMAN EXPERIMENT RESULTS,1054080,C,1,1271.7548441052775,1.0,0,1,typing
SYNTHETIC DEMONSTRATION ONLY - NOT HUMAN EXPERIMENT RESULTS,1054100,C,1,1271.6771243796811,1.0,0,1,typing
SYNTHETIC DEMONSTRATION ONLY - NOT HUMAN EXPERIMENT RESULTS,1054120,C,1,1271.5998071848403,1.0,0,1,typing
SYNTHETIC DEMONSTRATION ONLY - NOT HUMAN EXPERIMENT RESULTS,1054140,C,1,1271.522893619603,1.0,0,1,typing
SYNTHETIC DEMONSTRATION ONLY - NOT HUMAN EXPERIMENT RESULTS,1054160,C,1,1271.4463847770821,1.0,0,1,typing
SYNTHETIC DEMONSTRATION ONLY - NOT HUMAN EXPERIMENT RESULTS,1054180,C,1,1271.3702817446367,1.0,0,1,typing
SYNTHETIC DEMONSTRATION ONLY - NOT HUMAN EXPERIMENT RESULTS,1054200,C,1,1271.29458560386,1.0,0,1,typing
SYNTHETIC DEMONSTRATION ONLY - NOT HUMAN EXPERIMENT RESULTS,1054220,C,1,1271.2192974305613,1.0,0,1,typing
SYNTHETIC DEMONSTRATION ONLY - NOT HUMAN EXPERIMENT RESULTS,1054240,C,1,1271.1444182947523,1.0,0,1,typing
SYNTHETIC DEMONSTRATION ONLY - NOT HUMAN EXPERIMENT RESULTS,1054260,C,1,1271.0699492606316,1.0,0,1,typing
SYNTHETIC DEMONSTRATION ONLY - NOT HUMAN EXPERIMENT RESULTS,1054280,C,1,1270.9958913865685,1.0,0,1,typing
SYNTHETIC DEMONSTRATION ONLY - NOT HUMAN EXPERIMENT RESULTS,1054300,C,1,1270.9222457250894,1.0,0,1,typing
SYNTHETIC DEMONSTRATION ONLY - NOT HUMAN EXPERIMENT RESULTS,1054320,C,1,1270.8490133228624,1.0,0,1,typing
SYNTHETIC DEMONSTRATION ONLY - NOT HUMAN EXPERIMENT RESULTS,1054340,C,1,1270.7761952206822,1.0,0,1,typing
SYNTHETIC DEMONSTRATION ONLY - NOT HUMAN EXPERIMENT RESULTS,1054360,C,1,1270.7037924534548,1.0,0,1,typing
SYNTHETIC DEMONSTRATION ONLY - NOT HUMAN EXPERIMENT RESULTS,1054380,C,1,1270.6318060501837,1.0,0,1,typing
SYNTHETIC DEMONSTRATION ONLY - NOT HUMAN EXPERIMENT RESULTS,1054400,C,1,1270.5602370339557,1.0,0,1,typing
SYNTHETIC DEMONSTRATION ONLY - NOT HUMAN EXPERIMENT RESULTS,1054420,C,1,1270.4890864219242,1.0,0,1,typing
SYNTHETIC DEMONSTRATION ONLY - NOT HUMAN EXPERIMENT RESULTS,1054440,C,1,1270.4183552252973,1.0,0,1,typing
SYNTHETIC DEMONSTRATION ONLY - NOT HUMAN EXPERIMENT RESULTS,1054460,C,1,1270.3480444493218,1.0,0,1,typing
SYNTHETIC DEMONSTRATION ONLY - NOT HUMAN EXPERIMENT RESULTS,1054480,C,1,1270.2781550932696,1.0,0,1,typing
SYNTHETIC DEMONSTRATION ONLY - NOT HUMAN EXPERIMENT RESULTS,1054500,C,1,1270.2086881504229,1.0,0,1,typing
SYNTHETIC DEMONSTRATION ONLY - NOT HUMAN EXPERIMENT RESULTS,1054520,C,1,1270.1396446080605,1.0,0,1,typing
SYNTHETIC DEMONSTRATION ONLY - NOT HUMAN EXPERIMENT RESULTS,1054540,C,1,1270.0710254474445,1.0,0,1,typing
SYNTHETIC DEMONSTRATION ONLY - NOT HUMAN EXPERIMENT RESULTS,1054560,C,1,1270.002831643805,1.0,0,1,typing
SYNTHETIC DEMONSTRATION ONLY - NOT HUMAN EXPERIMENT RESULTS,1054580,C,1,1269.9350641663266,1.0,0,1,typing
SYNTHETIC DEMONSTRATION ONLY - NOT HUMAN EXPERIMENT RESULTS,1054600,C,1,1269.8677239781352,1.0,0,1,typing
SYNTHETIC DEMONSTRATION ONLY - NOT HUMAN EXPERIMENT RESULTS,1054620,C,1,1269.800812036284,1.0,0,1,typing
SYNTHETIC DEMONSTRATION ONLY - NOT HUMAN EXPERIMENT RESULTS,1054640,C,1,1269.73432929174,1.0,0,1,typing
SYNTHETIC DEMONSTRATION ONLY - NOT HUMAN EXPERIMENT RESULTS,1054660,C,1,1269.6682766893698,1.0,0,1,typing
SYNTHETIC DEMONSTRATION ONLY - NOT HUMAN EXPERIMENT RESULTS,1054680,C,1,1269.6026551679274,1.0,0,1,typing
SYNTHETIC DEMONSTRATION ONLY - NOT HUMAN EXPERIMENT RESULTS,1054700,C,1,1269.5374656600397,1.0,0,1,typing
SYNTHETIC DEMONSTRATION ONLY - NOT HUMAN EXPERIMENT RESULTS,1054720,C,1,1269.472709092194,1.0,0,1,typing
SYNTHETIC DEMONSTRATION ONLY - NOT HUMAN EXPERIMENT RESULTS,1054740,C,1,1269.4083863847245,1.0,0,1,typing
SYNTHETIC DEMONSTRATION ONLY - NOT HUMAN EXPERIMENT RESULTS,1054760,C,1,1269.3444984517992,1.0,0,1,typing
SYNTHETIC DEMONSTRATION ONLY - NOT HUMAN EXPERIMENT RESULTS,1054780,C,1,1269.2810462014068,1.0,0,1,typing
SYNTHETIC DEMONSTRATION ONLY - NOT HUMAN EXPERIMENT RESULTS,1054800,C,1,1269.2180305353445,1.0,0,1,typing
SYNTHETIC DEMONSTRATION ONLY - NOT HUMAN EXPERIMENT RESULTS,1054820,C,1,1269.1554523492043,1.0,0,1,typing
SYNTHETIC DEMONSTRATION ONLY - NOT HUMAN EXPERIMENT RESULTS,1054840,C,1,1269.0933125323609,1.0,0,1,typing
SYNTHETIC DEMONSTRATION ONLY - NOT HUMAN EXPERIMENT RESULTS,1054860,C,1,1269.0316119679585,1.0,0,1,typing
SYNTHETIC DEMONSTRATION ONLY - NOT HUMAN EXPERIMENT RESULTS,1054880,C,1,1268.9703515328986,1.0,0,1,typing
SYNTHETIC DEMONSTRATION ONLY - NOT HUMAN EXPERIMENT RESULTS,1054900,C,1,1268.9095320978279,1.0,0,1,typing
SYNTHETIC DEMONSTRATION ONLY - NOT HUMAN EXPERIMENT RESULTS,1054920,C,1,1268.849154527125,1.0,0,1,typing
SYNTHETIC DEMONSTRATION ONLY - NOT HUMAN EXPERIMENT RESULTS,1054940,C,1,1268.7892196788887,1.0,0,1,typing
SYNTHETIC DEMONSTRATION ONLY - NOT HUMAN EXPERIMENT RESULTS,1054960,C,1,1268.7297284049262,1.0,0,1,typing
SYNTHETIC DEMONSTRATION ONLY - NOT HUMAN EXPERIMENT RESULTS,1054980,C,1,1268.6706815507396,1.0,0,1,typing
SYNTHETIC DEMONSTRATION ONLY - NOT HUMAN EXPERIMENT RESULTS,1055000,C,1,1268.612079955516,1.0,0,1,typing
SYNTHETIC DEMONSTRATION ONLY - NOT HUMAN EXPERIMENT RESULTS,1055020,C,1,1268.5539244521137,1.0,0,1,typing
SYNTHETIC DEMONSTRATION ONLY - NOT HUMAN EXPERIMENT RESULTS,1055040,C,1,1268.4962158670508,1.0,0,1,typing
SYNTHETIC DEMONSTRATION ONLY - NOT HUMAN EXPERIMENT RESULTS,1055060,C,1,1268.4389550204944,1.0,0,1,typing
SYNTHETIC DEMONSTRATION ONLY - NOT HUMAN EXPERIMENT RESULTS,1055080,C,1,1268.3821427262474,1.0,0,1,typing
SYNTHETIC DEMONSTRATION ONLY - NOT HUMAN EXPERIMENT RESULTS,1055100,C,1,1268.3257797917388,1.0,0,1,typing
SYNTHETIC DEMONSTRATION ONLY - NOT HUMAN EXPERIMENT RESULTS,1055120,C,1,1268.2698670180102,1.0,0,1,typing
SYNTHETIC DEMONSTRATION ONLY - NOT HUMAN EXPERIMENT RESULTS,1055140,C,1,1268.2144051997063,1.0,0,1,typing
SYNTHETIC DEMONSTRATION ONLY - NOT HUMAN EXPERIMENT RESULTS,1055160,C,1,1268.159395125062,1.0,0,1,typing
SYNTHETIC DEMONSTRATION ONLY - NOT HUMAN EXPERIMENT RESULTS,1055180,C,1,1268.1048375758924,1.0,0,1,typing
SYNTHETIC DEMONSTRATION ONLY - NOT HUMAN EXPERIMENT RESULTS,1055200,C,1,1268.050733327581,1.0,0,1,typing
SYNTHETIC DEMONSTRATION ONLY - NOT HUMAN EXPERIMENT RESULTS,1055220,C,1,1267.9970831490687,1.0,0,1,typing
SYNTHETIC DEMONSTRATION ONLY - NOT HUMAN EXPERIMENT RESULTS,1055240,C,1,1267.9438878028436,1.0,0,1,typing
SYNTHETIC DEMONSTRATION ONLY - NOT HUMAN EXPERIMENT RESULTS,1055260,C,1,1267.8911480449292,1.0,0,1,typing
SYNTHETIC DEMONSTRATION ONLY - NOT HUMAN EXPERIMENT RESULTS,1055280,C,1,1267.838864624874,1.0,0,1,typing
SYNTHETIC DEMONSTRATION ONLY - NOT HUMAN EXPERIMENT RESULTS,1055300,C,1,1267.7870382857416,1.0,0,1,typing
SYNTHETIC DEMONSTRATION ONLY - NOT HUMAN EXPERIMENT RESULTS,1055320,C,1,1267.7356697640985,1.0,0,1,typing
SYNTHETIC DEMONSTRATION ONLY - NOT HUMAN EXPERIMENT RESULTS,1055340,C,1,1267.6847597900055,1.0,0,1,typing
SYNTHETIC DEMONSTRATION ONLY - NOT HUMAN EXPERIMENT RESULTS,1055360,C,1,1267.6343090870057,1.0,0,1,typing
SYNTHETIC DEMONSTRATION ONLY - NOT HUMAN EXPERIMENT RESULTS,1055380,C,1,1267.5843183721156,1.0,0,1,typing
SYNTHETIC DEMONSTRATION ONLY - NOT HUMAN EXPERIMENT RESULTS,1055400,C,1,1267.5347883558136,1.0,0,1,typing
SYNTHETIC DEMONSTRATION ONLY - NOT HUMAN EXPERIMENT RESULTS,1055420,C,1,1267.4857197420308,1.0,0,1,typing
SYNTHETIC DEMONSTRATION ONLY - NOT HUMAN EXPERIMENT RESULTS,1055440,C,1,1267.4371132281412,1.0,0,1,typing
SYNTHETIC DEMONSTRATION ONLY - NOT HUMAN EXPERIMENT RESULTS,1055460,C,1,1267.3889695049506,1.0,0,1,typing
SYNTHETIC DEMONSTRATION ONLY - NOT HUMAN EXPERIMENT RESULTS,1055480,C,1,1267.3412892566882,1.0,0,1,typing
SYNTHETIC DEMONSTRATION ONLY - NOT HUMAN EXPERIMENT RESULTS,1055500,C,1,1267.2940731609956,1.0,0,1,typing
SYNTHETIC DEMONSTRATION ONLY - NOT HUMAN EXPERIMENT RESULTS,1055520,C,1,1267.2473218889181,1.0,0,1,typing
SYNTHETIC DEMONSTRATION ONLY - NOT HUMAN EXPERIMENT RESULTS,1055540,C,1,1267.201036104895,1.0,0,1,typing
SYNTHETIC DEMONSTRATION ONLY - NOT HUMAN EXPERIMENT RESULTS,1055560,C,1,1267.1552164667492,1.0,0,1,typing
SYNTHETIC DEMONSTRATION ONLY - NOT HUMAN EXPERIMENT RESULTS,1055580,C,1,1267.1098636256797,1.0,0,1,typing
SYNTHETIC DEMONSTRATION ONLY - NOT HUMAN EXPERIMENT RESULTS,1055600,C,1,1267.0649782262506,1.0,0,1,typing
SYNTHETIC DEMONSTRATION ONLY - NOT HUMAN EXPERIMENT RESULTS,1055620,C,1,1267.0205609063826,1.0,0,1,typing
SYNTHETIC DEMONSTRATION ONLY - NOT HUMAN EXPERIMENT RESULTS,1055640,C,1,1266.9766122973444,1.0,0,1,typing
SYNTHETIC DEMONSTRATION ONLY - NOT HUMAN EXPERIMENT RESULTS,1055660,C,1,1266.9331330237428,1.0,0,1,typing
SYNTHETIC DEMONSTRATION ONLY - NOT HUMAN EXPERIMENT RESULTS,1055680,C,1,1266.8901237035147,1.0,0,1,typing
SYNTHETIC DEMONSTRATION ONLY - NOT HUMAN EXPERIMENT RESULTS,1055700,C,1,1266.8475849479178,1.0,0,1,typing
SYNTHETIC DEMONSTRATION ONLY - NOT HUMAN EXPERIMENT RESULTS,1055720,C,1,1266.8055173615217,1.0,0,1,typing
SYNTHETIC DEMONSTRATION ONLY - NOT HUMAN EXPERIMENT RESULTS,1055740,C,1,1266.7639215422,1.0,0,1,typing
SYNTHETIC DEMONSTRATION ONLY - NOT HUMAN EXPERIMENT RESULTS,1055760,C,1,1266.7227980811215,1.0,0,1,typing
SYNTHETIC DEMONSTRATION ONLY - NOT HUMAN EXPERIMENT RESULTS,1055780,C,1,1266.6821475627414,1.0,0,1,typing
SYNTHETIC DEMONSTRATION ONLY - NOT HUMAN EXPERIMENT RESULTS,1055800,C,1,1266.6419705647936,1.0,0,1,typing
SYNTHETIC DEMONSTRATION ONLY - NOT HUMAN EXPERIMENT RESULTS,1055820,C,1,1266.6022676582825,1.0,0,1,typing
SYNTHETIC DEMONSTRATION ONLY - NOT HUMAN EXPERIMENT RESULTS,1055840,C,1,1266.563039407474,1.0,0,1,typing
SYNTHETIC DEMONSTRATION ONLY - NOT HUMAN EXPERIMENT RESULTS,1055860,C,1,1266.5242863698884,1.0,0,1,typing
SYNTHETIC DEMONSTRATION ONLY - NOT HUMAN EXPERIMENT RESULTS,1055880,C,1,1266.486009096292,1.0,0,1,typing
SYNTHETIC DEMONSTRATION ONLY - NOT HUMAN EXPERIMENT RESULTS,1055900,C,1,1266.4482081306899,1.0,0,1,typing
SYNTHETIC DEMONSTRATION ONLY - NOT HUMAN EXPERIMENT RESULTS,1055920,C,1,1266.4108840103172,1.0,0,1,typing
SYNTHETIC DEMONSTRATION ONLY - NOT HUMAN EXPERIMENT RESULTS,1055940,C,1,1266.3740372656325,1.0,0,1,typing
SYNTHETIC DEMONSTRATION ONLY - NOT HUMAN EXPERIMENT RESULTS,1055960,C,1,1266.3376684203095,1.0,0,1,typing
SYNTHETIC DEMONSTRATION ONLY - NOT HUMAN EXPERIMENT RESULTS,1055980,C,1,1266.30177799123,1.0,0,1,typing
SYNTHETIC DEMONSTRATION ONLY - NOT HUMAN EXPERIMENT RESULTS,1056000,C,1,1266.2663664884763,1.0,0,1,typing
SYNTHETIC DEMONSTRATION ONLY - NOT HUMAN EXPERIMENT RESULTS,1056020,C,1,1266.2314344153244,1.0,0,1,typing
SYNTHETIC DEMONSTRATION ONLY - NOT HUMAN EXPERIMENT RESULTS,1056040,C,1,1266.1969822682365,1.0,0,1,typing
SYNTHETIC DEMONSTRATION ONLY - NOT HUMAN EXPERIMENT RESULTS,1056060,C,1,1266.1630105368538,1.0,0,1,typing
SYNTHETIC DEMONSTRATION ONLY - NOT HUMAN EXPERIMENT RESULTS,1056080,C,1,1266.1295197039894,1.0,0,1,typing
SYNTHETIC DEMONSTRATION ONLY - NOT HUMAN EXPERIMENT RESULTS,1056100,C,1,1266.0965102456228,1.0,0,1,typing
SYNTHETIC DEMONSTRATION ONLY - NOT HUMAN EXPERIMENT RESULTS,1056120,C,1,1266.0639826308911,1.0,0,1,typing
SYNTHETIC DEMONSTRATION ONLY - NOT HUMAN EXPERIMENT RESULTS,1056140,C,1,1266.0319373220836,1.0,0,1,typing
SYNTHETIC DEMONSTRATION ONLY - NOT HUMAN EXPERIMENT RESULTS,1056160,C,1,1266.0003747746355,1.0,0,1,typing
SYNTHETIC DEMONSTRATION ONLY - NOT HUMAN EXPERIMENT RESULTS,1056180,C,1,1265.96929543712,1.0,0,1,typing
SYNTHETIC DEMONSTRATION ONLY - NOT HUMAN EXPERIMENT RESULTS,1056200,C,1,1265.9386997512436,1.0,0,1,typing
SYNTHETIC DEMONSTRATION ONLY - NOT HUMAN EXPERIMENT RESULTS,1056220,C,1,1265.9085881518386,1.0,0,1,typing
SYNTHETIC DEMONSTRATION ONLY - NOT HUMAN EXPERIMENT RESULTS,1056240,C,1,1265.8789610668573,1.0,0,1,typing
SYNTHETIC DEMONSTRATION ONLY - NOT HUMAN EXPERIMENT RESULTS,1056260,C,1,1265.8498189173665,1.0,0,1,typing
SYNTHETIC DEMONSTRATION ONLY - NOT HUMAN EXPERIMENT RESULTS,1056280,C,1,1265.8211621175406,1.0,0,1,typing
SYNTHETIC DEMONSTRATION ONLY - NOT HUMAN EXPERIMENT RESULTS,1056300,C,1,1265.7929910746557,1.0,0,1,typing
SYNTHETIC DEMONSTRATION ONLY - NOT HUMAN EXPERIMENT RESULTS,1056320,C,1,1265.7653061890853,1.0,0,1,typing
SYNTHETIC DEMONSTRATION ONLY - NOT HUMAN EXPERIMENT RESULTS,1056340,C,1,1265.7381078542926,1.0,0,1,typing
SYNTHETIC DEMONSTRATION ONLY - NOT HUMAN EXPERIMENT RESULTS,1056360,C,1,1265.7113964568262,1.0,0,1,typing
SYNTHETIC DEMONSTRATION ONLY - NOT HUMAN EXPERIMENT RESULTS,1056380,C,1,1265.6851723763139,1.0,0,1,typing
SYNTHETIC DEMONSTRATION ONLY - NOT HUMAN EXPERIMENT RESULTS,1056400,C,1,1265.6594359854585,1.0,0,1,typing
SYNTHETIC DEMONSTRATION ONLY - NOT HUMAN EXPERIMENT RESULTS,1056420,C,1,1265.6341876500305,1.0,0,1,typing
SYNTHETIC DEMONSTRATION ONLY - NOT HUMAN EXPERIMENT RESULTS,1056440,C,1,1265.609427728865,1.0,0,1,typing
SYNTHETIC DEMONSTRATION ONLY - NOT HUMAN EXPERIMENT RESULTS,1056460,C,1,1265.5851565738553,1.0,0,1,typing
SYNTHETIC DEMONSTRATION ONLY - NOT HUMAN EXPERIMENT RESULTS,1056480,C,1,1265.5613745299481,1.0,0,1,typing
SYNTHETIC DEMONSTRATION ONLY - NOT HUMAN EXPERIMENT RESULTS,1056500,C,1,1265.5380819351387,1.0,0,1,typing
SYNTHETIC DEMONSTRATION ONLY - NOT HUMAN EXPERIMENT RESULTS,1056520,C,1,1265.5152791204669,1.0,0,1,typing
SYNTHETIC DEMONSTRATION ONLY - NOT HUMAN EXPERIMENT RESULTS,1056540,C,1,1265.4929664100107,1.0,0,1,typing
SYNTHETIC DEMONSTRATION ONLY - NOT HUMAN EXPERIMENT RESULTS,1056560,C,1,1265.4711441208835,1.0,0,1,typing
SYNTHETIC DEMONSTRATION ONLY - NOT HUMAN EXPERIMENT RESULTS,1056580,C,1,1265.449812563228,1.0,0,1,typing
SYNTHETIC DEMONSTRATION ONLY - NOT HUMAN EXPERIMENT RESULTS,1056600,C,1,1265.4289720402132,1.0,0,1,typing
SYNTHETIC DEMONSTRATION ONLY - NOT HUMAN EXPERIMENT RESULTS,1056620,C,1,1265.4086228480287,1.0,0,1,typing
SYNTHETIC DEMONSTRATION ONLY - NOT HUMAN EXPERIMENT RESULTS,1056640,C,1,1265.3887652758817,1.0,0,1,typing
SYNTHETIC DEMONSTRATION ONLY - NOT HUMAN EXPERIMENT RESULTS,1056660,C,1,1265.3693996059924,1.0,0,1,typing
SYNTHETIC DEMONSTRATION ONLY - NOT HUMAN EXPERIMENT RESULTS,1056680,C,1,1265.3505261135897,1.0,0,1,typing
SYNTHETIC DEMONSTRATION ONLY - NOT HUMAN EXPERIMENT RESULTS,1056700,C,1,1265.3321450669075,1.0,0,1,typing
SYNTHETIC DEMONSTRATION ONLY - NOT HUMAN EXPERIMENT RESULTS,1056720,C,1,1265.3142567271816,1.0,0,1,typing
SYNTHETIC DEMONSTRATION ONLY - NOT HUMAN EXPERIMENT RESULTS,1056740,C,1,1265.2968613486446,1.0,0,1,typing
SYNTHETIC DEMONSTRATION ONLY - NOT HUMAN EXPERIMENT RESULTS,1056760,C,1,1265.2799591785235,1.0,0,1,typing
SYNTHETIC DEMONSTRATION ONLY - NOT HUMAN EXPERIMENT RESULTS,1056780,C,1,1265.2635504570353,1.0,0,1,typing
SYNTHETIC DEMONSTRATION ONLY - NOT HUMAN EXPERIMENT RESULTS,1056800,C,1,1265.2476354173846,1.0,0,1,typing
SYNTHETIC DEMONSTRATION ONLY - NOT HUMAN EXPERIMENT RESULTS,1056820,C,1,1265.2322142857593,1.0,0,1,typing
SYNTHETIC DEMONSTRATION ONLY - NOT HUMAN EXPERIMENT RESULTS,1056840,C,1,1265.2172872813273,1.0,0,1,typing
SYNTHETIC DEMONSTRATION ONLY - NOT HUMAN EXPERIMENT RESULTS,1056860,C,1,1265.2028546162348,1.0,0,1,typing
SYNTHETIC DEMONSTRATION ONLY - NOT HUMAN EXPERIMENT RESULTS,1056880,C,1,1265.1889164956021,1.0,0,1,typing
SYNTHETIC DEMONSTRATION ONLY - NOT HUMAN EXPERIMENT RESULTS,1056900,C,1,1265.1754731175204,1.0,0,1,typing
SYNTHETIC DEMONSTRATION ONLY - NOT HUMAN EXPERIMENT RESULTS,1056920,C,1,1265.16252467305,1.0,0,1,typing
SYNTHETIC DEMONSTRATION ONLY - NOT HUMAN EXPERIMENT RESULTS,1056940,C,1,1265.150071346217,1.0,0,1,typing
SYNTHETIC DEMONSTRATION ONLY - NOT HUMAN EXPERIMENT RESULTS,1056960,C,1,1265.1381133140105,1.0,0,1,typing
SYNTHETIC DEMONSTRATION ONLY - NOT HUMAN EXPERIMENT RESULTS,1056980,C,1,1265.1266507463808,1.0,0,1,typing
SYNTHETIC DEMONSTRATION ONLY - NOT HUMAN EXPERIMENT RESULTS,1057000,C,1,1265.1156838062366,1.0,0,1,typing
SYNTHETIC DEMONSTRATION ONLY - NOT HUMAN EXPERIMENT RESULTS,1057020,C,1,1265.105212649442,1.0,0,1,typing
SYNTHETIC DEMONSTRATION ONLY - NOT HUMAN EXPERIMENT RESULTS,1057040,C,1,1265.0952374248152,1.0,0,1,typing
SYNTHETIC DEMONSTRATION ONLY - NOT HUMAN EXPERIMENT RESULTS,1057060,C,1,1265.0857582741266,1.0,0,1,typing
SYNTHETIC DEMONSTRATION ONLY - NOT HUMAN EXPERIMENT RESULTS,1057080,C,1,1265.0767753320958,1.0,0,1,typing
SYNTHETIC DEMONSTRATION ONLY - NOT HUMAN EXPERIMENT RESULTS,1057100,C,1,1265.0682887263904,1.0,0,1,typing
SYNTHETIC DEMONSTRATION ONLY - NOT HUMAN EXPERIMENT RESULTS,1057120,C,1,1265.0602985776236,1.0,0,1,typing
SYNTHETIC DEMONSTRATION ONLY - NOT HUMAN EXPERIMENT RESULTS,1057140,C,1,1265.0528049993532,1.0,0,1,typing
SYNTHETIC DEMONSTRATION ONLY - NOT HUMAN EXPERIMENT RESULTS,1057160,C,1,1265.0458080980798,1.0,0,1,typing
SYNTHETIC DEMONSTRATION ONLY - NOT HUMAN EXPERIMENT RESULTS,1057180,C,1,1265.0393079732444,1.0,0,1,typing
SYNTHETIC DEMONSTRATION ONLY - NOT HUMAN EXPERIMENT RESULTS,1057200,C,1,1265.0333047172282,1.0,0,1,typing
SYNTHETIC DEMONSTRATION ONLY - NOT HUMAN EXPERIMENT RESULTS,1057220,C,1,1265.0277984153513,1.0,0,1,typing
SYNTHETIC DEMONSTRATION ONLY - NOT HUMAN EXPERIMENT RESULTS,1057240,C,1,1265.0227891458699,1.0,0,1,typing
SYNTHETIC DEMONSTRATION ONLY - NOT HUMAN EXPERIMENT RESULTS,1057260,C,1,1265.018276979977,1.0,0,1,typing
SYNTHETIC DEMONSTRATION ONLY - NOT HUMAN EXPERIMENT RESULTS,1057280,C,1,1265.0142619818005,1.0,0,1,typing
SYNTHETIC DEMONSTRATION ONLY - NOT HUMAN EXPERIMENT RESULTS,1057300,C,1,1265.0107442084022,1.0,0,1,typing
SYNTHETIC DEMONSTRATION ONLY - NOT HUMAN EXPERIMENT RESULTS,1057320,C,1,1265.0077237097776,1.0,0,1,typing
SYNTHETIC DEMONSTRATION ONLY - NOT HUMAN EXPERIMENT RESULTS,1057340,C,1,1265.0052005288549,1.0,0,1,typing
SYNTHETIC DEMONSTRATION ONLY - NOT HUMAN EXPERIMENT RESULTS,1057360,C,1,1265.0031747014937,1.0,0,1,typing
SYNTHETIC DEMONSTRATION ONLY - NOT HUMAN EXPERIMENT RESULTS,1057380,C,1,1265.0016462564856,1.0,0,1,typing
SYNTHETIC DEMONSTRATION ONLY - NOT HUMAN EXPERIMENT RESULTS,1057400,C,1,1265.0006152155534,1.0,0,1,typing
SYNTHETIC DEMONSTRATION ONLY - NOT HUMAN EXPERIMENT RESULTS,1057420,C,1,1265.0000815933502,1.0,0,1,typing
SYNTHETIC DEMONSTRATION ONLY - NOT HUMAN EXPERIMENT RESULTS,1057440,C,1,1265.00004539746,1.0,0,1,typing
SYNTHETIC DEMONSTRATION ONLY - NOT HUMAN EXPERIMENT RESULTS,1057460,C,1,1265.0005066283975,1.0,0,1,typing
SYNTHETIC DEMONSTRATION ONLY - NOT HUMAN EXPERIMENT RESULTS,1057480,C,1,1265.0014652796071,1.0,0,1,typing
SYNTHETIC DEMONSTRATION ONLY - NOT HUMAN EXPERIMENT RESULTS,1057500,C,1,1265.0029213374646,1.0,0,1,typing
SYNTHETIC DEMONSTRATION ONLY - NOT HUMAN EXPERIMENT RESULTS,1057520,C,1,1265.0048747812762,1.0,0,1,typing
SYNTHETIC DEMONSTRATION ONLY - NOT HUMAN EXPERIMENT RESULTS,1057540,C,1,1265.007325583279,1.0,0,1,typing
SYNTHETIC DEMONSTRATION ONLY - NOT HUMAN EXPERIMENT RESULTS,1057560,C,1,1265.0102737086418,1.0,0,1,typing
SYNTHETIC DEMONSTRATION ONLY - NOT HUMAN EXPERIMENT RESULTS,1057580,C,1,1265.0137191154652,1.0,0,1,typing
SYNTHETIC DEMONSTRATION ONLY - NOT HUMAN EXPERIMENT RESULTS,1057600,C,1,1265.0176617547822,1.0,0,1,typing
SYNTHETIC DEMONSTRATION ONLY - NOT HUMAN EXPERIMENT RESULTS,1057620,C,1,1265.0221015705592,1.0,0,1,typing
SYNTHETIC DEMONSTRATION ONLY - NOT HUMAN EXPERIMENT RESULTS,1057640,C,1,1265.0270384996966,1.0,0,1,typing
SYNTHETIC DEMONSTRATION ONLY - NOT HUMAN EXPERIMENT RESULTS,1057660,C,1,1265.03247247203,1.0,0,1,typing
SYNTHETIC DEMONSTRATION ONLY - NOT HUMAN EXPERIMENT RESULTS,1057680,C,1,1265.0384034103301,1.0,0,1,typing
SYNTHETIC DEMONSTRATION ONLY - NOT HUMAN EXPERIMENT RESULTS,1057700,C,1,1265.0448312303056,1.0,0,1,typing
SYNTHETIC DEMONSTRATION ONLY - NOT HUMAN EXPERIMENT RESULTS,1057720,C,1,1265.0517558406027,1.0,0,1,typing
SYNTHETIC DEMONSTRATION ONLY - NOT HUMAN EXPERIMENT RESULTS,1057740,C,1,1265.0591771428074,1.0,0,1,typing
SYNTHETIC DEMONSTRATION ONLY - NOT HUMAN EXPERIMENT RESULTS,1057760,C,1,1265.0670950314466,1.0,0,1,typing
SYNTHETIC DEMONSTRATION ONLY - NOT HUMAN EXPERIMENT RESULTS,1057780,C,1,1265.0755093939897,1.0,0,1,typing
SYNTHETIC DEMONSTRATION ONLY - NOT HUMAN EXPERIMENT RESULTS,1057800,C,1,1265.0844201108498,1.0,0,1,typing
SYNTHETIC DEMONSTRATION ONLY - NOT HUMAN EXPERIMENT RESULTS,1057820,C,1,1265.0938270553859,1.0,0,1,typing
SYNTHETIC DEMONSTRATION ONLY - NOT HUMAN EXPERIMENT RESULTS,1057840,C,1,1265.1037300939045,1.0,0,1,typing
SYNTHETIC DEMONSTRATION ONLY - NOT HUMAN EXPERIMENT RESULTS,1057860,C,1,1265.1141290856615,1.0,0,1,typing
SYNTHETIC DEMONSTRATION ONLY - NOT HUMAN EXPERIMENT RESULTS,1057880,C,1,1265.1250238828643,1.0,0,1,typing
SYNTHETIC DEMONSTRATION ONLY - NOT HUMAN EXPERIMENT RESULTS,1057900,C,1,1265.136414330674,1.0,0,1,typing
SYNTHETIC DEMONSTRATION ONLY - NOT HUMAN EXPERIMENT RESULTS,1057920,C,1,1265.1483002672062,1.0,0,1,typing
SYNTHETIC DEMONSTRATION ONLY - NOT HUMAN EXPERIMENT RESULTS,1057940,C,1,1265.1606815235364,1.0,0,1,typing
SYNTHETIC DEMONSTRATION ONLY - NOT HUMAN EXPERIMENT RESULTS,1057960,C,1,1265.173557923699,1.0,0,1,typing
SYNTHETIC DEMONSTRATION ONLY - NOT HUMAN EXPERIMENT RESULTS,1057980,C,1,1265.1869292846923,1.0,0,1,typing
SYNTHETIC DEMONSTRATION ONLY - NOT HUMAN EXPERIMENT RESULTS,1058000,C,1,1265.2007954164792,1.0,0,1,typing
SYNTHETIC DEMONSTRATION ONLY - NOT HUMAN EXPERIMENT RESULTS,1058020,C,1,1265.2151561219914,1.0,0,1,typing
SYNTHETIC DEMONSTRATION ONLY - NOT HUMAN EXPERIMENT RESULTS,1058040,C,1,1265.2300111971315,1.0,0,1,typing
SYNTHETIC DEMONSTRATION ONLY - NOT HUMAN EXPERIMENT RESULTS,1058060,C,1,1265.2453604307761,1.0,0,1,typing
SYNTHETIC DEMONSTRATION ONLY - NOT HUMAN EXPERIMENT RESULTS,1058080,C,1,1265.2612036047788,1.0,0,1,typing
SYNTHETIC DEMONSTRATION ONLY - NOT HUMAN EXPERIMENT RESULTS,1058100,C,1,1265.2775404939725,1.0,0,1,typing
SYNTHETIC DEMONSTRATION ONLY - NOT HUMAN EXPERIMENT RESULTS,1058120,C,1,1265.2943708661742,1.0,0,1,typing
SYNTHETIC DEMONSTRATION ONLY - NOT HUMAN EXPERIMENT RESULTS,1058140,C,1,1265.311694482187,1.0,0,1,typing
SYNTHETIC DEMONSTRATION ONLY - NOT HUMAN EXPERIMENT RESULTS,1058160,C,1,1265.329511095804,1.0,0,1,typing
SYNTHETIC DEMONSTRATION ONLY - NOT HUMAN EXPERIMENT RESULTS,1058180,C,1,1265.3478204538114,1.0,0,1,typing
SYNTHETIC DEMONSTRATION ONLY - NOT HUMAN EXPERIMENT RESULTS,1058200,C,1,1265.3666222959932,1.0,0,1,typing
SYNTHETIC DEMONSTRATION ONLY - NOT HUMAN EXPERIMENT RESULTS,1058220,C,1,1265.3859163551333,1.0,0,1,typing
SYNTHETIC DEMONSTRATION ONLY - NOT HUMAN EXPERIMENT RESULTS,1058240,C,1,1265.4057023570203,1.0,0,1,typing
SYNTHETIC DEMONSTRATION ONLY - NOT HUMAN EXPERIMENT RESULTS,1058260,C,1,1265.4259800204518,1.0,0,1,typing
SYNTHETIC DEMONSTRATION ONLY - NOT HUMAN EXPERIMENT RESULTS,1058280,C,1,1265.4467490572367,1.0,0,1,typing
SYNTHETIC DEMONSTRATION ONLY - NOT HUMAN EXPERIMENT RESULTS,1058300,C,1,1265.4680091722014,1.0,0,1,typing
SYNTHETIC DEMONSTRATION ONLY - NOT HUMAN EXPERIMENT RESULTS,1058320,C,1,1265.4897600631923,1.0,0,1,typing
SYNTHETIC DEMONSTRATION ONLY - NOT HUMAN EXPERIMENT RESULTS,1058340,C,1,1265.5120014210815,1.0,0,1,typing
SYNTHETIC DEMONSTRATION ONLY - NOT HUMAN EXPERIMENT RESULTS,1058360,C,1,1265.53473292977,1.0,0,1,typing
SYNTHETIC DEMONSTRATION ONLY - NOT HUMAN EXPERIMENT RESULTS,1058380,C,1,1265.5579542661924,1.0,0,1,typing
SYNTHETIC DEMONSTRATION ONLY - NOT HUMAN EXPERIMENT RESULTS,1058400,C,1,1265.5816651003224,1.0,0,1,typing
SYNTHETIC DEMONSTRATION ONLY - NOT HUMAN EXPERIMENT RESULTS,1058420,C,1,1265.6058650951763,1.0,0,1,typing
SYNTHETIC DEMONSTRATION ONLY - NOT HUMAN EXPERIMENT RESULTS,1058440,C,1,1265.6305539068192,1.0,0,1,typing
SYNTHETIC DEMONSTRATION ONLY - NOT HUMAN EXPERIMENT RESULTS,1058460,C,1,1265.6557311843676,1.0,0,1,typing
SYNTHETIC DEMONSTRATION ONLY - NOT HUMAN EXPERIMENT RESULTS,1058480,C,1,1265.6813965699973,1.0,0,1,typing
SYNTHETIC DEMONSTRATION ONLY - NOT HUMAN EXPERIMENT RESULTS,1058500,C,1,1265.7075496989462,1.0,0,1,typing
SYNTHETIC DEMONSTRATION ONLY - NOT HUMAN EXPERIMENT RESULTS,1058520,C,1,1265.7341901995205,1.0,0,1,typing
SYNTHETIC DEMONSTRATION ONLY - NOT HUMAN EXPERIMENT RESULTS,1058540,C,1,1265.7613176930993,1.0,0,1,typing
SYNTHETIC DEMONSTRATION ONLY - NOT HUMAN EXPERIMENT RESULTS,1058560,C,1,1265.7889317941415,1.0,0,1,typing
SYNTHETIC DEMONSTRATION ONLY - NOT HUMAN EXPERIMENT RESULTS,1058580,C,1,1265.817032110189,1.0,0,1,typing
SYNTHETIC DEMONSTRATION ONLY - NOT HUMAN EXPERIMENT RESULTS,1058600,C,1,1265.8456182418745,1.0,0,1,typing
SYNTHETIC DEMONSTRATION ONLY - NOT HUMAN EXPERIMENT RESULTS,1058620,C,1,1265.8746897829258,1.0,0,1,typing
SYNTHETIC DEMONSTRATION ONLY - NOT HUMAN EXPERIMENT RESULTS,1058640,C,1,1265.9042463201718,1.0,0,1,typing
SYNTHETIC DEMONSTRATION ONLY - NOT HUMAN EXPERIMENT RESULTS,1058660,C,1,1265.9342874335487,1.0,0,1,typing
SYNTHETIC DEMONSTRATION ONLY - NOT HUMAN EXPERIMENT RESULTS,1058680,C,1,1265.9648126961058,1.0,0,1,typing
SYNTHETIC DEMONSTRATION ONLY - NOT HUMAN EXPERIMENT RESULTS,1058700,C,1,1265.9958216740115,1.0,0,1,typing
SYNTHETIC DEMONSTRATION ONLY - NOT HUMAN EXPERIMENT RESULTS,1058720,C,1,1266.0273139265596,1.0,0,1,typing
SYNTHETIC DEMONSTRATION ONLY - NOT HUMAN EXPERIMENT RESULTS,1058740,C,1,1266.0592890061757,1.0,0,1,typing
SYNTHETIC DEMONSTRATION ONLY - NOT HUMAN EXPERIMENT RESULTS,1058760,C,1,1266.091746458423,1.0,0,1,typing
SYNTHETIC DEMONSTRATION ONLY - NOT HUMAN EXPERIMENT RESULTS,1058780,C,1,1266.1246858220088,1.0,0,1,typing
SYNTHETIC DEMONSTRATION ONLY - NOT HUMAN EXPERIMENT RESULTS,1058800,C,1,1266.1581066287927,1.0,0,1,typing
SYNTHETIC DEMONSTRATION ONLY - NOT HUMAN EXPERIMENT RESULTS,1058820,C,1,1266.1920084037904,1.0,0,1,typing
SYNTHETIC DEMONSTRATION ONLY - NOT HUMAN EXPERIMENT RESULTS,1058840,C,1,1266.2263906651829,1.0,0,1,typing
SYNTHETIC DEMONSTRATION ONLY - NOT HUMAN EXPERIMENT RESULTS,1058860,C,1,1266.2612529243222,1.0,0,1,typing
SYNTHETIC DEMONSTRATION ONLY - NOT HUMAN EXPERIMENT RESULTS,1058880,C,1,1266.2965946857382,1.0,0,1,typing
SYNTHETIC DEMONSTRATION ONLY - NOT HUMAN EXPERIMENT RESULTS,1058900,C,1,1266.3324154471466,1.0,0,1,typing
SYNTHETIC DEMONSTRATION ONLY - NOT HUMAN EXPERIMENT RESULTS,1058920,C,1,1266.3687146994546,1.0,0,1,typing
SYNTHETIC DEMONSTRATION ONLY - NOT HUMAN EXPERIMENT RESULTS,1058940,C,1,1266.4054919267699,1.0,0,1,typing
SYNTHETIC DEMONSTRATION ONLY - NOT HUMAN EXPERIMENT RESULTS,1058960,C,1,1266.4427466064064,1.0,0,1,typing
SYNTHETIC DEMONSTRATION ONLY - NOT HUMAN EXPERIMENT RESULTS,1058980,C,1,1266.480478208893,1.0,0,1,typing
SYNTHETIC DEMONSTRATION ONLY - NOT HUMAN EXPERIMENT RESULTS,1059000,C,1,1266.5186861979798,1.0,0,1,typing
SYNTHETIC DEMONSTRATION ONLY - NOT HUMAN EXPERIMENT RESULTS,1059020,C,1,1266.5573700306468,1.0,0,1,typing
SYNTHETIC DEMONSTRATION ONLY - NOT HUMAN EXPERIMENT RESULTS,1059040,C,1,1266.596529157111,1.0,0,1,typing
SYNTHETIC DEMONSTRATION ONLY - NOT HUMAN EXPERIMENT RESULTS,1059060,C,1,1266.6361630208348,1.0,0,1,typing
SYNTHETIC DEMONSTRATION ONLY - NOT HUMAN EXPERIMENT RESULTS,1059080,C,1,1266.6762710585328,1.0,0,1,typing
SYNTHETIC DEMONSTRATION ONLY - NOT HUMAN EXPERIMENT RESULTS,1059100,C,1,1266.7168527001816,1.0,0,1,typing
SYNTHETIC DEMONSTRATION ONLY - NOT HUMAN EXPERIMENT RESULTS,1059120,C,1,1266.757907369026,1.0,0,1,typing
SYNTHETIC DEMONSTRATION ONLY - NOT HUMAN EXPERIMENT RESULTS,1059140,C,1,1266.7994344815882,1.0,0,1,typing
SYNTHETIC DEMONSTRATION ONLY - NOT HUMAN EXPERIMENT RESULTS,1059160,C,1,1266.8414334476759,1.0,0,1,typing
SYNTHETIC DEMONSTRATION ONLY - NOT HUMAN EXPERIMENT RESULTS,1059180,C,1,1266.883903670391,1.0,0,1,typing
SYNTHETIC DEMONSTRATION ONLY - NOT HUMAN EXPERIMENT RESULTS,1059200,C,1,1266.9268445461375,1.0,0,1,typing
SYNTHETIC DEMONSTRATION ONLY - NOT HUMAN EXPERIMENT RESULTS,1059220,C,1,1266.9702554646308,1.0,0,1,typing
SYNTHETIC DEMONSTRATION ONLY - NOT HUMAN EXPERIMENT RESULTS,1059240,C,1,1267.0141358089054,1.0,0,1,typing
SYNTHETIC DEMONSTRATION ONLY - NOT HUMAN EXPERIMENT RESULTS,1059260,C,1,1267.0584849553245,1.0,0,1,typing
SYNTHETIC DEMONSTRATION ONLY - NOT HUMAN EXPERIMENT RESULTS,1059280,C,1,1267.1033022735887,1.0,0,1,typing
SYNTHETIC DEMONSTRATION ONLY - NOT HUMAN EXPERIMENT RESULTS,1059300,C,1,1267.1485871267444,1.0,0,1,typing
SYNTHETIC DEMONSTRATION ONLY - NOT HUMAN EXPERIMENT RESULTS,1059320,C,1,1267.194338871194,1.0,0,1,typing
SYNTHETIC DEMONSTRATION ONLY - NOT HUMAN EXPERIMENT RESULTS,1059340,C,1,1267.2405568567037,1.0,0,1,typing
SYNTHETIC DEMONSTRATION ONLY - NOT HUMAN EXPERIMENT RESULTS,1059360,C,1,1267.2872404264137,1.0,0,1,typing
SYNTHETIC DEMONSTRATION ONLY - NOT HUMAN EXPERIMENT RESULTS,1059380,C,1,1267.334388916847,1.0,0,1,typing
SYNTHETIC DEMONSTRATION ONLY - NOT HUMAN EXPERIMENT RESULTS,1059400,C,1,1267.3820016579193,1.0,0,1,typing
SYNTHETIC DEMONSTRATION ONLY - NOT HUMAN EXPERIMENT RESULTS,1059420,C,1,1267.4300779729483,1.0,0,1,typing
SYNTHETIC DEMONSTRATION ONLY - NOT HUMAN EXPERIMENT RESULTS,1059440,C,1,1267.478617178663,1.0,0,1,typing
SYNTHETIC DEMONSTRATION ONLY - NOT HUMAN EXPERIMENT RESULTS,1059460,C,1,1267.5276185852135,1.0,0,1,typing
SYNTHETIC DEMONSTRATION ONLY - NOT HUMAN EXPERIMENT RESULTS,1059480,C,1,1267.577081496182,1.0,0,1,typing
SYNTHETIC DEMONSTRATION ONLY - NOT HUMAN EXPERIMENT RESULTS,1059500,C,1,1267.6270052085908,1.0,0,1,typing
SYNTHETIC DEMONSTRATION ONLY - NOT HUMAN EXPERIMENT RESULTS,1059520,C,1,1267.6773890129132,1.0,0,1,typing
SYNTHETIC DEMONSTRATION ONLY - NOT HUMAN EXPERIMENT RESULTS,1059540,C,1,1267.728232193084,1.0,0,1,typing
SYNTHETIC DEMONSTRATION ONLY - NOT HUMAN EXPERIMENT RESULTS,1059560,C,1,1267.7795340265093,1.0,0,1,typing
SYNTHETIC DEMONSTRATION ONLY - NOT HUMAN EXPERIMENT RESULTS,1059580,C,1,1267.831293784076,1.0,0,1,typing
SYNTHETIC DEMONSTRATION ONLY - NOT HUMAN EXPERIMENT RESULTS,1059600,C,1,1267.8835107301636,1.0,0,1,typing
SYNTHETIC DEMONSTRATION ONLY - NOT HUMAN EXPERIMENT RESULTS,1059620,C,1,1267.936184122654,1.0,0,1,typing
SYNTHETIC DEMONSTRATION ONLY - NOT HUMAN EXPERIMENT RESULTS,1059640,C,1,1267.9893132129412,1.0,0,1,typing
SYNTHETIC DEMONSTRATION ONLY - NOT HUMAN EXPERIMENT RESULTS,1059660,C,1,1268.0428972459435,1.0,0,1,typing
SYNTHETIC DEMONSTRATION ONLY - NOT HUMAN EXPERIMENT RESULTS,1059680,C,1,1268.0969354601134,1.0,0,1,typing
SYNTHETIC DEMONSTRATION ONLY - NOT HUMAN EXPERIMENT RESULTS,1059700,C,1,1268.1514270874477,1.0,0,1,typing
SYNTHETIC DEMONSTRATION ONLY - NOT HUMAN EXPERIMENT RESULTS,1059720,C,1,1268.2063713535003,1.0,0,1,typing
SYNTHETIC DEMONSTRATION ONLY - NOT HUMAN EXPERIMENT RESULTS,1059740,C,1,1268.2617674773912,1.0,0,1,typing
SYNTHETIC DEMONSTRATION ONLY - NOT HUMAN EXPERIMENT RESULTS,1059760,C,1,1268.317614671819,1.0,0,1,typing
SYNTHETIC DEMONSTRATION ONLY - NOT HUMAN EXPERIMENT RESULTS,1059780,C,1,1268.3739121430715,1.0,0,1,typing
SYNTHETIC DEMONSTRATION ONLY - NOT HUMAN EXPERIMENT RESULTS,1059800,C,1,1268.430659091037,1.0,0,1,typing
SYNTHETIC DEMONSTRATION ONLY - NOT HUMAN EXPERIMENT RESULTS,1059820,C,1,1268.4878547092155,1.0,0,1,typing
SYNTHETIC DEMONSTRATION ONLY - NOT HUMAN EXPERIMENT RESULTS,1059840,C,1,1268.545498184731,1.0,0,1,typing
SYNTHETIC DEMONSTRATION ONLY - NOT HUMAN EXPERIMENT RESULTS,1059860,C,1,1268.603588698342,1.0,0,1,typing
SYNTHETIC DEMONSTRATION ONLY - NOT HUMAN EXPERIMENT RESULTS,1059880,C,1,1268.662125424454,1.0,0,1,typing
SYNTHETIC DEMONSTRATION ONLY - NOT HUMAN EXPERIMENT RESULTS,1059900,C,1,1268.72110753113,1.0,0,1,typing
SYNTHETIC DEMONSTRATION ONLY - NOT HUMAN EXPERIMENT RESULTS,1059920,C,1,1268.7805341801038,1.0,0,1,typing
SYNTHETIC DEMONSTRATION ONLY - NOT HUMAN EXPERIMENT RESULTS,1059940,C,1,1268.8404045267916,1.0,0,1,typing
SYNTHETIC DEMONSTRATION ONLY - NOT HUMAN EXPERIMENT RESULTS,1059960,C,1,1268.900717720303,1.0,0,1,typing
SYNTHETIC DEMONSTRATION ONLY - NOT HUMAN EXPERIMENT RESULTS,1059980,C,1,1268.961472903454,1.0,0,1,typing
SYNTHETIC DEMONSTRATION ONLY - NOT HUMAN EXPERIMENT RESULTS,1060000,C,1,1269.022669212779,1.0,0,1,typing
SYNTHETIC DEMONSTRATION ONLY - NOT HUMAN EXPERIMENT RESULTS,1060020,C,1,1269.0843057785428,1.0,0,1,typing
SYNTHETIC DEMONSTRATION ONLY - NOT HUMAN EXPERIMENT RESULTS,1060040,C,1,1269.1463817247538,1.0,0,1,typing
SYNTHETIC DEMONSTRATION ONLY - NOT HUMAN EXPERIMENT RESULTS,1060060,C,1,1269.208896169175,1.0,0,1,typing
SYNTHETIC DEMONSTRATION ONLY - NOT HUMAN EXPERIMENT RESULTS,1060080,C,1,1269.2718482233379,1.0,0,1,typing
SYNTHETIC DEMONSTRATION ONLY - NOT HUMAN EXPERIMENT RESULTS,1060100,C,1,1269.3352369925544,1.0,0,1,typing
SYNTHETIC DEMONSTRATION ONLY - NOT HUMAN EXPERIMENT RESULTS,1060120,C,1,1269.3990615759299,1.0,0,1,typing
SYNTHETIC DEMONSTRATION ONLY - NOT HUMAN EXPERIMENT RESULTS,1060140,C,1,1269.4633210663758,1.0,0,1,typing
SYNTHETIC DEMONSTRATION ONLY - NOT HUMAN EXPERIMENT RESULTS,1060160,C,1,1269.5280145506224,1.0,0,1,typing
SYNTHETIC DEMONSTRATION ONLY - NOT HUMAN EXPERIMENT RESULTS,1060180,C,1,1269.5931411092322,1.0,0,1,typing
SYNTHETIC DEMONSTRATION ONLY - NOT HUMAN EXPERIMENT RESULTS,1060200,C,1,1269.6586998166126,1.0,0,1,typing
SYNTHETIC DEMONSTRATION ONLY - NOT HUMAN EXPERIMENT RESULTS,1060220,C,1,1269.7246897410291,1.0,0,1,typing
SYNTHETIC DEMONSTRATION ONLY - NOT HUMAN EXPERIMENT RESULTS,1060240,C,1,1269.7911099446192,1.0,0,1,typing
SYNTHETIC DEMONSTRATION ONLY - NOT HUMAN EXPERIMENT RESULTS,1060260,C,1,1269.8579594834043,1.0,0,1,typing
SYNTHETIC DEMONSTRATION ONLY - NOT HUMAN EXPERIMENT RESULTS,1060280,C,1,1269.9252374073046,1.0,0,1,typing
SYNTHETIC DEMONSTRATION ONLY - NOT HUMAN EXPERIMENT RESULTS,1060300,C,1,1269.9929427601523,1.0,0,1,typing
SYNTHETIC DEMONSTRATION ONLY - NOT HUMAN EXPERIMENT RESULTS,1060320,C,1,1270.061074579704,1.0,0,1,typing
SYNTHETIC DEMONSTRATION ONLY - NOT HUMAN EXPERIMENT RESULTS,1060340,C,1,1270.1296318976558,1.0,0,1,typing
SYNTHETIC DEMONSTRATION ONLY - NOT HUMAN EXPERIMENT RESULTS,1060360,C,1,1270.1986137396566,1.0,0,1,typing
SYNTHETIC DEMONSTRATION ONLY - NOT HUMAN EXPERIMENT RESULTS,1060380,C,1,1270.2680191253219,1.0,0,1,typing
SYNTHETIC DEMONSTRATION ONLY - NOT HUMAN EXPERIMENT RESULTS,1060400,C,1,1270.3378470682471,1.0,0,1,typing
SYNTHETIC DEMONSTRATION ONLY - NOT HUMAN EXPERIMENT RESULTS,1060420,C,1,1270.408096576023,1.0,0,1,typing
SYNTHETIC DEMONSTRATION ONLY - NOT HUMAN EXPERIMENT RESULTS,1060440,C,1,1270.478766650248,1.0,0,1,typing
SYNTHETIC DEMONSTRATION ONLY - NOT HUMAN EXPERIMENT RESULTS,1060460,C,1,1270.5498562865446,1.0,0,1,typing
SYNTHETIC DEMONSTRATION ONLY - NOT HUMAN EXPERIMENT RESULTS,1060480,C,1,1270.6213644745712,1.0,0,1,typing
SYNTHETIC DEMONSTRATION ONLY - NOT HUMAN EXPERIMENT RESULTS,1060500,C,1,1270.6932901980388,1.0,0,1,typing
SYNTHETIC DEMONSTRATION ONLY - NOT HUMAN EXPERIMENT RESULTS,1060520,C,1,1270.7656324347229,1.0,0,1,typing
SYNTHETIC DEMONSTRATION ONLY - NOT HUMAN EXPERIMENT RESULTS,1060540,C,1,1270.8383901564805,1.0,0,1,typing
SYNTHETIC DEMONSTRATION ONLY - NOT HUMAN EXPERIMENT RESULTS,1060560,C,1,1270.9115623292635,1.0,0,1,typing
SYNTHETIC DEMONSTRATION ONLY - NOT HUMAN EXPERIMENT RESULTS,1060580,C,1,1270.9851479131332,1.0,0,1,typing
SYNTHETIC DEMONSTRATION ONLY - NOT HUMAN EXPERIMENT RESULTS,1060600,C,1,1271.0591458622755,1.0,0,1,typing
SYNTHETIC DEMONSTRATION ONLY - NOT HUMAN EXPERIMENT RESULTS,1060620,C,1,1271.133555125016,1.0,0,1,typing
SYNTHETIC DEMONSTRATION ONLY - NOT HUMAN EXPERIMENT RESULTS,1060640,C,1,1271.208374643834,1.0,0,1,typing
SYNTHETIC DEMONSTRATION ONLY - NOT HUMAN EXPERIMENT RESULTS,1060660,C,1,1271.283603355379,1.0,0,1,typing
SYNTHETIC DEMONSTRATION ONLY - NOT HUMAN EXPERIMENT RESULTS,1060680,C,1,1271.359240190484,1.0,0,1,typing
SYNTHETIC DEMONSTRATION ONLY - NOT HUMAN EXPERIMENT RESULTS,1060700,C,1,1271.4352840741824,1.0,0,1,typing
SYNTHETIC DEMONSTRATION ONLY - NOT HUMAN EXPERIMENT RESULTS,1060720,C,1,1271.5117339257222,1.0,0,1,typing
SYNTHETIC DEMONSTRATION ONLY - NOT HUMAN EXPERIMENT RESULTS,1060740,C,1,1271.588588658582,1.0,0,1,typing
SYNTHETIC DEMONSTRATION ONLY - NOT HUMAN EXPERIMENT RESULTS,1060760,C,1,1271.6658471804856,1.0,0,1,typing
SYNTHETIC DEMONSTRATION ONLY - NOT HUMAN EXPERIMENT RESULTS,1060780,C,1,1271.7435083934186,1.0,0,1,typing
SYNTHETIC DEMONSTRATION ONLY - NOT HUMAN EXPERIMENT RESULTS,1060800,C,1,1271.8215711936432,1.0,0,1,typing
SYNTHETIC DEMONSTRATION ONLY - NOT HUMAN EXPERIMENT RESULTS,1060820,C,1,1271.9000344717142,1.0,0,1,typing
SYNTHETIC DEMONSTRATION ONLY - NOT HUMAN EXPERIMENT RESULTS,1060840,C,1,1271.978897112495,1.0,0,1,typing
SYNTHETIC DEMONSTRATION ONLY - NOT HUMAN EXPERIMENT RESULTS,1060860,C,1,1272.0581579951725,1.0,0,1,typing
SYNTHETIC DEMONSTRATION ONLY - NOT HUMAN EXPERIMENT RESULTS,1060880,C,1,1272.1378159932744,1.0,0,1,typing
SYNTHETIC DEMONSTRATION ONLY - NOT HUMAN EXPERIMENT RESULTS,1060900,C,1,1272.2178699746842,1.0,0,1,typing
SYNTHETIC DEMONSTRATION ONLY - NOT HUMAN EXPERIMENT RESULTS,1060920,C,1,1272.2983188016574,1.0,0,1,typing
SYNTHETIC DEMONSTRATION ONLY - NOT HUMAN EXPERIMENT RESULTS,1060940,C,1,1272.3791613308383,1.0,0,1,typing
SYNTHETIC DEMONSTRATION ONLY - NOT HUMAN EXPERIMENT RESULTS,1060960,C,1,1272.4603964132755,1.0,0,1,typing
SYNTHETIC DEMONSTRATION ONLY - NOT HUMAN EXPERIMENT RESULTS,1060980,C,1,1272.5420228944388,1.0,0,1,typing
SYNTHETIC DEMONSTRATION ONLY - NOT HUMAN EXPERIMENT RESULTS,1061000,C,1,1272.6240396142352,1.0,0,1,typing
SYNTHETIC DEMONSTRATION ONLY - NOT HUMAN EXPERIMENT RESULTS,1061020,C,1,1272.7064454070253,1.0,0,1,typing
SYNTHETIC DEMONSTRATION ONLY - NOT HUMAN EXPERIMENT RESULTS,1061040,C,1,1272.7892391016408,1.0,0,1,typing
SYNTHETIC DEMONSTRATION ONLY - NOT HUMAN EXPERIMENT RESULTS,1061060,C,1,1272.8724195213997,1.0,0,1,typing
SYNTHETIC DEMONSTRATION ONLY - NOT HUMAN EXPERIMENT RESULTS,1061080,C,1,1272.9559854841243,1.0,0,1,typing
SYNTHETIC DEMONSTRATION ONLY - NOT HUMAN EXPERIMENT RESULTS,1061100,C,1,1273.0399358021573,1.0,0,1,typing
SYNTHETIC DEMONSTRATION ONLY - NOT HUMAN EXPERIMENT RESULTS,1061120,C,1,1273.124269282379,1.0,0,1,typing
SYNTHETIC DEMONSTRATION ONLY - NOT HUMAN EXPERIMENT RESULTS,1061140,C,1,1273.2089847262232,1.0,0,1,typing
SYNTHETIC DEMONSTRATION ONLY - NOT HUMAN EXPERIMENT RESULTS,1061160,C,1,1273.294080929697,1.0,0,1,typing
SYNTHETIC DEMONSTRATION ONLY - NOT HUMAN EXPERIMENT RESULTS,1061180,C,1,1273.3795566833942,1.0,0,1,typing
SYNTHETIC DEMONSTRATION ONLY - NOT HUMAN EXPERIMENT RESULTS,1061200,C,1,1273.4654107725155,1.0,0,1,typing
SYNTHETIC DEMONSTRATION ONLY - NOT HUMAN EXPERIMENT RESULTS,1061220,C,1,1273.5516419768842,1.0,0,1,typing
SYNTHETIC DEMONSTRATION ONLY - NOT HUMAN EXPERIMENT RESULTS,1061240,C,1,1273.638249070964,1.0,0,1,typing
SYNTHETIC DEMONSTRATION ONLY - NOT HUMAN EXPERIMENT RESULTS,1061260,C,1,1273.7252308238762,1.0,0,1,typing
SYNTHETIC DEMONSTRATION ONLY - NOT HUMAN EXPERIMENT RESULTS,1061280,C,1,1273.812585999418,1.0,0,1,typing
SYNTHETIC DEMONSTRATION ONLY - NOT HUMAN EXPERIMENT RESULTS,1061300,C,1,1273.9003133560786,1.0,0,1,typing
SYNTHETIC DEMONSTRATION ONLY - NOT HUMAN EXPERIMENT RESULTS,1061320,C,1,1273.9884116470582,1.0,0,1,typing
SYNTHETIC DEMONSTRATION ONLY - NOT HUMAN EXPERIMENT RESULTS,1061340,C,1,1274.0768796202851,1.0,0,1,typing
SYNTHETIC DEMONSTRATION ONLY - NOT HUMAN EXPERIMENT RESULTS,1061360,C,1,1274.1657160184336,1.0,0,1,typing
SYNTHETIC DEMONSTRATION ONLY - NOT HUMAN EXPERIMENT RESULTS,1061380,C,1,1274.2549195789418,1.0,0,1,typing
SYNTHETIC DEMONSTRATION ONLY - NOT HUMAN EXPERIMENT RESULTS,1061400,C,1,1274.3444890340295,1.0,0,1,typing
SYNTHETIC DEMONSTRATION ONLY - NOT HUMAN EXPERIMENT RESULTS,1061420,C,1,1274.4344231107168,1.0,0,1,typing
SYNTHETIC DEMONSTRATION ONLY - NOT HUMAN EXPERIMENT RESULTS,1061440,C,1,1274.5247205308413,1.0,0,1,typing
SYNTHETIC DEMONSTRATION ONLY - NOT HUMAN EXPERIMENT RESULTS,1061460,C,1,1274.6153800110765,1.0,0,1,typing
SYNTHETIC DEMONSTRATION ONLY - NOT HUMAN EXPERIMENT RESULTS,1061480,C,1,1274.7064002629509,1.0,0,1,typing
SYNTHETIC DEMONSTRATION ONLY - NOT HUMAN EXPERIMENT RESULTS,1061500,C,1,1274.7977799928651,1.0,0,1,typing
SYNTHETIC DEMONSTRATION ONLY - NOT HUMAN EXPERIMENT RESULTS,1061520,C,1,1274.8895179021106,1.0,0,1,typing
SYNTHETIC DEMONSTRATION ONLY - NOT HUMAN EXPERIMENT RESULTS,1061540,C,1,1274.981612686889,1.0,0,1,typing
SYNTHETIC DEMONSTRATION ONLY - NOT HUMAN EXPERIMENT RESULTS,1061560,C,1,1275.0740630383298,1.0,0,1,typing
SYNTHETIC DEMONSTRATION ONLY - NOT HUMAN EXPERIMENT RESULTS,1061580,C,1,1275.1668676425081,1.0,0,1,typing
SYNTHETIC DEMONSTRATION ONLY - NOT HUMAN EXPERIMENT RESULTS,1061600,C,1,1275.2600251804656,1.0,0,1,typing
SYNTHETIC DEMONSTRATION ONLY - NOT HUMAN EXPERIMENT RESULTS,1061620,C,1,1275.3535343282274,1.0,0,1,typing
SYNTHETIC DEMONSTRATION ONLY - NOT HUMAN EXPERIMENT RESULTS,1061640,C,1,1275.4473937568214,1.0,0,1,typing
SYNTHETIC DEMONSTRATION ONLY - NOT HUMAN EXPERIMENT RESULTS,1061660,C,1,1275.5416021322976,1.0,0,1,typing
SYNTHETIC DEMONSTRATION ONLY - NOT HUMAN EXPERIMENT RESULTS,1061680,C,1,1275.6361581157462,1.0,0,1,typing
SYNTHETIC DEMONSTRATION ONLY - NOT HUMAN EXPERIMENT RESULTS,1061700,C,1,1275.7310603633173,1.0,0,1,typing
SYNTHETIC DEMONSTRATION ONLY - NOT HUMAN EXPERIMENT RESULTS,1061720,C,1,1275.8263075262403,1.0,0,1,typing
SYNTHETIC DEMONSTRATION ONLY - NOT HUMAN EXPERIMENT RESULTS,1061740,C,1,1275.9218982508419,1.0,0,1,typing
SYNTHETIC DEMONSTRATION ONLY - NOT HUMAN EXPERIMENT RESULTS,1061760,C,1,1276.0178311785662,1.0,0,1,typing
SYNTHETIC DEMONSTRATION ONLY - NOT HUMAN EXPERIMENT RESULTS,1061780,C,1,1276.1141049459943,1.0,0,1,typing
SYNTHETIC DEMONSTRATION ONLY - NOT HUMAN EXPERIMENT RESULTS,1061800,C,1,1276.2107181848626,1.0,0,1,typing
SYNTHETIC DEMONSTRATION ONLY - NOT HUMAN EXPERIMENT RESULTS,1061820,C,1,1276.3076695220832,1.0,0,1,typing
SYNTHETIC DEMONSTRATION ONLY - NOT HUMAN EXPERIMENT RESULTS,1061840,C,1,1276.4049575797628,1.0,0,1,typing
SYNTHETIC DEMONSTRATION ONLY - NOT HUMAN EXPERIMENT RESULTS,1061860,C,1,1276.5025809752233,1.0,0,1,typing
SYNTHETIC DEMONSTRATION ONLY - NOT HUMAN EXPERIMENT RESULTS,1061880,C,1,1276.6005383210195,1.0,0,1,typing
SYNTHETIC DEMONSTRATION ONLY - NOT HUMAN EXPERIMENT RESULTS,1061900,C,1,1276.698828224961,1.0,0,1,typing
SYNTHETIC DEMONSTRATION ONLY - NOT HUMAN EXPERIMENT RESULTS,1061920,C,1,1276.797449290131,1.0,0,1,typing
SYNTHETIC DEMONSTRATION ONLY - NOT HUMAN EXPERIMENT RESULTS,1061940,C,1,1276.8964001149054,1.0,0,1,typing
SYNTHETIC DEMONSTRATION ONLY - NOT HUMAN EXPERIMENT RESULTS,1061960,C,1,1276.995679292974,1.0,0,1,typing
SYNTHETIC DEMONSTRATION ONLY - NOT HUMAN EXPERIMENT RESULTS,1061980,C,1,1277.0952854133602,1.0,0,1,typing
SYNTHETIC DEMONSTRATION ONLY - NOT HUMAN EXPERIMENT RESULTS,1062000,C,1,1277.1952170604402,1.0,0,1,typing
SYNTHETIC DEMONSTRATION ONLY - NOT HUMAN EXPERIMENT RESULTS,1062020,C,1,1277.2954728139644,1.0,0,1,typing
SYNTHETIC DEMONSTRATION ONLY - NOT HUMAN EXPERIMENT RESULTS,1062040,C,1,1277.3960512490764,1.0,0,1,typing
SYNTHETIC DEMONSTRATION ONLY - NOT HUMAN EXPERIMENT RESULTS,1062060,C,1,1277.496950936334,1.0,0,1,typing
SYNTHETIC DEMONSTRATION ONLY - NOT HUMAN EXPERIMENT RESULTS,1062080,C,1,1277.5981704417297,1.0,0,1,typing
SYNTHETIC DEMONSTRATION ONLY - NOT HUMAN EXPERIMENT RESULTS,1062100,C,1,1277.69970832671,1.0,0,1,typing
SYNTHETIC DEMONSTRATION ONLY - NOT HUMAN EXPERIMENT RESULTS,1062120,C,1,1277.8015631481967,1.0,0,1,typing
SYNTHETIC DEMONSTRATION ONLY - NOT HUMAN EXPERIMENT RESULTS,1062140,C,1,1277.9037334586073,1.0,0,1,typing
SYNTHETIC DEMONSTRATION ONLY - NOT HUMAN EXPERIMENT RESULTS,1062160,C,1,1278.0062178058758,1.0,0,1,typing
SYNTHETIC DEMONSTRATION ONLY - NOT HUMAN EXPERIMENT RESULTS,1062180,C,1,1278.1090147334726,1.0,0,1,typing
SYNTHETIC DEMONSTRATION ONLY - NOT HUMAN EXPERIMENT RESULTS,1062200,C,1,1278.2121227804257,1.0,0,1,typing
SYNTHETIC DEMONSTRATION ONLY - NOT HUMAN EXPERIMENT RESULTS,1062220,C,1,1278.315540481342,1.0,0,1,typing
SYNTHETIC DEMONSTRATION ONLY - NOT HUMAN EXPERIMENT RESULTS,1062240,C,1,1278.4192663664264,1.0,0,1,typing
SYNTHETIC DEMONSTRATION ONLY - NOT HUMAN EXPERIMENT RESULTS,1062260,C,1,1278.523298961505,1.0,0,1,typing
SYNTHETIC DEMONSTRATION ONLY - NOT HUMAN EXPERIMENT RESULTS,1062280,C,1,1278.627636788044,1.0,0,1,typing
SYNTHETIC DEMONSTRATION ONLY - NOT HUMAN EXPERIMENT RESULTS,1062300,C,1,1278.732278363172,1.0,0,1,typing
SYNTHETIC DEMONSTRATION ONLY - NOT HUMAN EXPERIMENT RESULTS,1062320,C,1,1278.837222199701,1.0,0,1,typing
SYNTHETIC DEMONSTRATION ONLY - NOT HUMAN EXPERIMENT RESULTS,1062340,C,1,1278.9424668061463,1.0,0,1,typing
SYNTHETIC DEMONSTRATION ONLY - NOT HUMAN EXPERIMENT RESULTS,1062360,C,1,1279.0480106867492,1.0,0,1,typing
SYNTHETIC DEMONSTRATION ONLY - NOT HUMAN EXPERIMENT RESULTS,1062380,C,1,1279.1538523414977,1.0,0,1,typing
SYNTHETIC DEMONSTRATION ONLY - NOT HUMAN EXPERIMENT RESULTS,1062400,C,1,1279.2599902661473,1.0,0,1,typing
SYNTHETIC DEMONSTRATION ONLY - NOT HUMAN EXPERIMENT RESULTS,1062420,C,1,1279.3664229522435,1.0,0,1,typing
SYNTHETIC DEMONSTRATION ONLY - NOT HUMAN EXPERIMENT RESULTS,1062440,C,1,1279.473148887142,1.0,0,1,typing
SYNTHETIC DEMONSTRATION ONLY - NOT HUMAN EXPERIMENT RESULTS,1062460,C,1,1279.5801665540312,1.0,0,1,typing
SYNTHETIC DEMONSTRATION ONLY - NOT HUMAN EXPERIMENT RESULTS,1062480,C,1,1279.687474431953,1.0,0,1,typing
SYNTHETIC DEMONSTRATION ONLY - NOT HUMAN EXPERIMENT RESULTS,1062500,C,1,1279.795070995825,1.0,0,1,typing
SYNTHETIC DEMONSTRATION ONLY - NOT HUMAN EXPERIMENT RESULTS,1062520,C,1,1279.9029547164619,1.0,0,1,typing
SYNTHETIC DEMONSTRATION ONLY - NOT HUMAN EXPERIMENT RESULTS,1062540,C,1,1280.0111240605972,1.0,0,1,typing
SYNTHETIC DEMONSTRATION ONLY - NOT HUMAN EXPERIMENT RESULTS,1062560,C,1,1280.119577490905,1.0,0,1,typing
SYNTHETIC DEMONSTRATION ONLY - NOT HUMAN EXPERIMENT RESULTS,1062580,C,1,1280.2283134660222,1.0,0,1,typing
SYNTHETIC DEMONSTRATION ONLY - NOT HUMAN EXPERIMENT RESULTS,1062600,C,1,1280.3373304405698,1.0,0,1,typing
SYNTHETIC DEMONSTRATION ONLY - NOT HUMAN EXPERIMENT RESULTS,1062620,C,1,1280.446626865175,1.0,0,1,typing
SYNTHETIC DEMONSTRATION ONLY - NOT HUMAN EXPERIMENT RESULTS,1062640,C,1,1280.556201186494,1.0,0,1,typing
SYNTHETIC DEMONSTRATION ONLY - NOT HUMAN EXPERIMENT RESULTS,1062660,C,1,1280.6660518472333,1.0,0,1,typing
SYNTHETIC DEMONSTRATION ONLY - NOT HUMAN EXPERIMENT RESULTS,1062680,C,1,1280.7761772861716,1.0,0,1,typing
SYNTHETIC DEMONSTRATION ONLY - NOT HUMAN EXPERIMENT RESULTS,1062700,C,1,1280.8865759381827,1.0,0,1,typing
SYNTHETIC DEMONSTRATION ONLY - NOT HUMAN EXPERIMENT RESULTS,1062720,C,1,1280.9972462342573,1.0,0,1,typing
SYNTHETIC DEMONSTRATION ONLY - NOT HUMAN EXPERIMENT RESULTS,1062740,C,1,1281.1081866015256,1.0,0,1,typing
SYNTHETIC DEMONSTRATION ONLY - NOT HUMAN EXPERIMENT RESULTS,1062760,C,1,1281.2193954632794,1.0,0,1,typing
SYNTHETIC DEMONSTRATION ONLY - NOT HUMAN EXPERIMENT RESULTS,1062780,C,1,1281.3308712389949,1.0,0,1,typing
SYNTHETIC DEMONSTRATION ONLY - NOT HUMAN EXPERIMENT RESULTS,1062800,C,1,1281.442612344354,1.0,0,1,typing
SYNTHETIC DEMONSTRATION ONLY - NOT HUMAN EXPERIMENT RESULTS,1062820,C,1,1281.5546171912688,1.0,0,1,typing
SYNTHETIC DEMONSTRATION ONLY - NOT HUMAN EXPERIMENT RESULTS,1062840,C,1,1281.666884187902,1.0,0,1,typing
SYNTHETIC DEMONSTRATION ONLY - NOT HUMAN EXPERIMENT RESULTS,1062860,C,1,1281.7794117386916,1.0,0,1,typing
SYNTHETIC DEMONSTRATION ONLY - NOT HUMAN EXPERIMENT RESULTS,1062880,C,1,1281.8921982443715,1.0,0,1,typing
SYNTHETIC DEMONSTRATION ONLY - NOT HUMAN EXPERIMENT RESULTS,1062900,C,1,1282.0052421019961,1.0,0,1,typing
SYNTHETIC DEMONSTRATION ONLY - NOT HUMAN EXPERIMENT RESULTS,1062920,C,1,1282.1185417049621,1.0,0,1,typing
SYNTHETIC DEMONSTRATION ONLY - NOT HUMAN EXPERIMENT RESULTS,1062940,C,1,1282.232095443031,1.0,0,1,typing
SYNTHETIC DEMONSTRATION ONLY - NOT HUMAN EXPERIMENT RESULTS,1062960,C,1,1282.345901702353,1.0,0,1,typing
SYNTHETIC DEMONSTRATION ONLY - NOT HUMAN EXPERIMENT RESULTS,1062980,C,1,1282.4599588654896,1.0,0,1,typing
SYNTHETIC DEMONSTRATION ONLY - NOT HUMAN EXPERIMENT RESULTS,1063000,C,1,1282.5742653114353,1.0,0,1,typing
SYNTHETIC DEMONSTRATION ONLY - NOT HUMAN EXPERIMENT RESULTS,1063020,C,1,1282.6888194156431,1.0,0,1,typing
SYNTHETIC DEMONSTRATION ONLY - NOT HUMAN EXPERIMENT RESULTS,1063040,C,1,1282.8036195500454,1.0,0,1,typing
SYNTHETIC DEMONSTRATION ONLY - NOT HUMAN EXPERIMENT RESULTS,1063060,C,1,1282.918664083078,1.0,0,1,typing
SYNTHETIC DEMONSTRATION ONLY - NOT HUMAN EXPERIMENT RESULTS,1063080,C,1,1283.0339513797037,1.0,0,1,typing
SYNTHETIC DEMONSTRATION ONLY - NOT HUMAN EXPERIMENT RESULTS,1063100,C,1,1283.1494798014348,1.0,0,1,typing
SYNTHETIC DEMONSTRATION ONLY - NOT HUMAN EXPERIMENT RESULTS,1063120,C,1,1283.2652477063566,1.0,0,1,typing
SYNTHETIC DEMONSTRATION ONLY - NOT HUMAN EXPERIMENT RESULTS,1063140,C,1,1283.3812534491508,1.0,0,1,typing
SYNTHETIC DEMONSTRATION ONLY - NOT HUMAN EXPERIMENT RESULTS,1063160,C,1,1283.4974953811193,1.0,0,1,typing
SYNTHETIC DEMONSTRATION ONLY - NOT HUMAN EXPERIMENT RESULTS,1063180,C,1,1283.6139718502068,1.0,0,1,typing
SYNTHETIC DEMONSTRATION ONLY - NOT HUMAN EXPERIMENT RESULTS,1063200,C,1,1283.730681201025,1.0,0,1,typing
SYNTHETIC DEMONSTRATION ONLY - NOT HUMAN EXPERIMENT RESULTS,1063220,C,1,1283.8476217748753,1.0,0,1,typing
SYNTHETIC DEMONSTRATION ONLY - NOT HUMAN EXPERIMENT RESULTS,1063240,C,1,1283.9647919097738,1.0,0,1,typing
SYNTHETIC DEMONSTRATION ONLY - NOT HUMAN EXPERIMENT RESULTS,1063260,C,1,1284.082189940473,1.0,0,1,typing
SYNTHETIC DEMONSTRATION ONLY - NOT HUMAN EXPERIMENT RESULTS,1063280,C,1,1284.1998141984875,1.0,0,1,typing
SYNTHETIC DEMONSTRATION ONLY - NOT HUMAN EXPERIMENT RESULTS,1063300,C,1,1284.317663012116,1.0,0,1,typing
SYNTHETIC DEMONSTRATION ONLY - NOT HUMAN EXPERIMENT RESULTS,1063320,C,1,1284.435734706466,1.0,0,1,typing
SYNTHETIC DEMONSTRATION ONLY - NOT HUMAN EXPERIMENT RESULTS,1063340,C,1,1284.5540276034776,1.0,0,1,typing
SYNTHETIC DEMONSTRATION ONLY - NOT HUMAN EXPERIMENT RESULTS,1063360,C,1,1284.6725400219464,1.0,0,1,typing
SYNTHETIC DEMONSTRATION ONLY - NOT HUMAN EXPERIMENT RESULTS,1063380,C,1,1284.791270277549,1.0,0,1,typing
SYNTHETIC DEMONSTRATION ONLY - NOT HUMAN EXPERIMENT RESULTS,1063400,C,1,1284.9102166828657,1.0,0,1,typing
SYNTHETIC DEMONSTRATION ONLY - NOT HUMAN EXPERIMENT RESULTS,1063420,C,1,1285.0293775474047,1.0,0,1,typing
SYNTHETIC DEMONSTRATION ONLY - NOT HUMAN EXPERIMENT RESULTS,1063440,C,1,1285.148751177626,1.0,0,1,typing
SYNTHETIC DEMONSTRATION ONLY - NOT HUMAN EXPERIMENT RESULTS,1063460,C,1,1285.2683358769666,1.0,0,1,typing
SYNTHETIC DEMONSTRATION ONLY - NOT HUMAN EXPERIMENT RESULTS,1063480,C,1,1285.3881299458628,1.0,0,1,typing
SYNTHETIC DEMONSTRATION ONLY - NOT HUMAN EXPERIMENT RESULTS,1063500,C,1,1285.5081316817761,1.0,0,1,typing
SYNTHETIC DEMONSTRATION ONLY - NOT HUMAN EXPERIMENT RESULTS,1063520,C,1,1285.6283393792162,1.0,0,1,typing
SYNTHETIC DEMONSTRATION ONLY - NOT HUMAN EXPERIMENT RESULTS,1063540,C,1,1285.7487513297651,1.0,0,1,typing
SYNTHETIC DEMONSTRATION ONLY - NOT HUMAN EXPERIMENT RESULTS,1063560,C,1,1285.869365822103,1.0,0,1,typing
SYNTHETIC DEMONSTRATION ONLY - NOT HUMAN EXPERIMENT RESULTS,1063580,C,1,1285.9901811420307,1.0,0,1,typing
SYNTHETIC DEMONSTRATION ONLY - NOT HUMAN EXPERIMENT RESULTS,1063600,C,1,1286.1111955724953,1.0,0,1,typing
SYNTHETIC DEMONSTRATION ONLY - NOT HUMAN EXPERIMENT RESULTS,1063620,C,1,1286.2324073936138,1.0,0,1,typing
SYNTHETIC DEMONSTRATION ONLY - NOT HUMAN EXPERIMENT RESULTS,1063640,C,1,1286.3538148826976,1.0,0,1,typing
SYNTHETIC DEMONSTRATION ONLY - NOT HUMAN EXPERIMENT RESULTS,1063660,C,1,1286.4754163142782,1.0,0,1,typing
SYNTHETIC DEMONSTRATION ONLY - NOT HUMAN EXPERIMENT RESULTS,1063680,C,1,1286.5972099601295,1.0,0,1,typing
SYNTHETIC DEMONSTRATION ONLY - NOT HUMAN EXPERIMENT RESULTS,1063700,C,1,1286.7191940892944,1.0,0,1,typing
SYNTHETIC DEMONSTRATION ONLY - NOT HUMAN EXPERIMENT RESULTS,1063720,C,1,1286.8413669681083,1.0,0,1,typing
SYNTHETIC DEMONSTRATION ONLY - NOT HUMAN EXPERIMENT RESULTS,1063740,C,1,1286.9637268602246,1.0,0,1,typing
SYNTHETIC DEMONSTRATION ONLY - NOT HUMAN EXPERIMENT RESULTS,1063760,C,1,1287.086272026638,1.0,0,1,typing
SYNTHETIC DEMONSTRATION ONLY - NOT HUMAN EXPERIMENT RESULTS,1063780,C,1,1287.2090007257104,1.0,0,1,typing
SYNTHETIC DEMONSTRATION ONLY - NOT HUMAN EXPERIMENT RESULTS,1063800,C,1,1287.3319112131956,1.0,0,1,typing
SYNTHETIC DEMONSTRATION ONLY - NOT HUMAN EXPERIMENT RESULTS,1063820,C,1,1287.455001742263,1.0,0,1,typing
SYNTHETIC DEMONSTRATION ONLY - NOT HUMAN EXPERIMENT RESULTS,1063840,C,1,1287.5782705635243,1.0,0,1,typing
SYNTHETIC DEMONSTRATION ONLY - NOT HUMAN EXPERIMENT RESULTS,1063860,C,1,1287.7017159250563,1.0,0,1,typing
SYNTHETIC DEMONSTRATION ONLY - NOT HUMAN EXPERIMENT RESULTS,1063880,C,1,1287.8253360724275,1.0,0,1,typing
SYNTHETIC DEMONSTRATION ONLY - NOT HUMAN EXPERIMENT RESULTS,1063900,C,1,1287.9491292487219,1.0,0,1,typing
SYNTHETIC DEMONSTRATION ONLY - NOT HUMAN EXPERIMENT RESULTS,1063920,C,1,1288.073093694564,1.0,0,1,typing
SYNTHETIC DEMONSTRATION ONLY - NOT HUMAN EXPERIMENT RESULTS,1063940,C,1,1288.1972276481454,1.0,0,1,typing
SYNTHETIC DEMONSTRATION ONLY - NOT HUMAN EXPERIMENT RESULTS,1063960,C,1,1288.321529345247,1.0,0,1,typing
SYNTHETIC DEMONSTRATION ONLY - NOT HUMAN EXPERIMENT RESULTS,1063980,C,1,1288.4459970192672,1.0,0,1,typing
SYNTHETIC DEMONSTRATION ONLY - NOT HUMAN EXPERIMENT RESULTS,1064000,C,1,1288.5706289012444,1.0,0,1,typing
SYNTHETIC DEMONSTRATION ONLY - NOT HUMAN EXPERIMENT RESULTS,1064020,C,1,1288.695423219884,1.0,0,1,typing
SYNTHETIC DEMONSTRATION ONLY - NOT HUMAN EXPERIMENT RESULTS,1064040,C,1,1288.8203782015826,1.0,0,1,typing
SYNTHETIC DEMONSTRATION ONLY - NOT HUMAN EXPERIMENT RESULTS,1064060,C,1,1288.945492070453,1.0,0,1,typing
SYNTHETIC DEMONSTRATION ONLY - NOT HUMAN EXPERIMENT RESULTS,1064080,C,1,1289.07076304835,1.0,0,1,typing
SYNTHETIC DEMONSTRATION ONLY - NOT HUMAN EXPERIMENT RESULTS,1064100,C,1,1289.1961893548962,1.0,0,1,typing
SYNTHETIC DEMONSTRATION ONLY - NOT HUMAN EXPERIMENT RESULTS,1064120,C,1,1289.3217692075061,1.0,0,1,typing
SYNTHETIC DEMONSTRATION ONLY - NOT HUMAN EXPERIMENT RESULTS,1064140,C,1,1289.4475008214117,1.0,0,1,typing
SYNTHETIC DEMONSTRATION ONLY - NOT HUMAN EXPERIMENT RESULTS,1064160,C,1,1289.5733824096887,1.0,0,1,typing
SYNTHETIC DEMONSTRATION ONLY - NOT HUMAN EXPERIMENT RESULTS,1064180,C,1,1289.699412183281,1.0,0,1,typing
SYNTHETIC DEMONSTRATION ONLY - NOT HUMAN EXPERIMENT RESULTS,1064200,C,1,1289.8255883510267,1.0,0,1,typing
SYNTHETIC DEMONSTRATION ONLY - NOT HUMAN EXPERIMENT RESULTS,1064220,C,1,1289.9519091196828,1.0,0,1,typing
SYNTHETIC DEMONSTRATION ONLY - NOT HUMAN EXPERIMENT RESULTS,1064240,C,1,1290.078372693952,1.0,0,1,typing
SYNTHETIC DEMONSTRATION ONLY - NOT HUMAN EXPERIMENT RESULTS,1064260,C,1,1290.2049772765067,1.0,0,1,typing
SYNTHETIC DEMONSTRATION ONLY - NOT HUMAN EXPERIMENT RESULTS,1064280,C,1,1290.3317210680157,1.0,0,1,typing
SYNTHETIC DEMONSTRATION ONLY - NOT HUMAN EXPERIMENT RESULTS,1064300,C,1,1290.4586022671692,1.0,0,1,typing
SYNTHETIC DEMONSTRATION ONLY - NOT HUMAN EXPERIMENT RESULTS,1064320,C,1,1290.5856190707043,1.0,0,1,typing
SYNTHETIC DEMONSTRATION ONLY - NOT HUMAN EXPERIMENT RESULTS,1064340,C,1,1290.7127696734312,1.0,0,1,typing
SYNTHETIC DEMONSTRATION ONLY - NOT HUMAN EXPERIMENT RESULTS,1064360,C,1,1290.8400522682584,1.0,0,1,typing
SYNTHETIC DEMONSTRATION ONLY - NOT HUMAN EXPERIMENT RESULTS,1064380,C,1,1290.9674650462184,1.0,0,1,typing
SYNTHETIC DEMONSTRATION ONLY - NOT HUMAN EXPERIMENT RESULTS,1064400,C,1,1291.0950061964936,1.0,0,1,typing
SYNTHETIC DEMONSTRATION ONLY - NOT HUMAN EXPERIMENT RESULTS,1064420,C,1,1291.2226739064422,1.0,0,1,typing
SYNTHETIC DEMONSTRATION ONLY - NOT HUMAN EXPERIMENT RESULTS,1064440,C,1,1291.3504663616231,1.0,0,1,typing
SYNTHETIC DEMONSTRATION ONLY - NOT HUMAN EXPERIMENT RESULTS,1064460,C,1,1291.4783817458228,1.0,0,1,typing
SYNTHETIC DEMONSTRATION ONLY - NOT HUMAN EXPERIMENT RESULTS,1064480,C,1,1291.6064182410807,1.0,0,1,typing
SYNTHETIC DEMONSTRATION ONLY - NOT HUMAN EXPERIMENT RESULTS,1064500,C,1,1291.7345740277144,1.0,0,1,typing
SYNTHETIC DEMONSTRATION ONLY - NOT HUMAN EXPERIMENT RESULTS,1064520,C,1,1291.8628472843468,1.0,0,1,typing
SYNTHETIC DEMONSTRATION ONLY - NOT HUMAN EXPERIMENT RESULTS,1064540,C,1,1291.991236187931,1.0,0,1,typing
SYNTHETIC DEMONSTRATION ONLY - NOT HUMAN EXPERIMENT RESULTS,1064560,C,1,1292.1197389137765,1.0,0,1,typing
SYNTHETIC DEMONSTRATION ONLY - NOT HUMAN EXPERIMENT RESULTS,1064580,C,1,1292.2483536355749,1.0,0,1,typing
SYNTHETIC DEMONSTRATION ONLY - NOT HUMAN EXPERIMENT RESULTS,1064600,C,1,1292.3770785254262,1.0,0,1,typing
SYNTHETIC DEMONSTRATION ONLY - NOT HUMAN EXPERIMENT RESULTS,1064620,C,1,1292.5059117538653,1.0,0,1,typing
SYNTHETIC DEMONSTRATION ONLY - NOT HUMAN EXPERIMENT RESULTS,1064640,C,1,1292.6348514898866,1.0,0,1,typing
SYNTHETIC DEMONSTRATION ONLY - NOT HUMAN EXPERIMENT RESULTS,1064660,C,1,1292.763895900971,1.0,0,1,typing
SYNTHETIC DEMONSTRATION ONLY - NOT HUMAN EXPERIMENT RESULTS,1064680,C,1,1292.8930431531119,1.0,0,1,typing
SYNTHETIC DEMONSTRATION ONLY - NOT HUMAN EXPERIMENT RESULTS,1064700,C,1,1293.0222914108408,1.0,0,1,typing
SYNTHETIC DEMONSTRATION ONLY - NOT HUMAN EXPERIMENT RESULTS,1064720,C,1,1293.1516388372538,1.0,0,1,typing
SYNTHETIC DEMONSTRATION ONLY - NOT HUMAN EXPERIMENT RESULTS,1064740,C,1,1293.281083594038,1.0,0,1,typing
SYNTHETIC DEMONSTRATION ONLY - NOT HUMAN EXPERIMENT RESULTS,1064760,C,1,1293.4106238414965,1.0,0,1,typing
SYNTHETIC DEMONSTRATION ONLY - NOT HUMAN EXPERIMENT RESULTS,1064780,C,1,1293.540257738576,1.0,0,1,typing
SYNTHETIC DEMONSTRATION ONLY - NOT HUMAN EXPERIMENT RESULTS,1064800,C,1,1293.6699834428916,1.0,0,1,typing
SYNTHETIC DEMONSTRATION ONLY - NOT HUMAN EXPERIMENT RESULTS,1064820,C,1,1293.799799110754,1.0,0,1,typing
SYNTHETIC DEMONSTRATION ONLY - NOT HUMAN EXPERIMENT RESULTS,1064840,C,1,1293.9297028971953,1.0,0,1,typing
SYNTHETIC DEMONSTRATION ONLY - NOT HUMAN EXPERIMENT RESULTS,1064860,C,1,1294.0596929559952,1.0,0,1,typing
SYNTHETIC DEMONSTRATION ONLY - NOT HUMAN EXPERIMENT RESULTS,1064880,C,1,1294.1897674397069,1.0,0,1,typing
SYNTHETIC DEMONSTRATION ONLY - NOT HUMAN EXPERIMENT RESULTS,1064900,C,1,1294.3199244996842,1.0,0,1,typing
SYNTHETIC DEMONSTRATION ONLY - NOT HUMAN EXPERIMENT RESULTS,1064920,C,1,1294.4501622861073,1.0,0,1,typing
SYNTHETIC DEMONSTRATION ONLY - NOT HUMAN EXPERIMENT RESULTS,1064940,C,1,1294.580478948009,1.0,0,1,typing
SYNTHETIC DEMONSTRATION ONLY - NOT HUMAN EXPERIMENT RESULTS,1064960,C,1,1294.7108726333008,1.0,0,1,typing
SYNTHETIC DEMONSTRATION ONLY - NOT HUMAN EXPERIMENT RESULTS,1064980,C,1,1294.8413414888003,1.0,0,1,typing
SYNTHETIC DEMONSTRATION ONLY - NOT HUMAN EXPERIMENT RESULTS,1065000,C,1,1294.9718836602556,1.0,0,1,typing
SYNTHETIC DEMONSTRATION ONLY - NOT HUMAN EXPERIMENT RESULTS,1065020,C,1,1295.102497292374,1.0,0,1,typing
SYNTHETIC DEMONSTRATION ONLY - NOT HUMAN EXPERIMENT RESULTS,1065040,C,1,1295.2331805288466,1.0,0,1,typing
SYNTHETIC DEMONSTRATION ONLY - NOT HUMAN EXPERIMENT RESULTS,1065060,C,1,1295.3639315123753,1.0,0,1,typing
SYNTHETIC DEMONSTRATION ONLY - NOT HUMAN EXPERIMENT RESULTS,1065080,C,1,1295.494748384699,1.0,0,1,typing
SYNTHETIC DEMONSTRATION ONLY - NOT HUMAN EXPERIMENT RESULTS,1065100,C,1,1295.6256292866206,1.0,0,1,typing
SYNTHETIC DEMONSTRATION ONLY - NOT HUMAN EXPERIMENT RESULTS,1065120,C,1,1295.7565723580328,1.0,0,1,typing
SYNTHETIC DEMONSTRATION ONLY - NOT HUMAN EXPERIMENT RESULTS,1065140,C,1,1295.8875757379446,1.0,0,1,typing
SYNTHETIC DEMONSTRATION ONLY - NOT HUMAN EXPERIMENT RESULTS,1065160,C,1,1296.018637564508,1.0,0,1,typing
SYNTHETIC DEMONSTRATION ONLY - NOT HUMAN EXPERIMENT RESULTS,1065180,C,1,1296.1497559750444,1.0,0,1,typing
SYNTHETIC DEMONSTRATION ONLY - NOT HUMAN EXPERIMENT RESULTS,1065200,C,1,1296.280929106071,1.0,0,1,typing
SYNTHETIC DEMONSTRATION ONLY - NOT HUMAN EXPERIMENT RESULTS,1065220,C,1,1296.412155093327,1.0,0,1,typing
SYNTHETIC DEMONSTRATION ONLY - NOT HUMAN EXPERIMENT RESULTS,1065240,C,1,1296.5434320718011,1.0,0,1,typing
SYNTHETIC DEMONSTRATION ONLY - NOT HUMAN EXPERIMENT RESULTS,1065260,C,1,1296.6747581757566,1.0,0,1,typing
SYNTHETIC DEMONSTRATION ONLY - NOT HUMAN EXPERIMENT RESULTS,1065280,C,1,1296.8061315387586,1.0,0,1,typing
SYNTHETIC DEMONSTRATION ONLY - NOT HUMAN EXPERIMENT RESULTS,1065300,C,1,1296.9375502937012,1.0,0,1,typing
SYNTHETIC DEMONSTRATION ONLY - NOT HUMAN EXPERIMENT RESULTS,1065320,C,1,1297.069012572833,1.0,0,1,typing
SYNTHETIC DEMONSTRATION ONLY - NOT HUMAN EXPERIMENT RESULTS,1065340,C,1,1297.2005165077837,1.0,0,1,typing
SYNTHETIC DEMONSTRATION ONLY - NOT HUMAN EXPERIMENT RESULTS,1065360,C,1,1297.3320602295914,1.0,0,1,typing
SYNTHETIC DEMONSTRATION ONLY - NOT HUMAN EXPERIMENT RESULTS,1065380,C,1,1297.463641868729,1.0,0,1,typing
SYNTHETIC DEMONSTRATION ONLY - NOT HUMAN EXPERIMENT RESULTS,1065400,C,1,1297.5952595551298,1.0,0,1,typing
SYNTHETIC DEMONSTRATION ONLY - NOT HUMAN EXPERIMENT RESULTS,1065420,C,1,1297.7269114182152,1.0,0,1,typing
SYNTHETIC DEMONSTRATION ONLY - NOT HUMAN EXPERIMENT RESULTS,1065440,C,1,1297.858595586921,1.0,0,1,typing
SYNTHETIC DEMONSTRATION ONLY - NOT HUMAN EXPERIMENT RESULTS,1065460,C,1,1297.9903101897235,1.0,0,1,typing
SYNTHETIC DEMONSTRATION ONLY - NOT HUMAN EXPERIMENT RESULTS,1065480,C,1,1298.1220533546664,1.0,0,1,typing
SYNTHETIC DEMONSTRATION ONLY - NOT HUMAN EXPERIMENT RESULTS,1065500,C,1,1298.253823209388,1.0,0,1,typing
SYNTHETIC DEMONSTRATION ONLY - NOT HUMAN EXPERIMENT RESULTS,1065520,C,1,1298.385617881147,1.0,0,1,typing
SYNTHETIC DEMONSTRATION ONLY - NOT HUMAN EXPERIMENT RESULTS,1065540,C,1,1298.5174354968497,1.0,0,1,typing
SYNTHETIC DEMONSTRATION ONLY - NOT HUMAN EXPERIMENT RESULTS,1065560,C,1,1298.6492741830752,1.0,0,1,typing
SYNTHETIC DEMONSTRATION ONLY - NOT HUMAN EXPERIMENT RESULTS,1065580,C,1,1298.7811320661046,1.0,0,1,typing
SYNTHETIC DEMONSTRATION ONLY - NOT HUMAN EXPERIMENT RESULTS,1065600,C,1,1298.9130072719454,1.0,0,1,typing
SYNTHETIC DEMONSTRATION ONLY - NOT HUMAN EXPERIMENT RESULTS,1065620,C,1,1299.0448979263588,1.0,0,1,typing
SYNTHETIC DEMONSTRATION ONLY - NOT HUMAN EXPERIMENT RESULTS,1065640,C,1,1299.176802154887,1.0,0,1,typing
SYNTHETIC DEMONSTRATION ONLY - NOT HUMAN EXPERIMENT RESULTS,1065660,C,1,1299.3087180828784,1.0,0,1,typing
SYNTHETIC DEMONSTRATION ONLY - NOT HUMAN EXPERIMENT RESULTS,1065680,C,1,1299.440643835516,1.0,0,1,typing
SYNTHETIC DEMONSTRATION ONLY - NOT HUMAN EXPERIMENT RESULTS,1065700,C,1,1299.5725775378432,1.0,0,1,typing
SYNTHETIC DEMONSTRATION ONLY - NOT HUMAN EXPERIMENT RESULTS,1065720,C,1,1299.7045173147894,1.0,0,1,typing
SYNTHETIC DEMONSTRATION ONLY - NOT HUMAN EXPERIMENT RESULTS,1065740,C,1,1299.8364612911987,1.0,0,1,typing
SYNTHETIC DEMONSTRATION ONLY - NOT HUMAN EXPERIMENT RESULTS,1065760,C,1,1299.968407591855,1.0,0,1,typing
SYNTHETIC DEMONSTRATION ONLY - NOT HUMAN EXPERIMENT RESULTS,1065780,C,1,1300.1003543415093,1.0,0,1,typing
SYNTHETIC DEMONSTRATION ONLY - NOT HUMAN EXPERIMENT RESULTS,1065800,C,1,1300.2322996649066,1.0,0,1,typing
SYNTHETIC DEMONSTRATION ONLY - NOT HUMAN EXPERIMENT RESULTS,1065820,C,1,1300.364241686811,1.0,0,1,typing
SYNTHETIC DEMONSTRATION ONLY - NOT HUMAN EXPERIMENT RESULTS,1065840,C,1,1300.4961785320352,1.0,0,1,typing
SYNTHETIC DEMONSTRATION ONLY - NOT HUMAN EXPERIMENT RESULTS,1065860,C,1,1300.6281083254637,1.0,0,1,typing
SYNTHETIC DEMONSTRATION ONLY - NOT HUMAN EXPERIMENT RESULTS,1065880,C,1,1300.760029192083,1.0,0,1,typing
SYNTHETIC DEMONSTRATION ONLY - NOT HUMAN EXPERIMENT RESULTS,1065900,C,1,1300.891939257005,1.0,0,1,typing
SYNTHETIC DEMONSTRATION ONLY - NOT HUMAN EXPERIMENT RESULTS,1065920,C,1,1301.0238366454957,1.0,0,1,typing
SYNTHETIC DEMONSTRATION ONLY - NOT HUMAN EXPERIMENT RESULTS,1065940,C,1,1301.1557194830016,1.0,0,1,typing
SYNTHETIC DEMONSTRATION ONLY - NOT HUMAN EXPERIMENT RESULTS,1065960,C,1,1301.2875858951754,1.0,0,1,typing
SYNTHETIC DEMONSTRATION ONLY - NOT HUMAN EXPERIMENT RESULTS,1065980,C,1,1301.4194340079036,1.0,0,1,typing
SYNTHETIC DEMONSTRATION ONLY - NOT HUMAN EXPERIMENT RESULTS,1066000,C,1,1301.5512619473325,1.0,0,1,typing
SYNTHETIC DEMONSTRATION ONLY - NOT HUMAN EXPERIMENT RESULTS,1066020,C,1,1301.6830678398956,1.0,0,1,typing
SYNTHETIC DEMONSTRATION ONLY - NOT HUMAN EXPERIMENT RESULTS,1066040,C,1,1301.814849812339,1.0,0,1,typing
SYNTHETIC DEMONSTRATION ONLY - NOT HUMAN EXPERIMENT RESULTS,1066060,C,1,1301.9466059917495,1.0,0,1,typing
SYNTHETIC DEMONSTRATION ONLY - NOT HUMAN EXPERIMENT RESULTS,1066080,C,1,1302.07833450558,1.0,0,1,typing
SYNTHETIC DEMONSTRATION ONLY - NOT HUMAN EXPERIMENT RESULTS,1066100,C,1,1302.2100334816766,1.0,0,1,typing
SYNTHETIC DEMONSTRATION ONLY - NOT HUMAN EXPERIMENT RESULTS,1066120,C,1,1302.3417010483058,1.0,0,1,typing
SYNTHETIC DEMONSTRATION ONLY - NOT HUMAN EXPERIMENT RESULTS,1066140,C,1,1302.4733353341796,1.0,0,1,typing
SYNTHETIC DEMONSTRATION ONLY - NOT HUMAN EXPERIMENT RESULTS,1066160,C,1,1302.6049344684836,1.0,0,1,typing
SYNTHETIC DEMONSTRATION ONLY - NOT HUMAN EXPERIMENT RESULTS,1066180,C,1,1302.736496580903,1.0,0,1,typing
SYNTHETIC DEMONSTRATION ONLY - NOT HUMAN EXPERIMENT RESULTS,1066200,C,1,1302.8680198016482,1.0,0,1,typing
SYNTHETIC DEMONSTRATION ONLY - NOT HUMAN EXPERIMENT RESULTS,1066220,C,1,1302.999502261484,1.0,0,1,typing
SYNTHETIC DEMONSTRATION ONLY - NOT HUMAN EXPERIMENT RESULTS,1066240,C,1,1303.130942091753,1.0,0,1,typing
SYNTHETIC DEMONSTRATION ONLY - NOT HUMAN EXPERIMENT RESULTS,1066260,C,1,1303.262337424405,1.0,0,1,typing
SYNTHETIC DEMONSTRATION ONLY - NOT HUMAN EXPERIMENT RESULTS,1066280,C,1,1303.3936863920205,1.0,0,1,typing
SYNTHETIC DEMONSTRATION ONLY - NOT HUMAN EXPERIMENT RESULTS,1066300,C,1,1303.5249871278406,1.0,0,1,typing
SYNTHETIC DEMONSTRATION ONLY - NOT HUMAN EXPERIMENT RESULTS,1066320,C,1,1303.656237765791,1.0,0,1,typing
SYNTHETIC DEMONSTRATION ONLY - NOT HUMAN EXPERIMENT RESULTS,1066340,C,1,1303.7874364405097,1.0,0,1,typing
SYNTHETIC DEMONSTRATION ONLY - NOT HUMAN EXPERIMENT RESULTS,1066360,C,1,1303.9185812873732,1.0,0,1,typing
SYNTHETIC DEMONSTRATION ONLY - NOT HUMAN EXPERIMENT RESULTS,1066380,C,1,1304.0496704425225,1.0,0,1,typing
SYNTHETIC DEMONSTRATION ONLY - NOT HUMAN EXPERIMENT RESULTS,1066400,C,1,1304.1807020428912,1.0,0,1,typing
SYNTHETIC DEMONSTRATION ONLY - NOT HUMAN EXPERIMENT RESULTS,1066420,C,1,1304.3116742262296,1.0,0,1,typing
SYNTHETIC DEMONSTRATION ONLY - NOT HUMAN EXPERIMENT RESULTS,1066440,C,1,1304.4425851311335,1.0,0,1,typing
SYNTHETIC DEMONSTRATION ONLY - NOT HUMAN EXPERIMENT RESULTS,1066460,C,1,1304.5734328970689,1.0,0,1,typing
SYNTHETIC DEMONSTRATION ONLY - NOT HUMAN EXPERIMENT RESULTS,1066480,C,1,1304.7042156643995,1.0,0,1,typing
SYNTHETIC DEMONSTRATION ONLY - NOT HUMAN EXPERIMENT RESULTS,1066500,C,1,1304.8349315744126,1.0,0,1,typing
SYNTHETIC DEMONSTRATION ONLY - NOT HUMAN EXPERIMENT RESULTS,1066520,C,1,1304.9655787693462,1.0,0,1,typing
SYNTHETIC DEMONSTRATION ONLY - NOT HUMAN EXPERIMENT RESULTS,1066540,C,1,1305.096155392414,1.0,0,1,typing
SYNTHETIC DEMONSTRATION ONLY - NOT HUMAN EXPERIMENT RESULTS,1066560,C,1,1305.2266595878332,1.0,0,1,typing
SYNTHETIC DEMONSTRATION ONLY - NOT HUMAN EXPERIMENT RESULTS,1066580,C,1,1305.3570895008504,1.0,0,1,typing
SYNTHETIC DEMONSTRATION ONLY - NOT HUMAN EXPERIMENT RESULTS,1066600,C,1,1305.4874432777679,1.0,0,1,typing
SYNTHETIC DEMONSTRATION ONLY - NOT HUMAN EXPERIMENT RESULTS,1066620,C,1,1305.61771906597,1.0,0,1,typing
SYNTHETIC DEMONSTRATION ONLY - NOT HUMAN EXPERIMENT RESULTS,1066640,C,1,1305.7479150139493,1.0,0,1,typing
SYNTHETIC DEMONSTRATION ONLY - NOT HUMAN EXPERIMENT RESULTS,1066660,C,1,1305.8780292713332,1.0,0,1,typing
SYNTHETIC DEMONSTRATION ONLY - NOT HUMAN EXPERIMENT RESULTS,1066680,C,1,1306.0080599889102,1.0,0,1,typing
SYNTHETIC DEMONSTRATION ONLY - NOT HUMAN EXPERIMENT RESULTS,1066700,C,1,1306.1380053186558,1.0,0,1,typing
SYNTHETIC DEMONSTRATION ONLY - NOT HUMAN EXPERIMENT RESULTS,1066720,C,1,1306.2678634137592,1.0,0,1,typing
SYNTHETIC DEMONSTRATION ONLY - NOT HUMAN EXPERIMENT RESULTS,1066740,C,1,1306.3976324286498,1.0,0,1,typing
SYNTHETIC DEMONSTRATION ONLY - NOT HUMAN EXPERIMENT RESULTS,1066760,C,1,1306.5273105190222,1.0,0,1,typing
SYNTHETIC DEMONSTRATION ONLY - NOT HUMAN EXPERIMENT RESULTS,1066780,C,1,1306.6568958418638,1.0,0,1,typing
SYNTHETIC DEMONSTRATION ONLY - NOT HUMAN EXPERIMENT RESULTS,1066800,C,1,1306.7863865554807,1.0,0,1,typing
SYNTHETIC DEMONSTRATION ONLY - NOT HUMAN EXPERIMENT RESULTS,1066820,C,1,1306.9157808195228,1.0,0,1,typing
SYNTHETIC DEMONSTRATION ONLY - NOT HUMAN EXPERIMENT RESULTS,1066840,C,1,1307.0450767950113,1.0,0,1,typing
SYNTHETIC DEMONSTRATION ONLY - NOT HUMAN EXPERIMENT RESULTS,1066860,C,1,1307.1742726443642,1.0,0,1,typing
SYNTHETIC DEMONSTRATION ONLY - NOT HUMAN EXPERIMENT RESULTS,1066880,C,1,1307.3033665314226,1.0,0,1,typing
SYNTHETIC DEMONSTRATION ONLY - NOT HUMAN EXPERIMENT RESULTS,1066900,C,1,1307.4323566214766,1.0,0,1,typing
SYNTHETIC DEMONSTRATION ONLY - NOT HUMAN EXPERIMENT RESULTS,1066920,C,1,1307.5612410812914,1.0,0,1,typing
SYNTHETIC DEMONSTRATION ONLY - NOT HUMAN EXPERIMENT RESULTS,1066940,C,1,1307.6900180791336,1.0,0,1,typing
SYNTHETIC DEMONSTRATION ONLY - NOT HUMAN EXPERIMENT RESULTS,1066960,C,1,1307.818685784797,1.0,0,1,typing
SYNTHETIC DEMONSTRATION ONLY - NOT HUMAN EXPERIMENT RESULTS,1066980,C,1,1307.9472423696286,1.0,0,1,typing
SYNTHETIC DEMONSTRATION ONLY - NOT HUMAN EXPERIMENT RESULTS,1067000,C,1,1308.075686006555,1.0,0,1,typing
SYNTHETIC DEMONSTRATION ONLY - NOT HUMAN EXPERIMENT RESULTS,1067020,C,1,1308.2040148701076,1.0,0,1,typing
SYNTHETIC DEMONSTRATION ONLY - NOT HUMAN EXPERIMENT RESULTS,1067040,C,1,1308.3322271364493,1.0,0,1,typing
SYNTHETIC DEMONSTRATION ONLY - NOT HUMAN EXPERIMENT RESULTS,1067060,C,1,1308.4603209834,1.0,0,1,typing
SYNTHETIC DEMONSTRATION ONLY - NOT HUMAN EXPERIMENT RESULTS,1067080,C,1,1308.5882945904625,1.0,0,1,typing
SYNTHETIC DEMONSTRATION ONLY - NOT HUMAN EXPERIMENT RESULTS,1067100,C,1,1308.7161461388484,1.0,0,1,typing
SYNTHETIC DEMONSTRATION ONLY - NOT HUMAN EXPERIMENT RESULTS,1067120,C,1,1308.8438738115049,1.0,0,1,typing
SYNTHETIC DEMONSTRATION ONLY - NOT HUMAN EXPERIMENT RESULTS,1067140,C,1,1308.9714757931383,1.0,0,1,typing
SYNTHETIC DEMONSTRATION ONLY - NOT HUMAN EXPERIMENT RESULTS,1067160,C,1,1309.0989502702423,1.0,0,1,typing
SYNTHETIC DEMONSTRATION ONLY - NOT HUMAN EXPERIMENT RESULTS,1067180,C,1,1309.2262954311225,1.0,0,1,typing
SYNTHETIC DEMONSTRATION ONLY - NOT HUMAN EXPERIMENT RESULTS,1067200,C,1,1309.353509465922,1.0,0,1,typing
SYNTHETIC DEMONSTRATION ONLY - NOT HUMAN EXPERIMENT RESULTS,1067220,C,1,1309.480590566648,1.0,0,1,typing
SYNTHETIC DEMONSTRATION ONLY - NOT HUMAN EXPERIMENT RESULTS,1067240,C,1,1309.6075369271966,1.0,0,1,typing
SYNTHETIC DEMONSTRATION ONLY - NOT HUMAN EXPERIMENT RESULTS,1067260,C,1,1309.7343467433793,1.0,0,1,typing
SYNTHETIC DEMONSTRATION ONLY - NOT HUMAN EXPERIMENT RESULTS,1067280,C,1,1309.8610182129478,1.0,0,1,typing
SYNTHETIC DEMONSTRATION ONLY - NOT HUMAN EXPERIMENT RESULTS,1067300,C,1,1309.9875495356198,1.0,0,1,typing
SYNTHETIC DEMONSTRATION ONLY - NOT HUMAN EXPERIMENT RESULTS,1067320,C,1,1310.1139389131058,1.0,0,1,typing
SYNTHETIC DEMONSTRATION ONLY - NOT HUMAN EXPERIMENT RESULTS,1067340,C,1,1310.2401845491324,1.0,0,1,typing
SYNTHETIC DEMONSTRATION ONLY - NOT HUMAN EXPERIMENT RESULTS,1067360,C,1,1310.3662846494697,1.0,0,1,typing
SYNTHETIC DEMONSTRATION ONLY - NOT HUMAN EXPERIMENT RESULTS,1067380,C,1,1310.4922374219564,1.0,0,1,typing
SYNTHETIC DEMONSTRATION ONLY - NOT HUMAN EXPERIMENT RESULTS,1067400,C,1,1310.6180410765248,1.0,0,1,typing
SYNTHETIC DEMONSTRATION ONLY - NOT HUMAN EXPERIMENT RESULTS,1067420,C,1,1310.7436938252265,1.0,0,1,typing
SYNTHETIC DEMONSTRATION ONLY - NOT HUMAN EXPERIMENT RESULTS,1067440,C,1,1310.8691938822574,1.0,0,1,typing
SYNTHETIC DEMONSTRATION ONLY - NOT HUMAN EXPERIMENT RESULTS,1067460,C,1,1310.9945394639844,1.0,0,1,typing
SYNTHETIC DEMONSTRATION ONLY - NOT HUMAN EXPERIMENT RESULTS,1067480,C,1,1311.1197287889693,1.0,0,1,typing
SYNTHETIC DEMONSTRATION ONLY - NOT HUMAN EXPERIMENT RESULTS,1067500,C,1,1311.2447600779942,1.0,0,1,typing
SYNTHETIC DEMONSTRATION ONLY - NOT HUMAN EXPERIMENT RESULTS,1067520,C,1,1311.3696315540883,1.0,0,1,typing
SYNTHETIC DEMONSTRATION ONLY - NOT HUMAN EXPERIMENT RESULTS,1067540,C,1,1311.4943414425513,1.0,0,1,typing
SYNTHETIC DEMONSTRATION ONLY - NOT HUMAN EXPERIMENT RESULTS,1067560,C,1,1311.6188879709794,1.0,0,1,typing
SYNTHETIC DEMONSTRATION ONLY - NOT HUMAN EXPERIMENT RESULTS,1067580,C,1,1311.743269369291,1.0,0,1,typing
SYNTHETIC DEMONSTRATION ONLY - NOT HUMAN EXPERIMENT RESULTS,1067600,C,1,1311.8674838697511,1.0,0,1,typing
SYNTHETIC DEMONSTRATION ONLY - NOT HUMAN EXPERIMENT RESULTS,1067620,C,1,1311.991529706997,1.0,0,1,typing
SYNTHETIC DEMONSTRATION ONLY - NOT HUMAN EXPERIMENT RESULTS,1067640,C,1,1312.1154051180622,1.0,0,1,typing
SYNTHETIC DEMONSTRATION ONLY - NOT HUMAN EXPERIMENT RESULTS,1067660,C,1,1312.239108342403,1.0,0,1,typing
SYNTHETIC DEMONSTRATION ONLY - NOT HUMAN EXPERIMENT RESULTS,1067680,C,1,1312.362637621923,1.0,0,1,typing
SYNTHETIC DEMONSTRATION ONLY - NOT HUMAN EXPERIMENT RESULTS,1067700,C,1,1312.485991200998,1.0,0,1,typing
SYNTHETIC DEMONSTRATION ONLY - NOT HUMAN EXPERIMENT RESULTS,1067720,C,1,1312.6091673264996,1.0,0,1,typing
SYNTHETIC DEMONSTRATION ONLY - NOT HUMAN EXPERIMENT RESULTS,1067740,C,1,1312.7321642478234,1.0,0,1,typing
SYNTHETIC DEMONSTRATION ONLY - NOT HUMAN EXPERIMENT RESULTS,1067760,C,1,1312.8549802169105,1.0,0,1,typing
SYNTHETIC DEMONSTRATION ONLY - NOT HUMAN EXPERIMENT RESULTS,1067780,C,1,1312.977613488274,1.0,0,1,typing
SYNTHETIC DEMONSTRATION ONLY - NOT HUMAN EXPERIMENT RESULTS,1067800,C,1,1313.1000623190241,1.0,0,1,typing
SYNTHETIC DEMONSTRATION ONLY - NOT HUMAN EXPERIMENT RESULTS,1067820,C,1,1313.2223249688914,1.0,0,1,typing
SYNTHETIC DEMONSTRATION ONLY - NOT HUMAN EXPERIMENT RESULTS,1067840,C,1,1313.3443997002532,1.0,0,1,typing
SYNTHETIC DEMONSTRATION ONLY - NOT HUMAN EXPERIMENT RESULTS,1067860,C,1,1313.4662847781574,1.0,0,1,typing
SYNTHETIC DEMONSTRATION ONLY - NOT HUMAN EXPERIMENT RESULTS,1067880,C,1,1313.5879784703473,1.0,0,1,typing
SYNTHETIC DEMONSTRATION ONLY - NOT HUMAN EXPERIMENT RESULTS,1067900,C,1,1313.7094790472859,1.0,0,1,typing
SYNTHETIC DEMONSTRATION ONLY - NOT HUMAN EXPERIMENT RESULTS,1067920,C,1,1313.8307847821814,1.0,0,1,typing
SYNTHETIC DEMONSTRATION ONLY - NOT HUMAN EXPERIMENT RESULTS,1067940,C,1,1313.9518939510106,1.0,0,1,typing
SYNTHETIC DEMONSTRATION ONLY - NOT HUMAN EXPERIMENT RESULTS,1067960,C,1,1314.072804832544,1.0,0,1,typing
SYNTHETIC DEMONSTRATION ONLY - NOT HUMAN EXPERIMENT RESULTS,1067980,C,1,1314.1935157083706,1.0,0,1,typing
SYNTHETIC DEMONSTRATION ONLY - NOT HUMAN EXPERIMENT RESULTS,1068000,C,1,1314.3140248629215,1.0,0,1,typing
SYNTHETIC DEMONSTRATION ONLY - NOT HUMAN EXPERIMENT RESULTS,1068020,C,1,1314.434330583495,1.0,0,1,typing
SYNTHETIC DEMONSTRATION ONLY - NOT HUMAN EXPERIMENT RESULTS,1068040,C,1,1314.5544311602805,1.0,0,1,typing
SYNTHETIC DEMONSTRATION ONLY - NOT HUMAN EXPERIMENT RESULTS,1068060,C,1,1314.674324886383,1.0,0,1,typing
SYNTHETIC DEMONSTRATION ONLY - NOT HUMAN EXPERIMENT RESULTS,1068080,C,1,1314.794010057847,1.0,0,1,typing
SYNTHETIC DEMONSTRATION ONLY - NOT HUMAN EXPERIMENT RESULTS,1068100,C,1,1314.9134849736813,1.0,0,1,typing
SYNTHETIC DEMONSTRATION ONLY - NOT HUMAN EXPERIMENT RESULTS,1068120,C,1,1315.0327479358832,1.0,0,1,typing
SYNTHETIC DEMONSTRATION ONLY - NOT HUMAN EXPERIMENT RESULTS,1068140,C,1,1315.1517972494619,1.0,0,1,typing
SYNTHETIC DEMONSTRATION ONLY - NOT HUMAN EXPERIMENT RESULTS,1068160,C,1,1315.270631222463,1.0,0,1,typing
SYNTHETIC DEMONSTRATION ONLY - NOT HUMAN EXPERIMENT RESULTS,1068180,C,1,1315.389248165993,1.0,0,1,typing
SYNTHETIC DEMONSTRATION ONLY - NOT HUMAN EXPERIMENT RESULTS,1068200,C,1,1315.5076463942423,1.0,0,1,typing
SYNTHETIC DEMONSTRATION ONLY - NOT HUMAN EXPERIMENT RESULTS,1068220,C,1,1315.62582422451,1.0,0,1,typing
SYNTHETIC DEMONSTRATION ONLY - NOT HUMAN EXPERIMENT RESULTS,1068240,C,1,1315.7437799772276,1.0,0,1,typing
SYNTHETIC DEMONSTRATION ONLY - NOT HUMAN EXPERIMENT RESULTS,1068260,C,1,1315.861511975983,1.0,0,1,typing
SYNTHETIC DEMONSTRATION ONLY - NOT HUMAN EXPERIMENT RESULTS,1068280,C,1,1315.9790185475435,1.0,0,1,typing
SYNTHETIC DEMONSTRATION ONLY - NOT HUMAN EXPERIMENT RESULTS,1068300,C,1,1316.0962980218808,1.0,0,1,typing
SYNTHETIC DEMONSTRATION ONLY - NOT HUMAN EXPERIMENT RESULTS,1068320,C,1,1316.2133487321942,1.0,0,1,typing
SYNTHETIC DEMONSTRATION ONLY - NOT HUMAN EXPERIMENT RESULTS,1068340,C,1,1316.3301690149335,1.0,0,1,typing
SYNTHETIC DEMONSTRATION ONLY - NOT HUMAN EXPERIMENT RESULTS,1068360,C,1,1316.4467572098242,1.0,0,1,typing
SYNTHETIC DEMONSTRATION ONLY - NOT HUMAN EXPERIMENT RESULTS,1068380,C,1,1316.56311165989,1.0,0,1,typing
SYNTHETIC DEMONSTRATION ONLY - NOT HUMAN EXPERIMENT RESULTS,1068400,C,1,1316.6792307114767,1.0,0,1,typing
SYNTHETIC DEMONSTRATION ONLY - NOT HUMAN EXPERIMENT RESULTS,1068420,C,1,1316.7951127142753,1.0,0,1,typing
SYNTHETIC DEMONSTRATION ONLY - NOT HUMAN EXPERIMENT RESULTS,1068440,C,1,1316.910756021346,1.0,0,1,typing
SYNTHETIC DEMONSTRATION ONLY - NOT HUMAN EXPERIMENT RESULTS,1068460,C,1,1317.026158989142,1.0,0,1,typing
SYNTHETIC DEMONSTRATION ONLY - NOT HUMAN EXPERIMENT RESULTS,1068480,C,1,1317.141319977531,1.0,0,1,typing
SYNTHETIC DEMONSTRATION ONLY - NOT HUMAN EXPERIMENT RESULTS,1068500,C,1,1317.2562373498208,1.0,0,1,typing
SYNTHETIC DEMONSTRATION ONLY - NOT HUMAN EXPERIMENT RESULTS,1068520,C,1,1317.370909472781,1.0,0,1,typing
SYNTHETIC DEMONSTRATION ONLY - NOT HUMAN EXPERIMENT RESULTS,1068540,C,1,1317.485334716667,1.0,0,1,typing
SYNTHETIC DEMONSTRATION ONLY - NOT HUMAN EXPERIMENT RESULTS,1068560,C,1,1317.599511455243,1.0,0,1,typing
SYNTHETIC DEMONSTRATION ONLY - NOT HUMAN EXPERIMENT RESULTS,1068580,C,1,1317.7134380658044,1.0,0,1,typing
SYNTHETIC DEMONSTRATION ONLY - NOT HUMAN EXPERIMENT RESULTS,1068600,C,1,1317.827112929202,1.0,0,1,typing
SYNTHETIC DEMONSTRATION ONLY - NOT HUMAN EXPERIMENT RESULTS,1068620,C,1,1317.9405344298648,1.0,0,1,typing
SYNTHETIC DEMONSTRATION ONLY - NOT HUMAN EXPERIMENT RESULTS,1068640,C,1,1318.0537009558216,1.0,0,1,typing
SYNTHETIC DEMONSTRATION ONLY - NOT HUMAN EXPERIMENT RESULTS,1068660,C,1,1318.166610898726,1.0,0,1,typing
SYNTHETIC DEMONSTRATION ONLY - NOT HUMAN EXPERIMENT RESULTS,1068680,C,1,1318.2792626538776,1.0,0,1,typing
SYNTHETIC DEMONSTRATION ONLY - NOT HUMAN EXPERIMENT RESULTS,1068700,C,1,1318.3916546202456,1.0,0,1,typing
SYNTHETIC DEMONSTRATION ONLY - NOT HUMAN EXPERIMENT RESULTS,1068720,C,1,1318.5037852004914,1.0,0,1,typing
SYNTHETIC DEMONSTRATION ONLY - NOT HUMAN EXPERIMENT RESULTS,1068740,C,1,1318.6156528009915,1.0,0,1,typing
SYNTHETIC DEMONSTRATION ONLY - NOT HUMAN EXPERIMENT RESULTS,1068760,C,1,1318.727255831859,1.0,0,1,typing
SYNTHETIC DEMONSTRATION ONLY - NOT HUMAN EXPERIMENT RESULTS,1068780,C,1,1318.8385927069687,1.0,0,1,typing
SYNTHETIC DEMONSTRATION ONLY - NOT HUMAN EXPERIMENT RESULTS,1068800,C,1,1318.9496618439766,1.0,0,1,typing
SYNTHETIC DEMONSTRATION ONLY - NOT HUMAN EXPERIMENT RESULTS,1068820,C,1,1319.0604616643445,1.0,0,1,typing
SYNTHETIC DEMONSTRATION ONLY - NOT HUMAN EXPERIMENT RESULTS,1068840,C,1,1319.1709905933617,1.0,0,1,typing
SYNTHETIC DEMONSTRATION ONLY - NOT HUMAN EXPERIMENT RESULTS,1068860,C,1,1319.2812470601673,1.0,0,1,typing
SYNTHETIC DEMONSTRATION ONLY - NOT HUMAN EXPERIMENT RESULTS,1068880,C,1,1319.3912294977733,1.0,0,1,typing
SYNTHETIC DEMONSTRATION ONLY - NOT HUMAN EXPERIMENT RESULTS,1068900,C,1,1319.5009363430854,1.0,0,1,typing
SYNTHETIC DEMONSTRATION ONLY - NOT HUMAN EXPERIMENT RESULTS,1068920,C,1,1319.6103660369267,1.0,0,1,typing
SYNTHETIC DEMONSTRATION ONLY - NOT HUMAN EXPERIMENT RESULTS,1068940,C,1,1319.7195170240589,1.0,0,1,typing
SYNTHETIC DEMONSTRATION ONLY - NOT HUMAN EXPERIMENT RESULTS,1068960,C,1,1319.828387753205,1.0,0,1,typing
SYNTHETIC DEMONSTRATION ONLY - NOT HUMAN EXPERIMENT RESULTS,1068980,C,1,1319.936976677071,1.0,0,1,typing
SYNTHETIC DEMONSTRATION ONLY - NOT HUMAN EXPERIMENT RESULTS,1069000,C,1,1320.0452822523675,1.0,0,1,typing
SYNTHETIC DEMONSTRATION ONLY - NOT HUMAN EXPERIMENT RESULTS,1069020,C,1,1320.153302939833,1.0,0,1,typing
SYNTHETIC DEMONSTRATION ONLY - NOT HUMAN EXPERIMENT RESULTS,1069040,C,1,1320.2610372042545,1.0,0,1,typing
SYNTHETIC DEMONSTRATION ONLY - NOT HUMAN EXPERIMENT RESULTS,1069060,C,1,1320.3684835144893,1.0,0,1,typing
SYNTHETIC DEMONSTRATION ONLY - NOT HUMAN EXPERIMENT RESULTS,1069080,C,1,1320.4756403434874,1.0,0,1,typing
SYNTHETIC DEMONSTRATION ONLY - NOT HUMAN EXPERIMENT RESULTS,1069100,C,1,1320.5825061683136,1.0,0,1,typing
SYNTHETIC DEMONSTRATION ONLY - NOT HUMAN EXPERIMENT RESULTS,1069120,C,1,1320.6890794701674,1.0,0,1,typing
SYNTHETIC DEMONSTRATION ONLY - NOT HUMAN EXPERIMENT RESULTS,1069140,C,1,1320.7953587344066,1.0,0,1,typing
SYNTHETIC DEMONSTRATION ONLY - NOT HUMAN EXPERIMENT RESULTS,1069160,C,1,1320.9013424505677,1.0,0,1,typing
SYNTHETIC DEMONSTRATION ONLY - NOT HUMAN EXPERIMENT RESULTS,1069180,C,1,1321.007029112387,1.0,0,1,typing
SYNTHETIC DEMONSTRATION ONLY - NOT HUMAN EXPERIMENT RESULTS,1069200,C,1,1321.1124172178238,1.0,0,1,typing
SYNTHETIC DEMONSTRATION ONLY - NOT HUMAN EXPERIMENT RESULTS,1069220,C,1,1321.2175052690793,1.0,0,1,typing
SYNTHETIC DEMONSTRATION ONLY - NOT HUMAN EXPERIMENT RESULTS,1069240,C,1,1321.32229177262,1.0,0,1,typing
SYNTHETIC DEMONSTRATION ONLY - NOT HUMAN EXPERIMENT RESULTS,1069260,C,1,1321.4267752391975,1.0,0,1,typing
SYNTHETIC DEMONSTRATION ONLY - NOT HUMAN EXPERIMENT RESULTS,1069280,C,1,1321.5309541838706,1.0,0,1,typing
SYNTHETIC DEMONSTRATION ONLY - NOT HUMAN EXPERIMENT RESULTS,1069300,C,1,1321.6348271260258,1.0,0,1,typing
SYNTHETIC DEMONSTRATION ONLY - NOT HUMAN EXPERIMENT RESULTS,1069320,C,1,1321.738392589399,1.0,0,1,typing
SYNTHETIC DEMONSTRATION ONLY - NOT HUMAN EXPERIMENT RESULTS,1069340,C,1,1321.841649102095,1.0,0,1,typing
SYNTHETIC DEMONSTRATION ONLY - NOT HUMAN EXPERIMENT RESULTS,1069360,C,1,1321.944595196611,1.0,0,1,typing
SYNTHETIC DEMONSTRATION ONLY - NOT HUMAN EXPERIMENT RESULTS,1069380,C,1,1322.0472294098547,1.0,0,1,typing
SYNTHETIC DEMONSTRATION ONLY - NOT HUMAN EXPERIMENT RESULTS,1069400,C,1,1322.149550283167,1.0,0,1,typing
SYNTHETIC DEMONSTRATION ONLY - NOT HUMAN EXPERIMENT RESULTS,1069420,C,1,1322.2515563623413,1.0,0,1,typing
SYNTHETIC DEMONSTRATION ONLY - NOT HUMAN EXPERIMENT RESULTS,1069440,C,1,1322.3532461976458,1.0,0,1,typing
SYNTHETIC DEMONSTRATION ONLY - NOT HUMAN EXPERIMENT RESULTS,1069460,C,1,1322.454618343843,1.0,0,1,typing
SYNTHETIC DEMONSTRATION ONLY - NOT HUMAN EXPERIMENT RESULTS,1069480,C,1,1322.55567136021,1.0,0,1,typing
SYNTHETIC DEMONSTRATION ONLY - NOT HUMAN EXPERIMENT RESULTS,1069500,C,1,1322.65640381056,1.0,0,1,typing
SYNTHETIC DEMONSTRATION ONLY - NOT HUMAN EXPERIMENT RESULTS,1069520,C,1,1322.7568142632617,1.0,0,1,typing
SYNTHETIC DEMONSTRATION ONLY - NOT HUMAN EXPERIMENT RESULTS,1069540,C,1,1322.8569012912603,1.0,0,1,typing
SYNTHETIC DEMONSTRATION ONLY - NOT HUMAN EXPERIMENT RESULTS,1069560,C,1,1322.9566634720977,1.0,0,1,typing
SYNTHETIC DEMONSTRATION ONLY - NOT HUMAN EXPERIMENT RESULTS,1069580,C,1,1323.0560993879326,1.0,0,1,typing
SYNTHETIC DEMONSTRATION ONLY - NOT HUMAN EXPERIMENT RESULTS,1069600,C,1,1323.1552076255603,1.0,0,1,typing
SYNTHETIC DEMONSTRATION ONLY - NOT HUMAN EXPERIMENT RESULTS,1069620,C,1,1323.2539867764335,1.0,0,1,typing
SYNTHETIC DEMONSTRATION ONLY - NOT HUMAN EXPERIMENT RESULTS,1069640,C,1,1323.3524354366818,1.0,0,1,typing
SYNTHETIC DEMONSTRATION ONLY - NOT HUMAN EXPERIMENT RESULTS,1069660,C,1,1323.4505522071318,1.0,0,1,typing
SYNTHETIC DEMONSTRATION ONLY - NOT HUMAN EXPERIMENT RESULTS,1069680,C,1,1323.5483356933269,1.0,0,1,typing
SYNTHETIC DEMONSTRATION ONLY - NOT HUMAN EXPERIMENT RESULTS,1069700,C,1,1323.6457845055475,1.0,0,1,typing
SYNTHETIC DEMONSTRATION ONLY - NOT HUMAN EXPERIMENT RESULTS,1069720,C,1,1323.7428972588302,1.0,0,1,typing
SYNTHETIC DEMONSTRATION ONLY - NOT HUMAN EXPERIMENT RESULTS,1069740,C,1,1323.8396725729879,1.0,0,1,typing
SYNTHETIC DEMONSTRATION ONLY - NOT HUMAN EXPERIMENT RESULTS,1069760,C,1,1323.936109072629,1.0,0,1,typing
SYNTHETIC DEMONSTRATION ONLY - NOT HUMAN EXPERIMENT RESULTS,1069780,C,1,1324.0322053871776,1.0,0,1,typing
SYNTHETIC DEMONSTRATION ONLY - NOT HUMAN EXPERIMENT RESULTS,1069800,C,1,1324.127960150892,1.0,0,1,typing
SYNTHETIC DEMONSTRATION ONLY - NOT HUMAN EXPERIMENT RESULTS,1069820,C,1,1324.2233720028855,1.0,0,1,typing
SYNTHETIC DEMONSTRATION ONLY - NOT HUMAN EXPERIMENT RESULTS,1069840,C,1,1324.3184395871442,1.0,0,1,typing
SYNTHETIC DEMONSTRATION ONLY - NOT HUMAN EXPERIMENT RESULTS,1069860,C,1,1324.4131615525475,1.0,0,1,typing
SYNTHETIC DEMONSTRATION ONLY - NOT HUMAN EXPERIMENT RESULTS,1069880,C,1,1324.5075365528862,1.0,0,1,typing
SYNTHETIC DEMONSTRATION ONLY - NOT HUMAN EXPERIMENT RESULTS,1069900,C,1,1324.6015632468832,1.0,0,1,typing
SYNTHETIC DEMONSTRATION ONLY - NOT HUMAN EXPERIMENT RESULTS,1069920,C,1,1324.6952402982108,1.0,0,1,typing
SYNTHETIC DEMONSTRATION ONLY - NOT HUMAN EXPERIMENT RESULTS,1069940,C,1,1324.7885663755105,1.0,0,1,typing
SYNTHETIC DEMONSTRATION ONLY - NOT HUMAN EXPERIMENT RESULTS,1069960,C,1,1324.8815401524125,1.0,0,1,typing
SYNTHETIC DEMONSTRATION ONLY - NOT HUMAN EXPERIMENT RESULTS,1069980,C,1,1324.9741603075533,1.0,0,1,typing
SYNTHETIC DEMONSTRATION ONLY - NOT HUMAN EXPERIMENT RESULTS,1070000,C,1,1325.066425524596,1.0,0,1,typing
SYNTHETIC DEMONSTRATION ONLY - NOT HUMAN EXPERIMENT RESULTS,1070020,C,1,1325.1583344922471,1.0,0,1,typing
SYNTHETIC DEMONSTRATION ONLY - NOT HUMAN EXPERIMENT RESULTS,1070040,C,1,1325.249885904277,1.0,0,1,typing
SYNTHETIC DEMONSTRATION ONLY - NOT HUMAN EXPERIMENT RESULTS,1070060,C,1,1325.3410784595376,1.0,0,1,typing
SYNTHETIC DEMONSTRATION ONLY - NOT HUMAN EXPERIMENT RESULTS,1070080,C,1,1325.4319108619807,1.0,0,1,typing
SYNTHETIC DEMONSTRATION ONLY - NOT HUMAN EXPERIMENT RESULTS,1070100,C,1,1325.5223818206766,1.0,0,1,typing
SYNTHETIC DEMONSTRATION ONLY - NOT HUMAN EXPERIMENT RESULTS,1070120,C,1,1325.612490049833,1.0,0,1,typing
SYNTHETIC DEMONSTRATION ONLY - NOT HUMAN EXPERIMENT RESULTS,1070140,C,1,1325.7022342688124,1.0,0,1,typing
SYNTHETIC DEMONSTRATION ONLY - NOT HUMAN EXPERIMENT RESULTS,1070160,C,1,1325.7916132021508,1.0,0,1,typing
SYNTHETIC DEMONSTRATION ONLY - NOT HUMAN EXPERIMENT RESULTS,1070180,C,1,1325.8806255795755,1.0,0,1,typing
SYNTHETIC DEMONSTRATION ONLY - NOT HUMAN EXPERIMENT RESULTS,1070200,C,1,1325.969270136024,1.0,0,1,typing
SYNTHETIC DEMONSTRATION ONLY - NOT HUMAN EXPERIMENT RESULTS,1070220,C,1,1326.0575456116608,1.0,0,1,typing
SYNTHETIC DEMONSTRATION ONLY - NOT HUMAN EXPERIMENT RESULTS,1070240,C,1,1326.1454507518959,1.0,0,1,typing
SYNTHETIC DEMONSTRATION ONLY - NOT HUMAN EXPERIMENT RESULTS,1070260,C,1,1326.2329843074028,1.0,0,1,typing
SYNTHETIC DEMONSTRATION ONLY - NOT HUMAN EXPERIMENT RESULTS,1070280,C,1,1326.3201450341357,1.0,0,1,typing
SYNTHETIC DEMONSTRATION ONLY - NOT HUMAN EXPERIMENT RESULTS,1070300,C,1,1326.406931693348,1.0,0,1,typing
SYNTHETIC DEMONSTRATION ONLY - NOT HUMAN EXPERIMENT RESULTS,1070320,C,1,1326.4933430516091,1.0,0,1,typing
SYNTHETIC DEMONSTRATION ONLY - NOT HUMAN EXPERIMENT RESULTS,1070340,C,1,1326.5793778808222,1.0,0,1,typing
SYNTHETIC DEMONSTRATION ONLY - NOT HUMAN EXPERIMENT RESULTS,1070360,C,1,1326.665034958242,1.0,0,1,typing
SYNTHETIC DEMONSTRATION ONLY - NOT HUMAN EXPERIMENT RESULTS,1070380,C,1,1326.7503130664918,1.0,0,1,typing
SYNTHETIC DEMONSTRATION ONLY - NOT HUMAN EXPERIMENT RESULTS,1070400,C,1,1326.835210993581,1.0,0,1,typing
SYNTHETIC DEMONSTRATION ONLY - NOT HUMAN EXPERIMENT RESULTS,1070420,C,1,1326.9197275329223,1.0,0,1,typing
SYNTHETIC DEMONSTRATION ONLY - NOT HUMAN EXPERIMENT RESULTS,1070440,C,1,1327.0038614833481,1.0,0,1,typing
SYNTHETIC DEMONSTRATION ONLY - NOT HUMAN EXPERIMENT RESULTS,1070460,C,1,1327.0876116491293,1.0,0,1,typing
SYNTHETIC DEMONSTRATION ONLY - NOT HUMAN EXPERIMENT RESULTS,1070480,C,1,1327.1709768399903,1.0,0,1,typing
SYNTHETIC DEMONSTRATION ONLY - NOT HUMAN EXPERIMENT RESULTS,1070500,C,1,1327.2539558711271,1.0,0,1,typing
SYNTHETIC DEMONSTRATION ONLY - NOT HUMAN EXPERIMENT RESULTS,1070520,C,1,1327.3365475632245,1.0,0,1,typing
SYNTHETIC DEMONSTRATION ONLY - NOT HUMAN EXPERIMENT RESULTS,1070540,C,1,1327.4187507424713,1.0,0,1,typing
SYNTHETIC DEMONSTRATION ONLY - NOT HUMAN EXPERIMENT RESULTS,1070560,C,1,1327.5005642405783,1.0,0,1,typing
SYNTHETIC DEMONSTRATION ONLY - NOT HUMAN EXPERIMENT RESULTS,1070580,C,1,1327.5819868947951,1.0,0,1,typing
SYNTHETIC DEMONSTRATION ONLY - NOT HUMAN EXPERIMENT RESULTS,1070600,C,1,1327.6630175479252,1.0,0,1,typing
SYNTHETIC DEMONSTRATION ONLY - NOT HUMAN EXPERIMENT RESULTS,1070620,C,1,1327.7436550483435,1.0,0,1,typing
SYNTHETIC DEMONSTRATION ONLY - NOT HUMAN EXPERIMENT RESULTS,1070640,C,1,1327.8238982500131,1.0,0,1,typing
SYNTHETIC DEMONSTRATION ONLY - NOT HUMAN EXPERIMENT RESULTS,1070660,C,1,1327.9037460125,1.0,0,1,typing
SYNTHETIC DEMONSTRATION ONLY - NOT HUMAN EXPERIMENT RESULTS,1070680,C,1,1327.983197200991,1.0,0,1,typing
SYNTHETIC DEMONSTRATION ONLY - NOT HUMAN EXPERIMENT RESULTS,1070700,C,1,1328.062250686309,1.0,0,1,typing
SYNTHETIC DEMONSTRATION ONLY - NOT HUMAN EXPERIMENT RESULTS,1070720,C,1,1328.1409053449288,1.0,0,1,typing
SYNTHETIC DEMONSTRATION ONLY - NOT HUMAN EXPERIMENT RESULTS,1070740,C,1,1328.2191600589933,1.0,0,1,typing
SYNTHETIC DEMONSTRATION ONLY - NOT HUMAN EXPERIMENT RESULTS,1070760,C,1,1328.2970137163304,1.0,0,1,typing
SYNTHETIC DEMONSTRATION ONLY - NOT HUMAN EXPERIMENT RESULTS,1070780,C,1,1328.374465210467,1.0,0,1,typing
SYNTHETIC DEMONSTRATION ONLY - NOT HUMAN EXPERIMENT RESULTS,1070800,C,1,1328.4515134406458,1.0,0,1,typing
SYNTHETIC DEMONSTRATION ONLY - NOT HUMAN EXPERIMENT RESULTS,1070820,C,1,1328.5281573118411,1.0,0,1,typing
SYNTHETIC DEMONSTRATION ONLY - NOT HUMAN EXPERIMENT RESULTS,1070840,C,1,1328.6043957347738,1.0,0,1,typing
SYNTHETIC DEMONSTRATION ONLY - NOT HUMAN EXPERIMENT RESULTS,1070860,C,1,1328.680227625927,1.0,0,1,typing
SYNTHETIC DEMONSTRATION ONLY - NOT HUMAN EXPERIMENT RESULTS,1070880,C,1,1328.7556519075617,1.0,0,1,typing
SYNTHETIC DEMONSTRATION ONLY - NOT HUMAN EXPERIMENT RESULTS,1070900,C,1,1328.8306675077324,1.0,0,1,typing
SYNTHETIC DEMONSTRATION ONLY - NOT HUMAN EXPERIMENT RESULTS,1070920,C,1,1328.9052733603007,1.0,0,1,typing
SYNTHETIC DEMONSTRATION ONLY - NOT HUMAN EXPERIMENT RESULTS,1070940,C,1,1328.9794684049525,1.0,0,1,typing
SYNTHETIC DEMONSTRATION ONLY - NOT HUMAN EXPERIMENT RESULTS,1070960,C,1,1329.0532515872123,1.0,0,1,typing
SYNTHETIC DEMONSTRATION ONLY - NOT HUMAN EXPERIMENT RESULTS,1070980,C,1,1329.1266218584574,1.0,0,1,typing
SYNTHETIC DEMONSTRATION ONLY - NOT HUMAN EXPERIMENT RESULTS,1071000,C,1,1329.199578175934,1.0,0,1,typing
SYNTHETIC DEMONSTRATION ONLY - NOT HUMAN EXPERIMENT RESULTS,1071020,C,1,1329.2721195027711,1.0,0,1,typing
SYNTHETIC DEMONSTRATION ONLY - NOT HUMAN EXPERIMENT RESULTS,1071040,C,1,1329.3442448079963,1.0,0,1,typing
SYNTHETIC DEMONSTRATION ONLY - NOT HUMAN EXPERIMENT RESULTS,1071060,C,1,1329.4159530665493,1.0,0,1,typing
SYNTHETIC DEMONSTRATION ONLY - NOT HUMAN EXPERIMENT RESULTS,1071080,C,1,1329.4872432592965,1.0,0,1,typing
SYNTHETIC DEMONSTRATION ONLY - NOT HUMAN EXPERIMENT RESULTS,1071100,C,1,1329.5581143730471,1.0,0,1,typing
SYNTHETIC DEMONSTRATION ONLY - NOT HUMAN EXPERIMENT RESULTS,1071120,C,1,1329.628565400565,1.0,0,1,typing
SYNTHETIC DEMONSTRATION ONLY - NOT HUMAN EXPERIMENT RESULTS,1071140,C,1,1329.698595340586,1.0,0,1,typing
SYNTHETIC DEMONSTRATION ONLY - NOT HUMAN EXPERIMENT RESULTS,1071160,C,1,1329.768203197829,1.0,0,1,typing
SYNTHETIC DEMONSTRATION ONLY - NOT HUMAN EXPERIMENT RESULTS,1071180,C,1,1329.8373879830126,1.0,0,1,typing
SYNTHETIC DEMONSTRATION ONLY - NOT HUMAN EXPERIMENT RESULTS,1071200,C,1,1329.9061487128677,1.0,0,1,typing
SYNTHETIC DEMONSTRATION ONLY - NOT HUMAN EXPERIMENT RESULTS,1071220,C,1,1329.9744844101522,1.0,0,1,typing
SYNTHETIC DEMONSTRATION ONLY - NOT HUMAN EXPERIMENT RESULTS,1071240,C,1,1330.0423941036645,1.0,0,1,typing
SYNTHETIC DEMONSTRATION ONLY - NOT HUMAN EXPERIMENT RESULTS,1071260,C,1,1330.1098768282577,1.0,0,1,typing
SYNTHETIC DEMONSTRATION ONLY - NOT HUMAN EXPERIMENT RESULTS,1071280,C,1,1330.1769316248526,1.0,0,1,typing
SYNTHETIC DEMONSTRATION ONLY - NOT HUMAN EXPERIMENT RESULTS,1071300,C,1,1330.2435575404525,1.0,0,1,typing
SYNTHETIC DEMONSTRATION ONLY - NOT HUMAN EXPERIMENT RESULTS,1071320,C,1,1330.3097536281552,1.0,0,1,typing
SYNTHETIC DEMONSTRATION ONLY - NOT HUMAN EXPERIMENT RESULTS,1071340,C,1,1330.3755189471683,1.0,0,1,typing
SYNTHETIC DEMONSTRATION ONLY - NOT HUMAN EXPERIMENT RESULTS,1071360,C,1,1330.4408525628207,1.0,0,1,typing
SYNTHETIC DEMONSTRATION ONLY - NOT HUMAN EXPERIMENT RESULTS,1071380,C,1,1330.5057535465774,1.0,0,1,typing
SYNTHETIC DEMONSTRATION ONLY - NOT HUMAN EXPERIMENT RESULTS,1071400,C,1,1330.5702209760511,1.0,0,1,typing
SYNTHETIC DEMONSTRATION ONLY - NOT HUMAN EXPERIMENT RESULTS,1071420,C,1,1330.6342539350178,1.0,0,1,typing
SYNTHETIC DEMONSTRATION ONLY - NOT HUMAN EXPERIMENT RESULTS,1071440,C,1,1330.697851513427,1.0,0,1,typing
SYNTHETIC DEMONSTRATION ONLY - NOT HUMAN EXPERIMENT RESULTS,1071460,C,1,1330.7610128074161,1.0,0,1,typing
SYNTHETIC DEMONSTRATION ONLY - NOT HUMAN EXPERIMENT RESULTS,1071480,C,1,1330.8237369193237,1.0,0,1,typing
SYNTHETIC DEMONSTRATION ONLY - NOT HUMAN EXPERIMENT RESULTS,1071500,C,1,1330.886022957701,1.0,0,1,typing
SYNTHETIC DEMONSTRATION ONLY - NOT HUMAN EXPERIMENT RESULTS,1071520,C,1,1330.9478700373259,1.0,0,1,typing
SYNTHETIC DEMONSTRATION ONLY - NOT HUMAN EXPERIMENT RESULTS,1071540,C,1,1331.009277279214,1.0,0,1,typing
SYNTHETIC DEMONSTRATION ONLY - NOT HUMAN EXPERIMENT RESULTS,1071560,C,1,1331.070243810633,1.0,0,1,typing
SYNTHETIC DEMONSTRATION ONLY - NOT HUMAN EXPERIMENT RESULTS,1071580,C,1,1331.1307687651133,1.0,0,1,typing
SYNTHETIC DEMONSTRATION ONLY - NOT HUMAN EXPERIMENT RESULTS,1071600,C,1,1331.1908512824614,1.0,0,1,typing
SYNTHETIC DEMONSTRATION ONLY - NOT HUMAN EXPERIMENT RESULTS,1071620,C,1,1331.2504905087715,1.0,0,1,typing
SYNTHETIC DEMONSTRATION ONLY - NOT HUMAN EXPERIMENT RESULTS,1071640,C,1,1331.3096855964384,1.0,0,1,typing
SYNTHETIC DEMONSTRATION ONLY - NOT HUMAN EXPERIMENT RESULTS,1071660,C,1,1331.3684357041689,1.0,0,1,typing
SYNTHETIC DEMONSTRATION ONLY - NOT HUMAN EXPERIMENT RESULTS,1071680,C,1,1331.4267399969938,1.0,0,1,typing
SYNTHETIC DEMONSTRATION ONLY - NOT HUMAN EXPERIMENT RESULTS,1071700,C,1,1331.48459764628,1.0,0,1,typing
SYNTHETIC DEMONSTRATION ONLY - NOT HUMAN EXPERIMENT RESULTS,1071720,C,1,1331.5420078297423,1.0,0,1,typing
SYNTHETIC DEMONSTRATION ONLY - NOT HUMAN EXPERIMENT RESULTS,1071740,C,1,1331.5989697314549,1.0,0,1,typing
SYNTHETIC DEMONSTRATION ONLY - NOT HUMAN EXPERIMENT RESULTS,1071760,C,1,1331.6554825418634,1.0,0,1,typing
SYNTHETIC DEMONSTRATION ONLY - NOT HUMAN EXPERIMENT RESULTS,1071780,C,1,1331.7115454577952,1.0,0,1,typing
SYNTHETIC DEMONSTRATION ONLY - NOT HUMAN EXPERIMENT RESULTS,1071800,C,1,1331.7671576824723,1.0,0,1,typing
SYNTHETIC DEMONSTRATION ONLY - NOT HUMAN EXPERIMENT RESULTS,1071820,C,1,1331.8223184255223,1.0,0,1,typing
SYNTHETIC DEMONSTRATION ONLY - NOT HUMAN EXPERIMENT RESULTS,1071840,C,1,1331.8770269029883,1.0,0,1,typing
SYNTHETIC DEMONSTRATION ONLY - NOT HUMAN EXPERIMENT RESULTS,1071860,C,1,1331.931282337342,1.0,0,1,typing
SYNTHETIC DEMONSTRATION ONLY - NOT HUMAN EXPERIMENT RESULTS,1071880,C,1,1331.9850839574938,1.0,0,1,typing
SYNTHETIC DEMONSTRATION ONLY - NOT HUMAN EXPERIMENT RESULTS,1071900,C,1,1332.0384309988035,1.0,0,1,typing
SYNTHETIC DEMONSTRATION ONLY - NOT HUMAN EXPERIMENT RESULTS,1071920,C,1,1332.0913227030912,1.0,0,1,typing
SYNTHETIC DEMONSTRATION ONLY - NOT HUMAN EXPERIMENT RESULTS,1071940,C,1,1332.1437583186491,1.0,0,1,typing
SYNTHETIC DEMONSTRATION ONLY - NOT HUMAN EXPERIMENT RESULTS,1071960,C,1,1332.1957371002509,1.0,0,1,typing
SYNTHETIC DEMONSTRATION ONLY - NOT HUMAN EXPERIMENT RESULTS,1071980,C,1,1332.247258309163,1.0,0,1,typing
SYNTHETIC DEMONSTRATION ONLY - NOT HUMAN EXPERIMENT RESULTS,1072000,C,1,1332.2983212131553,1.0,0,1,typing
SYNTHETIC DEMONSTRATION ONLY - NOT HUMAN EXPERIMENT RESULTS,1072020,C,1,1332.3489250865105,1.0,0,1,typing
SYNTHETIC DEMONSTRATION ONLY - NOT HUMAN EXPERIMENT RESULTS,1072040,C,1,1332.3990692100356,1.0,0,1,typing
SYNTHETIC DEMONSTRATION ONLY - NOT HUMAN EXPERIMENT RESULTS,1072060,C,1,1332.448752871072,1.0,0,1,typing
SYNTHETIC DEMONSTRATION ONLY - NOT HUMAN EXPERIMENT RESULTS,1072080,C,1,1332.4979753635043,1.0,0,1,typing
SYNTHETIC DEMONSTRATION ONLY - NOT HUMAN EXPERIMENT RESULTS,1072100,C,1,1332.5467359877723,1.0,0,1,typing
SYNTHETIC DEMONSTRATION ONLY - NOT HUMAN EXPERIMENT RESULTS,1072120,C,1,1332.5950340508798,1.0,0,1,typing
SYNTHETIC DEMONSTRATION ONLY - NOT HUMAN EXPERIMENT RESULTS,1072140,C,1,1332.642868866404,1.0,0,1,typing
SYNTHETIC DEMONSTRATION ONLY - NOT HUMAN EXPERIMENT RESULTS,1072160,C,1,1332.6902397545064,1.0,0,1,typing
SYNTHETIC DEMONSTRATION ONLY - NOT HUMAN EXPERIMENT RESULTS,1072180,C,1,1332.7371460419417,1.0,0,1,typing
SYNTHETIC DEMONSTRATION ONLY - NOT HUMAN EXPERIMENT RESULTS,1072200,C,1,1332.7835870620681,1.0,0,1,typing
SYNTHETIC DEMONSTRATION ONLY - NOT HUMAN EXPERIMENT RESULTS,1072220,C,1,1332.8295621548557,1.0,0,1,typing
SYNTHETIC DEMONSTRATION ONLY - NOT HUMAN EXPERIMENT RESULTS,1072240,C,1,1332.8750706668968,1.0,0,1,typing
SYNTHETIC DEMONSTRATION ONLY - NOT HUMAN EXPERIMENT RESULTS,1072260,C,1,1332.9201119514144,1.0,0,1,typing
SYNTHETIC DEMONSTRATION ONLY - NOT HUMAN EXPERIMENT RESULTS,1072280,C,1,1332.9646853682723,1.0,0,1,typing
SYNTHETIC DEMONSTRATION ONLY - NOT HUMAN EXPERIMENT RESULTS,1072300,C,1,1333.0087902839837,1.0,0,1,typing
SYNTHETIC DEMONSTRATION ONLY - NOT HUMAN EXPERIMENT RESULTS,1072320,C,1,1333.05242607172,1.0,0,1,typing
SYNTHETIC DEMONSTRATION ONLY - NOT HUMAN EXPERIMENT RESULTS,1072340,C,1,1333.0955921113202,1.0,0,1,typing
SYNTHETIC DEMONSTRATION ONLY - NOT HUMAN EXPERIMENT RESULTS,1072360,C,1,1333.138287789299,1.0,0,1,typing
SYNTHETIC DEMONSTRATION ONLY - NOT HUMAN EXPERIMENT RESULTS,1072380,C,1,1333.1805124988568,1.0,0,1,typing
SYNTHETIC DEMONSTRATION ONLY - NOT HUMAN EXPERIMENT RESULTS,1072400,C,1,1333.2222656398867,1.0,0,1,typing
SYNTHETIC DEMONSTRATION ONLY - NOT HUMAN EXPERIMENT RESULTS,1072420,C,1,1333.263546618984,1.0,0,1,typing
SYNTHETIC DEMONSTRATION ONLY - NOT HUMAN EXPERIMENT RESULTS,1072440,C,1,1333.304354849455,1.0,0,1,typing
SYNTHETIC DEMONSTRATION ONLY - NOT HUMAN EXPERIMENT RESULTS,1072460,C,1,1333.3446897513243,1.0,0,1,typing
SYNTHETIC DEMONSTRATION ONLY - NOT HUMAN EXPERIMENT RESULTS,1072480,C,1,1333.3845507513433,1.0,0,1,typing
SYNTHETIC DEMONSTRATION ONLY - NOT HUMAN EXPERIMENT RESULTS,1072500,C,1,1333.4239372829993,1.0,0,1,typing
SYNTHETIC DEMONSTRATION ONLY - NOT HUMAN EXPERIMENT RESULTS,1072520,C,1,1333.4628487865227,1.0,0,1,typing
SYNTHETIC DEMONSTRATION ONLY - NOT HUMAN EXPERIMENT RESULTS,1072540,C,1,1333.5012847088944,1.0,0,1,typing
SYNTHETIC DEMONSTRATION ONLY - NOT HUMAN EXPERIMENT RESULTS,1072560,C,1,1333.5392445038553,1.0,0,1,typing
SYNTHETIC DEMONSTRATION ONLY - NOT HUMAN EXPERIMENT RESULTS,1072580,C,1,1333.5767276319123,1.0,0,1,typing
SYNTHETIC DEMONSTRATION ONLY - NOT HUMAN EXPERIMENT RESULTS,1072600,C,1,1333.6137335603476,1.0,0,1,typing
SYNTHETIC DEMONSTRATION ONLY - NOT HUMAN EXPERIMENT RESULTS,1072620,C,1,1333.6502617632248,1.0,0,1,typing
SYNTHETIC DEMONSTRATION ONLY - NOT HUMAN EXPERIMENT RESULTS,1072640,C,1,1333.686311721397,1.0,0,1,typing
SYNTHETIC DEMONSTRATION ONLY - NOT HUMAN EXPERIMENT RESULTS,1072660,C,1,1333.7218829225153,1.0,0,1,typing
SYNTHETIC DEMONSTRATION ONLY - NOT HUMAN EXPERIMENT RESULTS,1072680,C,1,1333.7569748610333,1.0,0,1,typing
SYNTHETIC DEMONSTRATION ONLY - NOT HUMAN EXPERIMENT RESULTS,1072700,C,1,1333.7915870382176,1.0,0,1,typing
SYNTHETIC DEMONSTRATION ONLY - NOT HUMAN EXPERIMENT RESULTS,1072720,C,1,1333.825718962152,1.0,0,1,typing
SYNTHETIC DEMONSTRATION ONLY - NOT HUMAN EXPERIMENT RESULTS,1072740,C,1,1333.8593701477466,1.0,0,1,typing
SYNTHETIC DEMONSTRATION ONLY - NOT HUMAN EXPERIMENT RESULTS,1072760,C,1,1333.8925401167435,1.0,0,1,typing
SYNTHETIC DEMONSTRATION ONLY - NOT HUMAN EXPERIMENT RESULTS,1072780,C,1,1333.9252283977241,1.0,0,1,typing
SYNTHETIC DEMONSTRATION ONLY - NOT HUMAN EXPERIMENT RESULTS,1072800,C,1,1333.9574345261153,1.0,0,1,typing
SYNTHETIC DEMONSTRATION ONLY - NOT HUMAN EXPERIMENT RESULTS,1072820,C,1,1333.9891580441972,1.0,0,1,typing
SYNTHETIC DEMONSTRATION ONLY - NOT HUMAN EXPERIMENT RESULTS,1072840,C,1,1334.0203985011078,1.0,0,1,typing
SYNTHETIC DEMONSTRATION ONLY - NOT HUMAN EXPERIMENT RESULTS,1072860,C,1,1334.0511554528516,1.0,0,1,typing
SYNTHETIC DEMONSTRATION ONLY - NOT HUMAN EXPERIMENT RESULTS,1072880,C,1,1334.081428462304,1.0,0,1,typing
SYNTHETIC DEMONSTRATION ONLY - NOT HUMAN EXPERIMENT RESULTS,1072900,C,1,1334.1112170992185,1.0,0,1,typing
SYNTHETIC DEMONSTRATION ONLY - NOT HUMAN EXPERIMENT RESULTS,1072920,C,1,1334.1405209402326,1.0,0,1,typing
SYNTHETIC DEMONSTRATION ONLY - NOT HUMAN EXPERIMENT RESULTS,1072940,C,1,1334.169339568874,1.0,0,1,typing
SYNTHETIC DEMONSTRATION ONLY - NOT HUMAN EXPERIMENT RESULTS,1072960,C,1,1334.197672575566,1.0,0,1,typing
SYNTHETIC DEMONSTRATION ONLY - NOT HUMAN EXPERIMENT RESULTS,1072980,C,1,1334.225519557634,1.0,0,1,typing
SYNTHETIC DEMONSTRATION ONLY - NOT HUMAN EXPERIMENT RESULTS,1073000,C,1,1334.2528801193107,1.0,0,1,typing
SYNTHETIC DEMONSTRATION ONLY - NOT HUMAN EXPERIMENT RESULTS,1073020,C,1,1334.279753871742,1.0,0,1,typing
SYNTHETIC DEMONSTRATION ONLY - NOT HUMAN EXPERIMENT RESULTS,1073040,C,1,1334.3061404329924,1.0,0,1,typing
SYNTHETIC DEMONSTRATION ONLY - NOT HUMAN EXPERIMENT RESULTS,1073060,C,1,1334.3320394280504,1.0,0,1,typing
SYNTHETIC DEMONSTRATION ONLY - NOT HUMAN EXPERIMENT RESULTS,1073080,C,1,1334.357450488834,1.0,0,1,typing
SYNTHETIC DEMONSTRATION ONLY - NOT HUMAN EXPERIMENT RESULTS,1073100,C,1,1334.3823732541957,1.0,0,1,typing
SYNTHETIC DEMONSTRATION ONLY - NOT HUMAN EXPERIMENT RESULTS,1073120,C,1,1334.4068073699282,1.0,0,1,typing
SYNTHETIC DEMONSTRATION ONLY - NOT HUMAN EXPERIMENT RESULTS,1073140,C,1,1334.430752488768,1.0,0,1,typing
SYNTHETIC DEMONSTRATION ONLY - NOT HUMAN EXPERIMENT RESULTS,1073160,C,1,1334.4542082704022,1.0,0,1,typing
SYNTHETIC DEMONSTRATION ONLY - NOT HUMAN EXPERIMENT RESULTS,1073180,C,1,1334.4771743814724,1.0,0,1,typing
SYNTHETIC DEMONSTRATION ONLY - NOT HUMAN EXPERIMENT RESULTS,1073200,C,1,1334.4996504955793,1.0,0,1,typing
SYNTHETIC DEMONSTRATION ONLY - NOT HUMAN EXPERIMENT RESULTS,1073220,C,1,1334.5216362932877,1.0,0,1,typing
SYNTHETIC DEMONSTRATION ONLY - NOT HUMAN EXPERIMENT RESULTS,1073240,C,1,1334.54313146213,1.0,0,1,typing
SYNTHETIC DEMONSTRATION ONLY - NOT HUMAN EXPERIMENT RESULTS,1073260,C,1,1334.5641356966134,1.0,0,1,typing
SYNTHETIC DEMONSTRATION ONLY - NOT HUMAN EXPERIMENT RESULTS,1073280,C,1,1334.5846486982202,1.0,0,1,typing
SYNTHETIC DEMONSTRATION ONLY - NOT HUMAN EXPERIMENT RESULTS,1073300,C,1,1334.604670175416,1.0,0,1,typing
SYNTHETIC DEMONSTRATION ONLY - NOT HUMAN EXPERIMENT RESULTS,1073320,C,1,1334.624199843651,1.0,0,1,typing
SYNTHETIC DEMONSTRATION ONLY - NOT HUMAN EXPERIMENT RESULTS,1073340,C,1,1334.6432374253652,1.0,0,1,typing
SYNTHETIC DEMONSTRATION ONLY - NOT HUMAN EXPERIMENT RESULTS,1073360,C,1,1334.6617826499926,1.0,0,1,typing
SYNTHETIC DEMONSTRATION ONLY - NOT HUMAN EXPERIMENT RESULTS,1073380,C,1,1334.6798352539645,1.0,0,1,typing
SYNTHETIC DEMONSTRATION ONLY - NOT HUMAN EXPERIMENT RESULTS,1073400,C,1,1334.6973949807136,1.0,0,1,typing
SYNTHETIC DEMONSTRATION ONLY - NOT HUMAN EXPERIMENT RESULTS,1073420,C,1,1334.714461580677,1.0,0,1,typing
SYNTHETIC DEMONSTRATION ONLY - NOT HUMAN EXPERIMENT RESULTS,1073440,C,1,1334.7310348113008,1.0,0,1,typing
SYNTHETIC DEMONSTRATION ONLY - NOT HUMAN EXPERIMENT RESULTS,1073460,C,1,1334.7471144370425,1.0,0,1,typing
SYNTHETIC DEMONSTRATION ONLY - NOT HUMAN EXPERIMENT RESULTS,1073480,C,1,1334.7627002293752,1.0,0,1,typing
SYNTHETIC DEMONSTRATION ONLY - NOT HUMAN EXPERIMENT RESULTS,1073500,C,1,1334.7777919667901,1.0,0,1,typing
SYNTHETIC DEMONSTRATION ONLY - NOT HUMAN EXPERIMENT RESULTS,1073520,C,1,1334.7923894348005,1.0,0,1,typing
SYNTHETIC DEMONSTRATION ONLY - NOT HUMAN EXPERIMENT RESULTS,1073540,C,1,1334.8064924259438,1.0,0,1,typing
SYNTHETIC DEMONSTRATION ONLY - NOT HUMAN EXPERIMENT RESULTS,1073560,C,1,1334.8201007397854,1.0,0,1,typing
SYNTHETIC DEMONSTRATION ONLY - NOT HUMAN EXPERIMENT RESULTS,1073580,C,1,1334.833214182921,1.0,0,1,typing
SYNTHETIC DEMONSTRATION ONLY - NOT HUMAN EXPERIMENT RESULTS,1073600,C,1,1334.8458325689796,1.0,0,1,typing
SYNTHETIC DEMONSTRATION ONLY - NOT HUMAN EXPERIMENT RESULTS,1073620,C,1,1334.8579557186258,1.0,0,1,typing
SYNTHETIC DEMONSTRATION ONLY - NOT HUMAN EXPERIMENT RESULTS,1073640,C,1,1334.8695834595633,1.0,0,1,typing
SYNTHETIC DEMONSTRATION ONLY - NOT HUMAN EXPERIMENT RESULTS,1073660,C,1,1334.8807156265354,1.0,0,1,typing
SYNTHETIC DEMONSTRATION ONLY - NOT HUMAN EXPERIMENT RESULTS,1073680,C,1,1334.89135206133,1.0,0,1,typing
SYNTHETIC DEMONSTRATION ONLY - NOT HUMAN EXPERIMENT RESULTS,1073700,C,1,1334.9014926127797,1.0,0,1,typing
SYNTHETIC DEMONSTRATION ONLY - NOT HUMAN EXPERIMENT RESULTS,1073720,C,1,1334.9111371367649,1.0,0,1,typing
SYNTHETIC DEMONSTRATION ONLY - NOT HUMAN EXPERIMENT RESULTS,1073740,C,1,1334.920285496215,1.0,0,1,typing
SYNTHETIC DEMONSTRATION ONLY - NOT HUMAN EXPERIMENT RESULTS,1073760,C,1,1334.9289375611122,1.0,0,1,typing
SYNTHETIC DEMONSTRATION ONLY - NOT HUMAN EXPERIMENT RESULTS,1073780,C,1,1334.9370932084912,1.0,0,1,typing
SYNTHETIC DEMONSTRATION ONLY - NOT HUMAN EXPERIMENT RESULTS,1073800,C,1,1334.9447523224421,1.0,0,1,typing
SYNTHETIC DEMONSTRATION ONLY - NOT HUMAN EXPERIMENT RESULTS,1073820,C,1,1334.9519147941123,1.0,0,1,typing
SYNTHETIC DEMONSTRATION ONLY - NOT HUMAN EXPERIMENT RESULTS,1073840,C,1,1334.958580521707,1.0,0,1,typing
SYNTHETIC DEMONSTRATION ONLY - NOT HUMAN EXPERIMENT RESULTS,1073860,C,1,1334.9647494104915,1.0,0,1,typing
SYNTHETIC DEMONSTRATION ONLY - NOT HUMAN EXPERIMENT RESULTS,1073880,C,1,1334.9704213727923,1.0,0,1,typing
SYNTHETIC DEMONSTRATION ONLY - NOT HUMAN EXPERIMENT RESULTS,1073900,C,1,1334.9755963279981,1.0,0,1,typing
SYNTHETIC DEMONSTRATION ONLY - NOT HUMAN EXPERIMENT RESULTS,1073920,C,1,1334.9802742025613,1.0,0,1,typing
SYNTHETIC DEMONSTRATION ONLY - NOT HUMAN EXPERIMENT RESULTS,1073940,C,1,1334.9844549299992,1.0,0,1,typing
SYNTHETIC DEMONSTRATION ONLY - NOT HUMAN EXPERIMENT RESULTS,1073960,C,1,1334.9881384508942,1.0,0,1,typing
SYNTHETIC DEMONSTRATION ONLY - NOT HUMAN EXPERIMENT RESULTS,1073980,C,1,1334.9913247128954,1.0,0,1,typing
SYNTHETIC DEMONSTRATION ONLY - NOT HUMAN EXPERIMENT RESULTS,1074000,C,1,1334.994013670719,1.0,0,1,typing
SYNTHETIC DEMONSTRATION ONLY - NOT HUMAN EXPERIMENT RESULTS,1074020,C,1,1334.9962052861488,1.0,0,1,typing
SYNTHETIC DEMONSTRATION ONLY - NOT HUMAN EXPERIMENT RESULTS,1074040,C,1,1334.9978995280374,1.0,0,1,typing
SYNTHETIC DEMONSTRATION ONLY - NOT HUMAN EXPERIMENT RESULTS,1074060,C,1,1334.9990963723055,1.0,0,1,typing
SYNTHETIC DEMONSTRATION ONLY - NOT HUMAN EXPERIMENT RESULTS,1074080,C,1,1334.9997958019435,1.0,0,1,typing
SYNTHETIC DEMONSTRATION ONLY - NOT HUMAN EXPERIMENT RESULTS,1074100,C,1,1334.999997807011,1.0,0,1,typing
SYNTHETIC DEMONSTRATION ONLY - NOT HUMAN EXPERIMENT RESULTS,1074120,C,1,1334.9997023846367,1.0,0,1,typing
SYNTHETIC DEMONSTRATION ONLY - NOT HUMAN EXPERIMENT RESULTS,1074140,C,1,1334.9989095390197,1.0,0,1,typing
SYNTHETIC DEMONSTRATION ONLY - NOT HUMAN EXPERIMENT RESULTS,1074160,C,1,1334.997619281428,1.0,0,1,typing
SYNTHETIC DEMONSTRATION ONLY - NOT HUMAN EXPERIMENT RESULTS,1074180,C,1,1334.9958316301986,1.0,0,1,typing
SYNTHETIC DEMONSTRATION ONLY - NOT HUMAN EXPERIMENT RESULTS,1074200,C,1,1334.9935466107386,1.0,0,1,typing
SYNTHETIC DEMONSTRATION ONLY - NOT HUMAN EXPERIMENT RESULTS,1074220,C,1,1334.9907642555227,1.0,0,1,typing
SYNTHETIC DEMONSTRATION ONLY - NOT HUMAN EXPERIMENT RESULTS,1074240,C,1,1334.9874846040943,1.0,0,1,typing
SYNTHETIC DEMONSTRATION ONLY - NOT HUMAN EXPERIMENT RESULTS,1074260,C,1,1334.983707703065,1.0,0,1,typing
SYNTHETIC DEMONSTRATION ONLY - NOT HUMAN EXPERIMENT RESULTS,1074280,C,1,1334.9794336061125,1.0,0,1,typing
SYNTHETIC DEMONSTRATION ONLY - NOT HUMAN EXPERIMENT RESULTS,1074300,C,1,1334.9746623739811,1.0,0,1,typing
SYNTHETIC DEMONSTRATION ONLY - NOT HUMAN EXPERIMENT RESULTS,1074320,C,1,1334.969394074481,1.0,0,1,typing
SYNTHETIC DEMONSTRATION ONLY - NOT HUMAN EXPERIMENT RESULTS,1074340,C,1,1334.9636287824862,1.0,0,1,typing
SYNTHETIC DEMONSTRATION ONLY - NOT HUMAN EXPERIMENT RESULTS,1074360,C,1,1334.9573665799342,1.0,0,1,typing
SYNTHETIC DEMONSTRATION ONLY - NOT HUMAN EXPERIMENT RESULTS,1074380,C,1,1334.9506075558247,1.0,0,1,typing
SYNTHETIC DEMONSTRATION ONLY - NOT HUMAN EXPERIMENT RESULTS,1074400,C,1,1334.9433518062185,1.0,0,1,typing
SYNTHETIC DEMONSTRATION ONLY - NOT HUMAN EXPERIMENT RESULTS,1074420,C,1,1334.9355994342359,1.0,0,1,typing
SYNTHETIC DEMONSTRATION ONLY - NOT HUMAN EXPERIMENT RESULTS,1074440,C,1,1334.927350550055,1.0,0,1,typing
SYNTHETIC DEMONSTRATION ONLY - NOT HUMAN EXPERIMENT RESULTS,1074460,C,1,1334.918605270911,1.0,0,1,typing
SYNTHETIC DEMONSTRATION ONLY - NOT HUMAN EXPERIMENT RESULTS,1074480,C,1,1334.9093637210938,1.0,0,1,typing
SYNTHETIC DEMONSTRATION ONLY - NOT HUMAN EXPERIMENT RESULTS,1074500,C,1,1334.899626031946,1.0,0,1,typing
SYNTHETIC DEMONSTRATION ONLY - NOT HUMAN EXPERIMENT RESULTS,1074520,C,1,1334.8893923418616,1.0,0,1,typing
SYNTHETIC DEMONSTRATION ONLY - NOT HUMAN EXPERIMENT RESULTS,1074540,C,1,1334.8786627962843,1.0,0,1,typing
SYNTHETIC DEMONSTRATION ONLY - NOT HUMAN EXPERIMENT RESULTS,1074560,C,1,1334.8674375477044,1.0,0,1,typing
SYNTHETIC DEMONSTRATION ONLY - NOT HUMAN EXPERIMENT RESULTS,1074580,C,1,1334.8557167556578,1.0,0,1,typing
SYNTHETIC DEMONSTRATION ONLY - NOT HUMAN EXPERIMENT RESULTS,1074600,C,1,1334.8435005867227,1.0,0,1,typing
SYNTHETIC DEMONSTRATION ONLY - NOT HUMAN EXPERIMENT RESULTS,1074620,C,1,1334.830789214518,1.0,0,1,typing
SYNTHETIC DEMONSTRATION ONLY - NOT HUMAN EXPERIMENT RESULTS,1074640,C,1,1334.8175828197006,1.0,0,1,typing
SYNTHETIC DEMONSTRATION ONLY - NOT HUMAN EXPERIMENT RESULTS,1074660,C,1,1334.8038815899624,1.0,0,1,typing
SYNTHETIC DEMONSTRATION ONLY - NOT HUMAN EXPERIMENT RESULTS,1074680,C,1,1334.789685720028,1.0,0,1,typing
SYNTHETIC DEMONSTRATION ONLY - NOT HUMAN EXPERIMENT RESULTS,1074700,C,1,1334.7749954116528,1.0,0,1,typing
SYNTHETIC DEMONSTRATION ONLY - NOT HUMAN EXPERIMENT RESULTS,1074720,C,1,1334.7598108736179,1.0,0,1,typing
SYNTHETIC DEMONSTRATION ONLY - NOT HUMAN EXPERIMENT RESULTS,1074740,C,1,1334.7441323217292,1.0,0,1,typing
SYNTHETIC DEMONSTRATION ONLY - NOT HUMAN EXPERIMENT RESULTS,1074760,C,1,1334.7279599788144,1.0,0,1,typing
SYNTHETIC DEMONSTRATION ONLY - NOT HUMAN EXPERIMENT RESULTS,1074780,C,1,1334.7112940747174,1.0,0,1,typing
SYNTHETIC DEMONSTRATION ONLY - NOT HUMAN EXPERIMENT RESULTS,1074800,C,1,1334.694134846298,1.0,0,1,typing
SYNTHETIC DEMONSTRATION ONLY - NOT HUMAN EXPERIMENT RESULTS,1074820,C,1,1334.6764825374269,1.0,0,1,typing
SYNTHETIC DEMONSTRATION ONLY - NOT HUMAN EXPERIMENT RESULTS,1074840,C,1,1334.6583373989824,1.0,0,1,typing
SYNTHETIC DEMONSTRATION ONLY - NOT HUMAN EXPERIMENT RESULTS,1074860,C,1,1334.639699688847,1.0,0,1,typing
SYNTHETIC DEMONSTRATION ONLY - NOT HUMAN EXPERIMENT RESULTS,1074880,C,1,1334.620569671904,1.0,0,1,typing
SYNTHETIC DEMONSTRATION ONLY - NOT HUMAN EXPERIMENT RESULTS,1074900,C,1,1334.600947620033,1.0,0,1,typing
SYNTHETIC DEMONSTRATION ONLY - NOT HUMAN EXPERIMENT RESULTS,1074920,C,1,1334.5808338121067,1.0,0,1,typing
SYNTHETIC DEMONSTRATION ONLY - NOT HUMAN EXPERIMENT RESULTS,1074940,C,1,1334.5602285339874,1.0,0,1,typing
SYNTHETIC DEMONSTRATION ONLY - NOT HUMAN EXPERIMENT RESULTS,1074960,C,1,1334.5391320785213,1.0,0,1,typing
SYNTHETIC DEMONSTRATION ONLY - NOT HUMAN EXPERIMENT RESULTS,1074980,C,1,1334.5175447455358,1.0,0,1,typing
SYNTHETIC DEMONSTRATION ONLY - NOT HUMAN EXPERIMENT RESULTS,1075000,C,1,1334.4954668418345,1.0,0,1,typing
SYNTHETIC DEMONSTRATION ONLY - NOT HUMAN EXPERIMENT RESULTS,1075020,C,1,1334.4728986811938,1.0,0,1,typing
SYNTHETIC DEMONSTRATION ONLY - NOT HUMAN EXPERIMENT RESULTS,1075040,C,1,1334.4498405843567,1.0,0,1,typing
SYNTHETIC DEMONSTRATION ONLY - NOT HUMAN EXPERIMENT RESULTS,1075060,C,1,1334.4262928790301,1.0,0,1,typing
SYNTHETIC DEMONSTRATION ONLY - NOT HUMAN EXPERIMENT RESULTS,1075080,C,1,1334.402255899879,1.0,0,1,typing
SYNTHETIC DEMONSTRATION ONLY - NOT HUMAN EXPERIMENT RESULTS,1075100,C,1,1334.3777299885219,1.0,0,1,typing
SYNTHETIC DEMONSTRATION ONLY - NOT HUMAN EXPERIMENT RESULTS,1075120,C,1,1334.3527154935261,1.0,0,1,typing
SYNTHETIC DEMONSTRATION ONLY - NOT HUMAN EXPERIMENT RESULTS,1075140,C,1,1334.3272127704035,1.0,0,1,typing
SYNTHETIC DEMONSTRATION ONLY - NOT HUMAN EXPERIMENT RESULTS,1075160,C,1,1334.301222181604,1.0,0,1,typing
SYNTHETIC DEMONSTRATION ONLY - NOT HUMAN EXPERIMENT RESULTS,1075180,C,1,1334.2747440965113,1.0,0,1,typing
SYNTHETIC DEMONSTRATION ONLY - NOT HUMAN EXPERIMENT RESULTS,1075200,C,1,1334.2477788914375,1.0,0,1,typing
SYNTHETIC DEMONSTRATION ONLY - NOT HUMAN EXPERIMENT RESULTS,1075220,C,1,1334.2203269496183,1.0,0,1,typing
SYNTHETIC DEMONSTRATION ONLY - NOT HUMAN EXPERIMENT RESULTS,1075240,C,1,1334.1923886612062,1.0,0,1,typing
SYNTHETIC DEMONSTRATION ONLY - NOT HUMAN EXPERIMENT RESULTS,1075260,C,1,1334.163964423266,1.0,0,1,typing
SYNTHETIC DEMONSTRATION ONLY - NOT HUMAN EXPERIMENT RESULTS,1075280,C,1,1334.1350546397694,1.0,0,1,typing
SYNTHETIC DEMONSTRATION ONLY - NOT HUMAN EXPERIMENT RESULTS,1075300,C,1,1334.1056597215882,1.0,0,1,typing
SYNTHETIC DEMONSTRATION ONLY - NOT HUMAN EXPERIMENT RESULTS,1075320,C,1,1334.0757800864892,1.0,0,1,typing
SYNTHETIC DEMONSTRATION ONLY - NOT HUMAN EXPERIMENT RESULTS,1075340,C,1,1334.0454161591285,1.0,0,1,typing
SYNTHETIC DEMONSTRATION ONLY - NOT HUMAN EXPERIMENT RESULTS,1075360,C,1,1334.0145683710443,1.0,0,1,typing
SYNTHETIC DEMONSTRATION ONLY - NOT HUMAN EXPERIMENT RESULTS,1075380,C,1,1333.9832371606522,1.0,0,1,typing
SYNTHETIC DEMONSTRATION ONLY - NOT HUMAN EXPERIMENT RESULTS,1075400,C,1,1333.9514229732379,1.0,0,1,typing
SYNTHETIC DEMONSTRATION ONLY - NOT HUMAN EXPERIMENT RESULTS,1075420,C,1,1333.9191262609513,1.0,0,1,typing
SYNTHETIC DEMONSTRATION ONLY - NOT HUMAN EXPERIMENT RESULTS,1075440,C,1,1333.8863474828006,1.0,0,1,typing
SYNTHETIC DEMONSTRATION ONLY - NOT HUMAN EXPERIMENT RESULTS,1075460,C,1,1333.8530871046446,1.0,0,1,typing
SYNTHETIC DEMONSTRATION ONLY - NOT HUMAN EXPERIMENT RESULTS,1075480,C,1,1333.8193455991868,1.0,0,1,typing
SYNTHETIC DEMONSTRATION ONLY - NOT HUMAN EXPERIMENT RESULTS,1075500,C,1,1333.7851234459688,1.0,0,1,typing
SYNTHETIC DEMONSTRATION ONLY - NOT HUMAN EXPERIMENT RESULTS,1075520,C,1,1333.750421131363,1.0,0,1,typing
SYNTHETIC DEMONSTRATION ONLY - NOT HUMAN EXPERIMENT RESULTS,1075540,C,1,1333.715239148566,1.0,0,1,typing
SYNTHETIC DEMONSTRATION ONLY - NOT HUMAN EXPERIMENT RESULTS,1075560,C,1,1333.679577997592,1.0,0,1,typing
SYNTHETIC DEMONSTRATION ONLY - NOT HUMAN EXPERIMENT RESULTS,1075580,C,1,1333.643438185265,1.0,0,1,typing
SYNTHETIC DEMONSTRATION ONLY - NOT HUMAN EXPERIMENT RESULTS,1075600,C,1,1333.606820225211,1.0,0,1,typing
SYNTHETIC DEMONSTRATION ONLY - NOT HUMAN EXPERIMENT RESULTS,1075620,C,1,1333.5697246378531,1.0,0,1,typing
SYNTHETIC DEMONSTRATION ONLY - NOT HUMAN EXPERIMENT RESULTS,1075640,C,1,1333.5321519504012,1.0,0,1,typing
SYNTHETIC DEMONSTRATION ONLY - NOT HUMAN EXPERIMENT RESULTS,1075660,C,1,1333.4941026968465,1.0,0,1,typing
SYNTHETIC DEMONSTRATION ONLY - NOT HUMAN EXPERIMENT RESULTS,1075680,C,1,1333.455577417953,1.0,0,1,typing
SYNTHETIC DEMONSTRATION ONLY - NOT HUMAN EXPERIMENT RESULTS,1075700,C,1,1333.4165766612505,1.0,0,1,typing
SYNTHETIC DEMONSTRATION ONLY - NOT HUMAN EXPERIMENT RESULTS,1075720,C,1,1333.3771009810257,1.0,0,1,typing
SYNTHETIC DEMONSTRATION ONLY - NOT HUMAN EXPERIMENT RESULTS,1075740,C,1,1333.3371509383155,1.0,0,1,typing
SYNTHETIC DEMONSTRATION ONLY - NOT HUMAN EXPERIMENT RESULTS,1075760,C,1,1333.2967271008986,1.0,0,1,typing
SYNTHETIC DEMONSTRATION ONLY - NOT HUMAN EXPERIMENT RESULTS,1075780,C,1,1333.2558300432872,1.0,0,1,typing
SYNTHETIC DEMONSTRATION ONLY - NOT HUMAN EXPERIMENT RESULTS,1075800,C,1,1333.2144603467189,1.0,0,1,typing
SYNTHETIC DEMONSTRATION ONLY - NOT HUMAN EXPERIMENT RESULTS,1075820,C,1,1333.1726185991486,1.0,0,1,typing
SYNTHETIC DEMONSTRATION ONLY - NOT HUMAN EXPERIMENT RESULTS,1075840,C,1,1333.1303053952404,1.0,0,1,typing
SYNTHETIC DEMONSTRATION ONLY - NOT HUMAN EXPERIMENT RESULTS,1075860,C,1,1333.0875213363583,1.0,0,1,typing
SYNTHETIC DEMONSTRATION ONLY - NOT HUMAN EXPERIMENT RESULTS,1075880,C,1,1333.0442670305586,1.0,0,1,typing
SYNTHETIC DEMONSTRATION ONLY - NOT HUMAN EXPERIMENT RESULTS,1075900,C,1,1333.0005430925808,1.0,0,1,typing
SYNTHETIC DEMONSTRATION ONLY - NOT HUMAN EXPERIMENT RESULTS,1075920,C,1,1332.9563501438388,1.0,0,1,typing
SYNTHETIC DEMONSTRATION ONLY - NOT HUMAN EXPERIMENT RESULTS,1075940,C,1,1332.911688812412,1.0,0,1,typing
SYNTHETIC DEMONSTRATION ONLY - NOT HUMAN EXPERIMENT RESULTS,1075960,C,1,1332.866559733037,1.0,0,1,typing
SYNTHETIC DEMONSTRATION ONLY - NOT HUMAN EXPERIMENT RESULTS,1075980,C,1,1332.8209635470982,1.0,0,1,typing
SYNTHETIC DEMONSTRATION ONLY - NOT HUMAN EXPERIMENT RESULTS,1076000,C,1,1332.774900902618,1.0,0,1,typing
SYNTHETIC DEMONSTRATION ONLY - NOT HUMAN EXPERIMENT RESULTS,1076020,C,1,1332.728372454248,1.0,0,1,typing
SYNTHETIC DEMONSTRATION ONLY - NOT HUMAN EXPERIMENT RESULTS,1076040,C,1,1332.6813788632614,1.0,0,1,typing
SYNTHETIC DEMONSTRATION ONLY - NOT HUMAN EXPERIMENT RESULTS,1076060,C,1,1332.633920797541,1.0,0,1,typing
SYNTHETIC DEMONSTRATION ONLY - NOT HUMAN EXPERIMENT RESULTS,1076080,C,1,1332.5859989315704,1.0,0,1,typing
SYNTHETIC DEMONSTRATION ONLY - NOT HUMAN EXPERIMENT RESULTS,1076100,C,1,1332.5376139464256,1.0,0,1,typing
SYNTHETIC DEMONSTRATION ONLY - NOT HUMAN EXPERIMENT RESULTS,1076120,C,1,1332.4887665297647,1.0,0,1,typing
SYNTHETIC DEMONSTRATION ONLY - NOT HUMAN EXPERIMENT RESULTS,1076140,C,1,1332.4394573758173,1.0,0,1,typing
SYNTHETIC DEMONSTRATION ONLY - NOT HUMAN EXPERIMENT RESULTS,1076160,C,1,1332.3896871853756,1.0,0,1,typing
SYNTHETIC DEMONSTRATION ONLY - NOT HUMAN EXPERIMENT RESULTS,1076180,C,1,1332.3394566657842,1.0,0,1,typing
SYNTHETIC DEMONSTRATION ONLY - NOT HUMAN EXPERIMENT RESULTS,1076200,C,1,1332.2887665309302,1.0,0,1,typing
SYNTHETIC DEMONSTRATION ONLY - NOT HUMAN EXPERIMENT RESULTS,1076220,C,1,1332.2376175012323,1.0,0,1,typing
SYNTHETIC DEMONSTRATION ONLY - NOT HUMAN EXPERIMENT RESULTS,1076240,C,1,1332.1860103036315,1.0,0,1,typing
SYNTHETIC DEMONSTRATION ONLY - NOT HUMAN EXPERIMENT RESULTS,1076260,C,1,1332.1339456715805,1.0,0,1,typing
SYNTHETIC DEMONSTRATION ONLY - NOT HUMAN EXPERIMENT RESULTS,1076280,C,1,1332.081424345033,1.0,0,1,typing
SYNTHETIC DEMONSTRATION ONLY - NOT HUMAN EXPERIMENT RESULTS,1076300,C,1,1332.0284470704328,1.0,0,1,typing
SYNTHETIC DEMONSTRATION ONLY - NOT HUMAN EXPERIMENT RESULTS,1076320,C,1,1331.9750146007048,1.0,0,1,typing
SYNTHETIC DEMONSTRATION ONLY - NOT HUMAN EXPERIMENT RESULTS,1076340,C,1,1331.9211276952424,1.0,0,1,typing
SYNTHETIC DEMONSTRATION ONLY - NOT HUMAN EXPERIMENT RESULTS,1076360,C,1,1331.866787119898,1.0,0,1,typing
SYNTHETIC DEMONSTRATION ONLY - NOT HUMAN EXPERIMENT RESULTS,1076380,C,1,1331.8119936469714,1.0,0,1,typing
SYNTHETIC DEMONSTRATION ONLY - NOT HUMAN EXPERIMENT RESULTS,1076400,C,1,1331.7567480551988,1.0,0,1,typing
SYNTHETIC DEMONSTRATION ONLY - NOT HUMAN EXPERIMENT RESULTS,1076420,C,1,1331.7010511297426,1.0,0,1,typing
SYNTHETIC DEMONSTRATION ONLY - NOT HUMAN EXPERIMENT RESULTS,1076440,C,1,1331.6449036621796,1.0,0,1,typing
SYNTHETIC DEMONSTRATION ONLY - NOT HUMAN EXPERIMENT RESULTS,1076460,C,1,1331.5883064504892,1.0,0,1,typing
SYNTHETIC DEMONSTRATION ONLY - NOT HUMAN EXPERIMENT RESULTS,1076480,C,1,1331.5312602990434,1.0,0,1,typing
SYNTHETIC DEMONSTRATION ONLY - NOT HUMAN EXPERIMENT RESULTS,1076500,C,1,1331.4737660185942,1.0,0,1,typing
SYNTHETIC DEMONSTRATION ONLY - NOT HUMAN EXPERIMENT RESULTS,1076520,C,1,1331.4158244262624,1.0,0,1,typing
SYNTHETIC DEMONSTRATION ONLY - NOT HUMAN EXPERIMENT RESULTS,1076540,C,1,1331.3574363455264,1.0,0,1,typing
SYNTHETIC DEMONSTRATION ONLY - NOT HUMAN EXPERIMENT RESULTS,1076560,C,1,1331.2986026062101,1.0,0,1,typing
SYNTHETIC DEMONSTRATION ONLY - NOT HUMAN EXPERIMENT RESULTS,1076580,C,1,1331.2393240444712,1.0,0,1,typing
SYNTHETIC DEMONSTRATION ONLY - NOT HUMAN EXPERIMENT RESULTS,1076600,C,1,1331.1796015027892,1.0,0,1,typing
SYNTHETIC DEMONSTRATION ONLY - NOT HUMAN EXPERIMENT RESULTS,1076620,C,1,1331.1194358299535,1.0,0,1,typing
SYNTHETIC DEMONSTRATION ONLY - NOT HUMAN EXPERIMENT RESULTS,1076640,C,1,1331.0588278810517,1.0,0,1,typing
SYNTHETIC DEMONSTRATION ONLY - NOT HUMAN EXPERIMENT RESULTS,1076660,C,1,1330.997778517457,1.0,0,1,typing
SYNTHETIC DEMONSTRATION ONLY - NOT HUMAN EXPERIMENT RESULTS,1076680,C,1,1330.9362886068157,1.0,0,1,typing
SYNTHETIC DEMONSTRATION ONLY - NOT HUMAN EXPERIMENT RESULTS,1076700,C,1,1330.8743590230356,1.0,0,1,typing
SYNTHETIC DEMONSTRATION ONLY - NOT HUMAN EXPERIMENT RESULTS,1076720,C,1,1330.8119906462732,1.0,0,1,typing
SYNTHETIC DEMONSTRATION ONLY - NOT HUMAN EXPERIMENT RESULTS,1076740,C,1,1330.7491843629214,1.0,0,1,typing
SYNTHETIC DEMONSTRATION ONLY - NOT HUMAN EXPERIMENT RESULTS,1076760,C,1,1330.6859410655961,1.0,0,1,typing
SYNTHETIC DEMONSTRATION ONLY - NOT HUMAN EXPERIMENT RESULTS,1076780,C,1,1330.6222616531247,1.0,0,1,typing
SYNTHETIC DEMONSTRATION ONLY - NOT HUMAN EXPERIMENT RESULTS,1076800,C,1,1330.558147030533,1.0,0,1,typing
SYNTHETIC DEMONSTRATION ONLY - NOT HUMAN EXPERIMENT RESULTS,1076820,C,1,1330.4935981090312,1.0,0,1,typing
SYNTHETIC DEMONSTRATION ONLY - NOT HUMAN EXPERIMENT RESULTS,1076840,C,1,1330.4286158060024,1.0,0,1,typing
SYNTHETIC DEMONSTRATION ONLY - NOT HUMAN EXPERIMENT RESULTS,1076860,C,1,1330.3632010449894,1.0,0,1,typing
SYNTHETIC DEMONSTRATION ONLY - NOT HUMAN EXPERIMENT RESULTS,1076880,C,1,1330.2973547556803,1.0,0,1,typing
SYNTHETIC DEMONSTRATION ONLY - NOT HUMAN EXPERIMENT RESULTS,1076900,C,1,1330.2310778738965,1.0,0,1,typing
SYNTHETIC DEMONSTRATION ONLY - NOT HUMAN EXPERIMENT RESULTS,1076920,C,1,1330.16437134158,1.0,0,1,typing
SYNTHETIC DEMONSTRATION ONLY - NOT HUMAN EXPERIMENT RESULTS,1076940,C,1,1330.0972361067772,1.0,0,1,typing
SYNTHETIC DEMONSTRATION ONLY - NOT HUMAN EXPERIMENT RESULTS,1076960,C,1,1330.0296731236292,1.0,0,1,typing
SYNTHETIC DEMONSTRATION ONLY - NOT HUMAN EXPERIMENT RESULTS,1076980,C,1,1329.9616833523553,1.0,0,1,typing
SYNTHETIC DEMONSTRATION ONLY - NOT HUMAN EXPERIMENT RESULTS,1077000,C,1,1329.8932677592406,1.0,0,1,typing
SYNTHETIC DEMONSTRATION ONLY - NOT HUMAN EXPERIMENT RESULTS,1077020,C,1,1329.8244273166222,1.0,0,1,typing
SYNTHETIC DEMONSTRATION ONLY - NOT HUMAN EXPERIMENT RESULTS,1077040,C,1,1329.755163002875,1.0,0,1,typing
SYNTHETIC DEMONSTRATION ONLY - NOT HUMAN EXPERIMENT RESULTS,1077060,C,1,1329.6854758023983,1.0,0,1,typing
SYNTHETIC DEMONSTRATION ONLY - NOT HUMAN EXPERIMENT RESULTS,1077080,C,1,1329.6153667056014,1.0,0,1,typing
SYNTHETIC DEMONSTRATION ONLY - NOT HUMAN EXPERIMENT RESULTS,1077100,C,1,1329.54483670889,1.0,0,1,typing
SYNTHETIC DEMONSTRATION ONLY - NOT HUMAN EXPERIMENT RESULTS,1077120,C,1,1329.4738868146515,1.0,0,1,typing
SYNTHETIC DEMONSTRATION ONLY - NOT HUMAN EXPERIMENT RESULTS,1077140,C,1,1329.4025180312403,1.0,0,1,typing
SYNTHETIC DEMONSTRATION ONLY - NOT HUMAN EXPERIMENT RESULTS,1077160,C,1,1329.3307313729656,1.0,0,1,typing
SYNTHETIC DEMONSTRATION ONLY - NOT HUMAN EXPERIMENT RESULTS,1077180,C,1,1329.258527860074,1.0,0,1,typing
SYNTHETIC DEMONSTRATION ONLY - NOT HUMAN EXPERIMENT RESULTS,1077200,C,1,1329.185908518738,1.0,0,1,typing
SYNTHETIC DEMONSTRATION ONLY - NOT HUMAN EXPERIMENT RESULTS,1077220,C,1,1329.1128743810386,1.0,0,1,typing
SYNTHETIC DEMONSTRATION ONLY - NOT HUMAN EXPERIMENT RESULTS,1077240,C,1,1329.0394264849529,1.0,0,1,typing
SYNTHETIC DEMONSTRATION ONLY - NOT HUMAN EXPERIMENT RESULTS,1077260,C,1,1328.9655658743377,1.0,0,1,typing
SYNTHETIC DEMONSTRATION ONLY - NOT HUMAN EXPERIMENT RESULTS,1077280,C,1,1328.8912935989163,1.0,0,1,typing
SYNTHETIC DEMONSTRATION ONLY - NOT HUMAN EXPERIMENT RESULTS,1077300,C,1,1328.8166107142615,1.0,0,1,typing
SYNTHETIC DEMONSTRATION ONLY - NOT HUMAN EXPERIMENT RESULTS,1077320,C,1,1328.7415182817829,1.0,0,1,typing
SYNTHETIC DEMONSTRATION ONLY - NOT HUMAN EXPERIMENT RESULTS,1077340,C,1,1328.6660173687098,1.0,0,1,typing
SYNTHETIC DEMONSTRATION ONLY - NOT HUMAN EXPERIMENT RESULTS,1077360,C,1,1328.5901090480777,1.0,0,1,typing
SYNTHETIC DEMONSTRATION ONLY - NOT HUMAN EXPERIMENT RESULTS,1077380,C,1,1328.5137943987118,1.0,0,1,typing
SYNTHETIC DEMONSTRATION ONLY - NOT HUMAN EXPERIMENT RESULTS,1077400,C,1,1328.4370745052117,1.0,0,1,typing
SYNTHETIC DEMONSTRATION ONLY - NOT HUMAN EXPERIMENT RESULTS,1077420,C,1,1328.3599504579377,1.0,0,1,typing
SYNTHETIC DEMONSTRATION ONLY - NOT HUMAN EXPERIMENT RESULTS,1077440,C,1,1328.2824233529925,1.0,0,1,typing
SYNTHETIC DEMONSTRATION ONLY - NOT HUMAN EXPERIMENT RESULTS,1077460,C,1,1328.2044942922082,1.0,0,1,typing
SYNTHETIC DEMONSTRATION ONLY - NOT HUMAN EXPERIMENT RESULTS,1077480,C,1,1328.1261643831292,1.0,0,1,typing
SYNTHETIC DEMONSTRATION ONLY - NOT HUMAN EXPERIMENT RESULTS,1077500,C,1,1328.047434738997,1.0,0,1,typing
SYNTHETIC DEMONSTRATION ONLY - NOT HUMAN EXPERIMENT RESULTS,1077520,C,1,1327.968306478734,1.0,0,1,typing
SYNTHETIC DEMONSTRATION ONLY - NOT HUMAN EXPERIMENT RESULTS,1077540,C,1,1327.8887807269277,1.0,0,1,typing
SYNTHETIC DEMONSTRATION ONLY - NOT HUMAN EXPERIMENT RESULTS,1077560,C,1,1327.8088586138156,1.0,0,1,typing
SYNTHETIC DEMONSTRATION ONLY - NOT HUMAN EXPERIMENT RESULTS,1077580,C,1,1327.7285412752674,1.0,0,1,typing
SYNTHETIC DEMONSTRATION ONLY - NOT HUMAN EXPERIMENT RESULTS,1077600,C,1,1327.6478298527704,1.0,0,1,typing
SYNTHETIC DEMONSTRATION ONLY - NOT HUMAN EXPERIMENT RESULTS,1077620,C,1,1327.5667254934126,1.0,0,1,typing
SYNTHETIC DEMONSTRATION ONLY - NOT HUMAN EXPERIMENT RESULTS,1077640,C,1,1327.4852293498666,1.0,0,1,typing
SYNTHETIC DEMONSTRATION ONLY - NOT HUMAN EXPERIMENT RESULTS,1077660,C,1,1327.4033425803727,1.0,0,1,typing
SYNTHETIC DEMONSTRATION ONLY - NOT HUMAN EXPERIMENT RESULTS,1077680,C,1,1327.3210663487232,1.0,0,1,typing
SYNTHETIC DEMONSTRATION ONLY - NOT HUMAN EXPERIMENT RESULTS,1077700,C,1,1327.2384018242458,1.0,0,1,typing
SYNTHETIC DEMONSTRATION ONLY - NOT HUMAN EXPERIMENT RESULTS,1077720,C,1,1327.155350181786,1.0,0,1,typing
SYNTHETIC DEMONSTRATION ONLY - NOT HUMAN EXPERIMENT RESULTS,1077740,C,1,1327.0719126016916,1.0,0,1,typing
SYNTHETIC DEMONSTRATION ONLY - NOT HUMAN EXPERIMENT RESULTS,1077760,C,1,1326.9880902697953,1.0,0,1,typing
SYNTHETIC DEMONSTRATION ONLY - NOT HUMAN EXPERIMENT RESULTS,1077780,C,1,1326.9038843773978,1.0,0,1,typing
SYNTHETIC DEMONSTRATION ONLY - NOT HUMAN EXPERIMENT RESULTS,1077800,C,1,1326.8192961212517,1.0,0,1,typing
SYNTHETIC DEMONSTRATION ONLY - NOT HUMAN EXPERIMENT RESULTS,1077820,C,1,1326.7343267035428,1.0,0,1,typing
SYNTHETIC DEMONSTRATION ONLY - NOT HUMAN EXPERIMENT RESULTS,1077840,C,1,1326.6489773318751,1.0,0,1,typing
SYNTHETIC DEMONSTRATION ONLY - NOT HUMAN EXPERIMENT RESULTS,1077860,C,1,1326.5632492192517,1.0,0,1,typing
SYNTHETIC DEMONSTRATION ONLY - NOT HUMAN EXPERIMENT RESULTS,1077880,C,1,1326.4771435840591,1.0,0,1,typing
SYNTHETIC DEMONSTRATION ONLY - NOT HUMAN EXPERIMENT RESULTS,1077900,C,1,1326.390661650049,1.0,0,1,typing
SYNTHETIC DEMONSTRATION ONLY - NOT HUMAN EXPERIMENT RESULTS,1077920,C,1,1326.303804646321,1.0,0,1,typing
SYNTHETIC DEMONSTRATION ONLY - NOT HUMAN EXPERIMENT RESULTS,1077940,C,1,1326.2165738073052,1.0,0,1,typing
SYNTHETIC DEMONSTRATION ONLY - NOT HUMAN EXPERIMENT RESULTS,1077960,C,1,1326.1289703727448,1.0,0,1,typing
SYNTHETIC DEMONSTRATION ONLY - NOT HUMAN EXPERIMENT RESULTS,1077980,C,1,1326.0409955876792,1.0,0,1,typing
SYNTHETIC DEMONSTRATION ONLY - NOT HUMAN EXPERIMENT RESULTS,1078000,C,1,1325.9526507024243,1.0,0,1,typing
SYNTHETIC DEMONSTRATION ONLY - NOT HUMAN EXPERIMENT RESULTS,1078020,C,1,1325.8639369725565,1.0,0,1,typing
SYNTHETIC DEMONSTRATION ONLY - NOT HUMAN EXPERIMENT RESULTS,1078040,C,1,1325.7748556588945,1.0,0,1,typing
SYNTHETIC DEMONSTRATION ONLY - NOT HUMAN EXPERIMENT RESULTS,1078060,C,1,1325.6854080274807,1.0,0,1,typing
SYNTHETIC DEMONSTRATION ONLY - NOT HUMAN EXPERIMENT RESULTS,1078080,C,1,1325.595595349564,1.0,0,1,typing
SYNTHETIC DEMONSTRATION ONLY - NOT HUMAN EXPERIMENT RESULTS,1078100,C,1,1325.5054189015816,1.0,0,1,typing
SYNTHETIC DEMONSTRATION ONLY - NOT HUMAN EXPERIMENT RESULTS,1078120,C,1,1325.4148799651402,1.0,0,1,typing
SYNTHETIC DEMONSTRATION ONLY - NOT HUMAN EXPERIMENT RESULTS,1078140,C,1,1325.3239798269983,1.0,0,1,typing
SYNTHETIC DEMONSTRATION ONLY - NOT HUMAN EXPERIMENT RESULTS,1078160,C,1,1325.2327197790485,1.0,0,1,typing
SYNTHETIC DEMONSTRATION ONLY - NOT HUMAN EXPERIMENT RESULTS,1078180,C,1,1325.141101118298,1.0,0,1,typing
SYNTHETIC DEMONSTRATION ONLY - NOT HUMAN EXPERIMENT RESULTS,1078200,C,1,1325.0491251468502,1.0,0,1,typing
SYNTHETIC DEMONSTRATION ONLY - NOT HUMAN EXPERIMENT RESULTS,1078220,C,1,1324.956793171888,1.0,0,1,typing
SYNTHETIC DEMONSTRATION ONLY - NOT HUMAN EXPERIMENT RESULTS,1078240,C,1,1324.864106505653,1.0,0,1,typing
SYNTHETIC DEMONSTRATION ONLY - NOT HUMAN EXPERIMENT RESULTS,1078260,C,1,1324.7710664654273,1.0,0,1,typing
SYNTHETIC DEMONSTRATION ONLY - NOT HUMAN EXPERIMENT RESULTS,1078280,C,1,1324.6776743735165,1.0,0,1,typing
SYNTHETIC DEMONSTRATION ONLY - NOT HUMAN EXPERIMENT RESULTS,1078300,C,1,1324.5839315572287,1.0,0,1,typing
SYNTHETIC DEMONSTRATION ONLY - NOT HUMAN EXPERIMENT RESULTS,1078320,C,1,1324.4898393488568,1.0,0,1,typing
SYNTHETIC DEMONSTRATION ONLY - NOT HUMAN EXPERIMENT RESULTS,1078340,C,1,1324.3953990856592,1.0,0,1,typing
SYNTHETIC DEMONSTRATION ONLY - NOT HUMAN EXPERIMENT RESULTS,1078360,C,1,1324.3006121098415,1.0,0,1,typing
SYNTHETIC DEMONSTRATION ONLY - NOT HUMAN EXPERIMENT RESULTS,1078380,C,1,1324.205479768536,1.0,0,1,typing
SYNTHETIC DEMONSTRATION ONLY - NOT HUMAN EXPERIMENT RESULTS,1078400,C,1,1324.110003413784,1.0,0,1,typing
SYNTHETIC DEMONSTRATION ONLY - NOT HUMAN EXPERIMENT RESULTS,1078420,C,1,1324.0141844025159,1.0,0,1,typing
SYNTHETIC DEMONSTRATION ONLY - NOT HUMAN EXPERIMENT RESULTS,1078440,C,1,1323.918024096532,1.0,0,1,typing
SYNTHETIC DEMONSTRATION ONLY - NOT HUMAN EXPERIMENT RESULTS,1078460,C,1,1323.821523862483,1.0,0,1,typing
SYNTHETIC DEMONSTRATION ONLY - NOT HUMAN EXPERIMENT RESULTS,1078480,C,1,1323.724685071851,1.0,0,1,typing
SYNTHETIC DEMONSTRATION ONLY - NOT HUMAN EXPERIMENT RESULTS,1078500,C,1,1323.627509100929,1.0,0,1,typing
SYNTHETIC DEMONSTRATION ONLY - NOT HUMAN EXPERIMENT RESULTS,1078520,C,1,1323.5299973308033,1.0,0,1,typing
SYNTHETIC DEMONSTRATION ONLY - NOT HUMAN EXPERIMENT RESULTS,1078540,C,1,1323.432151147332,1.0,0,1,typing
SYNTHETIC DEMONSTRATION ONLY - NOT HUMAN EXPERIMENT RESULTS,1078560,C,1,1323.3339719411254,1.0,0,1,typing
SYNTHETIC DEMONSTRATION ONLY - NOT HUMAN EXPERIMENT RESULTS,1078580,C,1,1323.2354611075277,1.0,0,1,typing
SYNTHETIC DEMONSTRATION ONLY - NOT HUMAN EXPERIMENT RESULTS,1078600,C,1,1323.1366200465957,1.0,0,1,typing
SYNTHETIC DEMONSTRATION ONLY - NOT HUMAN EXPERIMENT RESULTS,1078620,C,1,1323.0374501630802,1.0,0,1,typing
SYNTHETIC DEMONSTRATION ONLY - NOT HUMAN EXPERIMENT RESULTS,1078640,C,1,1322.937952866404,1.0,0,1,typing
SYNTHETIC DEMONSTRATION ONLY - NOT HUMAN EXPERIMENT RESULTS,1078660,C,1,1322.8381295706445,1.0,0,1,typing
SYNTHETIC DEMONSTRATION ONLY - NOT HUMAN EXPERIMENT RESULTS,1078680,C,1,1322.7379816945113,1.0,0,1,typing
SYNTHETIC DEMONSTRATION ONLY - NOT HUMAN EXPERIMENT RESULTS,1078700,C,1,1322.6375106613277,1.0,0,1,typing
SYNTHETIC DEMONSTRATION ONLY - NOT HUMAN EXPERIMENT RESULTS,1078720,C,1,1322.5367178990093,1.0,0,1,typing
SYNTHETIC DEMONSTRATION ONLY - NOT HUMAN EXPERIMENT RESULTS,1078740,C,1,1322.4356048400446,1.0,0,1,typing
SYNTHETIC DEMONSTRATION ONLY - NOT HUMAN EXPERIMENT RESULTS,1078760,C,1,1322.3341729214735,1.0,0,1,typing
SYNTHETIC DEMONSTRATION ONLY - NOT HUMAN EXPERIMENT RESULTS,1078780,C,1,1322.2324235848685,1.0,0,1,typing
SYNTHETIC DEMONSTRATION ONLY - NOT HUMAN EXPERIMENT RESULTS,1078800,C,1,1322.1303582763128,1.0,0,1,typing
SYNTHETIC DEMONSTRATION ONLY - NOT HUMAN EXPERIMENT RESULTS,1078820,C,1,1322.0279784463803,1.0,0,1,typing
SYNTHETIC DEMONSTRATION ONLY - NOT HUMAN EXPERIMENT RESULTS,1078840,C,1,1321.925285550115,1.0,0,1,typing
SYNTHETIC DEMONSTRATION ONLY - NOT HUMAN EXPERIMENT RESULTS,1078860,C,1,1321.8222810470104,1.0,0,1,typing
SYNTHETIC DEMONSTRATION ONLY - NOT HUMAN EXPERIMENT RESULTS,1078880,C,1,1321.7189664009884,1.0,0,1,typing
SYNTHETIC DEMONSTRATION ONLY - NOT HUMAN EXPERIMENT RESULTS,1078900,C,1,1321.6153430803786,1.0,0,1,typing
SYNTHETIC DEMONSTRATION ONLY - NOT HUMAN EXPERIMENT RESULTS,1078920,C,1,1321.511412557898,1.0,0,1,typing
SYNTHETIC DEMONSTRATION ONLY - NOT HUMAN EXPERIMENT RESULTS,1078940,C,1,1321.4071763106294,1.0,0,1,typing
SYNTHETIC DEMONSTRATION ONLY - NOT HUMAN EXPERIMENT RESULTS,1078960,C,1,1321.3026358200007,1.0,0,1,typing
SYNTHETIC DEMONSTRATION ONLY - NOT HUMAN EXPERIMENT RESULTS,1078980,C,1,1321.1977925717633,1.0,0,1,typing
SYNTHETIC DEMONSTRATION ONLY - NOT HUMAN EXPERIMENT RESULTS,1079000,C,1,1321.092648055972,1.0,0,1,typing
SYNTHETIC DEMONSTRATION ONLY - NOT HUMAN EXPERIMENT RESULTS,1079020,C,1,1320.9872037669631,1.0,0,1,typing
SYNTHETIC DEMONSTRATION ONLY - NOT HUMAN EXPERIMENT RESULTS,1079040,C,1,1320.8814612033336,1.0,0,1,typing
SYNTHETIC DEMONSTRATION ONLY - NOT HUMAN EXPERIMENT RESULTS,1079060,C,1,1320.775421867919,1.0,0,1,typing
SYNTHETIC DEMONSTRATION ONLY - NOT HUMAN EXPERIMENT RESULTS,1079080,C,1,1320.6690872677732,1.0,0,1,typing
SYNTHETIC DEMONSTRATION ONLY - NOT HUMAN EXPERIMENT RESULTS,1079100,C,1,1320.5624589141462,1.0,0,1,typing
SYNTHETIC DEMONSTRATION ONLY - NOT HUMAN EXPERIMENT RESULTS,1079120,C,1,1320.4555383224629,1.0,0,1,typing
SYNTHETIC DEMONSTRATION ONLY - NOT HUMAN EXPERIMENT RESULTS,1079140,C,1,1320.3483270123018,1.0,0,1,typing
SYNTHETIC DEMONSTRATION ONLY - NOT HUMAN EXPERIMENT RESULTS,1079160,C,1,1320.2408265073725,1.0,0,1,typing
SYNTHETIC DEMONSTRATION ONLY - NOT HUMAN EXPERIMENT RESULTS,1079180,C,1,1320.1330383354953,1.0,0,1,typing
SYNTHETIC DEMONSTRATION ONLY - NOT HUMAN EXPERIMENT RESULTS,1079200,C,1,1320.0249640285788,1.0,0,1,typing
SYNTHETIC DEMONSTRATION ONLY - NOT HUMAN EXPERIMENT RESULTS,1079220,C,1,1319.9166051225982,1.0,0,1,typing
SYNTHETIC DEMONSTRATION ONLY - NOT HUMAN EXPERIMENT RESULTS,1079240,C,1,1319.8079631575733,1.0,0,1,typing
SYNTHETIC DEMONSTRATION ONLY - NOT HUMAN EXPERIMENT RESULTS,1079260,C,1,1319.6990396775468,1.0,0,1,typing
SYNTHETIC DEMONSTRATION ONLY - NOT HUMAN EXPERIMENT RESULTS,1079280,C,1,1319.5898362305627,1.0,0,1,typing
SYNTHETIC DEMONSTRATION ONLY - NOT HUMAN EXPERIMENT RESULTS,1079300,C,1,1319.4803543686432,1.0,0,1,typing
SYNTHETIC DEMONSTRATION ONLY - NOT HUMAN EXPERIMENT RESULTS,1079320,C,1,1319.3705956477686,1.0,0,1,typing
SYNTHETIC DEMONSTRATION ONLY - NOT HUMAN EXPERIMENT RESULTS,1079340,C,1,1319.260561627853,1.0,0,1,typing
SYNTHETIC DEMONSTRATION ONLY - NOT HUMAN EXPERIMENT RESULTS,1079360,C,1,1319.1502538727232,1.0,0,1,typing
SYNTHETIC DEMONSTRATION ONLY - NOT HUMAN EXPERIMENT RESULTS,1079380,C,1,1319.0396739500964,1.0,0,1,typing
SYNTHETIC DEMONSTRATION ONLY - NOT HUMAN EXPERIMENT RESULTS,1079400,C,1,1318.9288234315586,1.0,0,1,typing
SYNTHETIC DEMONSTRATION ONLY - NOT HUMAN EXPERIMENT RESULTS,1079420,C,1,1318.8177038925407,1.0,0,1,typing
SYNTHETIC DEMONSTRATION ONLY - NOT HUMAN EXPERIMENT RESULTS,1079440,C,1,1318.7063169122976,1.0,0,1,typing
SYNTHETIC DEMONSTRATION ONLY - NOT HUMAN EXPERIMENT RESULTS,1079460,C,1,1318.5946640738844,1.0,0,1,typing
SYNTHETIC DEMONSTRATION ONLY - NOT HUMAN EXPERIMENT RESULTS,1079480,C,1,1318.4827469641355,1.0,0,1,typing
SYNTHETIC DEMONSTRATION ONLY - NOT HUMAN EXPERIMENT RESULTS,1079500,C,1,1318.3705671736407,1.0,0,1,typing
SYNTHETIC DEMONSTRATION ONLY - NOT HUMAN EXPERIMENT RESULTS,1079520,C,1,1318.2581262967228,1.0,0,1,typing
SYNTHETIC DEMONSTRATION ONLY - NOT HUMAN EXPERIMENT RESULTS,1079540,C,1,1318.1454259314157,1.0,0,1,typing
SYNTHETIC DEMONSTRATION ONLY - NOT HUMAN EXPERIMENT RESULTS,1079560,C,1,1318.0324676794412,1.0,0,1,typing
SYNTHETIC DEMONSTRATION ONLY - NOT HUMAN EXPERIMENT RESULTS,1079580,C,1,1317.919253146186,1.0,0,1,typing
SYNTHETIC DEMONSTRATION ONLY - NOT HUMAN EXPERIMENT RESULTS,1079600,C,1,1317.8057839406792,1.0,0,1,typing
SYNTHETIC DEMONSTRATION ONLY - NOT HUMAN EXPERIMENT RESULTS,1079620,C,1,1317.6920616755694,1.0,0,1,typing
SYNTHETIC DEMONSTRATION ONLY - NOT HUMAN EXPERIMENT RESULTS,1079640,C,1,1317.578087967102,1.0,0,1,typing
SYNTHETIC DEMONSTRATION ONLY - NOT HUMAN EXPERIMENT RESULTS,1079660,C,1,1317.463864435095,1.0,0,1,typing
SYNTHETIC DEMONSTRATION ONLY - NOT HUMAN EXPERIMENT RESULTS,1079680,C,1,1317.3493927029183,1.0,0,1,typing
SYNTHETIC DEMONSTRATION ONLY - NOT HUMAN EXPERIMENT RESULTS,1079700,C,1,1317.234674397468,1.0,0,1,typing
SYNTHETIC DEMONSTRATION ONLY - NOT HUMAN EXPERIMENT RESULTS,1079720,C,1,1317.1197111491458,1.0,0,1,typing
SYNTHETIC DEMONSTRATION ONLY - NOT HUMAN EXPERIMENT RESULTS,1079740,C,1,1317.0045045918337,1.0,0,1,typing
SYNTHETIC DEMONSTRATION ONLY - NOT HUMAN EXPERIMENT RESULTS,1079760,C,1,1316.8890563628715,1.0,0,1,typing
SYNTHETIC DEMONSTRATION ONLY - NOT HUMAN EXPERIMENT RESULTS,1079780,C,1,1316.7733681030345,1.0,0,1,typing
SYNTHETIC DEMONSTRATION ONLY - NOT HUMAN EXPERIMENT RESULTS,1079800,C,1,1316.6574414565086,1.0,0,1,typing
SYNTHETIC DEMONSTRATION ONLY - NOT HUMAN EXPERIMENT RESULTS,1079820,C,1,1316.5412780708684,1.0,0,1,typing
SYNTHETIC DEMONSTRATION ONLY - NOT HUMAN EXPERIMENT RESULTS,1079840,C,1,1316.4248795970527,1.0,0,1,typing
SYNTHETIC DEMONSTRATION ONLY - NOT HUMAN EXPERIMENT RESULTS,1079860,C,1,1316.3082476893414,1.0,0,1,typing
SYNTHETIC DEMONSTRATION ONLY - NOT HUMAN EXPERIMENT RESULTS,1079880,C,1,1316.1913840053319,1.0,0,1,typing
SYNTHETIC DEMONSTRATION ONLY - NOT HUMAN EXPERIMENT RESULTS,1079900,C,1,1316.074290205916,1.0,0,1,typing
SYNTHETIC DEMONSTRATION ONLY - NOT HUMAN EXPERIMENT RESULTS,1079920,C,1,1315.9569679552558,1.0,0,1,typing
SYNTHETIC DEMONSTRATION ONLY - NOT HUMAN EXPERIMENT RESULTS,1079940,C,1,1315.8394189207602,1.0,0,1,typing
SYNTHETIC DEMONSTRATION ONLY - NOT HUMAN EXPERIMENT RESULTS,1079960,C,1,1315.721644773061,1.0,0,1,typing
SYNTHETIC DEMONSTRATION ONLY - NOT HUMAN EXPERIMENT RESULTS,1079980,C,1,1315.6036471859895,1.0,0,1,typing
SYNTHETIC DEMONSTRATION ONLY - NOT HUMAN EXPERIMENT RESULTS,1080000,C,1,1315.4854278365528,1.0,0,1,typing
SYNTHETIC DEMONSTRATION ONLY - NOT HUMAN EXPERIMENT RESULTS,1080020,C,1,1315.3669884049095,1.0,0,1,typing
SYNTHETIC DEMONSTRATION ONLY - NOT HUMAN EXPERIMENT RESULTS,1080040,C,1,1315.248330574346,1.0,0,1,typing
SYNTHETIC DEMONSTRATION ONLY - NOT HUMAN EXPERIMENT RESULTS,1080060,C,1,1315.129456031253,1.0,0,1,typing
SYNTHETIC DEMONSTRATION ONLY - NOT HUMAN EXPERIMENT RESULTS,1080080,C,1,1315.0103664651006,1.0,0,1,typing
SYNTHETIC DEMONSTRATION ONLY - NOT HUMAN EXPERIMENT RESULTS,1080100,C,1,1314.891063568415,1.0,0,1,typing
SYNTHETIC DEMONSTRATION ONLY - NOT HUMAN EXPERIMENT RESULTS,1080120,C,1,1314.7715490367548,1.0,0,1,typing
SYNTHETIC DEMONSTRATION ONLY - NOT HUMAN EXPERIMENT RESULTS,1080140,C,1,1314.651824568686,1.0,0,1,typing
SYNTHETIC DEMONSTRATION ONLY - NOT HUMAN EXPERIMENT RESULTS,1080160,C,1,1314.5318918657579,1.0,0,1,typing
SYNTHETIC DEMONSTRATION ONLY - NOT HUMAN EXPERIMENT RESULTS,1080180,C,1,1314.41175263248,1.0,0,1,typing
SYNTHETIC DEMONSTRATION ONLY - NOT HUMAN EXPERIMENT RESULTS,1080200,C,1,1314.2914085762968,1.0,0,1,typing
SYNTHETIC DEMONSTRATION ONLY - NOT HUMAN EXPERIMENT RESULTS,1080220,C,1,1314.1708614075637,1.0,0,1,typing
SYNTHETIC DEMONSTRATION ONLY - NOT HUMAN EXPERIMENT RESULTS,1080240,C,1,1314.0501128395229,1.0,0,1,typing
SYNTHETIC DEMONSTRATION ONLY - NOT HUMAN EXPERIMENT RESULTS,1080260,C,1,1313.9291645882781,1.0,0,1,typing
SYNTHETIC DEMONSTRATION ONLY - NOT HUMAN EXPERIMENT RESULTS,1080280,C,1,1313.8080183727727,1.0,0,1,typing
SYNTHETIC DEMONSTRATION ONLY - NOT HUMAN EXPERIMENT RESULTS,1080300,C,1,1313.686675914762,1.0,0,1,typing
SYNTHETIC DEMONSTRATION ONLY - NOT HUMAN EXPERIMENT RESULTS,1080320,C,1,1313.5651389387908,1.0,0,1,typing
SYNTHETIC DEMONSTRATION ONLY - NOT HUMAN EXPERIMENT RESULTS,1080340,C,1,1313.443409172169,1.0,0,1,typing
SYNTHETIC DEMONSTRATION ONLY - NOT HUMAN EXPERIMENT RESULTS,1080360,C,1,1313.3214883449457,1.0,0,1,typing
SYNTHETIC DEMONSTRATION ONLY - NOT HUMAN EXPERIMENT RESULTS,1080380,C,1,1313.199378189886,1.0,0,1,typing
SYNTHETIC DEMONSTRATION ONLY - NOT HUMAN EXPERIMENT RESULTS,1080400,C,1,1313.0770804424449,1.0,0,1,typing
SYNTHETIC DEMONSTRATION ONLY - NOT HUMAN EXPERIMENT RESULTS,1080420,C,1,1312.954596840745,1.0,0,1,typing
SYNTHETIC DEMONSTRATION ONLY - NOT HUMAN EXPERIMENT RESULTS,1080440,C,1,1312.8319291255486,1.0,0,1,typing
SYNTHETIC DEMONSTRATION ONLY - NOT HUMAN EXPERIMENT RESULTS,1080460,C,1,1312.709079040236,1.0,0,1,typing
SYNTHETIC DEMONSTRATION ONLY - NOT HUMAN EXPERIMENT RESULTS,1080480,C,1,1312.5860483307786,1.0,0,1,typing
SYNTHETIC DEMONSTRATION ONLY - NOT HUMAN EXPERIMENT RESULTS,1080500,C,1,1312.462838745715,1.0,0,1,typing
SYNTHETIC DEMONSTRATION ONLY - NOT HUMAN EXPERIMENT RESULTS,1080520,C,1,1312.3394520361264,1.0,0,1,typing
SYNTHETIC DEMONSTRATION ONLY - NOT HUMAN EXPERIMENT RESULTS,1080540,C,1,1312.2158899556107,1.0,0,1,typing
SYNTHETIC DEMONSTRATION ONLY - NOT HUMAN EXPERIMENT RESULTS,1080560,C,1,1312.0921542602591,1.0,0,1,typing
SYNTHETIC DEMONSTRATION ONLY - NOT HUMAN EXPERIMENT RESULTS,1080580,C,1,1311.9682467086293,1.0,0,1,typing
SYNTHETIC DEMONSTRATION ONLY - NOT HUMAN EXPERIMENT RESULTS,1080600,C,1,1311.844169061722,1.0,0,1,typing
SYNTHETIC DEMONSTRATION ONLY - NOT HUMAN EXPERIMENT RESULTS,1080620,C,1,1311.7199230829551,1.0,0,1,typing
SYNTHETIC DEMONSTRATION ONLY - NOT HUMAN EXPERIMENT RESULTS,1080640,C,1,1311.5955105381393,1.0,0,1,typing
SYNTHETIC DEMONSTRATION ONLY - NOT HUMAN EXPERIMENT RESULTS,1080660,C,1,1311.4709331954518,1.0,0,1,typing
SYNTHETIC DEMONSTRATION ONLY - NOT HUMAN EXPERIMENT RESULTS,1080680,C,1,1311.3461928254126,1.0,0,1,typing
SYNTHETIC DEMONSTRATION ONLY - NOT HUMAN EXPERIMENT RESULTS,1080700,C,1,1311.2212912008588,1.0,0,1,typing
SYNTHETIC DEMONSTRATION ONLY - NOT HUMAN EXPERIMENT RESULTS,1080720,C,1,1311.0962300969184,1.0,0,1,typing
SYNTHETIC DEMONSTRATION ONLY - NOT HUMAN EXPERIMENT RESULTS,1080740,C,1,1310.9710112909868,1.0,0,1,typing
SYNTHETIC DEMONSTRATION ONLY - NOT HUMAN EXPERIMENT RESULTS,1080760,C,1,1310.8456365627003,1.0,0,1,typing
SYNTHETIC DEMONSTRATION ONLY - NOT HUMAN EXPERIMENT RESULTS,1080780,C,1,1310.7201076939114,1.0,0,1,typing
SYNTHETIC DEMONSTRATION ONLY - NOT HUMAN EXPERIMENT RESULTS,1080800,C,1,1310.5944264686632,1.0,0,1,typing
SYNTHETIC DEMONSTRATION ONLY - NOT HUMAN EXPERIMENT RESULTS,1080820,C,1,1310.468594673164,1.0,0,1,typing
SYNTHETIC DEMONSTRATION ONLY - NOT HUMAN EXPERIMENT RESULTS,1080840,C,1,1310.3426140957624,1.0,0,1,typing
SYNTHETIC DEMONSTRATION ONLY - NOT HUMAN EXPERIMENT RESULTS,1080860,C,1,1310.2164865269208,1.0,0,1,typing
SYNTHETIC DEMONSTRATION ONLY - NOT HUMAN EXPERIMENT RESULTS,1080880,C,1,1310.0902137591916,1.0,0,1,typing
SYNTHETIC DEMONSTRATION ONLY - NOT HUMAN EXPERIMENT RESULTS,1080900,C,1,1309.9637975871901,1.0,0,1,typing
SYNTHETIC DEMONSTRATION ONLY - NOT HUMAN EXPERIMENT RESULTS,1080920,C,1,1309.8372398075699,1.0,0,1,typing
SYNTHETIC DEMONSTRATION ONLY - NOT HUMAN EXPERIMENT RESULTS,1080940,C,1,1309.7105422189973,1.0,0,1,typing
SYNTHETIC DEMONSTRATION ONLY - NOT HUMAN EXPERIMENT RESULTS,1080960,C,1,1309.5837066221254,1.0,0,1,typing
SYNTHETIC DEMONSTRATION ONLY - NOT HUMAN EXPERIMENT RESULTS,1080980,C,1,1309.456734819569,1.0,0,1,typing
SYNTHETIC DEMONSTRATION ONLY - NOT HUMAN EXPERIMENT RESULTS,1081000,C,1,1309.329628615878,1.0,0,1,typing
SYNTHETIC DEMONSTRATION ONLY - NOT HUMAN EXPERIMENT RESULTS,1081020,C,1,1309.2023898175134,1.0,0,1,typing
SYNTHETIC DEMONSTRATION ONLY - NOT HUMAN EXPERIMENT RESULTS,1081040,C,1,1309.0750202328197,1.0,0,1,typing
SYNTHETIC DEMONSTRATION ONLY - NOT HUMAN EXPERIMENT RESULTS,1081060,C,1,1308.9475216720011,1.0,0,1,typing
SYNTHETIC DEMONSTRATION ONLY - NOT HUMAN EXPERIMENT RESULTS,1081080,C,1,1308.8198959470942,1.0,0,1,typing
SYNTHETIC DEMONSTRATION ONLY - NOT HUMAN EXPERIMENT RESULTS,1081100,C,1,1308.6921448719427,1.0,0,1,typing
SYNTHETIC DEMONSTRATION ONLY - NOT HUMAN EXPERIMENT RESULTS,1081120,C,1,1308.5642702621728,1.0,0,1,typing
SYNTHETIC DEMONSTRATION ONLY - NOT HUMAN EXPERIMENT RESULTS,1081140,C,1,1308.4362739351652,1.0,0,1,typing
SYNTHETIC DEMONSTRATION ONLY - NOT HUMAN EXPERIMENT RESULTS,1081160,C,1,1308.3081577100315,1.0,0,1,typing
SYNTHETIC DEMONSTRATION ONLY - NOT HUMAN EXPERIMENT RESULTS,1081180,C,1,1308.1799234075863,1.0,0,1,typing
SYNTHETIC DEMONSTRATION ONLY - NOT HUMAN EXPERIMENT RESULTS,1081200,C,1,1308.0515728503233,1.0,0,1,typing
SYNTHETIC DEMONSTRATION ONLY - NOT HUMAN EXPERIMENT RESULTS,1081220,C,1,1307.923107862388,1.0,0,1,typing
SYNTHETIC DEMONSTRATION ONLY - NOT HUMAN EXPERIMENT RESULTS,1081240,C,1,1307.794530269552,1.0,0,1,typing
SYNTHETIC DEMONSTRATION ONLY - NOT HUMAN EXPERIMENT RESULTS,1081260,C,1,1307.6658418991876,1.0,0,1,typing
SYNTHETIC DEMONSTRATION ONLY - NOT HUMAN EXPERIMENT RESULTS,1081280,C,1,1307.5370445802414,1.0,0,1,typing
SYNTHETIC DEMONSTRATION ONLY - NOT HUMAN EXPERIMENT RESULTS,1081300,C,1,1307.4081401432086,1.0,0,1,typing
SYNTHETIC DEMONSTRATION ONLY - NOT HUMAN EXPERIMENT RESULTS,1081320,C,1,1307.2791304201064,1.0,0,1,typing
SYNTHETIC DEMONSTRATION ONLY - NOT HUMAN EXPERIMENT RESULTS,1081340,C,1,1307.1500172444485,1.0,0,1,typing
SYNTHETIC DEMONSTRATION ONLY - NOT HUMAN EXPERIMENT RESULTS,1081360,C,1,1307.0208024512187,1.0,0,1,typing
SYNTHETIC DEMONSTRATION ONLY - NOT HUMAN EXPERIMENT RESULTS,1081380,C,1,1306.8914878768458,1.0,0,1,typing
SYNTHETIC DEMONSTRATION ONLY - NOT HUMAN EXPERIMENT RESULTS,1081400,C,1,1306.7620753591757,1.0,0,1,typing
SYNTHETIC DEMONSTRATION ONLY - NOT HUMAN EXPERIMENT RESULTS,1081420,C,1,1306.632566737447,1.0,0,1,typing
SYNTHETIC DEMONSTRATION ONLY - NOT HUMAN EXPERIMENT RESULTS,1081440,C,1,1306.5029638522635,1.0,0,1,typing
SYNTHETIC DEMONSTRATION ONLY - NOT HUMAN EXPERIMENT RESULTS,1081460,C,1,1306.3732685455695,1.0,0,1,typing
SYNTHETIC DEMONSTRATION ONLY - NOT HUMAN EXPERIMENT RESULTS,1081480,C,1,1306.2434826606222,1.0,0,1,typing
SYNTHETIC DEMONSTRATION ONLY - NOT HUMAN EXPERIMENT RESULTS,1081500,C,1,1306.1136080419662,1.0,0,1,typing
SYNTHETIC DEMONSTRATION ONLY - NOT HUMAN EXPERIMENT RESULTS,1081520,C,1,1305.9836465354074,1.0,0,1,typing
SYNTHETIC DEMONSTRATION ONLY - NOT HUMAN EXPERIMENT RESULTS,1081540,C,1,1305.8535999879866,1.0,0,1,typing
SYNTHETIC DEMONSTRATION ONLY - NOT HUMAN EXPERIMENT RESULTS,1081560,C,1,1305.723470247953,1.0,0,1,typing
SYNTHETIC DEMONSTRATION ONLY - NOT HUMAN EXPERIMENT RESULTS,1081580,C,1,1305.5932591647384,1.0,0,1,typing
SYNTHETIC DEMONSTRATION ONLY - NOT HUMAN EXPERIMENT RESULTS,1081600,C,1,1305.46296858893,1.0,0,1,typing
SYNTHETIC DEMONSTRATION ONLY - NOT HUMAN EXPERIMENT RESULTS,1081620,C,1,1305.332600372246,1.0,0,1,typing
SYNTHETIC DEMONSTRATION ONLY - NOT HUMAN EXPERIMENT RESULTS,1081640,C,1,1305.2021563675066,1.0,0,1,typing
SYNTHETIC DEMONSTRATION ONLY - NOT HUMAN EXPERIMENT RESULTS,1081660,C,1,1305.0716384286104,1.0,0,1,typing
SYNTHETIC DEMONSTRATION ONLY - NOT HUMAN EXPERIMENT RESULTS,1081680,C,1,1304.941048410506,1.0,0,1,typing
SYNTHETIC DEMONSTRATION ONLY - NOT HUMAN EXPERIMENT RESULTS,1081700,C,1,1304.8103881691668,1.0,0,1,typing
SYNTHETIC DEMONSTRATION ONLY - NOT HUMAN EXPERIMENT RESULTS,1081720,C,1,1304.6796595615638,1.0,0,1,typing
SYNTHETIC DEMONSTRATION ONLY - NOT HUMAN EXPERIMENT RESULTS,1081740,C,1,1304.54886444564,1.0,0,1,typing
SYNTHETIC DEMONSTRATION ONLY - NOT HUMAN EXPERIMENT RESULTS,1081760,C,1,1304.4180046802833,1.0,0,1,typing
SYNTHETIC DEMONSTRATION ONLY - NOT HUMAN EXPERIMENT RESULTS,1081780,C,1,1304.287082125301,1.0,0,1,typing
SYNTHETIC DEMONSTRATION ONLY - NOT HUMAN EXPERIMENT RESULTS,1081800,C,1,1304.1560986413922,1.0,0,1,typing
SYNTHETIC DEMONSTRATION ONLY - NOT HUMAN EXPERIMENT RESULTS,1081820,C,1,1304.025056090122,1.0,0,1,typing
SYNTHETIC DEMONSTRATION ONLY - NOT HUMAN EXPERIMENT RESULTS,1081840,C,1,1303.8939563338956,1.0,0,1,typing
SYNTHETIC DEMONSTRATION ONLY - NOT HUMAN EXPERIMENT RESULTS,1081860,C,1,1303.7628012359303,1.0,0,1,typing
SYNTHETIC DEMONSTRATION ONLY - NOT HUMAN EXPERIMENT RESULTS,1081880,C,1,1303.6315926602304,1.0,0,1,typing
SYNTHETIC DEMONSTRATION ONLY - NOT HUMAN EXPERIMENT RESULTS,1081900,C,1,1303.5003324715601,1.0,0,1,typing
SYNTHETIC DEMONSTRATION ONLY - NOT HUMAN EXPERIMENT RESULTS,1081920,C,1,1303.3690225354176,1.0,0,1,typing
SYNTHETIC DEMONSTRATION ONLY - NOT HUMAN EXPERIMENT RESULTS,1081940,C,1,1303.2376647180074,1.0,0,1,typing
SYNTHETIC DEMONSTRATION ONLY - NOT HUMAN EXPERIMENT RESULTS,1081960,C,1,1303.1062608862148,1.0,0,1,typing
SYNTHETIC DEMONSTRATION ONLY - NOT HUMAN EXPERIMENT RESULTS,1081980,C,1,1302.9748129075797,1.0,0,1,typing
SYNTHETIC DEMONSTRATION ONLY - NOT HUMAN EXPERIMENT RESULTS,1082000,C,1,1302.8433226502682,1.0,0,1,typing
SYNTHETIC DEMONSTRATION ONLY - NOT HUMAN EXPERIMENT RESULTS,1082020,C,1,1302.711791983048,1.0,0,1,typing
SYNTHETIC DEMONSTRATION ONLY - NOT HUMAN EXPERIMENT RESULTS,1082040,C,1,1302.5802227752613,1.0,0,1,typing
SYNTHETIC DEMONSTRATION ONLY - NOT HUMAN EXPERIMENT RESULTS,1082060,C,1,1302.4486168967976,1.0,0,1,typing
SYNTHETIC DEMONSTRATION ONLY - NOT HUMAN EXPERIMENT RESULTS,1082080,C,1,1302.3169762180678,1.0,0,1,typing
SYNTHETIC DEMONSTRATION ONLY - NOT HUMAN EXPERIMENT RESULTS,1082100,C,1,1302.1853026099773,1.0,0,1,typing
SYNTHETIC DEMONSTRATION ONLY - NOT HUMAN EXPERIMENT RESULTS,1082120,C,1,1302.0535979438996,1.0,0,1,typing
SYNTHETIC DEMONSTRATION ONLY - NOT HUMAN EXPERIMENT RESULTS,1082140,C,1,1301.9218640916495,1.0,0,1,typing
SYNTHETIC DEMONSTRATION ONLY - NOT HUMAN EXPERIMENT RESULTS,1082160,C,1,1301.7901029254563,1.0,0,1,typing
SYNTHETIC DEMONSTRATION ONLY - NOT HUMAN EXPERIMENT RESULTS,1082180,C,1,1301.6583163179382,1.0,0,1,typing
SYNTHETIC DEMONSTRATION ONLY - NOT HUMAN EXPERIMENT RESULTS,1082200,C,1,1301.5265061420748,1.0,0,1,typing
SYNTHETIC DEMONSTRATION ONLY - NOT HUMAN EXPERIMENT RESULTS,1082220,C,1,1301.39467427118,1.0,0,1,typing
SYNTHETIC DEMONSTRATION ONLY - NOT HUMAN EXPERIMENT RESULTS,1082240,C,1,1301.2628225788767,1.0,0,1,typing
SYNTHETIC DEMONSTRATION ONLY - NOT HUMAN EXPERIMENT RESULTS,1082260,C,1,1301.1309529390694,1.0,0,1,typing
SYNTHETIC DEMONSTRATION ONLY - NOT HUMAN EXPERIMENT RESULTS,1082280,C,1,1300.9990672259173,1.0,0,1,typing
SYNTHETIC DEMONSTRATION ONLY - NOT HUMAN EXPERIMENT RESULTS,1082300,C,1,1300.8671673138087,1.0,0,1,typing
SYNTHETIC DEMONSTRATION ONLY - NOT HUMAN EXPERIMENT RESULTS,1082320,C,1,1300.7352550773328,1.0,0,1,typing
SYNTHETIC DEMONSTRATION ONLY - NOT HUMAN EXPERIMENT RESULTS,1082340,C,1,1300.603332391255,1.0,0,1,typing
SYNTHETIC DEMONSTRATION ONLY - NOT HUMAN EXPERIMENT RESULTS,1082360,C,1,1300.4714011304884,1.0,0,1,typing
SYNTHETIC DEMONSTRATION ONLY - NOT HUMAN EXPERIMENT RESULTS,1082380,C,1,1300.3394631700683,1.0,0,1,typing
SYNTHETIC DEMONSTRATION ONLY - NOT HUMAN EXPERIMENT RESULTS,1082400,C,1,1300.207520385125,1.0,0,1,typing
SYNTHETIC DEMONSTRATION ONLY - NOT HUMAN EXPERIMENT RESULTS,1082420,C,1,1300.0755746508578,1.0,0,1,typing
SYNTHETIC DEMONSTRATION ONLY - NOT HUMAN EXPERIMENT RESULTS,1082440,C,1,1299.9436278425073,1.0,0,1,typing
SYNTHETIC DEMONSTRATION ONLY - NOT HUMAN EXPERIMENT RESULTS,1082460,C,1,1299.81168183533,1.0,0,1,typing
SYNTHETIC DEMONSTRATION ONLY - NOT HUMAN EXPERIMENT RESULTS,1082480,C,1,1299.679738504571,1.0,0,1,typing
SYNTHETIC DEMONSTRATION ONLY - NOT HUMAN EXPERIMENT RESULTS,1082500,C,1,1299.5477997254366,1.0,0,1,typing
SYNTHETIC DEMONSTRATION ONLY - NOT HUMAN EXPERIMENT RESULTS,1082520,C,1,1299.415867373069,1.0,0,1,typing
SYNTHETIC DEMONSTRATION ONLY - NOT HUMAN EXPERIMENT RESULTS,1082540,C,1,1299.283943322519,1.0,0,1,typing
SYNTHETIC DEMONSTRATION ONLY - NOT HUMAN EXPERIMENT RESULTS,1082560,C,1,1299.1520294487193,1.0,0,1,typing
SYNTHETIC DEMONSTRATION ONLY - NOT HUMAN EXPERIMENT RESULTS,1082580,C,1,1299.0201276264584,1.0,0,1,typing
SYNTHETIC DEMONSTRATION ONLY - NOT HUMAN EXPERIMENT RESULTS,1082600,C,1,1298.8882397303526,1.0,0,1,typing
SYNTHETIC DEMONSTRATION ONLY - NOT HUMAN EXPERIMENT RESULTS,1082620,C,1,1298.7563676348211,1.0,0,1,typing
SYNTHETIC DEMONSTRATION ONLY - NOT HUMAN EXPERIMENT RESULTS,1082640,C,1,1298.6245132140584,1.0,0,1,typing
SYNTHETIC DEMONSTRATION ONLY - NOT HUMAN EXPERIMENT RESULTS,1082660,C,1,1298.4926783420076,1.0,0,1,typing
SYNTHETIC DEMONSTRATION ONLY - NOT HUMAN EXPERIMENT RESULTS,1082680,C,1,1298.3608648923341,1.0,0,1,typing
SYNTHETIC DEMONSTRATION ONLY - NOT HUMAN EXPERIMENT RESULTS,1082700,C,1,1298.2290747383986,1.0,0,1,typing
SYNTHETIC DEMONSTRATION ONLY - NOT HUMAN EXPERIMENT RESULTS,1082720,C,1,1298.097309753231,1.0,0,1,typing
SYNTHETIC DEMONSTRATION ONLY - NOT HUMAN EXPERIMENT RESULTS,1082740,C,1,1297.9655718095034,1.0,0,1,typing
SYNTHETIC DEMONSTRATION ONLY - NOT HUMAN EXPERIMENT RESULTS,1082760,C,1,1297.8338627795038,1.0,0,1,typing
SYNTHETIC DEMONSTRATION ONLY - NOT HUMAN EXPERIMENT RESULTS,1082780,C,1,1297.7021845351087,1.0,0,1,typing
SYNTHETIC DEMONSTRATION ONLY - NOT HUMAN EXPERIMENT RESULTS,1082800,C,1,1297.5705389477575,1.0,0,1,typing
SYNTHETIC DEMONSTRATION ONLY - NOT HUMAN EXPERIMENT RESULTS,1082820,C,1,1297.4389278884255,1.0,0,1,typing
SYNTHETIC DEMONSTRATION ONLY - NOT HUMAN EXPERIMENT RESULTS,1082840,C,1,1297.3073532275973,1.0,0,1,typing
SYNTHETIC DEMONSTRATION ONLY - NOT HUMAN EXPERIMENT RESULTS,1082860,C,1,1297.1758168352399,1.0,0,1,typing
SYNTHETIC DEMONSTRATION ONLY - NOT HUMAN EXPERIMENT RESULTS,1082880,C,1,1297.0443205807767,1.0,0,1,typing
SYNTHETIC DEMONSTRATION ONLY - NOT HUMAN EXPERIMENT RESULTS,1082900,C,1,1296.9128663330603,1.0,0,1,typing
SYNTHETIC DEMONSTRATION ONLY - NOT HUMAN EXPERIMENT RESULTS,1082920,C,1,1296.7814559603466,1.0,0,1,typing
SYNTHETIC DEMONSTRATION ONLY - NOT HUMAN EXPERIMENT RESULTS,1082940,C,1,1296.6500913302682,1.0,0,1,typing
SYNTHETIC DEMONSTRATION ONLY - NOT HUMAN EXPERIMENT RESULTS,1082960,C,1,1296.5187743098068,1.0,0,1,typing
SYNTHETIC DEMONSTRATION ONLY - NOT HUMAN EXPERIMENT RESULTS,1082980,C,1,1296.3875067652684,1.0,0,1,typing
SYNTHETIC DEMONSTRATION ONLY - NOT HUMAN EXPERIMENT RESULTS,1083000,C,1,1296.2562905622551,1.0,0,1,typing
SYNTHETIC DEMONSTRATION ONLY - NOT HUMAN EXPERIMENT RESULTS,1083020,C,1,1296.1251275656396,1.0,0,1,typing
SYNTHETIC DEMONSTRATION ONLY - NOT HUMAN EXPERIMENT RESULTS,1083040,C,1,1295.9940196395382,1.0,0,1,typing
SYNTHETIC DEMONSTRATION ONLY - NOT HUMAN EXPERIMENT RESULTS,1083060,C,1,1295.8629686472852,1.0,0,1,typing
SYNTHETIC DEMONSTRATION ONLY - NOT HUMAN EXPERIMENT RESULTS,1083080,C,1,1295.7319764514052,1.0,0,1,typing
SYNTHETIC DEMONSTRATION ONLY - NOT HUMAN EXPERIMENT RESULTS,1083100,C,1,1295.601044913587,1.0,0,1,typing
SYNTHETIC DEMONSTRATION ONLY - NOT HUMAN EXPERIMENT RESULTS,1083120,C,1,1295.4701758946576,1.0,0,1,typing
SYNTHETIC DEMONSTRATION ONLY - NOT HUMAN EXPERIMENT RESULTS,1083140,C,1,1295.3393712545555,1.0,0,1,typing
SYNTHETIC DEMONSTRATION ONLY - NOT HUMAN EXPERIMENT RESULTS,1083160,C,1,1295.2086328523044,1.0,0,1,typing
SYNTHETIC DEMONSTRATION ONLY - NOT HUMAN EXPERIMENT RESULTS,1083180,C,1,1295.0779625459859,1.0,0,1,typing
SYNTHETIC DEMONSTRATION ONLY - NOT HUMAN EXPERIMENT RESULTS,1083200,C,1,1294.9473621927148,1.0,0,1,typing
SYNTHETIC DEMONSTRATION ONLY - NOT HUMAN EXPERIMENT RESULTS,1083220,C,1,1294.816833648611,1.0,0,1,typing
SYNTHETIC DEMONSTRATION ONLY - NOT HUMAN EXPERIMENT RESULTS,1083240,C,1,1294.686378768774,1.0,0,1,typing
SYNTHETIC DEMONSTRATION ONLY - NOT HUMAN EXPERIMENT RESULTS,1083260,C,1,1294.5559994072564,1.0,0,1,typing
SYNTHETIC DEMONSTRATION ONLY - NOT HUMAN EXPERIMENT RESULTS,1083280,C,1,1294.4256974170376,1.0,0,1,typing
SYNTHETIC DEMONSTRATION ONLY - NOT HUMAN EXPERIMENT RESULTS,1083300,C,1,1294.295474649997,1.0,0,1,typing
SYNTHETIC DEMONSTRATION ONLY - NOT HUMAN EXPERIMENT RESULTS,1083320,C,1,1294.1653329568887,1.0,0,1,typing
SYNTHETIC DEMONSTRATION ONLY - NOT HUMAN EXPERIMENT RESULTS,1083340,C,1,1294.0352741873144,1.0,0,1,typing
SYNTHETIC DEMONSTRATION ONLY - NOT HUMAN EXPERIMENT RESULTS,1083360,C,1,1293.9053001896966,1.0,0,1,typing
SYNTHETIC DEMONSTRATION ONLY - NOT HUMAN EXPERIMENT RESULTS,1083380,C,1,1293.775412811254,1.0,0,1,typing
SYNTHETIC DEMONSTRATION ONLY - NOT HUMAN EXPERIMENT RESULTS,1083400,C,1,1293.6456138979731,1.0,0,1,typing
SYNTHETIC DEMONSTRATION ONLY - NOT HUMAN EXPERIMENT RESULTS,1083420,C,1,1293.5159052945846,1.0,0,1,typing
SYNTHETIC DEMONSTRATION ONLY - NOT HUMAN EXPERIMENT RESULTS,1083440,C,1,1293.3862888445344,1.0,0,1,typing
SYNTHETIC DEMONSTRATION ONLY - NOT HUMAN EXPERIMENT RESULTS,1083460,C,1,1293.256766389959,1.0,0,1,typing
SYNTHETIC DEMONSTRATION ONLY - NOT HUMAN EXPERIMENT RESULTS,1083480,C,1,1293.1273397716595,1.0,0,1,typing
SYNTHETIC DEMONSTRATION ONLY - NOT HUMAN EXPERIMENT RESULTS,1083500,C,1,1292.9980108290745,1.0,0,1,typing
SYNTHETIC DEMONSTRATION ONLY - NOT HUMAN EXPERIMENT RESULTS,1083520,C,1,1292.8687814002544,1.0,0,1,typing
SYNTHETIC DEMONSTRATION ONLY - NOT HUMAN EXPERIMENT RESULTS,1083540,C,1,1292.7396533218357,1.0,0,1,typing
SYNTHETIC DEMONSTRATION ONLY - NOT HUMAN EXPERIMENT RESULTS,1083560,C,1,1292.6106284290142,1.0,0,1,typing
SYNTHETIC DEMONSTRATION ONLY - NOT HUMAN EXPERIMENT RESULTS,1083580,C,1,1292.4817085555192,1.0,0,1,typing
SYNTHETIC DEMONSTRATION ONLY - NOT HUMAN EXPERIMENT RESULTS,1083600,C,1,1292.3528955335871,1.0,0,1,typing
SYNTHETIC DEMONSTRATION ONLY - NOT HUMAN EXPERIMENT RESULTS,1083620,C,1,1292.2241911939366,1.0,0,1,typing
SYNTHETIC DEMONSTRATION ONLY - NOT HUMAN EXPERIMENT RESULTS,1083640,C,1,1292.095597365741,1.0,0,1,typing
SYNTHETIC DEMONSTRATION ONLY - NOT HUMAN EXPERIMENT RESULTS,1083660,C,1,1291.9671158766034,1.0,0,1,typing
SYNTHETIC DEMONSTRATION ONLY - NOT HUMAN EXPERIMENT RESULTS,1083680,C,1,1291.8387485525298,1.0,0,1,typing
SYNTHETIC DEMONSTRATION ONLY - NOT HUMAN EXPERIMENT RESULTS,1083700,C,1,1291.7104972179043,1.0,0,1,typing
SYNTHETIC DEMONSTRATION ONLY - NOT HUMAN EXPERIMENT RESULTS,1083720,C,1,1291.5823636954622,1.0,0,1,typing
SYNTHETIC DEMONSTRATION ONLY - NOT HUMAN EXPERIMENT RESULTS,1083740,C,1,1291.4543498062646,1.0,0,1,typing
SYNTHETIC DEMONSTRATION ONLY - NOT HUMAN EXPERIMENT RESULTS,1083760,C,1,1291.326457369672,1.0,0,1,typing
SYNTHETIC DEMONSTRATION ONLY - NOT HUMAN EXPERIMENT RESULTS,1083780,C,1,1291.198688203319,1.0,0,1,typing
SYNTHETIC DEMONSTRATION ONLY - NOT HUMAN EXPERIMENT RESULTS,1083800,C,1,1291.0710441230885,1.0,0,1,typing
SYNTHETIC DEMONSTRATION ONLY - NOT HUMAN EXPERIMENT RESULTS,1083820,C,1,1290.943526943085,1.0,0,1,typing
SYNTHETIC DEMONSTRATION ONLY - NOT HUMAN EXPERIMENT RESULTS,1083840,C,1,1290.8161384756106,1.0,0,1,typing
SYNTHETIC DEMONSTRATION ONLY - NOT HUMAN EXPERIMENT RESULTS,1083860,C,1,1290.6888805311369,1.0,0,1,typing
SYNTHETIC DEMONSTRATION ONLY - NOT HUMAN EXPERIMENT RESULTS,1083880,C,1,1290.5617549182812,1.0,0,1,typing
SYNTHETIC DEMONSTRATION ONLY - NOT HUMAN EXPERIMENT RESULTS,1083900,C,1,1290.4347634437793,1.0,0,1,typing
SYNTHETIC DEMONSTRATION ONLY - NOT HUMAN EXPERIMENT RESULTS,1083920,C,1,1290.3079079124618,1.0,0,1,typing
SYNTHETIC DEMONSTRATION ONLY - NOT HUMAN EXPERIMENT RESULTS,1083940,C,1,1290.1811901272265,1.0,0,1,typing
SYNTHETIC DEMONSTRATION ONLY - NOT HUMAN EXPERIMENT RESULTS,1083960,C,1,1290.0546118890131,1.0,0,1,typing
SYNTHETIC DEMONSTRATION ONLY - NOT HUMAN EXPERIMENT RESULTS,1083980,C,1,1289.9281749967793,1.0,0,1,typing
SYNTHETIC DEMONSTRATION ONLY - NOT HUMAN EXPERIMENT RESULTS,1084000,C,1,1289.8018812474727,1.0,0,1,typing
SYNTHETIC DEMONSTRATION ONLY - NOT HUMAN EXPERIMENT RESULTS,1084020,C,1,1289.6757324360071,1.0,0,1,typing
SYNTHETIC DEMONSTRATION ONLY - NOT HUMAN EXPERIMENT RESULTS,1084040,C,1,1289.5497303552365,1.0,0,1,typing
SYNTHETIC DEMONSTRATION ONLY - NOT HUMAN EXPERIMENT RESULTS,1084060,C,1,1289.4238767959291,1.0,0,1,typing
SYNTHETIC DEMONSTRATION ONLY - NOT HUMAN EXPERIMENT RESULTS,1084080,C,1,1289.298173546743,1.0,0,1,typing
SYNTHETIC DEMONSTRATION ONLY - NOT HUMAN EXPERIMENT RESULTS,1084100,C,1,1289.1726223941994,1.0,0,1,typing
SYNTHETIC DEMONSTRATION ONLY - NOT HUMAN EXPERIMENT RESULTS,1084120,C,1,1289.0472251226577,1.0,0,1,typing
SYNTHETIC DEMONSTRATION ONLY - NOT HUMAN EXPERIMENT RESULTS,1084140,C,1,1288.9219835142912,1.0,0,1,typing
SYNTHETIC DEMONSTRATION ONLY - NOT HUMAN EXPERIMENT RESULTS,1084160,C,1,1288.7968993490601,1.0,0,1,typing
SYNTHETIC DEMONSTRATION ONLY - NOT HUMAN EXPERIMENT RESULTS,1084180,C,1,1288.6719744046877,1.0,0,1,typing
SYNTHETIC DEMONSTRATION ONLY - NOT HUMAN EXPERIMENT RESULTS,1084200,C,1,1288.5472104566334,1.0,0,1,typing
SYNTHETIC DEMONSTRATION ONLY - NOT HUMAN EXPERIMENT RESULTS,1084220,C,1,1288.4226092780693,1.0,0,1,typing
SYNTHETIC DEMONSTRATION ONLY - NOT HUMAN EXPERIMENT RESULTS,1084240,C,1,1288.298172639854,1.0,0,1,typing
SYNTHETIC DEMONSTRATION ONLY - NOT HUMAN EXPERIMENT RESULTS,1084260,C,1,1288.1739023105076,1.0,0,1,typing
SYNTHETIC DEMONSTRATION ONLY - NOT HUMAN EXPERIMENT RESULTS,1084280,C,1,1288.0498000561865,1.0,0,1,typing
SYNTHETIC DEMONSTRATION ONLY - NOT HUMAN EXPERIMENT RESULTS,1084300,C,1,1287.9258676406582,1.0,0,1,typing
SYNTHETIC DEMONSTRATION ONLY - NOT HUMAN EXPERIMENT RESULTS,1084320,C,1,1287.8021068252772,1.0,0,1,typing
SYNTHETIC DEMONSTRATION ONLY - NOT HUMAN EXPERIMENT RESULTS,1084340,C,1,1287.6785193689582,1.0,0,1,typing
SYNTHETIC DEMONSTRATION ONLY - NOT HUMAN EXPERIMENT RESULTS,1084360,C,1,1287.5551070281526,1.0,0,1,typing
SYNTHETIC DEMONSTRATION ONLY - NOT HUMAN EXPERIMENT RESULTS,1084380,C,1,1287.4318715568231,1.0,0,1,typing
SYNTHETIC DEMONSTRATION ONLY - NOT HUMAN EXPERIMENT RESULTS,1084400,C,1,1287.3088147064182,1.0,0,1,typing
SYNTHETIC DEMONSTRATION ONLY - NOT HUMAN EXPERIMENT RESULTS,1084420,C,1,1287.1859382258485,1.0,0,1,typing
SYNTHETIC DEMONSTRATION ONLY - NOT HUMAN EXPERIMENT RESULTS,1084440,C,1,1287.0632438614605,1.0,0,1,typing
SYNTHETIC DEMONSTRATION ONLY - NOT HUMAN EXPERIMENT RESULTS,1084460,C,1,1286.9407333570127,1.0,0,1,typing
SYNTHETIC DEMONSTRATION ONLY - NOT HUMAN EXPERIMENT RESULTS,1084480,C,1,1286.8184084536508,1.0,0,1,typing
SYNTHETIC DEMONSTRATION ONLY - NOT HUMAN EXPERIMENT RESULTS,1084500,C,1,1286.6962708898825,1.0,0,1,typing
SYNTHETIC DEMONSTRATION ONLY - NOT HUMAN EXPERIMENT RESULTS,1084520,C,1,1286.5743224015525,1.0,0,1,typing
SYNTHETIC DEMONSTRATION ONLY - NOT HUMAN EXPERIMENT RESULTS,1084540,C,1,1286.4525647218188,1.0,0,1,typing
SYNTHETIC DEMONSTRATION ONLY - NOT HUMAN EXPERIMENT RESULTS,1084560,C,1,1286.330999581128,1.0,0,1,typing
SYNTHETIC DEMONSTRATION ONLY - NOT HUMAN EXPERIMENT RESULTS,1084580,C,1,1286.2096287071895,1.0,0,1,typing
SYNTHETIC DEMONSTRATION ONLY - NOT HUMAN EXPERIMENT RESULTS,1084600,C,1,1286.088453824952,1.0,0,1,typing
SYNTHETIC DEMONSTRATION ONLY - NOT HUMAN EXPERIMENT RESULTS,1084620,C,1,1285.967476656579,1.0,0,1,typing
SYNTHETIC DEMONSTRATION ONLY - NOT HUMAN EXPERIMENT RESULTS,1084640,C,1,1285.846698921424,1.0,0,1,typing
SYNTHETIC DEMONSTRATION ONLY - NOT HUMAN EXPERIMENT RESULTS,1084660,C,1,1285.7261223360056,1.0,0,1,typing
SYNTHETIC DEMONSTRATION ONLY - NOT HUMAN EXPERIMENT RESULTS,1084680,C,1,1285.605748613984,1.0,0,1,typing
SYNTHETIC DEMONSTRATION ONLY - NOT HUMAN EXPERIMENT RESULTS,1084700,C,1,1285.4855794661362,1.0,0,1,typing
SYNTHETIC DEMONSTRATION ONLY - NOT HUMAN EXPERIMENT RESULTS,1084720,C,1,1285.3656166003323,1.0,0,1,typing
SYNTHETIC DEMONSTRATION ONLY - NOT HUMAN EXPERIMENT RESULTS,1084740,C,1,1285.2458617215095,1.0,0,1,typing
SYNTHETIC DEMONSTRATION ONLY - NOT HUMAN EXPERIMENT RESULTS,1084760,C,1,1285.12631653165,1.0,0,1,typing
SYNTHETIC DEMONSTRATION ONLY - NOT HUMAN EXPERIMENT RESULTS,1084780,C,1,1285.006982729756,1.0,0,1,typing
SYNTHETIC DEMONSTRATION ONLY - NOT HUMAN EXPERIMENT RESULTS,1084800,C,1,1284.8878620118242,1.0,0,1,typing
SYNTHETIC DEMONSTRATION ONLY - NOT HUMAN EXPERIMENT RESULTS,1084820,C,1,1284.7689560708238,1.0,0,1,typing
SYNTHETIC DEMONSTRATION ONLY - NOT HUMAN EXPERIMENT RESULTS,1084840,C,1,1284.6502665966718,1.0,0,1,typing
SYNTHETIC DEMONSTRATION ONLY - NOT HUMAN EXPERIMENT RESULTS,1084860,C,1,1284.5317952762084,1.0,0,1,typing
SYNTHETIC DEMONSTRATION ONLY - NOT HUMAN EXPERIMENT RESULTS,1084880,C,1,1284.413543793173,1.0,0,1,typing
SYNTHETIC DEMONSTRATION ONLY - NOT HUMAN EXPERIMENT RESULTS,1084900,C,1,1284.2955138281807,1.0,0,1,typing
SYNTHETIC DEMONSTRATION ONLY - NOT HUMAN EXPERIMENT RESULTS,1084920,C,1,1284.177707058699,1.0,0,1,typing
SYNTHETIC DEMONSTRATION ONLY - NOT HUMAN EXPERIMENT RESULTS,1084940,C,1,1284.0601251590228,1.0,0,1,typing
SYNTHETIC DEMONSTRATION ONLY - NOT HUMAN EXPERIMENT RESULTS,1084960,C,1,1283.9427698002512,1.0,0,1,typing
SYNTHETIC DEMONSTRATION ONLY - NOT HUMAN EXPERIMENT RESULTS,1084980,C,1,1283.8256426502633,1.0,0,1,typing
SYNTHETIC DEMONSTRATION ONLY - NOT HUMAN EXPERIMENT RESULTS,1085000,C,1,1283.7087453736956,1.0,0,1,typing
SYNTHETIC DEMONSTRATION ONLY - NOT HUMAN EXPERIMENT RESULTS,1085020,C,1,1283.5920796319167,1.0,0,1,typing
SYNTHETIC DEMONSTRATION ONLY - NOT HUMAN EXPERIMENT RESULTS,1085040,C,1,1283.4756470830052,1.0,0,1,typing
SYNTHETIC DEMONSTRATION ONLY - NOT HUMAN EXPERIMENT RESULTS,1085060,C,1,1283.3594493817257,1.0,0,1,typing
SYNTHETIC DEMONSTRATION ONLY - NOT HUMAN EXPERIMENT RESULTS,1085080,C,1,1283.2434881795043,1.0,0,1,typing
SYNTHETIC DEMONSTRATION ONLY - NOT HUMAN EXPERIMENT RESULTS,1085100,C,1,1283.1277651244063,1.0,0,1,typing
SYNTHETIC DEMONSTRATION ONLY - NOT HUMAN EXPERIMENT RESULTS,1085120,C,1,1283.0122818611128,1.0,0,1,typing
SYNTHETIC DEMONSTRATION ONLY - NOT HUMAN EXPERIMENT RESULTS,1085140,C,1,1282.8970400308965,1.0,0,1,typing
SYNTHETIC DEMONSTRATION ONLY - NOT HUMAN EXPERIMENT RESULTS,1085160,C,1,1282.782041271599,1.0,0,1,typing
SYNTHETIC DEMONSTRATION ONLY - NOT HUMAN EXPERIMENT RESULTS,1085180,C,1,1282.6672872176066,1.0,0,1,typing
SYNTHETIC DEMONSTRATION ONLY - NOT HUMAN EXPERIMENT RESULTS,1085200,C,1,1282.5527794998293,1.0,0,1,typing
SYNTHETIC DEMONSTRATION ONLY - NOT HUMAN EXPERIMENT RESULTS,1085220,C,1,1282.4385197456747,1.0,0,1,typing
SYNTHETIC DEMONSTRATION ONLY - NOT HUMAN EXPERIMENT RESULTS,1085240,C,1,1282.3245095790269,1.0,0,1,typing
SYNTHETIC DEMONSTRATION ONLY - NOT HUMAN EXPERIMENT RESULTS,1085260,C,1,1282.2107506202228,1.0,0,1,typing
SYNTHETIC DEMONSTRATION ONLY - NOT HUMAN EXPERIMENT RESULTS,1085280,C,1,1282.097244486029,1.0,0,1,typing
SYNTHETIC DEMONSTRATION ONLY - NOT HUMAN EXPERIMENT RESULTS,1085300,C,1,1281.983992789619,1.0,0,1,typing
SYNTHETIC DEMONSTRATION ONLY - NOT HUMAN EXPERIMENT RESULTS,1085320,C,1,1281.87099714055,1.0,0,1,typing
SYNTHETIC DEMONSTRATION ONLY - NOT HUMAN EXPERIMENT RESULTS,1085340,C,1,1281.75825914474,1.0,0,1,typing
SYNTHETIC DEMONSTRATION ONLY - NOT HUMAN EXPERIMENT RESULTS,1085360,C,1,1281.645780404446,1.0,0,1,typing
SYNTHETIC DEMONSTRATION ONLY - NOT HUMAN EXPERIMENT RESULTS,1085380,C,1,1281.5335625182395,1.0,0,1,typing
SYNTHETIC DEMONSTRATION ONLY - NOT HUMAN EXPERIMENT RESULTS,1085400,C,1,1281.421607080985,1.0,0,1,typing
SYNTHETIC DEMONSTRATION ONLY - NOT HUMAN EXPERIMENT RESULTS,1085420,C,1,1281.3099156838175,1.0,0,1,typing
SYNTHETIC DEMONSTRATION ONLY - NOT HUMAN EXPERIMENT RESULTS,1085440,C,1,1281.1984899141187,1.0,0,1,typing
SYNTHETIC DEMONSTRATION ONLY - NOT HUMAN EXPERIMENT RESULTS,1085460,C,1,1281.0873313554955,1.0,0,1,typing
SYNTHETIC DEMONSTRATION ONLY - NOT HUMAN EXPERIMENT RESULTS,1085480,C,1,1280.9764415877569,1.0,0,1,typing
SYNTHETIC DEMONSTRATION ONLY - NOT HUMAN EXPERIMENT RESULTS,1085500,C,1,1280.8658221868923,1.0,0,1,typing
SYNTHETIC DEMONSTRATION ONLY - NOT HUMAN EXPERIMENT RESULTS,1085520,C,1,1280.7554747250479,1.0,0,1,typing
SYNTHETIC DEMONSTRATION ONLY - NOT HUMAN EXPERIMENT RESULTS,1085540,C,1,1280.6454007705054,1.0,0,1,typing
SYNTHETIC DEMONSTRATION ONLY - NOT HUMAN EXPERIMENT RESULTS,1085560,C,1,1280.5356018876596,1.0,0,1,typing
SYNTHETIC DEMONSTRATION ONLY - NOT HUMAN EXPERIMENT RESULTS,1085580,C,1,1280.4260796369954,1.0,0,1,typing
SYNTHETIC DEMONSTRATION ONLY - NOT HUMAN EXPERIMENT RESULTS,1085600,C,1,1280.3168355750665,1.0,0,1,typing
SYNTHETIC DEMONSTRATION ONLY - NOT HUMAN EXPERIMENT RESULTS,1085620,C,1,1280.207871254473,1.0,0,1,typing
SYNTHETIC DEMONSTRATION ONLY - NOT HUMAN EXPERIMENT RESULTS,1085640,C,1,1280.099188223839,1.0,0,1,typing
SYNTHETIC DEMONSTRATION ONLY - NOT HUMAN EXPERIMENT RESULTS,1085660,C,1,1279.990788027791,1.0,0,1,typing
SYNTHETIC DEMONSTRATION ONLY - NOT HUMAN EXPERIMENT RESULTS,1085680,C,1,1279.8826722069352,1.0,0,1,typing
SYNTHETIC DEMONSTRATION ONLY - NOT HUMAN EXPERIMENT RESULTS,1085700,C,1,1279.7748422978375,1.0,0,1,typing
SYNTHETIC DEMONSTRATION ONLY - NOT HUMAN EXPERIMENT RESULTS,1085720,C,1,1279.6672998329993,1.0,0,1,typing
SYNTHETIC DEMONSTRATION ONLY - NOT HUMAN EXPERIMENT RESULTS,1085740,C,1,1279.5600463408368,1.0,0,1,typing
SYNTHETIC DEMONSTRATION ONLY - NOT HUMAN EXPERIMENT RESULTS,1085760,C,1,1279.4530833456597,1.0,0,1,typing
SYNTHETIC DEMONSTRATION ONLY - NOT HUMAN EXPERIMENT RESULTS,1085780,C,1,1279.3464123676492,1.0,0,1,typing
SYNTHETIC DEMONSTRATION ONLY - NOT HUMAN EXPERIMENT RESULTS,1085800,C,1,1279.2400349228355,1.0,0,1,typing
SYNTHETIC DEMONSTRATION ONLY - NOT HUMAN EXPERIMENT RESULTS,1085820,C,1,1279.133952523078,1.0,0,1,typing
SYNTHETIC DEMONSTRATION ONLY - NOT HUMAN EXPERIMENT RESULTS,1085840,C,1,1279.0281666760422,1.0,0,1,typing
SYNTHETIC DEMONSTRATION ONLY - NOT HUMAN EXPERIMENT RESULTS,1085860,C,1,1278.9226788851793,1.0,0,1,typing
SYNTHETIC DEMONSTRATION ONLY - NOT HUMAN EXPERIMENT RESULTS,1085880,C,1,1278.8174906497043,1.0,0,1,typing
SYNTHETIC DEMONSTRATION ONLY - NOT HUMAN EXPERIMENT RESULTS,1085900,C,1,1278.7126034645744,1.0,0,1,typing
SYNTHETIC DEMONSTRATION ONLY - NOT HUMAN EXPERIMENT RESULTS,1085920,C,1,1278.6080188204694,1.0,0,1,typing
SYNTHETIC DEMONSTRATION ONLY - NOT HUMAN EXPERIMENT RESULTS,1085940,C,1,1278.503738203768,1.0,0,1,typing
SYNTHETIC DEMONSTRATION ONLY - NOT HUMAN EXPERIMENT RESULTS,1085960,C,1,1278.3997630965289,1.0,0,1,typing
SYNTHETIC DEMONSTRATION ONLY - NOT HUMAN EXPERIMENT RESULTS,1085980,C,1,1278.2960949764683,1.0,0,1,typing
SYNTHETIC DEMONSTRATION ONLY - NOT HUMAN EXPERIMENT RESULTS,1086000,C,1,1278.19273531694,1.0,0,1,typing
SYNTHETIC DEMONSTRATION ONLY - NOT HUMAN EXPERIMENT RESULTS,1086020,C,1,1278.0896855869132,1.0,0,1,typing
SYNTHETIC DEMONSTRATION ONLY - NOT HUMAN EXPERIMENT RESULTS,1086040,C,1,1277.9869472509529,1.0,0,1,typing
SYNTHETIC DEMONSTRATION ONLY - NOT HUMAN EXPERIMENT RESULTS,1086060,C,1,1277.8845217691983,1.0,0,1,typing
SYNTHETIC DEMONSTRATION ONLY - NOT HUMAN EXPERIMENT RESULTS,1086080,C,1,1277.7824105973418,1.0,0,1,typing
SYNTHETIC DEMONSTRATION ONLY - NOT HUMAN EXPERIMENT RESULTS,1086100,C,1,1277.6806151866094,1.0,0,1,typing
SYNTHETIC DEMONSTRATION ONLY - NOT HUMAN EXPERIMENT RESULTS,1086120,C,1,1277.5791369837395,1.0,0,1,typing
SYNTHETIC DEMONSTRATION ONLY - NOT HUMAN EXPERIMENT RESULTS,1086140,C,1,1277.4779774309618,1.0,0,1,typing
SYNTHETIC DEMONSTRATION ONLY - NOT HUMAN EXPERIMENT RESULTS,1086160,C,1,1277.3771379659775,1.0,0,1,typing
SYNTHETIC DEMONSTRATION ONLY - NOT HUMAN EXPERIMENT RESULTS,1086180,C,1,1277.2766200219382,1.0,0,1,typing
SYNTHETIC DEMONSTRATION ONLY - NOT HUMAN EXPERIMENT RESULTS,1086200,C,1,1277.1764250274268,1.0,0,1,typing
SYNTHETIC DEMONSTRATION ONLY - NOT HUMAN EXPERIMENT RESULTS,1086220,C,1,1277.0765544064361,1.0,0,1,typing
SYNTHETIC DEMONSTRATION ONLY - NOT HUMAN EXPERIMENT RESULTS,1086240,C,1,1276.9770095783483,1.0,0,1,typing
SYNTHETIC DEMONSTRATION ONLY - NOT HUMAN EXPERIMENT RESULTS,1086260,C,1,1276.8777919579159,1.0,0,1,typing
SYNTHETIC DEMONSTRATION ONLY - NOT HUMAN EXPERIMENT RESULTS,1086280,C,1,1276.778902955241,1.0,0,1,typing
SYNTHETIC DEMONSTRATION ONLY - NOT HUMAN EXPERIMENT RESULTS,1086300,C,1,1276.6803439757548,1.0,0,1,typing
SYNTHETIC DEMONSTRATION ONLY - NOT HUMAN EXPERIMENT RESULTS,1086320,C,1,1276.582116420199,1.0,0,1,typing
SYNTHETIC DEMONSTRATION ONLY - NOT HUMAN EXPERIMENT RESULTS,1086340,C,1,1276.4842216846048,1.0,0,1,typing
SYNTHETIC DEMONSTRATION ONLY - NOT HUMAN EXPERIMENT RESULTS,1086360,C,1,1276.3866611602725,1.0,0,1,typing
SYNTHETIC DEMONSTRATION ONLY - NOT HUMAN EXPERIMENT RESULTS,1086380,C,1,1276.2894362337533,1.0,0,1,typing
SYNTHETIC DEMONSTRATION ONLY - NOT HUMAN EXPERIMENT RESULTS,1086400,C,1,1276.192548286829,1.0,0,1,typing
SYNTHETIC DEMONSTRATION ONLY - NOT HUMAN EXPERIMENT RESULTS,1086420,C,1,1276.095998696491,1.0,0,1,typing
SYNTHETIC DEMONSTRATION ONLY - NOT HUMAN EXPERIMENT RESULTS,1086440,C,1,1275.9997888349235,1.0,0,1,typing
SYNTHETIC DEMONSTRATION ONLY - NOT HUMAN EXPERIMENT RESULTS,1086460,C,1,1275.9039200694813,1.0,0,1,typing
SYNTHETIC DEMONSTRATION ONLY - NOT HUMAN EXPERIMENT RESULTS,1086480,C,1,1275.8083937626716,1.0,0,1,typing
SYNTHETIC DEMONSTRATION ONLY - NOT HUMAN EXPERIMENT RESULTS,1086500,C,1,1275.7132112721347,1.0,0,1,typing
SYNTHETIC DEMONSTRATION ONLY - NOT HUMAN EXPERIMENT RESULTS,1086520,C,1,1275.6183739506246,1.0,0,1,typing
SYNTHETIC DEMONSTRATION ONLY - NOT HUMAN EXPERIMENT RESULTS,1086540,C,1,1275.5238831459894,1.0,0,1,typing
SYNTHETIC DEMONSTRATION ONLY - NOT HUMAN EXPERIMENT RESULTS,1086560,C,1,1275.429740201153,1.0,0,1,typing
SYNTHETIC DEMONSTRATION ONLY - NOT HUMAN EXPERIMENT RESULTS,1086580,C,1,1275.3359464540945,1.0,0,1,typing
SYNTHETIC DEMONSTRATION ONLY - NOT HUMAN EXPERIMENT RESULTS,1086600,C,1,1275.242503237831,1.0,0,1,typing
SYNTHETIC DEMONSTRATION ONLY - NOT HUMAN EXPERIMENT RESULTS,1086620,C,1,1275.1494118803973,1.0,0,1,typing
SYNTHETIC DEMONSTRATION ONLY - NOT HUMAN EXPERIMENT RESULTS,1086640,C,1,1275.0566737048277,1.0,0,1,typing
SYNTHETIC DEMONSTRATION ONLY - NOT HUMAN EXPERIMENT RESULTS,1086660,C,1,1274.9642900291371,1.0,0,1,typing
SYNTHETIC DEMONSTRATION ONLY - NOT HUMAN EXPERIMENT RESULTS,1086680,C,1,1274.8722621663017,1.0,0,1,typing
SYNTHETIC DEMONSTRATION ONLY - NOT HUMAN EXPERIMENT RESULTS,1086700,C,1,1274.7805914242413,1.0,0,1,typing
SYNTHETIC DEMONSTRATION ONLY - NOT HUMAN EXPERIMENT RESULTS,1086720,C,1,1274.6892791058,1.0,0,1,typing
SYNTHETIC DEMONSTRATION ONLY - NOT HUMAN EXPERIMENT RESULTS,1086740,C,1,1274.5983265087282,1.0,0,1,typing
SYNTHETIC DEMONSTRATION ONLY - NOT HUMAN EXPERIMENT RESULTS,1086760,C,1,1274.5077349256633,1.0,0,1,typing
SYNTHETIC DEMONSTRATION ONLY - NOT HUMAN EXPERIMENT RESULTS,1086780,C,1,1274.4175056441122,1.0,0,1,typing
SYNTHETIC DEMONSTRATION ONLY - NOT HUMAN EXPERIMENT RESULTS,1086800,C,1,1274.3276399464332,1.0,0,1,typing
SYNTHETIC DEMONSTRATION ONLY - NOT HUMAN EXPERIMENT RESULTS,1086820,C,1,1274.2381391098163,1.0,0,1,typing
SYNTHETIC DEMONSTRATION ONLY - NOT HUMAN EXPERIMENT RESULTS,1086840,C,1,1274.1490044062668,1.0,0,1,typing
SYNTHETIC DEMONSTRATION ONLY - NOT HUMAN EXPERIMENT RESULTS,1086860,C,1,1274.060237102586,1.0,0,1,typing
SYNTHETIC DEMONSTRATION ONLY - NOT HUMAN EXPERIMENT RESULTS,1086880,C,1,1273.9718384603536,1.0,0,1,typing
SYNTHETIC DEMONSTRATION ONLY - NOT HUMAN EXPERIMENT RESULTS,1086900,C,1,1273.8838097359103,1.0,0,1,typing
SYNTHETIC DEMONSTRATION ONLY - NOT HUMAN EXPERIMENT RESULTS,1086920,C,1,1273.7961521803388,1.0,0,1,typing
SYNTHETIC DEMONSTRATION ONLY - NOT HUMAN EXPERIMENT RESULTS,1086940,C,1,1273.7088670394473,1.0,0,1,typing
SYNTHETIC DEMONSTRATION ONLY - NOT HUMAN EXPERIMENT RESULTS,1086960,C,1,1273.6219555537507,1.0,0,1,typing
SYNTHETIC DEMONSTRATION ONLY - NOT HUMAN EXPERIMENT RESULTS,1086980,C,1,1273.5354189584539,1.0,0,1,typing
SYNTHETIC DEMONSTRATION ONLY - NOT HUMAN EXPERIMENT RESULTS,1087000,C,1,1273.449258483433,1.0,0,1,typing
SYNTHETIC DEMONSTRATION ONLY - NOT HUMAN EXPERIMENT RESULTS,1087020,C,1,1273.363475353219,1.0,0,1,typing
SYNTHETIC DEMONSTRATION ONLY - NOT HUMAN EXPERIMENT RESULTS,1087040,C,1,1273.2780707869806,1.0,0,1,typing
SYNTHETIC DEMONSTRATION ONLY - NOT HUMAN EXPERIMENT RESULTS,1087060,C,1,1273.1930459985053,1.0,0,1,typing
SYNTHETIC DEMONSTRATION ONLY - NOT HUMAN EXPERIMENT RESULTS,1087080,C,1,1273.1084021961838,1.0,0,1,typing
SYNTHETIC DEMONSTRATION ONLY - NOT HUMAN EXPERIMENT RESULTS,1087100,C,1,1273.0241405829918,1.0,0,1,typing
SYNTHETIC DEMONSTRATION ONLY - NOT HUMAN EXPERIMENT RESULTS,1087120,C,1,1272.940262356473,1.0,0,1,typing
SYNTHETIC DEMONSTRATION ONLY - NOT HUMAN EXPERIMENT RESULTS,1087140,C,1,1272.8567687087234,1.0,0,1,typing
SYNTHETIC DEMONSTRATION ONLY - NOT HUMAN EXPERIMENT RESULTS,1087160,C,1,1272.7736608263722,1.0,0,1,typing
SYNTHETIC DEMONSTRATION ONLY - NOT HUMAN EXPERIMENT RESULTS,1087180,C,1,1272.690939890566,1.0,0,1,typing
SYNTHETIC DEMONSTRATION ONLY - NOT HUMAN EXPERIMENT RESULTS,1087200,C,1,1272.6086070769527,1.0,0,1,typing
SYNTHETIC DEMONSTRATION ONLY - NOT HUMAN EXPERIMENT RESULTS,1087220,C,1,1272.526663555664,1.0,0,1,typing
SYNTHETIC DEMONSTRATION ONLY - NOT HUMAN EXPERIMENT RESULTS,1087240,C,1,1272.4451104912985,1.0,0,1,typing
SYNTHETIC DEMONSTRATION ONLY - NOT HUMAN EXPERIMENT RESULTS,1087260,C,1,1272.3639490429057,1.0,0,1,typing
SYNTHETIC DEMONSTRATION ONLY - NOT HUMAN EXPERIMENT RESULTS,1087280,C,1,1272.2831803639697,1.0,0,1,typing
SYNTHETIC DEMONSTRATION ONLY - NOT HUMAN EXPERIMENT RESULTS,1087300,C,1,1272.2028056023921,1.0,0,1,typing
SYNTHETIC DEMONSTRATION ONLY - NOT HUMAN EXPERIMENT RESULTS,1087320,C,1,1272.122825900476,1.0,0,1,typing
SYNTHETIC DEMONSTRATION ONLY - NOT HUMAN EXPERIMENT RESULTS,1087340,C,1,1272.04324239491,1.0,0,1,typing
SYNTHETIC DEMONSTRATION ONLY - NOT HUMAN EXPERIMENT RESULTS,1087360,C,1,1271.9640562167522,1.0,0,1,typing
SYNTHETIC DEMONSTRATION ONLY - NOT HUMAN EXPERIMENT RESULTS,1087380,C,1,1271.8852684914132,1.0,0,1,typing
SYNTHETIC DEMONSTRATION ONLY - NOT HUMAN EXPERIMENT RESULTS,1087400,C,1,1271.8068803386411,1.0,0,1,typing
SYNTHETIC DEMONSTRATION ONLY - NOT HUMAN EXPERIMENT RESULTS,1087420,C,1,1271.728892872505,1.0,0,1,typing
SYNTHETIC DEMONSTRATION ONLY - NOT HUMAN EXPERIMENT RESULTS,1087440,C,1,1271.6513072013795,1.0,0,1,typing
SYNTHETIC DEMONSTRATION ONLY - NOT HUMAN EXPERIMENT RESULTS,1087460,C,1,1271.5741244279284,1.0,0,1,typing
SYNTHETIC DEMONSTRATION ONLY - NOT HUMAN EXPERIMENT RESULTS,1087480,C,1,1271.4973456490902,1.0,0,1,typing
SYNTHETIC DEMONSTRATION ONLY - NOT HUMAN EXPERIMENT RESULTS,1087500,C,1,1271.420971956061,1.0,0,1,typing
SYNTHETIC DEMONSTRATION ONLY - NOT HUMAN EXPERIMENT RESULTS,1087520,C,1,1271.3450044342803,1.0,0,1,typing
SYNTHETIC DEMONSTRATION ONLY - NOT HUMAN EXPERIMENT RESULTS,1087540,C,1,1271.2694441634144,1.0,0,1,typing
SYNTHETIC DEMONSTRATION ONLY - NOT HUMAN EXPERIMENT RESULTS,1087560,C,1,1271.1942922173423,1.0,0,1,typing
SYNTHETIC DEMONSTRATION ONLY - NOT HUMAN EXPERIMENT RESULTS,1087580,C,1,1271.1195496641392,1.0,0,1,typing
SYNTHETIC DEMONSTRATION ONLY - NOT HUMAN EXPERIMENT RESULTS,1087600,C,1,1271.0452175660625,1.0,0,1,typing
SYNTHETIC DEMONSTRATION ONLY - NOT HUMAN EXPERIMENT RESULTS,1087620,C,1,1270.9712969795357,1.0,0,1,typing
SYNTHETIC DEMONSTRATION ONLY - NOT HUMAN EXPERIMENT RESULTS,1087640,C,1,1270.8977889551343,1.0,0,1,typing
SYNTHETIC DEMONSTRATION ONLY - NOT HUMAN EXPERIMENT RESULTS,1087660,C,1,1270.8246945375695,1.0,0,1,typing
SYNTHETIC DEMONSTRATION ONLY - NOT HUMAN EXPERIMENT RESULTS,1087680,C,1,1270.7520147656749,1.0,0,1,typing
SYNTHETIC DEMONSTRATION ONLY - NOT HUMAN EXPERIMENT RESULTS,1087700,C,1,1270.6797506723913,1.0,0,1,typing
SYNTHETIC DEMONSTRATION ONLY - NOT HUMAN EXPERIMENT RESULTS,1087720,C,1,1270.607903284751,1.0,0,1,typing
SYNTHETIC DEMONSTRATION ONLY - NOT HUMAN EXPERIMENT RESULTS,1087740,C,1,1270.5364736238646,1.0,0,1,typing
SYNTHETIC DEMONSTRATION ONLY - NOT HUMAN EXPERIMENT RESULTS,1087760,C,1,1270.4654627049058,1.0,0,1,typing
SYNTHETIC DEMONSTRATION ONLY - NOT HUMAN EXPERIMENT RESULTS,1087780,C,1,1270.3948715370966,1.0,0,1,typing
SYNTHETIC DEMONSTRATION ONLY - NOT HUMAN EXPERIMENT RESULTS,1087800,C,1,1270.3247011236942,1.0,0,1,typing
SYNTHETIC DEMONSTRATION ONLY - NOT HUMAN EXPERIMENT RESULTS,1087820,C,1,1270.254952461975,1.0,0,1,typing
SYNTHETIC DEMONSTRATION ONLY - NOT HUMAN EXPERIMENT RESULTS,1087840,C,1,1270.1856265432225,1.0,0,1,typing
SYNTHETIC DEMONSTRATION ONLY - NOT HUMAN EXPERIMENT RESULTS,1087860,C,1,1270.116724352711,1.0,0,1,typing
SYNTHETIC DEMONSTRATION ONLY - NOT HUMAN EXPERIMENT RESULTS,1087880,C,1,1270.048246869693,1.0,0,1,typing
SYNTHETIC DEMONSTRATION ONLY - NOT HUMAN EXPERIMENT RESULTS,1087900,C,1,1269.9801950673855,1.0,0,1,typing
SYNTHETIC DEMONSTRATION ONLY - NOT HUMAN EXPERIMENT RESULTS,1087920,C,1,1269.912569912955,1.0,0,1,typing
SYNTHETIC DEMONSTRATION ONLY - NOT HUMAN EXPERIMENT RESULTS,1087940,C,1,1269.8453723675048,1.0,0,1,typing
SYNTHETIC DEMONSTRATION ONLY - NOT HUMAN EXPERIMENT RESULTS,1087960,C,1,1269.7786033860607,1.0,0,1,typing
SYNTHETIC DEMONSTRATION ONLY - NOT HUMAN EXPERIMENT RESULTS,1087980,C,1,1269.7122639175577,1.0,0,1,typing
SYNTHETIC DEMONSTRATION ONLY - NOT HUMAN EXPERIMENT RESULTS,1088000,C,1,1269.6463549048265,1.0,0,1,typing
SYNTHETIC DEMONSTRATION ONLY - NOT HUMAN EXPERIMENT RESULTS,1088020,C,1,1269.5808772845799,1.0,0,1,typing
SYNTHETIC DEMONSTRATION ONLY - NOT HUMAN EXPERIMENT RESULTS,1088040,C,1,1269.5158319874001,1.0,0,1,typing
SYNTHETIC DEMONSTRATION ONLY - NOT HUMAN EXPERIMENT RESULTS,1088060,C,1,1269.4512199377245,1.0,0,1,typing
SYNTHETIC DEMONSTRATION ONLY - NOT HUMAN EXPERIMENT RESULTS,1088080,C,1,1269.3870420538337,1.0,0,1,typing
SYNTHETIC DEMONSTRATION ONLY - NOT HUMAN EXPERIMENT RESULTS,1088100,C,1,1269.3232992478372,1.0,0,1,typing
SYNTHETIC DEMONSTRATION ONLY - NOT HUMAN EXPERIMENT RESULTS,1088120,C,1,1269.2599924256613,1.0,0,1,typing
SYNTHETIC DEMONSTRATION ONLY - NOT HUMAN EXPERIMENT RESULTS,1088140,C,1,1269.1971224870363,1.0,0,1,typing
SYNTHETIC DEMONSTRATION ONLY - NOT HUMAN EXPERIMENT RESULTS,1088160,C,1,1269.1346903254832,1.0,0,1,typing
SYNTHETIC DEMONSTRATION ONLY - NOT HUMAN EXPERIMENT RESULTS,1088180,C,1,1269.0726968283009,1.0,0,1,typing
SYNTHETIC DEMONSTRATION ONLY - NOT HUMAN EXPERIMENT RESULTS,1088200,C,1,1269.0111428765545,1.0,0,1,typing
SYNTHETIC DEMONSTRATION ONLY - NOT HUMAN EXPERIMENT RESULTS,1088220,C,1,1268.950029345062,1.0,0,1,typing
SYNTHETIC DEMONSTRATION ONLY - NOT HUMAN EXPERIMENT RESULTS,1088240,C,1,1268.8893571023814,1.0,0,1,typing
SYNTHETIC DEMONSTRATION ONLY - NOT HUMAN EXPERIMENT RESULTS,1088260,C,1,1268.8291270108002,1.0,0,1,typing
SYNTHETIC DEMONSTRATION ONLY - NOT HUMAN EXPERIMENT RESULTS,1088280,C,1,1268.769339926321,1.0,0,1,typing
SYNTHETIC DEMONSTRATION ONLY - NOT HUMAN EXPERIMENT RESULTS,1088300,C,1,1268.7099966986507,1.0,0,1,typing
SYNTHETIC DEMONSTRATION ONLY - NOT HUMAN EXPERIMENT RESULTS,1088320,C,1,1268.6510981711879,1.0,0,1,typing
SYNTHETIC DEMONSTRATION ONLY - NOT HUMAN EXPERIMENT RESULTS,1088340,C,1,1268.592645181011,1.0,0,1,typing
SYNTHETIC DEMONSTRATION ONLY - NOT HUMAN EXPERIMENT RESULTS,1088360,C,1,1268.5346385588666,1.0,0,1,typing
SYNTHETIC DEMONSTRATION ONLY - NOT HUMAN EXPERIMENT RESULTS,1088380,C,1,1268.477079129157,1.0,0,1,typing
SYNTHETIC DEMONSTRATION ONLY - NOT HUMAN EXPERIMENT RESULTS,1088400,C,1,1268.4199677099289,1.0,0,1,typing
SYNTHETIC DEMONSTRATION ONLY - NOT HUMAN EXPERIMENT RESULTS,1088420,C,1,1268.3633051128622,1.0,0,1,typing
SYNTHETIC DEMONSTRATION ONLY - NOT HUMAN EXPERIMENT RESULTS,1088440,C,1,1268.307092143258,1.0,0,1,typing
SYNTHETIC DEMONSTRATION ONLY - NOT HUMAN EXPERIMENT RESULTS,1088460,C,1,1268.2513296000268,1.0,0,1,typing
SYNTHETIC DEMONSTRATION ONLY - NOT HUMAN EXPERIMENT RESULTS,1088480,C,1,1268.196018275678,1.0,0,1,typing
SYNTHETIC DEMONSTRATION ONLY - NOT HUMAN EXPERIMENT RESULTS,1088500,C,1,1268.1411589563077,1.0,0,1,typing
SYNTHETIC DEMONSTRATION ONLY - NOT HUMAN EXPERIMENT RESULTS,1088520,C,1,1268.0867524215882,1.0,0,1,typing
SYNTHETIC DEMONSTRATION ONLY - NOT HUMAN EXPERIMENT RESULTS,1088540,C,1,1268.0327994447568,1.0,0,1,typing
SYNTHETIC DEMONSTRATION ONLY - NOT HUMAN EXPERIMENT RESULTS,1088560,C,1,1267.9793007926053,1.0,0,1,typing
SYNTHETIC DEMONSTRATION ONLY - NOT HUMAN EXPERIMENT RESULTS,1088580,C,1,1267.9262572254672,1.0,0,1,typing
SYNTHETIC DEMONSTRATION ONLY - NOT HUMAN EXPERIMENT RESULTS,1088600,C,1,1267.8736694972094,1.0,0,1,typing
SYNTHETIC DEMONSTRATION ONLY - NOT HUMAN EXPERIMENT RESULTS,1088620,C,1,1267.82153835522,1.0,0,1,typing
SYNTHETIC DEMONSTRATION ONLY - NOT HUMAN EXPERIMENT RESULTS,1088640,C,1,1267.7698645403975,1.0,0,1,typing
SYNTHETIC DEMONSTRATION ONLY - NOT HUMAN EXPERIMENT RESULTS,1088660,C,1,1267.7186487871418,1.0,0,1,typing
SYNTHETIC DEMONSTRATION ONLY - NOT HUMAN EXPERIMENT RESULTS,1088680,C,1,1267.6678918233415,1.0,0,1,typing
SYNTHETIC DEMONSTRATION ONLY - NOT HUMAN EXPERIMENT RESULTS,1088700,C,1,1267.6175943703656,1.0,0,1,typing
SYNTHETIC DEMONSTRATION ONLY - NOT HUMAN EXPERIMENT RESULTS,1088720,C,1,1267.5677571430526,1.0,0,1,typing
SYNTHETIC DEMONSTRATION ONLY - NOT HUMAN EXPERIMENT RESULTS,1088740,C,1,1267.5183808496995,1.0,0,1,typing
SYNTHETIC DEMONSTRATION ONLY - NOT HUMAN EXPERIMENT RESULTS,1088760,C,1,1267.4694661920526,1.0,0,1,typing
SYNTHETIC DEMONSTRATION ONLY - NOT HUMAN EXPERIMENT RESULTS,1088780,C,1,1267.4210138652977,1.0,0,1,typing
SYNTHETIC DEMONSTRATION ONLY - NOT HUMAN EXPERIMENT RESULTS,1088800,C,1,1267.3730245580496,1.0,0,1,typing
SYNTHETIC DEMONSTRATION ONLY - NOT HUMAN EXPERIMENT RESULTS,1088820,C,1,1267.3254989523425,1.0,0,1,typing
SYNTHETIC DEMONSTRATION ONLY - NOT HUMAN EXPERIMENT RESULTS,1088840,C,1,1267.2784377236203,1.0,0,1,typing
SYNTHETIC DEMONSTRATION ONLY - NOT HUMAN EXPERIMENT RESULTS,1088860,C,1,1267.2318415407276,1.0,0,1,typing
SYNTHETIC DEMONSTRATION ONLY - NOT HUMAN EXPERIMENT RESULTS,1088880,C,1,1267.1857110658989,1.0,0,1,typing
SYNTHETIC DEMONSTRATION ONLY - NOT HUMAN EXPERIMENT RESULTS,1088900,C,1,1267.1400469547507,1.0,0,1,typing
SYNTHETIC DEMONSTRATION ONLY - NOT HUMAN EXPERIMENT RESULTS,1088920,C,1,1267.094849856271,1.0,0,1,typing
SYNTHETIC DEMONSTRATION ONLY - NOT HUMAN EXPERIMENT RESULTS,1088940,C,1,1267.0501204128104,1.0,0,1,typing
SYNTHETIC DEMONSTRATION ONLY - NOT HUMAN EXPERIMENT RESULTS,1088960,C,1,1267.0058592600735,1.0,0,1,typing
SYNTHETIC DEMONSTRATION ONLY - NOT HUMAN EXPERIMENT RESULTS,1088980,C,1,1266.9620670271092,1.0,0,1,typing
SYNTHETIC DEMONSTRATION ONLY - NOT HUMAN EXPERIMENT RESULTS,1089000,C,1,1266.9187443363023,1.0,0,1,typing
SYNTHETIC DEMONSTRATION ONLY - NOT HUMAN EXPERIMENT RESULTS,1089020,C,1,1266.8758918033639,1.0,0,1,typing
SYNTHETIC DEMONSTRATION ONLY - NOT HUMAN EXPERIMENT RESULTS,1089040,C,1,1266.833510037323,1.0,0,1,typing
SYNTHETIC DEMONSTRATION ONLY - NOT HUMAN EXPERIMENT RESULTS,1089060,C,1,1266.791599640519,1.0,0,1,typing
SYNTHETIC DEMONSTRATION ONLY - NOT HUMAN EXPERIMENT RESULTS,1089080,C,1,1266.750161208591,1.0,0,1,typing
SYNTHETIC DEMONSTRATION ONLY - NOT HUMAN EXPERIMENT RESULTS,1089100,C,1,1266.709195330471,1.0,0,1,typing
SYNTHETIC DEMONSTRATION ONLY - NOT HUMAN EXPERIMENT RESULTS,1089120,C,1,1266.6687025883746,1.0,0,1,typing
SYNTHETIC DEMONSTRATION ONLY - NOT HUMAN EXPERIMENT RESULTS,1089140,C,1,1266.6286835577932,1.0,0,1,typing
SYNTHETIC DEMONSTRATION ONLY - NOT HUMAN EXPERIMENT RESULTS,1089160,C,1,1266.5891388074865,1.0,0,1,typing
SYNTHETIC DEMONSTRATION ONLY - NOT HUMAN EXPERIMENT RESULTS,1089180,C,1,1266.550068899472,1.0,0,1,typing
SYNTHETIC DEMONSTRATION ONLY - NOT HUMAN EXPERIMENT RESULTS,1089200,C,1,1266.5114743890203,1.0,0,1,typing
SYNTHETIC DEMONSTRATION ONLY - NOT HUMAN EXPERIMENT RESULTS,1089220,C,1,1266.4733558246446,1.0,0,1,typing
SYNTHETIC DEMONSTRATION ONLY - NOT HUMAN EXPERIMENT RESULTS,1089240,C,1,1266.435713748094,1.0,0,1,typing
SYNTHETIC DEMONSTRATION ONLY - NOT HUMAN EXPERIMENT RESULTS,1089260,C,1,1266.3985486943457,1.0,0,1,typing
SYNTHETIC DEMONSTRATION ONLY - NOT HUMAN EXPERIMENT RESULTS,1089280,C,1,1266.3618611915977,1.0,0,1,typing
SYNTHETIC DEMONSTRATION ONLY - NOT HUMAN EXPERIMENT RESULTS,1089300,C,1,1266.3256517612601,1.0,0,1,typing
SYNTHETIC DEMONSTRATION ONLY - NOT HUMAN EXPERIMENT RESULTS,1089320,C,1,1266.2899209179493,1.0,0,1,typing
SYNTHETIC DEMONSTRATION ONLY - NOT HUMAN EXPERIMENT RESULTS,1089340,C,1,1266.2546691694797,1.0,0,1,typing
SYNTHETIC DEMONSTRATION ONLY - NOT HUMAN EXPERIMENT RESULTS,1089360,C,1,1266.2198970168567,1.0,0,1,typing
SYNTHETIC DEMONSTRATION ONLY - NOT HUMAN EXPERIMENT RESULTS,1089380,C,1,1266.1856049542696,1.0,0,1,typing
SYNTHETIC DEMONSTRATION ONLY - NOT HUMAN EXPERIMENT RESULTS,1089400,C,1,1266.1517934690844,1.0,0,1,typing
SYNTHETIC DEMONSTRATION ONLY - NOT HUMAN EXPERIMENT RESULTS,1089420,C,1,1266.1184630418372,1.0,0,1,typing
SYNTHETIC DEMONSTRATION ONLY - NOT HUMAN EXPERIMENT RESULTS,1089440,C,1,1266.0856141462273,1.0,0,1,typing
SYNTHETIC DEMONSTRATION ONLY - NOT HUMAN EXPERIMENT RESULTS,1089460,C,1,1266.0532472491097,1.0,0,1,typing
SYNTHETIC DEMONSTRATION ONLY - NOT HUMAN EXPERIMENT RESULTS,1089480,C,1,1266.0213628104902,1.0,0,1,typing
SYNTHETIC DEMONSTRATION ONLY - NOT HUMAN EXPERIMENT RESULTS,1089500,C,1,1265.989961283517,1.0,0,1,typing
SYNTHETIC DEMONSTRATION ONLY - NOT HUMAN EXPERIMENT RESULTS,1089520,C,1,1265.9590431144754,1.0,0,1,typing
SYNTHETIC DEMONSTRATION ONLY - NOT HUMAN EXPERIMENT RESULTS,1089540,C,1,1265.928608742781,1.0,0,1,typing
SYNTHETIC DEMONSTRATION ONLY - NOT HUMAN EXPERIMENT RESULTS,1089560,C,1,1265.8986586009737,1.0,0,1,typing
SYNTHETIC DEMONSTRATION ONLY - NOT HUMAN EXPERIMENT RESULTS,1089580,C,1,1265.869193114711,1.0,0,1,typing
SYNTHETIC DEMONSTRATION ONLY - NOT HUMAN EXPERIMENT RESULTS,1089600,C,1,1265.8402127027628,1.0,0,1,typing
SYNTHETIC DEMONSTRATION ONLY - NOT HUMAN EXPERIMENT RESULTS,1089620,C,1,1265.811717777005,1.0,0,1,typing
SYNTHETIC DEMONSTRATION ONLY - NOT HUMAN EXPERIMENT RESULTS,1089640,C,1,1265.7837087424136,1.0,0,1,typing
SYNTHETIC DEMONSTRATION ONLY - NOT HUMAN EXPERIMENT RESULTS,1089660,C,1,1265.756185997059,1.0,0,1,typing
SYNTHETIC DEMONSTRATION ONLY - NOT HUMAN EXPERIMENT RESULTS,1089680,C,1,1265.7291499321002,1.0,0,1,typing
SYNTHETIC DEMONSTRATION ONLY - NOT HUMAN EXPERIMENT RESULTS,1089700,C,1,1265.7026009317794,1.0,0,1,typing
SYNTHETIC DEMONSTRATION ONLY - NOT HUMAN EXPERIMENT RESULTS,1089720,C,1,1265.676539373417,1.0,0,1,typing
SYNTHETIC DEMONSTRATION ONLY - NOT HUMAN EXPERIMENT RESULTS,1089740,C,1,1265.6509656274052,1.0,0,1,typing
SYNTHETIC DEMONSTRATION ONLY - NOT HUMAN EXPERIMENT RESULTS,1089760,C,1,1265.6258800572036,1.0,0,1,typing
SYNTHETIC DEMONSTRATION ONLY - NOT HUMAN EXPERIMENT RESULTS,1089780,C,1,1265.6012830193338,1.0,0,1,typing
SYNTHETIC DEMONSTRATION ONLY - NOT HUMAN EXPERIMENT RESULTS,1089800,C,1,1265.577174863374,1.0,0,1,typing
SYNTHETIC DEMONSTRATION ONLY - NOT HUMAN EXPERIMENT RESULTS,1089820,C,1,1265.5535559319544,1.0,0,1,typing
SYNTHETIC DEMONSTRATION ONLY - NOT HUMAN EXPERIMENT RESULTS,1089840,C,1,1265.5304265607524,1.0,0,1,typing
SYNTHETIC DEMONSTRATION ONLY - NOT HUMAN EXPERIMENT RESULTS,1089860,C,1,1265.5077870784876,1.0,0,1,typing
SYNTHETIC DEMONSTRATION ONLY - NOT HUMAN EXPERIMENT RESULTS,1089880,C,1,1265.485637806917,1.0,0,1,typing
SYNTHETIC DEMONSTRATION ONLY - NOT HUMAN EXPERIMENT RESULTS,1089900,C,1,1265.4639790608312,1.0,0,1,typing
SYNTHETIC DEMONSTRATION ONLY - NOT HUMAN EXPERIMENT RESULTS,1089920,C,1,1265.4428111480483,1.0,0,1,typing
SYNTHETIC DEMONSTRATION ONLY - NOT HUMAN EXPERIMENT RESULTS,1089940,C,1,1265.4221343694117,1.0,0,1,typing
SYNTHETIC DEMONSTRATION ONLY - NOT HUMAN EXPERIMENT RESULTS,1089960,C,1,1265.4019490187839,1.0,0,1,typing
SYNTHETIC DEMONSTRATION ONLY - NOT HUMAN EXPERIMENT RESULTS,1089980,C,1,1265.3822553830435,1.0,0,1,typing
SYNTHETIC DEMONSTRATION ONLY - NOT HUMAN EXPERIMENT RESULTS,1090000,C,1,1265.3630537420806,1.0,0,1,mouse
SYNTHETIC DEMONSTRATION ONLY - NOT HUMAN EXPERIMENT RESULTS,1090020,C,1,1265.3443443687931,1.0,0,1,mouse
SYNTHETIC DEMONSTRATION ONLY - NOT HUMAN EXPERIMENT RESULTS,1090040,C,1,1265.3261275290827,1.0,0,1,mouse
SYNTHETIC DEMONSTRATION ONLY - NOT HUMAN EXPERIMENT RESULTS,1090060,C,1,1265.308403481851,1.0,0,1,mouse
SYNTHETIC DEMONSTRATION ONLY - NOT HUMAN EXPERIMENT RESULTS,1090080,C,1,1265.2911724789956,1.0,0,1,mouse
SYNTHETIC DEMONSTRATION ONLY - NOT HUMAN EXPERIMENT RESULTS,1090100,C,1,1265.2744347654077,1.0,0,1,mouse
SYNTHETIC DEMONSTRATION ONLY - NOT HUMAN EXPERIMENT RESULTS,1090120,C,1,1265.2581905789668,1.0,0,1,mouse
SYNTHETIC DEMONSTRATION ONLY - NOT HUMAN EXPERIMENT RESULTS,1090140,C,1,1265.242440150539,1.0,0,1,mouse
SYNTHETIC DEMONSTRATION ONLY - NOT HUMAN EXPERIMENT RESULTS,1090160,C,1,1265.2271837039727,1.0,0,1,mouse
SYNTHETIC DEMONSTRATION ONLY - NOT HUMAN EXPERIMENT RESULTS,1090180,C,1,1265.2124214560959,1.0,0,1,mouse
SYNTHETIC DEMONSTRATION ONLY - NOT HUMAN EXPERIMENT RESULTS,1090200,C,1,1265.1981536167127,1.0,0,1,mouse
SYNTHETIC DEMONSTRATION ONLY - NOT HUMAN EXPERIMENT RESULTS,1090220,C,1,1265.1843803886006,1.0,0,1,mouse
SYNTHETIC DEMONSTRATION ONLY - NOT HUMAN EXPERIMENT RESULTS,1090240,C,1,1265.1711019675076,1.0,0,1,mouse
SYNTHETIC DEMONSTRATION ONLY - NOT HUMAN EXPERIMENT RESULTS,1090260,C,1,1265.1583185421498,1.0,0,1,mouse
SYNTHETIC DEMONSTRATION ONLY - NOT HUMAN EXPERIMENT RESULTS,1090280,C,1,1265.1460302942078,1.0,0,1,mouse
SYNTHETIC DEMONSTRATION ONLY - NOT HUMAN EXPERIMENT RESULTS,1090300,C,1,1265.1342373983246,1.0,0,1,mouse
SYNTHETIC DEMONSTRATION ONLY - NOT HUMAN EXPERIMENT RESULTS,1090320,C,1,1265.1229400221034,1.0,0,1,mouse
SYNTHETIC DEMONSTRATION ONLY - NOT HUMAN EXPERIMENT RESULTS,1090340,C,1,1265.1121383261054,1.0,0,1,mouse
SYNTHETIC DEMONSTRATION ONLY - NOT HUMAN EXPERIMENT RESULTS,1090360,C,1,1265.101832463846,1.0,0,1,mouse
SYNTHETIC DEMONSTRATION ONLY - NOT HUMAN EXPERIMENT RESULTS,1090380,C,1,1265.0920225817947,1.0,0,1,mouse
SYNTHETIC DEMONSTRATION ONLY - NOT HUMAN EXPERIMENT RESULTS,1090400,C,1,1265.0827088193714,1.0,0,1,mouse
SYNTHETIC DEMONSTRATION ONLY - NOT HUMAN EXPERIMENT RESULTS,1090420,C,1,1265.0738913089453,1.0,0,1,mouse
SYNTHETIC DEMONSTRATION ONLY - NOT HUMAN EXPERIMENT RESULTS,1090440,C,1,1265.065570175833,1.0,0,1,mouse
SYNTHETIC DEMONSTRATION ONLY - NOT HUMAN EXPERIMENT RESULTS,1090460,C,1,1265.057745538296,1.0,0,1,mouse
SYNTHETIC DEMONSTRATION ONLY - NOT HUMAN EXPERIMENT RESULTS,1090480,C,1,1265.0504175075398,1.0,0,1,mouse
SYNTHETIC DEMONSTRATION ONLY - NOT HUMAN EXPERIMENT RESULTS,1090500,C,1,1265.043586187712,1.0,0,1,mouse
SYNTHETIC DEMONSTRATION ONLY - NOT HUMAN EXPERIMENT RESULTS,1090520,C,1,1265.0372516759005,1.0,0,1,mouse
SYNTHETIC DEMONSTRATION ONLY - NOT HUMAN EXPERIMENT RESULTS,1090540,C,1,1265.0314140621329,1.0,0,1,mouse
SYNTHETIC DEMONSTRATION ONLY - NOT HUMAN EXPERIMENT RESULTS,1090560,C,1,1265.0260734293747,1.0,0,1,mouse
SYNTHETIC DEMONSTRATION ONLY - NOT HUMAN EXPERIMENT RESULTS,1090580,C,1,1265.021229853528,1.0,0,1,mouse
SYNTHETIC DEMONSTRATION ONLY - NOT HUMAN EXPERIMENT RESULTS,1090600,C,1,1265.0168834034307,1.0,0,1,mouse
SYNTHETIC DEMONSTRATION ONLY - NOT HUMAN EXPERIMENT RESULTS,1090620,C,1,1265.0130341408558,1.0,0,1,mouse
SYNTHETIC DEMONSTRATION ONLY - NOT HUMAN EXPERIMENT RESULTS,1090640,C,1,1265.0096821205093,1.0,0,1,mouse
SYNTHETIC DEMONSTRATION ONLY - NOT HUMAN EXPERIMENT RESULTS,1090660,C,1,1265.0068273900313,1.0,0,1,mouse
SYNTHETIC DEMONSTRATION ONLY - NOT HUMAN EXPERIMENT RESULTS,1090680,C,1,1265.0044699899936,1.0,0,1,mouse
SYNTHETIC DEMONSTRATION ONLY - NOT HUMAN EXPERIMENT RESULTS,1090700,C,1,1265.0026099539002,1.0,0,1,mouse
SYNTHETIC DEMONSTRATION ONLY - NOT HUMAN EXPERIMENT RESULTS,1090720,C,1,1265.0012473081863,1.0,0,1,mouse
SYNTHETIC DEMONSTRATION ONLY - NOT HUMAN EXPERIMENT RESULTS,1090740,C,1,1265.000382072218,1.0,0,1,mouse
SYNTHETIC DEMONSTRATION ONLY - NOT HUMAN EXPERIMENT RESULTS,1090760,C,1,1265.0000142582921,1.0,0,1,mouse
SYNTHETIC DEMONSTRATION ONLY - NOT HUMAN EXPERIMENT RESULTS,1090780,C,1,1265.0001438716365,1.0,0,1,mouse
SYNTHETIC DEMONSTRATION ONLY - NOT HUMAN EXPERIMENT RESULTS,1090800,C,1,1265.0007709104088,1.0,0,1,mouse
SYNTHETIC DEMONSTRATION ONLY - NOT HUMAN EXPERIMENT RESULTS,1090820,C,1,1265.0018953656975,1.0,0,1,mouse
SYNTHETIC DEMONSTRATION ONLY - NOT HUMAN EXPERIMENT RESULTS,1090840,C,1,1265.0035172215214,1.0,0,1,mouse
SYNTHETIC DEMONSTRATION ONLY - NOT HUMAN EXPERIMENT RESULTS,1090860,C,1,1265.0056364548307,1.0,0,1,mouse
SYNTHETIC DEMONSTRATION ONLY - NOT HUMAN EXPERIMENT RESULTS,1090880,C,1,1265.008253035506,1.0,0,1,mouse
SYNTHETIC DEMONSTRATION ONLY - NOT HUMAN EXPERIMENT RESULTS,1090900,C,1,1265.01136692636,1.0,0,1,mouse
SYNTHETIC DEMONSTRATION ONLY - NOT HUMAN EXPERIMENT RESULTS,1090920,C,1,1265.0149780831377,1.0,0,1,mouse
SYNTHETIC DEMONSTRATION ONLY - NOT HUMAN EXPERIMENT RESULTS,1090940,C,1,1265.0190864545161,1.0,0,1,mouse
SYNTHETIC DEMONSTRATION ONLY - NOT HUMAN EXPERIMENT RESULTS,1090960,C,1,1265.0236919821068,1.0,0,1,mouse
SYNTHETIC DEMONSTRATION ONLY - NOT HUMAN EXPERIMENT RESULTS,1090980,C,1,1265.0287946004544,1.0,0,1,mouse
SYNTHETIC DEMONSTRATION ONLY - NOT HUMAN EXPERIMENT RESULTS,1091000,C,1,1265.0343942370398,1.0,0,1,mouse
SYNTHETIC DEMONSTRATION ONLY - NOT HUMAN EXPERIMENT RESULTS,1091020,C,1,1265.0404908122796,1.0,0,1,mouse
SYNTHETIC DEMONSTRATION ONLY - NOT HUMAN EXPERIMENT RESULTS,1091040,C,1,1265.047084239528,1.0,0,1,mouse
SYNTHETIC DEMONSTRATION ONLY - NOT HUMAN EXPERIMENT RESULTS,1091060,C,1,1265.054174425078,1.0,0,1,mouse
SYNTHETIC DEMONSTRATION ONLY - NOT HUMAN EXPERIMENT RESULTS,1091080,C,1,1265.061761268162,1.0,0,1,mouse
SYNTHETIC DEMONSTRATION ONLY - NOT HUMAN EXPERIMENT RESULTS,1091100,C,1,1265.0698446609542,1.0,0,1,mouse
SYNTHETIC DEMONSTRATION ONLY - NOT HUMAN EXPERIMENT RESULTS,1091120,C,1,1265.0784244885722,1.0,0,1,mouse
SYNTHETIC DEMONSTRATION ONLY - NOT HUMAN EXPERIMENT RESULTS,1091140,C,1,1265.087500629077,1.0,0,1,mouse
SYNTHETIC DEMONSTRATION ONLY - NOT HUMAN EXPERIMENT RESULTS,1091160,C,1,1265.097072953477,1.0,0,1,mouse
SYNTHETIC DEMONSTRATION ONLY - NOT HUMAN EXPERIMENT RESULTS,1091180,C,1,1265.1071413257282,1.0,0,1,mouse
SYNTHETIC DEMONSTRATION ONLY - NOT HUMAN EXPERIMENT RESULTS,1091200,C,1,1265.1177056027366,1.0,0,1,mouse
SYNTHETIC DEMONSTRATION ONLY - NOT HUMAN EXPERIMENT RESULTS,1091220,C,1,1265.1287656343607,1.0,0,1,mouse
SYNTHETIC DEMONSTRATION ONLY - NOT HUMAN EXPERIMENT RESULTS,1091240,C,1,1265.1403212634125,1.0,0,1,mouse
SYNTHETIC DEMONSTRATION ONLY - NOT HUMAN EXPERIMENT RESULTS,1091260,C,1,1265.1523723256614,1.0,0,1,mouse
SYNTHETIC DEMONSTRATION ONLY - NOT HUMAN EXPERIMENT RESULTS,1091280,C,1,1265.164918649835,1.0,0,1,mouse
SYNTHETIC DEMONSTRATION ONLY - NOT HUMAN EXPERIMENT RESULTS,1091300,C,1,1265.1779600576222,1.0,0,1,mouse
SYNTHETIC DEMONSTRATION ONLY - NOT HUMAN EXPERIMENT RESULTS,1091320,C,1,1265.1914963636757,1.0,0,1,mouse
SYNTHETIC DEMONSTRATION ONLY - NOT HUMAN EXPERIMENT RESULTS,1091340,C,1,1265.2055273756148,1.0,0,1,mouse
SYNTHETIC DEMONSTRATION ONLY - NOT HUMAN EXPERIMENT RESULTS,1091360,C,1,1265.2200528940275,1.0,0,1,mouse
SYNTHETIC DEMONSTRATION ONLY - NOT HUMAN EXPERIMENT RESULTS,1091380,C,1,1265.2350727124742,1.0,0,1,mouse
SYNTHETIC DEMONSTRATION ONLY - NOT HUMAN EXPERIMENT RESULTS,1091400,C,1,1265.25058661749,1.0,0,1,mouse
SYNTHETIC DEMONSTRATION ONLY - NOT HUMAN EXPERIMENT RESULTS,1091420,C,1,1265.266594388588,1.0,0,1,mouse
SYNTHETIC DEMONSTRATION ONLY - NOT HUMAN EXPERIMENT RESULTS,1091440,C,1,1265.2830957982624,1.0,0,1,mouse
SYNTHETIC DEMONSTRATION ONLY - NOT HUMAN EXPERIMENT RESULTS,1091460,C,1,1265.3000906119914,1.0,0,1,mouse
SYNTHETIC DEMONSTRATION ONLY - NOT HUMAN EXPERIMENT RESULTS,1091480,C,1,1265.3175785882413,1.0,0,1,mouse
SYNTHETIC DEMONSTRATION ONLY - NOT HUMAN EXPERIMENT RESULTS,1091500,C,1,1265.3355594784691,1.0,0,1,mouse
SYNTHETIC DEMONSTRATION ONLY - NOT HUMAN EXPERIMENT RESULTS,1091520,C,1,1265.354033027127,1.0,0,1,mouse
SYNTHETIC DEMONSTRATION ONLY - NOT HUMAN EXPERIMENT RESULTS,1091540,C,1,1265.3729989716642,1.0,0,1,mouse
SYNTHETIC DEMONSTRATION ONLY - NOT HUMAN EXPERIMENT RESULTS,1091560,C,1,1265.3924570425331,1.0,0,1,mouse
SYNTHETIC DEMONSTRATION ONLY - NOT HUMAN EXPERIMENT RESULTS,1091580,C,1,1265.4124069631916,1.0,0,1,mouse
SYNTHETIC DEMONSTRATION ONLY - NOT HUMAN EXPERIMENT RESULTS,1091600,C,1,1265.4328484501068,1.0,0,1,mouse
SYNTHETIC DEMONSTRATION ONLY - NOT HUMAN EXPERIMENT RESULTS,1091620,C,1,1265.4537812127603,1.0,0,1,mouse
SYNTHETIC DEMONSTRATION ONLY - NOT HUMAN EXPERIMENT RESULTS,1091640,C,1,1265.475204953651,1.0,0,1,mouse
SYNTHETIC DEMONSTRATION ONLY - NOT HUMAN EXPERIMENT RESULTS,1091660,C,1,1265.4971193682998,1.0,0,1,mouse
SYNTHETIC DEMONSTRATION ONLY - NOT HUMAN EXPERIMENT RESULTS,1091680,C,1,1265.519524145255,1.0,0,1,mouse
SYNTHETIC DEMONSTRATION ONLY - NOT HUMAN EXPERIMENT RESULTS,1091700,C,1,1265.5424189660946,1.0,0,1,mouse
SYNTHETIC DEMONSTRATION ONLY - NOT HUMAN EXPERIMENT RESULTS,1091720,C,1,1265.565803505433,1.0,0,1,mouse
SYNTHETIC DEMONSTRATION ONLY - NOT HUMAN EXPERIMENT RESULTS,1091740,C,1,1265.5896774309235,1.0,0,1,mouse
SYNTHETIC DEMONSTRATION ONLY - NOT HUMAN EXPERIMENT RESULTS,1091760,C,1,1265.6140404032653,1.0,0,1,mouse
SYNTHETIC DEMONSTRATION ONLY - NOT HUMAN EXPERIMENT RESULTS,1091780,C,1,1265.6388920762067,1.0,0,1,mouse
SYNTHETIC DEMONSTRATION ONLY - NOT HUMAN EXPERIMENT RESULTS,1091800,C,1,1265.66423209655,1.0,0,1,mouse
SYNTHETIC DEMONSTRATION ONLY - NOT HUMAN EXPERIMENT RESULTS,1091820,C,1,1265.6900601041575,1.0,0,1,mouse
SYNTHETIC DEMONSTRATION ONLY - NOT HUMAN EXPERIMENT RESULTS,1091840,C,1,1265.7163757319563,1.0,0,1,mouse
SYNTHETIC DEMONSTRATION ONLY - NOT HUMAN EXPERIMENT RESULTS,1091860,C,1,1265.7431786059428,1.0,0,1,mouse
SYNTHETIC DEMONSTRATION ONLY - NOT HUMAN EXPERIMENT RESULTS,1091880,C,1,1265.770468345189,1.0,0,1,mouse
SYNTHETIC DEMONSTRATION ONLY - NOT HUMAN EXPERIMENT RESULTS,1091900,C,1,1265.7982445618475,1.0,0,1,mouse
SYNTHETIC DEMONSTRATION ONLY - NOT HUMAN EXPERIMENT RESULTS,1091920,C,1,1265.8265068611563,1.0,0,1,mouse
SYNTHETIC DEMONSTRATION ONLY - NOT HUMAN EXPERIMENT RESULTS,1091940,C,1,1265.855254841446,1.0,0,1,mouse
SYNTHETIC DEMONSTRATION ONLY - NOT HUMAN EXPERIMENT RESULTS,1091960,C,1,1265.8844880941438,1.0,0,1,mouse
SYNTHETIC DEMONSTRATION ONLY - NOT HUMAN EXPERIMENT RESULTS,1091980,C,1,1265.9142062037809,1.0,0,1,mouse
SYNTHETIC DEMONSTRATION ONLY - NOT HUMAN EXPERIMENT RESULTS,1092000,C,1,1265.9444087479965,1.0,0,1,mouse
SYNTHETIC DEMONSTRATION ONLY - NOT HUMAN EXPERIMENT RESULTS,1092020,C,1,1265.9750952975464,1.0,0,1,mouse
SYNTHETIC DEMONSTRATION ONLY - NOT HUMAN EXPERIMENT RESULTS,1092040,C,1,1266.0062654163062,1.0,0,1,mouse
SYNTHETIC DEMONSTRATION ONLY - NOT HUMAN EXPERIMENT RESULTS,1092060,C,1,1266.03791866128,1.0,0,1,mouse
SYNTHETIC DEMONSTRATION ONLY - NOT HUMAN EXPERIMENT RESULTS,1092080,C,1,1266.0700545826046,1.0,0,1,mouse
SYNTHETIC DEMONSTRATION ONLY - NOT HUMAN EXPERIMENT RESULTS,1092100,C,1,1266.1026727235578,1.0,0,1,mouse
SYNTHETIC DEMONSTRATION ONLY - NOT HUMAN EXPERIMENT RESULTS,1092120,C,1,1266.1357726205636,1.0,0,1,mouse
SYNTHETIC DEMONSTRATION ONLY - NOT HUMAN EXPERIMENT RESULTS,1092140,C,1,1266.1693538031989,1.0,0,1,mouse
SYNTHETIC DEMONSTRATION ONLY - NOT HUMAN EXPERIMENT RESULTS,1092160,C,1,1266.203415794201,1.0,0,1,mouse
SYNTHETIC DEMONSTRATION ONLY - NOT HUMAN EXPERIMENT RESULTS,1092180,C,1,1266.2379581094738,1.0,0,1,mouse
SYNTHETIC DEMONSTRATION ONLY - NOT HUMAN EXPERIMENT RESULTS,1092200,C,1,1266.272980258094,1.0,0,1,mouse
SYNTHETIC DEMONSTRATION ONLY - NOT HUMAN EXPERIMENT RESULTS,1092220,C,1,1266.30848174232,1.0,0,1,mouse
SYNTHETIC DEMONSTRATION ONLY - NOT HUMAN EXPERIMENT RESULTS,1092240,C,1,1266.3444620575967,1.0,0,1,mouse
SYNTHETIC DEMONSTRATION ONLY - NOT HUMAN EXPERIMENT RESULTS,1092260,C,1,1266.3809206925641,1.0,0,1,mouse
SYNTHETIC DEMONSTRATION ONLY - NOT HUMAN EXPERIMENT RESULTS,1092280,C,1,1266.4178571290647,1.0,0,1,mouse
SYNTHETIC DEMONSTRATION ONLY - NOT HUMAN EXPERIMENT RESULTS,1092300,C,1,1266.4552708421497,1.0,0,1,mouse
SYNTHETIC DEMONSTRATION ONLY - NOT HUMAN EXPERIMENT RESULTS,1092320,C,1,1266.4931613000874,1.0,0,1,mouse
SYNTHETIC DEMONSTRATION ONLY - NOT HUMAN EXPERIMENT RESULTS,1092340,C,1,1266.5315279643705,1.0,0,1,mouse
SYNTHETIC DEMONSTRATION ONLY - NOT HUMAN EXPERIMENT RESULTS,1092360,C,1,1266.570370289724,1.0,0,1,mouse
SYNTHETIC DEMONSTRATION ONLY - NOT HUMAN EXPERIMENT RESULTS,1092380,C,1,1266.6096877241123,1.0,0,1,mouse
SYNTHETIC DEMONSTRATION ONLY - NOT HUMAN EXPERIMENT RESULTS,1092400,C,1,1266.6494797087478,1.0,0,1,mouse
SYNTHETIC DEMONSTRATION ONLY - NOT HUMAN EXPERIMENT RESULTS,1092420,C,1,1266.689745678098,1.0,0,1,mouse
SYNTHETIC DEMONSTRATION ONLY - NOT HUMAN EXPERIMENT RESULTS,1092440,C,1,1266.7304850598946,1.0,0,1,mouse
SYNTHETIC DEMONSTRATION ONLY - NOT HUMAN EXPERIMENT RESULTS,1092460,C,1,1266.7716972751407,1.0,0,1,mouse
SYNTHETIC DEMONSTRATION ONLY - NOT HUMAN EXPERIMENT RESULTS,1092480,C,1,1266.8133817381197,1.0,0,1,mouse
SYNTHETIC DEMONSTRATION ONLY - NOT HUMAN EXPERIMENT RESULTS,1092500,C,1,1266.8555378564029,1.0,0,1,mouse
SYNTHETIC DEMONSTRATION ONLY - NOT HUMAN EXPERIMENT RESULTS,1092520,C,1,1266.8981650308585,1.0,0,1,mouse
SYNTHETIC DEMONSTRATION ONLY - NOT HUMAN EXPERIMENT RESULTS,1092540,C,1,1266.9412626556602,1.0,0,1,mouse
SYNTHETIC DEMONSTRATION ONLY - NOT HUMAN EXPERIMENT RESULTS,1092560,C,1,1266.9848301182951,1.0,0,1,mouse
SYNTHETIC DEMONSTRATION ONLY - NOT HUMAN EXPERIMENT RESULTS,1092580,C,1,1267.0288667995735,1.0,0,1,mouse
SYNTHETIC DEMONSTRATION ONLY - NOT HUMAN EXPERIMENT RESULTS,1092600,C,1,1267.0733720736364,1.0,0,1,mouse
SYNTHETIC DEMONSTRATION ONLY - NOT HUMAN EXPERIMENT RESULTS,1092620,C,1,1267.1183453079652,1.0,0,1,mouse
SYNTHETIC DEMONSTRATION ONLY - NOT HUMAN EXPERIMENT RESULTS,1092640,C,1,1267.163785863391,1.0,0,1,mouse
SYNTHETIC DEMONSTRATION ONLY - NOT HUMAN EXPERIMENT RESULTS,1092660,C,1,1267.209693094103,1.0,0,1,mouse
SYNTHETIC DEMONSTRATION ONLY - NOT HUMAN EXPERIMENT RESULTS,1092680,C,1,1267.2560663476575,1.0,0,1,mouse
SYNTHETIC DEMONSTRATION ONLY - NOT HUMAN EXPERIMENT RESULTS,1092700,C,1,1267.302904964988,1.0,0,1,mouse
SYNTHETIC DEMONSTRATION ONLY - NOT HUMAN EXPERIMENT RESULTS,1092720,C,1,1267.3502082804143,1.0,0,1,mouse
SYNTHETIC DEMONSTRATION ONLY - NOT HUMAN EXPERIMENT RESULTS,1092740,C,1,1267.3979756216513,1.0,0,1,mouse
SYNTHETIC DEMONSTRATION ONLY - NOT HUMAN EXPERIMENT RESULTS,1092760,C,1,1267.4462063098194,1.0,0,1,mouse
SYNTHETIC DEMONSTRATION ONLY - NOT HUMAN EXPERIMENT RESULTS,1092780,C,1,1267.494899659454,1.0,0,1,mouse
SYNTHETIC DEMONSTRATION ONLY - NOT HUMAN EXPERIMENT RESULTS,1092800,C,1,1267.5440549785146,1.0,0,1,mouse
SYNTHETIC DEMONSTRATION ONLY - NOT HUMAN EXPERIMENT RESULTS,1092820,C,1,1267.5936715683954,1.0,0,1,mouse
SYNTHETIC DEMONSTRATION ONLY - NOT HUMAN EXPERIMENT RESULTS,1092840,C,1,1267.6437487239348,1.0,0,1,mouse
SYNTHETIC DEMONSTRATION ONLY - NOT HUMAN EXPERIMENT RESULTS,1092860,C,1,1267.6942857334254,1.0,0,1,mouse
SYNTHETIC DEMONSTRATION ONLY - NOT HUMAN EXPERIMENT RESULTS,1092880,C,1,1267.7452818786246,1.0,0,1,mouse
SYNTHETIC DEMONSTRATION ONLY - NOT HUMAN EXPERIMENT RESULTS,1092900,C,1,1267.7967364347644,1.0,0,1,mouse
SYNTHETIC DEMONSTRATION ONLY - NOT HUMAN EXPERIMENT RESULTS,1092920,C,1,1267.8486486705617,1.0,0,1,mouse
SYNTHETIC DEMONSTRATION ONLY - NOT HUMAN EXPERIMENT RESULTS,1092940,C,1,1267.9010178482283,1.0,0,1,mouse
SYNTHETIC DEMONSTRATION ONLY - NOT HUMAN EXPERIMENT RESULTS,1092960,C,1,1267.9538432234826,1.0,0,1,mouse
SYNTHETIC DEMONSTRATION ONLY - NOT HUMAN EXPERIMENT RESULTS,1092980,C,1,1268.0071240455593,1.0,0,1,mouse
SYNTHETIC DEMONSTRATION ONLY - NOT HUMAN EXPERIMENT RESULTS,1093000,C,1,1268.0608595572194,1.0,0,1,mouse
SYNTHETIC DEMONSTRATION ONLY - NOT HUMAN EXPERIMENT RESULTS,1093020,C,1,1268.1150489947627,1.0,0,1,mouse
SYNTHETIC DEMONSTRATION ONLY - NOT HUMAN EXPERIMENT RESULTS,1093040,C,1,1268.1696915880375,1.0,0,1,mouse
SYNTHETIC DEMONSTRATION ONLY - NOT HUMAN EXPERIMENT RESULTS,1093060,C,1,1268.2247865604513,1.0,0,1,mouse
SYNTHETIC DEMONSTRATION ONLY - NOT HUMAN EXPERIMENT RESULTS,1093080,C,1,1268.2803331289824,1.0,0,1,mouse
SYNTHETIC DEMONSTRATION ONLY - NOT HUMAN EXPERIMENT RESULTS,1093100,C,1,1268.3363305041917,1.0,0,1,mouse
SYNTHETIC DEMONSTRATION ONLY - NOT HUMAN EXPERIMENT RESULTS,1093120,C,1,1268.392777890232,1.0,0,1,mouse
SYNTHETIC DEMONSTRATION ONLY - NOT HUMAN EXPERIMENT RESULTS,1093140,C,1,1268.4496744848616,1.0,0,1,mouse
SYNTHETIC DEMONSTRATION ONLY - NOT HUMAN EXPERIMENT RESULTS,1093160,C,1,1268.5070194794532,1.0,0,1,mouse
SYNTHETIC DEMONSTRATION ONLY - NOT HUMAN EXPERIMENT RESULTS,1093180,C,1,1268.564812059008,1.0,0,1,mouse
SYNTHETIC DEMONSTRATION ONLY - NOT HUMAN EXPERIMENT RESULTS,1093200,C,1,1268.6230514021656,1.0,0,1,mouse
SYNTHETIC DEMONSTRATION ONLY - NOT HUMAN EXPERIMENT RESULTS,1093220,C,1,1268.6817366812156,1.0,0,1,mouse
SYNTHETIC DEMONSTRATION ONLY - NOT HUMAN EXPERIMENT RESULTS,1093240,C,1,1268.7408670621105,1.0,0,1,mouse
SYNTHETIC DEMONSTRATION ONLY - NOT HUMAN EXPERIMENT RESULTS,1093260,C,1,1268.8004417044767,1.0,0,1,mouse
SYNTHETIC DEMONSTRATION ONLY - NOT HUMAN EXPERIMENT RESULTS,1093280,C,1,1268.8604597616268,1.0,0,1,mouse
SYNTHETIC DEMONSTRATION ONLY - NOT HUMAN EXPERIMENT RESULTS,1093300,C,1,1268.9209203805713,1.0,0,1,mouse
SYNTHETIC DEMONSTRATION ONLY - NOT HUMAN EXPERIMENT RESULTS,1093320,C,1,1268.9818227020307,1.0,0,1,mouse
SYNTHETIC DEMONSTRATION ONLY - NOT HUMAN EXPERIMENT RESULTS,1093340,C,1,1269.0431658604484,1.0,0,1,mouse
SYNTHETIC DEMONSTRATION ONLY - NOT HUMAN EXPERIMENT RESULTS,1093360,C,1,1269.1049489840022,1.0,0,1,mouse
SYNTHETIC DEMONSTRATION ONLY - NOT HUMAN EXPERIMENT RESULTS,1093380,C,1,1269.1671711946176,1.0,0,1,mouse
SYNTHETIC DEMONSTRATION ONLY - NOT HUMAN EXPERIMENT RESULTS,1093400,C,1,1269.229831607979,1.0,0,1,mouse
SYNTHETIC DEMONSTRATION ONLY - NOT HUMAN EXPERIMENT RESULTS,1093420,C,1,1269.2929293335428,1.0,0,1,mouse
SYNTHETIC DEMONSTRATION ONLY - NOT HUMAN EXPERIMENT RESULTS,1093440,C,1,1269.3564634745514,1.0,0,1,mouse
SYNTHETIC DEMONSTRATION ONLY - NOT HUMAN EXPERIMENT RESULTS,1093460,C,1,1269.4204331280434,1.0,0,1,mouse
SYNTHETIC DEMONSTRATION ONLY - NOT HUMAN EXPERIMENT RESULTS,1093480,C,1,1269.4848373848688,1.0,0,1,mouse
SYNTHETIC DEMONSTRATION ONLY - NOT HUMAN EXPERIMENT RESULTS,1093500,C,1,1269.5496753297004,1.0,0,1,mouse
SYNTHETIC DEMONSTRATION ONLY - NOT HUMAN EXPERIMENT RESULTS,1093520,C,1,1269.6149460410477,1.0,0,1,mouse
SYNTHETIC DEMONSTRATION ONLY - NOT HUMAN EXPERIMENT RESULTS,1093540,C,1,1269.6806485912691,1.0,0,1,mouse
SYNTHETIC DEMONSTRATION ONLY - NOT HUMAN EXPERIMENT RESULTS,1093560,C,1,1269.746782046586,1.0,0,1,mouse
SYNTHETIC DEMONSTRATION ONLY - NOT HUMAN EXPERIMENT RESULTS,1093580,C,1,1269.8133454670956,1.0,0,1,mouse
SYNTHETIC DEMONSTRATION ONLY - NOT HUMAN EXPERIMENT RESULTS,1093600,C,1,1269.8803379067847,1.0,0,1,mouse
SYNTHETIC DEMONSTRATION ONLY - NOT HUMAN EXPERIMENT RESULTS,1093620,C,1,1269.947758413542,1.0,0,1,mouse
SYNTHETIC DEMONSTRATION ONLY - NOT HUMAN EXPERIMENT RESULTS,1093640,C,1,1270.0156060291731,1.0,0,1,mouse
SYNTHETIC DEMONSTRATION ONLY - NOT HUMAN EXPERIMENT RESULTS,1093660,C,1,1270.083879789413,1.0,0,1,mouse
SYNTHETIC DEMONSTRATION ONLY - NOT HUMAN EXPERIMENT RESULTS,1093680,C,1,1270.1525787239407,1.0,0,1,mouse
SYNTHETIC DEMONSTRATION ONLY - NOT HUMAN EXPERIMENT RESULTS,1093700,C,1,1270.2217018563922,1.0,0,1,mouse
SYNTHETIC DEMONSTRATION ONLY - NOT HUMAN EXPERIMENT RESULTS,1093720,C,1,1270.2912482043746,1.0,0,1,mouse
SYNTHETIC DEMONSTRATION ONLY - NOT HUMAN EXPERIMENT RESULTS,1093740,C,1,1270.3612167794806,1.0,0,1,mouse
SYNTHETIC DEMONSTRATION ONLY - NOT HUMAN EXPERIMENT RESULTS,1093760,C,1,1270.4316065873018,1.0,0,1,mouse
SYNTHETIC DEMONSTRATION ONLY - NOT HUMAN EXPERIMENT RESULTS,1093780,C,1,1270.5024166274432,1.0,0,1,mouse
SYNTHETIC DEMONSTRATION ONLY - NOT HUMAN EXPERIMENT RESULTS,1093800,C,1,1270.5736458935373,1.0,0,1,mouse
SYNTHETIC DEMONSTRATION ONLY - NOT HUMAN EXPERIMENT RESULTS,1093820,C,1,1270.6452933732587,1.0,0,1,mouse
SYNTHETIC DEMONSTRATION ONLY - NOT HUMAN EXPERIMENT RESULTS,1093840,C,1,1270.717358048338,1.0,0,1,mouse
SYNTHETIC DEMONSTRATION ONLY - NOT HUMAN EXPERIMENT RESULTS,1093860,C,1,1270.7898388945766,1.0,0,1,mouse
SYNTHETIC DEMONSTRATION ONLY - NOT HUMAN EXPERIMENT RESULTS,1093880,C,1,1270.8627348818616,1.0,0,1,mouse
SYNTHETIC DEMONSTRATION ONLY - NOT HUMAN EXPERIMENT RESULTS,1093900,C,1,1270.9360449741794,1.0,0,1,mouse
SYNTHETIC DEMONSTRATION ONLY - NOT HUMAN EXPERIMENT RESULTS,1093920,C,1,1271.009768129631,1.0,0,1,mouse
SYNTHETIC DEMONSTRATION ONLY - NOT HUMAN EXPERIMENT RESULTS,1093940,C,1,1271.083903300448,1.0,0,1,mouse
SYNTHETIC DEMONSTRATION ONLY - NOT HUMAN EXPERIMENT RESULTS,1093960,C,1,1271.1584494330048,1.0,0,1,mouse
SYNTHETIC DEMONSTRATION ONLY - NOT HUMAN EXPERIMENT RESULTS,1093980,C,1,1271.233405467836,1.0,0,1,mouse
SYNTHETIC DEMONSTRATION ONLY - NOT HUMAN EXPERIMENT RESULTS,1094000,C,1,1271.3087703396507,1.0,0,1,mouse
SYNTHETIC DEMONSTRATION ONLY - NOT HUMAN EXPERIMENT RESULTS,1094020,C,1,1271.3845429773469,1.0,0,1,mouse
SYNTHETIC DEMONSTRATION ONLY - NOT HUMAN EXPERIMENT RESULTS,1094040,C,1,1271.460722304028,1.0,0,1,mouse
SYNTHETIC DEMONSTRATION ONLY - NOT HUMAN EXPERIMENT RESULTS,1094060,C,1,1271.5373072370169,1.0,0,1,mouse
SYNTHETIC DEMONSTRATION ONLY - NOT HUMAN EXPERIMENT RESULTS,1094080,C,1,1271.6142966878722,1.0,0,1,mouse
SYNTHETIC DEMONSTRATION ONLY - NOT HUMAN EXPERIMENT RESULTS,1094100,C,1,1271.6916895624036,1.0,0,1,mouse
SYNTHETIC DEMONSTRATION ONLY - NOT HUMAN EXPERIMENT RESULTS,1094120,C,1,1271.7694847606867,1.0,0,1,mouse
SYNTHETIC DEMONSTRATION ONLY - NOT HUMAN EXPERIMENT RESULTS,1094140,C,1,1271.84768117708,1.0,0,1,mouse
SYNTHETIC DEMONSTRATION ONLY - NOT HUMAN EXPERIMENT RESULTS,1094160,C,1,1271.926277700239,1.0,0,1,mouse
SYNTHETIC DEMONSTRATION ONLY - NOT HUMAN EXPERIMENT RESULTS,1094180,C,1,1272.0052732131333,1.0,0,1,mouse
SYNTHETIC DEMONSTRATION ONLY - NOT HUMAN EXPERIMENT RESULTS,1094200,C,1,1272.0846665930615,1.0,0,1,mouse
SYNTHETIC DEMONSTRATION ONLY - NOT HUMAN EXPERIMENT RESULTS,1094220,C,1,1272.1644567116682,1.0,0,1,mouse
SYNTHETIC DEMONSTRATION ONLY - NOT HUMAN EXPERIMENT RESULTS,1094240,C,1,1272.2446424349594,1.0,0,1,mouse
SYNTHETIC DEMONSTRATION ONLY - NOT HUMAN EXPERIMENT RESULTS,1094260,C,1,1272.325222623318,1.0,0,1,mouse
SYNTHETIC DEMONSTRATION ONLY - NOT HUMAN EXPERIMENT RESULTS,1094280,C,1,1272.4061961315215,1.0,0,1,mouse
SYNTHETIC DEMONSTRATION ONLY - NOT HUMAN EXPERIMENT RESULTS,1094300,C,1,1272.487561808757,1.0,0,1,mouse
SYNTHETIC DEMONSTRATION ONLY - NOT HUMAN EXPERIMENT RESULTS,1094320,C,1,1272.569318498638,1.0,0,1,mouse
SYNTHETIC DEMONSTRATION ONLY - NOT HUMAN EXPERIMENT RESULTS,1094340,C,1,1272.6514650392212,1.0,0,1,mouse
SYNTHETIC DEMONSTRATION ONLY - NOT HUMAN EXPERIMENT RESULTS,1094360,C,1,1272.7340002630222,1.0,0,1,mouse
SYNTHETIC DEMONSTRATION ONLY - NOT HUMAN EXPERIMENT RESULTS,1094380,C,1,1272.816922997033,1.0,0,1,mouse
SYNTHETIC DEMONSTRATION ONLY - NOT HUMAN EXPERIMENT RESULTS,1094400,C,1,1272.900232062738,1.0,0,1,mouse
SYNTHETIC DEMONSTRATION ONLY - NOT HUMAN EXPERIMENT RESULTS,1094420,C,1,1272.9839262761307,1.0,0,1,mouse
SYNTHETIC DEMONSTRATION ONLY - NOT HUMAN EXPERIMENT RESULTS,1094440,C,1,1273.0680044477313,1.0,0,1,mouse
SYNTHETIC DEMONSTRATION ONLY - NOT HUMAN EXPERIMENT RESULTS,1094460,C,1,1273.1524653826027,1.0,0,1,mouse
SYNTHETIC DEMONSTRATION ONLY - NOT HUMAN EXPERIMENT RESULTS,1094480,C,1,1273.2373078803682,1.0,0,1,mouse
SYNTHETIC DEMONSTRATION ONLY - NOT HUMAN EXPERIMENT RESULTS,1094500,C,1,1273.3225307352284,1.0,0,1,mouse
SYNTHETIC DEMONSTRATION ONLY - NOT HUMAN EXPERIMENT RESULTS,1094520,C,1,1273.4081327359772,1.0,0,1,mouse
SYNTHETIC DEMONSTRATION ONLY - NOT HUMAN EXPERIMENT RESULTS,1094540,C,1,1273.4941126660212,1.0,0,1,mouse
SYNTHETIC DEMONSTRATION ONLY - NOT HUMAN EXPERIMENT RESULTS,1094560,C,1,1273.5804693033951,1.0,0,1,mouse
SYNTHETIC DEMONSTRATION ONLY - NOT HUMAN EXPERIMENT RESULTS,1094580,C,1,1273.66720142078,1.0,0,1,mouse
SYNTHETIC DEMONSTRATION ONLY - NOT HUMAN EXPERIMENT RESULTS,1094600,C,1,1273.7543077855205,1.0,0,1,mouse
SYNTHETIC DEMONSTRATION ONLY - NOT HUMAN EXPERIMENT RESULTS,1094620,C,1,1273.8417871596423,1.0,0,1,mouse
SYNTHETIC DEMONSTRATION ONLY - NOT HUMAN EXPERIMENT RESULTS,1094640,C,1,1273.9296382998698,1.0,0,1,mouse
SYNTHETIC DEMONSTRATION ONLY - NOT HUMAN EXPERIMENT RESULTS,1094660,C,1,1274.0178599576443,1.0,0,1,mouse
SYNTHETIC DEMONSTRATION ONLY - NOT HUMAN EXPERIMENT RESULTS,1094680,C,1,1274.10645087914,1.0,0,1,mouse
SYNTHETIC DEMONSTRATION ONLY - NOT HUMAN EXPERIMENT RESULTS,1094700,C,1,1274.1954098052845,1.0,0,1,mouse
SYNTHETIC DEMONSTRATION ONLY - NOT HUMAN EXPERIMENT RESULTS,1094720,C,1,1274.2847354717742,1.0,0,1,mouse
SYNTHETIC DEMONSTRATION ONLY - NOT HUMAN EXPERIMENT RESULTS,1094740,C,1,1274.3744266090937,1.0,0,1,mouse
SYNTHETIC DEMONSTRATION ONLY - NOT HUMAN EXPERIMENT RESULTS,1094760,C,1,1274.4644819425334,1.0,0,1,mouse
SYNTHETIC DEMONSTRATION ONLY - NOT HUMAN EXPERIMENT RESULTS,1094780,C,1,1274.5549001922077,1.0,0,1,mouse
SYNTHETIC DEMONSTRATION ONLY - NOT HUMAN EXPERIMENT RESULTS,1094800,C,1,1274.645680073073,1.0,0,1,mouse
SYNTHETIC DEMONSTRATION ONLY - NOT HUMAN EXPERIMENT RESULTS,1094820,C,1,1274.7368202949467,1.0,0,1,mouse
SYNTHETIC DEMONSTRATION ONLY - NOT HUMAN EXPERIMENT RESULTS,1094840,C,1,1274.828319562524,1.0,0,1,mouse
SYNTHETIC DEMONSTRATION ONLY - NOT HUMAN EXPERIMENT RESULTS,1094860,C,1,1274.920176575398,1.0,0,1,mouse
SYNTHETIC DEMONSTRATION ONLY - NOT HUMAN EXPERIMENT RESULTS,1094880,C,1,1275.012390028077,1.0,0,1,mouse
SYNTHETIC DEMONSTRATION ONLY - NOT HUMAN EXPERIMENT RESULTS,1094900,C,1,1275.1049586100041,1.0,0,1,mouse
SYNTHETIC DEMONSTRATION ONLY - NOT HUMAN EXPERIMENT RESULTS,1094920,C,1,1275.1978810055748,1.0,0,1,mouse
SYNTHETIC DEMONSTRATION ONLY - NOT HUMAN EXPERIMENT RESULTS,1094940,C,1,1275.2911558941557,1.0,0,1,mouse
SYNTHETIC DEMONSTRATION ONLY - NOT HUMAN EXPERIMENT RESULTS,1094960,C,1,1275.3847819501048,1.0,0,1,mouse
SYNTHETIC DEMONSTRATION ONLY - NOT HUMAN EXPERIMENT RESULTS,1094980,C,1,1275.4787578427881,1.0,0,1,mouse
SYNTHETIC DEMONSTRATION ONLY - NOT HUMAN EXPERIMENT RESULTS,1095000,C,1,1275.5730822366004,1.0,0,1,mouse
SYNTHETIC DEMONSTRATION ONLY - NOT HUMAN EXPERIMENT RESULTS,1095020,C,1,1275.6677537909834,1.0,0,1,mouse
SYNTHETIC DEMONSTRATION ONLY - NOT HUMAN EXPERIMENT RESULTS,1095040,C,1,1275.7627711604443,1.0,0,1,mouse
SYNTHETIC DEMONSTRATION ONLY - NOT HUMAN EXPERIMENT RESULTS,1095060,C,1,1275.8581329945764,1.0,0,1,mouse
SYNTHETIC DEMONSTRATION ONLY - NOT HUMAN EXPERIMENT RESULTS,1095080,C,1,1275.953837938077,1.0,0,1,mouse
SYNTHETIC DEMONSTRATION ONLY - NOT HUMAN EXPERIMENT RESULTS,1095100,C,1,1276.0498846307664,1.0,0,1,mouse
SYNTHETIC DEMONSTRATION ONLY - NOT HUMAN EXPERIMENT RESULTS,1095120,C,1,1276.1462717076092,1.0,0,1,mouse
SYNTHETIC DEMONSTRATION ONLY - NOT HUMAN EXPERIMENT RESULTS,1095140,C,1,1276.2429977987313,1.0,0,1,mouse
SYNTHETIC DEMONSTRATION ONLY - NOT HUMAN EXPERIMENT RESULTS,1095160,C,1,1276.3400615294408,1.0,0,1,mouse
SYNTHETIC DEMONSTRATION ONLY - NOT HUMAN EXPERIMENT RESULTS,1095180,C,1,1276.4374615202476,1.0,0,1,mouse
SYNTHETIC DEMONSTRATION ONLY - NOT HUMAN EXPERIMENT RESULTS,1095200,C,1,1276.5351963868818,1.0,0,1,mouse
SYNTHETIC DEMONSTRATION ONLY - NOT HUMAN EXPERIMENT RESULTS,1095220,C,1,1276.6332647403149,1.0,0,1,mouse
SYNTHETIC DEMONSTRATION ONLY - NOT HUMAN EXPERIMENT RESULTS,1095240,C,1,1276.7316651867784,1.0,0,1,mouse
SYNTHETIC DEMONSTRATION ONLY - NOT HUMAN EXPERIMENT RESULTS,1095260,C,1,1276.8303963277842,1.0,0,1,mouse
SYNTHETIC DEMONSTRATION ONLY - NOT HUMAN EXPERIMENT RESULTS,1095280,C,1,1276.9294567601441,1.0,0,1,mouse
SYNTHETIC DEMONSTRATION ONLY - NOT HUMAN EXPERIMENT RESULTS,1095300,C,1,1277.0288450759904,1.0,0,1,mouse
SYNTHETIC DEMONSTRATION ONLY - NOT HUMAN EXPERIMENT RESULTS,1095320,C,1,1277.128559862795,1.0,0,1,mouse
SYNTHETIC DEMONSTRATION ONLY - NOT HUMAN EXPERIMENT RESULTS,1095340,C,1,1277.2285997033898,1.0,0,1,mouse
SYNTHETIC DEMONSTRATION ONLY - NOT HUMAN EXPERIMENT RESULTS,1095360,C,1,1277.3289631759876,1.0,0,1,mouse
SYNTHETIC DEMONSTRATION ONLY - NOT HUMAN EXPERIMENT RESULTS,1095380,C,1,1277.4296488542009,1.0,0,1,mouse
SYNTHETIC DEMONSTRATION ONLY - NOT HUMAN EXPERIMENT RESULTS,1095400,C,1,1277.5306553070639,1.0,0,1,mouse
SYNTHETIC DEMONSTRATION ONLY - NOT HUMAN EXPERIMENT RESULTS,1095420,C,1,1277.6319810990508,1.0,0,1,mouse
SYNTHETIC DEMONSTRATION ONLY - NOT HUMAN EXPERIMENT RESULTS,1095440,C,1,1277.7336247900978,1.0,0,1,mouse
SYNTHETIC DEMONSTRATION ONLY - NOT HUMAN EXPERIMENT RESULTS,1095460,C,1,1277.8355849356237,1.0,0,1,mouse
SYNTHETIC DEMONSTRATION ONLY - NOT HUMAN EXPERIMENT RESULTS,1095480,C,1,1277.9378600865484,1.0,0,1,mouse
SYNTHETIC DEMONSTRATION ONLY - NOT HUMAN EXPERIMENT RESULTS,1095500,C,1,1278.040448789316,1.0,0,1,mouse
SYNTHETIC DEMONSTRATION ONLY - NOT HUMAN EXPERIMENT RESULTS,1095520,C,1,1278.143349585914,1.0,0,1,mouse
SYNTHETIC DEMONSTRATION ONLY - NOT HUMAN EXPERIMENT RESULTS,1095540,C,1,1278.246561013894,1.0,0,1,mouse
SYNTHETIC DEMONSTRATION ONLY - NOT HUMAN EXPERIMENT RESULTS,1095560,C,1,1278.3500816063936,1.0,0,1,mouse
SYNTHETIC DEMONSTRATION ONLY - NOT HUMAN EXPERIMENT RESULTS,1095580,C,1,1278.4539098921555,1.0,0,1,mouse
SYNTHETIC DEMONSTRATION ONLY - NOT HUMAN EXPERIMENT RESULTS,1095600,C,1,1278.5580443955505,1.0,0,1,mouse
SYNTHETIC DEMONSTRATION ONLY - NOT HUMAN EXPERIMENT RESULTS,1095620,C,1,1278.6624836365963,1.0,0,1,mouse
SYNTHETIC DEMONSTRATION ONLY - NOT HUMAN EXPERIMENT RESULTS,1095640,C,1,1278.7672261309804,1.0,0,1,mouse
SYNTHETIC DEMONSTRATION ONLY - NOT HUMAN EXPERIMENT RESULTS,1095660,C,1,1278.87227039008,1.0,0,1,mouse
SYNTHETIC DEMONSTRATION ONLY - NOT HUMAN EXPERIMENT RESULTS,1095680,C,1,1278.9776149209838,1.0,0,1,mouse
SYNTHETIC DEMONSTRATION ONLY - NOT HUMAN EXPERIMENT RESULTS,1095700,C,1,1279.0832582265127,1.0,0,1,mouse
SYNTHETIC DEMONSTRATION ONLY - NOT HUMAN EXPERIMENT RESULTS,1095720,C,1,1279.1891988052416,1.0,0,1,mouse
SYNTHETIC DEMONSTRATION ONLY - NOT HUMAN EXPERIMENT RESULTS,1095740,C,1,1279.2954351515202,1.0,0,1,mouse
SYNTHETIC DEMONSTRATION ONLY - NOT HUMAN EXPERIMENT RESULTS,1095760,C,1,1279.401965755495,1.0,0,1,mouse
SYNTHETIC DEMONSTRATION ONLY - NOT HUMAN EXPERIMENT RESULTS,1095780,C,1,1279.50878910313,1.0,0,1,mouse
SYNTHETIC DEMONSTRATION ONLY - NOT HUMAN EXPERIMENT RESULTS,1095800,C,1,1279.6159036762297,1.0,0,1,mouse
SYNTHETIC DEMONSTRATION ONLY - NOT HUMAN EXPERIMENT RESULTS,1095820,C,1,1279.723307952458,1.0,0,1,mouse
SYNTHETIC DEMONSTRATION ONLY - NOT HUMAN EXPERIMENT RESULTS,1095840,C,1,1279.8310004053633,1.0,0,1,mouse
SYNTHETIC DEMONSTRATION ONLY - NOT HUMAN EXPERIMENT RESULTS,1095860,C,1,1279.9389795043967,1.0,0,1,mouse
SYNTHETIC DEMONSTRATION ONLY - NOT HUMAN EXPERIMENT RESULTS,1095880,C,1,1280.0472437149367,1.0,0,1,mouse
SYNTHETIC DEMONSTRATION ONLY - NOT HUMAN EXPERIMENT RESULTS,1095900,C,1,1280.1557914983089,1.0,0,1,mouse
SYNTHETIC DEMONSTRATION ONLY - NOT HUMAN EXPERIMENT RESULTS,1095920,C,1,1280.2646213118094,1.0,0,1,mouse
SYNTHETIC DEMONSTRATION ONLY - NOT HUMAN EXPERIMENT RESULTS,1095940,C,1,1280.3737316087252,1.0,0,1,mouse
SYNTHETIC DEMONSTRATION ONLY - NOT HUMAN EXPERIMENT RESULTS,1095960,C,1,1280.4831208383578,1.0,0,1,mouse
SYNTHETIC DEMONSTRATION ONLY - NOT HUMAN EXPERIMENT RESULTS,1095980,C,1,1280.592787446044,1.0,0,1,mouse
SYNTHETIC DEMONSTRATION ONLY - NOT HUMAN EXPERIMENT RESULTS,1096000,C,1,1280.7027298731784,1.0,0,1,mouse
SYNTHETIC DEMONSTRATION ONLY - NOT HUMAN EXPERIMENT RESULTS,1096020,C,1,1280.8129465572363,1.0,0,1,mouse
SYNTHETIC DEMONSTRATION ONLY - NOT HUMAN EXPERIMENT RESULTS,1096040,C,1,1280.9234359317938,1.0,0,1,mouse
SYNTHETIC DEMONSTRATION ONLY - NOT HUMAN EXPERIMENT RESULTS,1096060,C,1,1281.034196426553,1.0,0,1,mouse
SYNTHETIC DEMONSTRATION ONLY - NOT HUMAN EXPERIMENT RESULTS,1096080,C,1,1281.145226467362,1.0,0,1,mouse
SYNTHETIC DEMONSTRATION ONLY - NOT HUMAN EXPERIMENT RESULTS,1096100,C,1,1281.256524476238,1.0,0,1,mouse
SYNTHETIC DEMONSTRATION ONLY - NOT HUMAN EXPERIMENT RESULTS,1096120,C,1,1281.3680888713898,1.0,0,1,mouse
SYNTHETIC DEMONSTRATION ONLY - NOT HUMAN EXPERIMENT RESULTS,1096140,C,1,1281.4799180672405,1.0,0,1,mouse
SYNTHETIC DEMONSTRATION ONLY - NOT HUMAN EXPERIMENT RESULTS,1096160,C,1,1281.59201047445,1.0,0,1,mouse
SYNTHETIC DEMONSTRATION ONLY - NOT HUMAN EXPERIMENT RESULTS,1096180,C,1,1281.704364499937,1.0,0,1,mouse
SYNTHETIC DEMONSTRATION ONLY - NOT HUMAN EXPERIMENT RESULTS,1096200,C,1,1281.8169785469015,1.0,0,1,mouse
SYNTHETIC DEMONSTRATION ONLY - NOT HUMAN EXPERIMENT RESULTS,1096220,C,1,1281.9298510148492,1.0,0,1,mouse
SYNTHETIC DEMONSTRATION ONLY - NOT HUMAN EXPERIMENT RESULTS,1096240,C,1,1282.0429802996125,1.0,0,1,mouse
SYNTHETIC DEMONSTRATION ONLY - NOT HUMAN EXPERIMENT RESULTS,1096260,C,1,1282.1563647933738,1.0,0,1,mouse
SYNTHETIC DEMONSTRATION ONLY - NOT HUMAN EXPERIMENT RESULTS,1096280,C,1,1282.270002884688,1.0,0,1,mouse
SYNTHETIC DEMONSTRATION ONLY - NOT HUMAN EXPERIMENT RESULTS,1096300,C,1,1282.3838929585067,1.0,0,1,mouse
SYNTHETIC DEMONSTRATION ONLY - NOT HUMAN EXPERIMENT RESULTS,1096320,C,1,1282.4980333962,1.0,0,1,mouse
SYNTHETIC DEMONSTRATION ONLY - NOT HUMAN EXPERIMENT RESULTS,1096340,C,1,1282.6124225755796,1.0,0,1,mouse
SYNTHETIC DEMONSTRATION ONLY - NOT HUMAN EXPERIMENT RESULTS,1096360,C,1,1282.7270588709216,1.0,0,1,mouse
SYNTHETIC DEMONSTRATION ONLY - NOT HUMAN EXPERIMENT RESULTS,1096380,C,1,1282.8419406529908,1.0,0,1,mouse
SYNTHETIC DEMONSTRATION ONLY - NOT HUMAN EXPERIMENT RESULTS,1096400,C,1,1282.957066289063,1.0,0,1,mouse
SYNTHETIC DEMONSTRATION ONLY - NOT HUMAN EXPERIMENT RESULTS,1096420,C,1,1283.0724341429477,1.0,0,1,mouse
SYNTHETIC DEMONSTRATION ONLY - NOT HUMAN EXPERIMENT RESULTS,1096440,C,1,1283.1880425750123,1.0,0,1,mouse
SYNTHETIC DEMONSTRATION ONLY - NOT HUMAN EXPERIMENT RESULTS,1096460,C,1,1283.3038899422056,1.0,0,1,mouse
SYNTHETIC DEMONSTRATION ONLY - NOT HUMAN EXPERIMENT RESULTS,1096480,C,1,1283.4199745980795,1.0,0,1,mouse
SYNTHETIC DEMONSTRATION ONLY - NOT HUMAN EXPERIMENT RESULTS,1096500,C,1,1283.5362948928146,1.0,0,1,mouse
SYNTHETIC DEMONSTRATION ONLY - NOT HUMAN EXPERIMENT RESULTS,1096520,C,1,1283.6528491732415,1.0,0,1,mouse
SYNTHETIC DEMONSTRATION ONLY - NOT HUMAN EXPERIMENT RESULTS,1096540,C,1,1283.7696357828663,1.0,0,1,mouse
SYNTHETIC DEMONSTRATION ONLY - NOT HUMAN EXPERIMENT RESULTS,1096560,C,1,1283.8866530618925,1.0,0,1,mouse
SYNTHETIC DEMONSTRATION ONLY - NOT HUMAN EXPERIMENT RESULTS,1096580,C,1,1284.0038993472458,1.0,0,1,mouse
SYNTHETIC DEMONSTRATION ONLY - NOT HUMAN EXPERIMENT RESULTS,1096600,C,1,1284.1213729725969,1.0,0,1,mouse
SYNTHETIC DEMONSTRATION ONLY - NOT HUMAN EXPERIMENT RESULTS,1096620,C,1,1284.2390722683854,1.0,0,1,mouse
SYNTHETIC DEMONSTRATION ONLY - NOT HUMAN EXPERIMENT RESULTS,1096640,C,1,1284.3569955618436,1.0,0,1,mouse
SYNTHETIC DEMONSTRATION ONLY - NOT HUMAN EXPERIMENT RESULTS,1096660,C,1,1284.475141177021,1.0,0,1,mouse
SYNTHETIC DEMONSTRATION ONLY - NOT HUMAN EXPERIMENT RESULTS,1096680,C,1,1284.5935074348067,1.0,0,1,mouse
SYNTHETIC DEMONSTRATION ONLY - NOT HUMAN EXPERIMENT RESULTS,1096700,C,1,1284.712092652954,1.0,0,1,mouse
SYNTHETIC DEMONSTRATION ONLY - NOT HUMAN EXPERIMENT RESULTS,1096720,C,1,1284.8308951461045,1.0,0,1,mouse
SYNTHETIC DEMONSTRATION ONLY - NOT HUMAN EXPERIMENT RESULTS,1096740,C,1,1284.949913225812,1.0,0,1,mouse
SYNTHETIC DEMONSTRATION ONLY - NOT HUMAN EXPERIMENT RESULTS,1096760,C,1,1285.069145200566,1.0,0,1,mouse
SYNTHETIC DEMONSTRATION ONLY - NOT HUMAN EXPERIMENT RESULTS,1096780,C,1,1285.188589375816,1.0,0,1,mouse
SYNTHETIC DEMONSTRATION ONLY - NOT HUMAN EXPERIMENT RESULTS,1096800,C,1,1285.3082440539963,1.0,0,1,mouse
SYNTHETIC DEMONSTRATION ONLY - NOT HUMAN EXPERIMENT RESULTS,1096820,C,1,1285.428107534549,1.0,0,1,mouse
SYNTHETIC DEMONSTRATION ONLY - NOT HUMAN EXPERIMENT RESULTS,1096840,C,1,1285.5481781139483,1.0,0,1,mouse
SYNTHETIC DEMONSTRATION ONLY - NOT HUMAN EXPERIMENT RESULTS,1096860,C,1,1285.6684540857261,1.0,0,1,mouse
SYNTHETIC DEMONSTRATION ONLY - NOT HUMAN EXPERIMENT RESULTS,1096880,C,1,1285.788933740494,1.0,0,1,mouse
SYNTHETIC DEMONSTRATION ONLY - NOT HUMAN EXPERIMENT RESULTS,1096900,C,1,1285.90961536597,1.0,0,1,mouse
SYNTHETIC DEMONSTRATION ONLY - NOT HUMAN EXPERIMENT RESULTS,1096920,C,1,1286.0304972470005,1.0,0,1,mouse
SYNTHETIC DEMONSTRATION ONLY - NOT HUMAN EXPERIMENT RESULTS,1096940,C,1,1286.1515776655867,1.0,0,1,mouse
SYNTHETIC DEMONSTRATION ONLY - NOT HUMAN EXPERIMENT RESULTS,1096960,C,1,1286.2728549009082,1.0,0,1,mouse
SYNTHETIC DEMONSTRATION ONLY - NOT HUMAN EXPERIMENT RESULTS,1096980,C,1,1286.3943272293463,1.0,0,1,mouse
SYNTHETIC DEMONSTRATION ONLY - NOT HUMAN EXPERIMENT RESULTS,1097000,C,1,1286.5159929245108,1.0,0,1,mouse
SYNTHETIC DEMONSTRATION ONLY - NOT HUMAN EXPERIMENT RESULTS,1097020,C,1,1286.6378502572627,1.0,0,1,mouse
SYNTHETIC DEMONSTRATION ONLY - NOT HUMAN EXPERIMENT RESULTS,1097040,C,1,1286.7598974957398,1.0,0,1,mouse
SYNTHETIC DEMONSTRATION ONLY - NOT HUMAN EXPERIMENT RESULTS,1097060,C,1,1286.8821329053806,1.0,0,1,mouse
SYNTHETIC DEMONSTRATION ONLY - NOT HUMAN EXPERIMENT RESULTS,1097080,C,1,1287.004554748949,1.0,0,1,mouse
SYNTHETIC DEMONSTRATION ONLY - NOT HUMAN EXPERIMENT RESULTS,1097100,C,1,1287.12716128656,1.0,0,1,mouse
SYNTHETIC DEMONSTRATION ONLY - NOT HUMAN EXPERIMENT RESULTS,1097120,C,1,1287.2499507757034,1.0,0,1,mouse
SYNTHETIC DEMONSTRATION ONLY - NOT HUMAN EXPERIMENT RESULTS,1097140,C,1,1287.3729214712682,1.0,0,1,mouse
SYNTHETIC DEMONSTRATION ONLY - NOT HUMAN EXPERIMENT RESULTS,1097160,C,1,1287.4960716255691,1.0,0,1,mouse
SYNTHETIC DEMONSTRATION ONLY - NOT HUMAN EXPERIMENT RESULTS,1097180,C,1,1287.6193994883702,1.0,0,1,mouse
SYNTHETIC DEMONSTRATION ONLY - NOT HUMAN EXPERIMENT RESULTS,1097200,C,1,1287.7429033069086,1.0,0,1,mouse
SYNTHETIC DEMONSTRATION ONLY - NOT HUMAN EXPERIMENT RESULTS,1097220,C,1,1287.8665813259222,1.0,0,1,mouse
SYNTHETIC DEMONSTRATION ONLY - NOT HUMAN EXPERIMENT RESULTS,1097240,C,1,1287.9904317876726,1.0,0,1,mouse
SYNTHETIC DEMONSTRATION ONLY - NOT HUMAN EXPERIMENT RESULTS,1097260,C,1,1288.1144529319706,1.0,0,1,mouse
SYNTHETIC DEMONSTRATION ONLY - NOT HUMAN EXPERIMENT RESULTS,1097280,C,1,1288.2386429962012,1.0,0,1,mouse
SYNTHETIC DEMONSTRATION ONLY - NOT HUMAN EXPERIMENT RESULTS,1097300,C,1,1288.3630002153484,1.0,0,1,mouse
SYNTHETIC DEMONSTRATION ONLY - NOT HUMAN EXPERIMENT RESULTS,1097320,C,1,1288.4875228220212,1.0,0,1,mouse
SYNTHETIC DEMONSTRATION ONLY - NOT HUMAN EXPERIMENT RESULTS,1097340,C,1,1288.6122090464778,1.0,0,1,mouse
SYNTHETIC DEMONSTRATION ONLY - NOT HUMAN EXPERIMENT RESULTS,1097360,C,1,1288.7370571166507,1.0,0,1,mouse
SYNTHETIC DEMONSTRATION ONLY - NOT HUMAN EXPERIMENT RESULTS,1097380,C,1,1288.8620652581726,1.0,0,1,mouse
SYNTHETIC DEMONSTRATION ONLY - NOT HUMAN EXPERIMENT RESULTS,1097400,C,1,1288.9872316944009,1.0,0,1,mouse
SYNTHETIC DEMONSTRATION ONLY - NOT HUMAN EXPERIMENT RESULTS,1097420,C,1,1289.1125546464436,1.0,0,1,mouse
SYNTHETIC DEMONSTRATION ONLY - NOT HUMAN EXPERIMENT RESULTS,1097440,C,1,1289.2380323331845,1.0,0,1,mouse
SYNTHETIC DEMONSTRATION ONLY - NOT HUMAN EXPERIMENT RESULTS,1097460,C,1,1289.3636629713073,1.0,0,1,mouse
SYNTHETIC DEMONSTRATION ONLY - NOT HUMAN EXPERIMENT RESULTS,1097480,C,1,1289.4894447753231,1.0,0,1,mouse
SYNTHETIC DEMONSTRATION ONLY - NOT HUMAN EXPERIMENT RESULTS,1097500,C,1,1289.6153759575936,1.0,0,1,mouse
SYNTHETIC DEMONSTRATION ONLY - NOT HUMAN EXPERIMENT RESULTS,1097520,C,1,1289.7414547283586,1.0,0,1,mouse
SYNTHETIC DEMONSTRATION ONLY - NOT HUMAN EXPERIMENT RESULTS,1097540,C,1,1289.8676792957588,1.0,0,1,mouse
SYNTHETIC DEMONSTRATION ONLY - NOT HUMAN EXPERIMENT RESULTS,1097560,C,1,1289.9940478658643,1.0,0,1,mouse
SYNTHETIC DEMONSTRATION ONLY - NOT HUMAN EXPERIMENT RESULTS,1097580,C,1,1290.120558642698,1.0,0,1,mouse
SYNTHETIC DEMONSTRATION ONLY - NOT HUMAN EXPERIMENT RESULTS,1097600,C,1,1290.2472098282612,1.0,0,1,mouse
SYNTHETIC DEMONSTRATION ONLY - NOT HUMAN EXPERIMENT RESULTS,1097620,C,1,1290.3739996225609,1.0,0,1,mouse
SYNTHETIC DEMONSTRATION ONLY - NOT HUMAN EXPERIMENT RESULTS,1097640,C,1,1290.500926223633,1.0,0,1,mouse
SYNTHETIC DEMONSTRATION ONLY - NOT HUMAN EXPERIMENT RESULTS,1097660,C,1,1290.6279878275698,1.0,0,1,mouse
SYNTHETIC DEMONSTRATION ONLY - NOT HUMAN EXPERIMENT RESULTS,1097680,C,1,1290.7551826285448,1.0,0,1,mouse
SYNTHETIC DEMONSTRATION ONLY - NOT HUMAN EXPERIMENT RESULTS,1097700,C,1,1290.8825088188378,1.0,0,1,mouse
SYNTHETIC DEMONSTRATION ONLY - NOT HUMAN EXPERIMENT RESULTS,1097720,C,1,1291.0099645888622,1.0,0,1,mouse
SYNTHETIC DEMONSTRATION ONLY - NOT HUMAN EXPERIMENT RESULTS,1097740,C,1,1291.1375481271893,1.0,0,1,mouse
SYNTHETIC DEMONSTRATION ONLY - NOT HUMAN EXPERIMENT RESULTS,1097760,C,1,1291.2652576205744,1.0,0,1,mouse
SYNTHETIC DEMONSTRATION ONLY - NOT HUMAN EXPERIMENT RESULTS,1097780,C,1,1291.3930912539834,1.0,0,1,mouse
SYNTHETIC DEMONSTRATION ONLY - NOT HUMAN EXPERIMENT RESULTS,1097800,C,1,1291.5210472106169,1.0,0,1,mouse
SYNTHETIC DEMONSTRATION ONLY - NOT HUMAN EXPERIMENT RESULTS,1097820,C,1,1291.6491236719378,1.0,0,1,mouse
SYNTHETIC DEMONSTRATION ONLY - NOT HUMAN EXPERIMENT RESULTS,1097840,C,1,1291.7773188176961,1.0,0,1,mouse
SYNTHETIC DEMONSTRATION ONLY - NOT HUMAN EXPERIMENT RESULTS,1097860,C,1,1291.9056308259549,1.0,0,1,mouse
SYNTHETIC DEMONSTRATION ONLY - NOT HUMAN EXPERIMENT RESULTS,1097880,C,1,1292.0340578731166,1.0,0,1,mouse
SYNTHETIC DEMONSTRATION ONLY - NOT HUMAN EXPERIMENT RESULTS,1097900,C,1,1292.1625981339487,1.0,0,1,mouse
SYNTHETIC DEMONSTRATION ONLY - NOT HUMAN EXPERIMENT RESULTS,1097920,C,1,1292.2912497816092,1.0,0,1,mouse
SYNTHETIC DEMONSTRATION ONLY - NOT HUMAN EXPERIMENT RESULTS,1097940,C,1,1292.4200109876738,1.0,0,1,mouse
SYNTHETIC DEMONSTRATION ONLY - NOT HUMAN EXPERIMENT RESULTS,1097960,C,1,1292.5488799221607,1.0,0,1,mouse
SYNTHETIC DEMONSTRATION ONLY - NOT HUMAN EXPERIMENT RESULTS,1097980,C,1,1292.6778547535569,1.0,0,1,mouse
SYNTHETIC DEMONSTRATION ONLY - NOT HUMAN EXPERIMENT RESULTS,1098000,C,1,1292.8069336488445,1.0,0,1,mouse
SYNTHETIC DEMONSTRATION ONLY - NOT HUMAN EXPERIMENT RESULTS,1098020,C,1,1292.936114773527,1.0,0,1,mouse
SYNTHETIC DEMONSTRATION ONLY - NOT HUMAN EXPERIMENT RESULTS,1098040,C,1,1293.0653962916547,1.0,0,1,mouse
SYNTHETIC DEMONSTRATION ONLY - NOT HUMAN EXPERIMENT RESULTS,1098060,C,1,1293.1947763658507,1.0,0,1,mouse
SYNTHETIC DEMONSTRATION ONLY - NOT HUMAN EXPERIMENT RESULTS,1098080,C,1,1293.3242531573378,1.0,0,1,mouse
SYNTHETIC DEMONSTRATION ONLY - NOT HUMAN EXPERIMENT RESULTS,1098100,C,1,1293.4538248259646,1.0,0,1,mouse
SYNTHETIC DEMONSTRATION ONLY - NOT HUMAN EXPERIMENT RESULTS,1098120,C,1,1293.5834895302303,1.0,0,1,mouse
SYNTHETIC DEMONSTRATION ONLY - NOT HUMAN EXPERIMENT RESULTS,1098140,C,1,1293.713245427313,1.0,0,1,mouse
SYNTHETIC DEMONSTRATION ONLY - NOT HUMAN EXPERIMENT RESULTS,1098160,C,1,1293.843090673094,1.0,0,1,mouse
SYNTHETIC DEMONSTRATION ONLY - NOT HUMAN EXPERIMENT RESULTS,1098180,C,1,1293.9730234221847,1.0,0,1,mouse
SYNTHETIC DEMONSTRATION ONLY - NOT HUMAN EXPERIMENT RESULTS,1098200,C,1,1294.1030418279533,1.0,0,1,mouse
SYNTHETIC DEMONSTRATION ONLY - NOT HUMAN EXPERIMENT RESULTS,1098220,C,1,1294.2331440425505,1.0,0,1,mouse
SYNTHETIC DEMONSTRATION ONLY - NOT HUMAN EXPERIMENT RESULTS,1098240,C,1,1294.363328216936,1.0,0,1,mouse
SYNTHETIC DEMONSTRATION ONLY - NOT HUMAN EXPERIMENT RESULTS,1098260,C,1,1294.4935925009042,1.0,0,1,mouse
SYNTHETIC DEMONSTRATION ONLY - NOT HUMAN EXPERIMENT RESULTS,1098280,C,1,1294.6239350431115,1.0,0,1,mouse
SYNTHETIC DEMONSTRATION ONLY - NOT HUMAN EXPERIMENT RESULTS,1098300,C,1,1294.7543539911017,1.0,0,1,mouse
SYNTHETIC DEMONSTRATION ONLY - NOT HUMAN EXPERIMENT RESULTS,1098320,C,1,1294.884847491333,1.0,0,1,mouse
SYNTHETIC DEMONSTRATION ONLY - NOT HUMAN EXPERIMENT RESULTS,1098340,C,1,1295.0154136892038,1.0,0,1,mouse
SYNTHETIC DEMONSTRATION ONLY - NOT HUMAN EXPERIMENT RESULTS,1098360,C,1,1295.1460507290794,1.0,0,1,mouse
SYNTHETIC DEMONSTRATION ONLY - NOT HUMAN EXPERIMENT RESULTS,1098380,C,1,1295.2767567543185,1.0,0,1,mouse
SYNTHETIC DEMONSTRATION ONLY - NOT HUMAN EXPERIMENT RESULTS,1098400,C,1,1295.4075299072992,1.0,0,1,mouse
SYNTHETIC DEMONSTRATION ONLY - NOT HUMAN EXPERIMENT RESULTS,1098420,C,1,1295.5383683294451,1.0,0,1,mouse
SYNTHETIC DEMONSTRATION ONLY - NOT HUMAN EXPERIMENT RESULTS,1098440,C,1,1295.669270161253,1.0,0,1,mouse
SYNTHETIC DEMONSTRATION ONLY - NOT HUMAN EXPERIMENT RESULTS,1098460,C,1,1295.8002335423182,1.0,0,1,mouse
SYNTHETIC DEMONSTRATION ONLY - NOT HUMAN EXPERIMENT RESULTS,1098480,C,1,1295.9312566113608,1.0,0,1,mouse
SYNTHETIC DEMONSTRATION ONLY - NOT HUMAN EXPERIMENT RESULTS,1098500,C,1,1296.062337506253,1.0,0,1,mouse
SYNTHETIC DEMONSTRATION ONLY - NOT HUMAN EXPERIMENT RESULTS,1098520,C,1,1296.1934743640454,1.0,0,1,mouse
SYNTHETIC DEMONSTRATION ONLY - NOT HUMAN EXPERIMENT RESULTS,1098540,C,1,1296.3246653209928,1.0,0,1,mouse
SYNTHETIC DEMONSTRATION ONLY - NOT HUMAN EXPERIMENT RESULTS,1098560,C,1,1296.4559085125816,1.0,0,1,mouse
SYNTHETIC DEMONSTRATION ONLY - NOT HUMAN EXPERIMENT RESULTS,1098580,C,1,1296.587202073555,1.0,0,1,mouse
SYNTHETIC DEMONSTRATION ONLY - NOT HUMAN EXPERIMENT RESULTS,1098600,C,1,1296.7185441379413,1.0,0,1,mouse
SYNTHETIC DEMONSTRATION ONLY - NOT HUMAN EXPERIMENT RESULTS,1098620,C,1,1296.849932839079,1.0,0,1,mouse
SYNTHETIC DEMONSTRATION ONLY - NOT HUMAN EXPERIMENT RESULTS,1098640,C,1,1296.9813663096436,1.0,0,1,mouse
SYNTHETIC DEMONSTRATION ONLY - NOT HUMAN EXPERIMENT RESULTS,1098660,C,1,1297.1128426816747,1.0,0,1,mouse
SYNTHETIC DEMONSTRATION ONLY - NOT HUMAN EXPERIMENT RESULTS,1098680,C,1,1297.244360086602,1.0,0,1,mouse
SYNTHETIC DEMONSTRATION ONLY - NOT HUMAN EXPERIMENT RESULTS,1098700,C,1,1297.3759166552722,1.0,0,1,mouse
SYNTHETIC DEMONSTRATION ONLY - NOT HUMAN EXPERIMENT RESULTS,1098720,C,1,1297.507510517975,1.0,0,1,mouse
SYNTHETIC DEMONSTRATION ONLY - NOT HUMAN EXPERIMENT RESULTS,1098740,C,1,1297.6391398044707,1.0,0,1,mouse
SYNTHETIC DEMONSTRATION ONLY - NOT HUMAN EXPERIMENT RESULTS,1098760,C,1,1297.7708026440155,1.0,0,1,mouse
SYNTHETIC DEMONSTRATION ONLY - NOT HUMAN EXPERIMENT RESULTS,1098780,C,1,1297.9024971653891,1.0,0,1,mouse
SYNTHETIC DEMONSTRATION ONLY - NOT HUMAN EXPERIMENT RESULTS,1098800,C,1,1298.0342214969207,1.0,0,1,mouse
SYNTHETIC DEMONSTRATION ONLY - NOT HUMAN EXPERIMENT RESULTS,1098820,C,1,1298.1659737665161,1.0,0,1,mouse
SYNTHETIC DEMONSTRATION ONLY - NOT HUMAN EXPERIMENT RESULTS,1098840,C,1,1298.297752101684,1.0,0,1,mouse
SYNTHETIC DEMONSTRATION ONLY - NOT HUMAN EXPERIMENT RESULTS,1098860,C,1,1298.4295546295623,1.0,0,1,mouse
SYNTHETIC DEMONSTRATION ONLY - NOT HUMAN EXPERIMENT RESULTS,1098880,C,1,1298.5613794769458,1.0,0,1,mouse
SYNTHETIC DEMONSTRATION ONLY - NOT HUMAN EXPERIMENT RESULTS,1098900,C,1,1298.693224770311,1.0,0,1,mouse
SYNTHETIC DEMONSTRATION ONLY - NOT HUMAN EXPERIMENT RESULTS,1098920,C,1,1298.8250886358448,1.0,0,1,mouse
SYNTHETIC DEMONSTRATION ONLY - NOT HUMAN EXPERIMENT RESULTS,1098940,C,1,1298.95696919947,1.0,0,1,mouse
SYNTHETIC DEMONSTRATION ONLY - NOT HUMAN EXPERIMENT RESULTS,1098960,C,1,1299.0888645868715,1.0,0,1,mouse
SYNTHETIC DEMONSTRATION ONLY - NOT HUMAN EXPERIMENT RESULTS,1098980,C,1,1299.220772923524,1.0,0,1,mouse
SYNTHETIC DEMONSTRATION ONLY - NOT HUMAN EXPERIMENT RESULTS,1099000,C,1,1299.352692334718,1.0,0,1,mouse
SYNTHETIC DEMONSTRATION ONLY - NOT HUMAN EXPERIMENT RESULTS,1099020,C,1,1299.484620945587,1.0,0,1,mouse
SYNTHETIC DEMONSTRATION ONLY - NOT HUMAN EXPERIMENT RESULTS,1099040,C,1,1299.616556881133,1.0,0,1,mouse
SYNTHETIC DEMONSTRATION ONLY - NOT HUMAN EXPERIMENT RESULTS,1099060,C,1,1299.7484982662545,1.0,0,1,mouse
SYNTHETIC DEMONSTRATION ONLY - NOT HUMAN EXPERIMENT RESULTS,1099080,C,1,1299.8804432257723,1.0,0,1,mouse
SYNTHETIC DEMONSTRATION ONLY - NOT HUMAN EXPERIMENT RESULTS,1099100,C,1,1300.0123898844565,1.0,0,1,mouse
SYNTHETIC DEMONSTRATION ONLY - NOT HUMAN EXPERIMENT RESULTS,1099120,C,1,1300.144336367053,1.0,0,1,mouse
SYNTHETIC DEMONSTRATION ONLY - NOT HUMAN EXPERIMENT RESULTS,1099140,C,1,1300.2762807983104,1.0,0,1,mouse
SYNTHETIC DEMONSTRATION ONLY - NOT HUMAN EXPERIMENT RESULTS,1099160,C,1,1300.4082213030058,1.0,0,1,mouse
SYNTHETIC DEMONSTRATION ONLY - NOT HUMAN EXPERIMENT RESULTS,1099180,C,1,1300.5401560059731,1.0,0,1,mouse
SYNTHETIC DEMONSTRATION ONLY - NOT HUMAN EXPERIMENT RESULTS,1099200,C,1,1300.6720830321278,1.0,0,1,mouse
SYNTHETIC DEMONSTRATION ONLY - NOT HUMAN EXPERIMENT RESULTS,1099220,C,1,1300.8040005064952,1.0,0,1,mouse
SYNTHETIC DEMONSTRATION ONLY - NOT HUMAN EXPERIMENT RESULTS,1099240,C,1,1300.9359065542355,1.0,0,1,mouse
SYNTHETIC DEMONSTRATION ONLY - NOT HUMAN EXPERIMENT RESULTS,1099260,C,1,1301.067799300672,1.0,0,1,mouse
SYNTHETIC DEMONSTRATION ONLY - NOT HUMAN EXPERIMENT RESULTS,1099280,C,1,1301.199676871317,1.0,0,1,mouse
SYNTHETIC DEMONSTRATION ONLY - NOT HUMAN EXPERIMENT RESULTS,1099300,C,1,1301.331537391898,1.0,0,1,mouse
SYNTHETIC DEMONSTRATION ONLY - NOT HUMAN EXPERIMENT RESULTS,1099320,C,1,1301.4633789883856,1.0,0,1,mouse
SYNTHETIC DEMONSTRATION ONLY - NOT HUMAN EXPERIMENT RESULTS,1099340,C,1,1301.5951997870184,1.0,0,1,mouse
SYNTHETIC DEMONSTRATION ONLY - NOT HUMAN EXPERIMENT RESULTS,1099360,C,1,1301.7269979143312,1.0,0,1,mouse
SYNTHETIC DEMONSTRATION ONLY - NOT HUMAN EXPERIMENT RESULTS,1099380,C,1,1301.858771497181,1.0,0,1,mouse
SYNTHETIC DEMONSTRATION ONLY - NOT HUMAN EXPERIMENT RESULTS,1099400,C,1,1301.9905186627734,1.0,0,1,mouse
SYNTHETIC DEMONSTRATION ONLY - NOT HUMAN EXPERIMENT RESULTS,1099420,C,1,1302.1222375386897,1.0,0,1,mouse
SYNTHETIC DEMONSTRATION ONLY - NOT HUMAN EXPERIMENT RESULTS,1099440,C,1,1302.2539262529126,1.0,0,1,mouse
SYNTHETIC DEMONSTRATION ONLY - NOT HUMAN EXPERIMENT RESULTS,1099460,C,1,1302.3855829338547,1.0,0,1,mouse
SYNTHETIC DEMONSTRATION ONLY - NOT HUMAN EXPERIMENT RESULTS,1099480,C,1,1302.5172057103828,1.0,0,1,mouse
SYNTHETIC DEMONSTRATION ONLY - NOT HUMAN EXPERIMENT RESULTS,1099500,C,1,1302.6487927118458,1.0,0,1,mouse
SYNTHETIC DEMONSTRATION ONLY - NOT HUMAN EXPERIMENT RESULTS,1099520,C,1,1302.7803420681012,1.0,0,1,mouse
SYNTHETIC DEMONSTRATION ONLY - NOT HUMAN EXPERIMENT RESULTS,1099540,C,1,1302.9118519095418,1.0,0,1,mouse
SYNTHETIC DEMONSTRATION ONLY - NOT HUMAN EXPERIMENT RESULTS,1099560,C,1,1303.0433203671212,1.0,0,1,mouse
SYNTHETIC DEMONSTRATION ONLY - NOT HUMAN EXPERIMENT RESULTS,1099580,C,1,1303.1747455723817,1.0,0,1,mouse
SYNTHETIC DEMONSTRATION ONLY - NOT HUMAN EXPERIMENT RESULTS,1099600,C,1,1303.3061256574804,1.0,0,1,mouse
SYNTHETIC DEMONSTRATION ONLY - NOT HUMAN EXPERIMENT RESULTS,1099620,C,1,1303.4374587552152,1.0,0,1,mouse
SYNTHETIC DEMONSTRATION ONLY - NOT HUMAN EXPERIMENT RESULTS,1099640,C,1,1303.5687429990523,1.0,0,1,mouse
SYNTHETIC DEMONSTRATION ONLY - NOT HUMAN EXPERIMENT RESULTS,1099660,C,1,1303.6999765231521,1.0,0,1,mouse
SYNTHETIC DEMONSTRATION ONLY - NOT HUMAN EXPERIMENT RESULTS,1099680,C,1,1303.8311574623956,1.0,0,1,mouse
SYNTHETIC DEMONSTRATION ONLY - NOT HUMAN EXPERIMENT RESULTS,1099700,C,1,1303.962283952411,1.0,0,1,mouse
SYNTHETIC DEMONSTRATION ONLY - NOT HUMAN EXPERIMENT RESULTS,1099720,C,1,1304.0933541296013,1.0,0,1,mouse
SYNTHETIC DEMONSTRATION ONLY - NOT HUMAN EXPERIMENT RESULTS,1099740,C,1,1304.2243661311684,1.0,0,1,mouse
SYNTHETIC DEMONSTRATION ONLY - NOT HUMAN EXPERIMENT RESULTS,1099760,C,1,1304.3553180951424,1.0,0,1,mouse
SYNTHETIC DEMONSTRATION ONLY - NOT HUMAN EXPERIMENT RESULTS,1099780,C,1,1304.4862081604056,1.0,0,1,mouse
SYNTHETIC DEMONSTRATION ONLY - NOT HUMAN EXPERIMENT RESULTS,1099800,C,1,1304.6170344667205,1.0,0,1,mouse
SYNTHETIC DEMONSTRATION ONLY - NOT HUMAN EXPERIMENT RESULTS,1099820,C,1,1304.747795154756,1.0,0,1,mouse
SYNTHETIC DEMONSTRATION ONLY - NOT HUMAN EXPERIMENT RESULTS,1099840,C,1,1304.8784883661128,1.0,0,1,mouse
SYNTHETIC DEMONSTRATION ONLY - NOT HUMAN EXPERIMENT RESULTS,1099860,C,1,1305.0091122433516,1.0,0,1,mouse
SYNTHETIC DEMONSTRATION ONLY - NOT HUMAN EXPERIMENT RESULTS,1099880,C,1,1305.1396649300177,1.0,0,1,mouse
SYNTHETIC DEMONSTRATION ONLY - NOT HUMAN EXPERIMENT RESULTS,1099900,C,1,1305.2701445706684,1.0,0,1,mouse
SYNTHETIC DEMONSTRATION ONLY - NOT HUMAN EXPERIMENT RESULTS,1099920,C,1,1305.4005493108994,1.0,0,1,mouse
SYNTHETIC DEMONSTRATION ONLY - NOT HUMAN EXPERIMENT RESULTS,1099940,C,1,1305.5308772973704,1.0,0,1,mouse
SYNTHETIC DEMONSTRATION ONLY - NOT HUMAN EXPERIMENT RESULTS,1099960,C,1,1305.6611266778325,1.0,0,1,mouse
SYNTHETIC DEMONSTRATION ONLY - NOT HUMAN EXPERIMENT RESULTS,1099980,C,1,1305.7912956011535,1.0,0,1,mouse
SYNTHETIC DEMONSTRATION ONLY - NOT HUMAN EXPERIMENT RESULTS,1100000,C,1,1305.921382217345,1.0,0,1,mouse
SYNTHETIC DEMONSTRATION ONLY - NOT HUMAN EXPERIMENT RESULTS,1100020,C,1,1306.051384677588,1.0,0,1,mouse
SYNTHETIC DEMONSTRATION ONLY - NOT HUMAN EXPERIMENT RESULTS,1100040,C,1,1306.1813011342601,1.0,0,1,mouse
SYNTHETIC DEMONSTRATION ONLY - NOT HUMAN EXPERIMENT RESULTS,1100060,C,1,1306.3111297409607,1.0,0,1,mouse
SYNTHETIC DEMONSTRATION ONLY - NOT HUMAN EXPERIMENT RESULTS,1100080,C,1,1306.440868652538,1.0,0,1,mouse
SYNTHETIC DEMONSTRATION ONLY - NOT HUMAN EXPERIMENT RESULTS,1100100,C,1,1306.5705160251148,1.0,0,1,mouse
SYNTHETIC DEMONSTRATION ONLY - NOT HUMAN EXPERIMENT RESULTS,1100120,C,1,1306.7000700161152,1.0,0,1,mouse
SYNTHETIC DEMONSTRATION ONLY - NOT HUMAN EXPERIMENT RESULTS,1100140,C,1,1306.8295287842898,1.0,0,1,mouse
SYNTHETIC DEMONSTRATION ONLY - NOT HUMAN EXPERIMENT RESULTS,1100160,C,1,1306.9588904897432,1.0,0,1,mouse
SYNTHETIC DEMONSTRATION ONLY - NOT HUMAN EXPERIMENT RESULTS,1100180,C,1,1307.0881532939593,1.0,0,1,mouse
SYNTHETIC DEMONSTRATION ONLY - NOT HUMAN EXPERIMENT RESULTS,1100200,C,1,1307.2173153598274,1.0,0,1,mouse
SYNTHETIC DEMONSTRATION ONLY - NOT HUMAN EXPERIMENT RESULTS,1100220,C,1,1307.3463748516685,1.0,0,1,mouse
SYNTHETIC DEMONSTRATION ONLY - NOT HUMAN EXPERIMENT RESULTS,1100240,C,1,1307.475329935262,1.0,0,1,mouse
SYNTHETIC DEMONSTRATION ONLY - NOT HUMAN EXPERIMENT RESULTS,1100260,C,1,1307.6041787778702,1.0,0,1,mouse
SYNTHETIC DEMONSTRATION ONLY - NOT HUMAN EXPERIMENT RESULTS,1100280,C,1,1307.7329195482662,1.0,0,1,mouse
SYNTHETIC DEMONSTRATION ONLY - NOT HUMAN EXPERIMENT RESULTS,1100300,C,1,1307.8615504167585,1.0,0,1,mouse
SYNTHETIC DEMONSTRATION ONLY - NOT HUMAN EXPERIMENT RESULTS,1100320,C,1,1307.990069555218,1.0,0,1,mouse
SYNTHETIC DEMONSTRATION ONLY - NOT HUMAN EXPERIMENT RESULTS,1100340,C,1,1308.118475137103,1.0,0,1,mouse
SYNTHETIC DEMONSTRATION ONLY - NOT HUMAN EXPERIMENT RESULTS,1100360,C,1,1308.2467653374856,1.0,0,1,mouse
SYNTHETIC DEMONSTRATION ONLY - NOT HUMAN EXPERIMENT RESULTS,1100380,C,1,1308.374938333079,1.0,0,1,mouse
SYNTHETIC DEMONSTRATION ONLY - NOT HUMAN EXPERIMENT RESULTS,1100400,C,1,1308.5029923022605,1.0,0,1,mouse
SYNTHETIC DEMONSTRATION ONLY - NOT HUMAN EXPERIMENT RESULTS,1100420,C,1,1308.6309254251,1.0,0,1,mouse
SYNTHETIC DEMONSTRATION ONLY - NOT HUMAN EXPERIMENT RESULTS,1100440,C,1,1308.7587358833846,1.0,0,1,mouse
SYNTHETIC DEMONSTRATION ONLY - NOT HUMAN EXPERIMENT RESULTS,1100460,C,1,1308.8864218606448,1.0,0,1,mouse
SYNTHETIC DEMONSTRATION ONLY - NOT HUMAN EXPERIMENT RESULTS,1100480,C,1,1309.01398154218,1.0,0,1,mouse
SYNTHETIC DEMONSTRATION ONLY - NOT HUMAN EXPERIMENT RESULTS,1100500,C,1,1309.1414131150852,1.0,0,1,mouse
SYNTHETIC DEMONSTRATION ONLY - NOT HUMAN EXPERIMENT RESULTS,1100520,C,1,1309.2687147682757,1.0,0,1,mouse
SYNTHETIC DEMONSTRATION ONLY - NOT HUMAN EXPERIMENT RESULTS,1100540,C,1,1309.3958846925127,1.0,0,1,mouse
SYNTHETIC DEMONSTRATION ONLY - NOT HUMAN EXPERIMENT RESULTS,1100560,C,1,1309.5229210804305,1.0,0,1,mouse
SYNTHETIC DEMONSTRATION ONLY - NOT HUMAN EXPERIMENT RESULTS,1100580,C,1,1309.6498221265606,1.0,0,1,mouse
SYNTHETIC DEMONSTRATION ONLY - NOT HUMAN EXPERIMENT RESULTS,1100600,C,1,1309.7765860273585,1.0,0,1,mouse
SYNTHETIC DEMONSTRATION ONLY - NOT HUMAN EXPERIMENT RESULTS,1100620,C,1,1309.9032109812283,1.0,0,1,mouse
SYNTHETIC DEMONSTRATION ONLY - NOT HUMAN EXPERIMENT RESULTS,1100640,C,1,1310.029695188549,1.0,0,1,mouse
SYNTHETIC DEMONSTRATION ONLY - NOT HUMAN EXPERIMENT RESULTS,1100660,C,1,1310.1560368517007,1.0,0,1,mouse
SYNTHETIC DEMONSTRATION ONLY - NOT HUMAN EXPERIMENT RESULTS,1100680,C,1,1310.2822341750882,1.0,0,1,mouse
SYNTHETIC DEMONSTRATION ONLY - NOT HUMAN EXPERIMENT RESULTS,1100700,C,1,1310.4082853651682,1.0,0,1,mouse
SYNTHETIC DEMONSTRATION ONLY - NOT HUMAN EXPERIMENT RESULTS,1100720,C,1,1310.5341886304745,1.0,0,1,mouse
SYNTHETIC DEMONSTRATION ONLY - NOT HUMAN EXPERIMENT RESULTS,1100740,C,1,1310.659942181643,1.0,0,1,mouse
SYNTHETIC DEMONSTRATION ONLY - NOT HUMAN EXPERIMENT RESULTS,1100760,C,1,1310.785544231437,1.0,0,1,mouse
SYNTHETIC DEMONSTRATION ONLY - NOT HUMAN EXPERIMENT RESULTS,1100780,C,1,1310.9109929947736,1.0,0,1,mouse
SYNTHETIC DEMONSTRATION ONLY - NOT HUMAN EXPERIMENT RESULTS,1100800,C,1,1311.036286688748,1.0,0,1,mouse
SYNTHETIC DEMONSTRATION ONLY - NOT HUMAN EXPERIMENT RESULTS,1100820,C,1,1311.1614235326601,1.0,0,1,mouse
SYNTHETIC DEMONSTRATION ONLY - NOT HUMAN EXPERIMENT RESULTS,1100840,C,1,1311.2864017480379,1.0,0,1,mouse
SYNTHETIC DEMONSTRATION ONLY - NOT HUMAN EXPERIMENT RESULTS,1100860,C,1,1311.4112195586642,1.0,0,1,mouse
SYNTHETIC DEMONSTRATION ONLY - NOT HUMAN EXPERIMENT RESULTS,1100880,C,1,1311.5358751906017,1.0,0,1,mouse
SYNTHETIC DEMONSTRATION ONLY - NOT HUMAN EXPERIMENT RESULTS,1100900,C,1,1311.6603668722182,1.0,0,1,mouse
SYNTHETIC DEMONSTRATION ONLY - NOT HUMAN EXPERIMENT RESULTS,1100920,C,1,1311.784692834211,1.0,0,1,mouse
SYNTHETIC DEMONSTRATION ONLY - NOT HUMAN EXPERIMENT RESULTS,1100940,C,1,1311.9088513096333,1.0,0,1,mouse
SYNTHETIC DEMONSTRATION ONLY - NOT HUMAN EXPERIMENT RESULTS,1100960,C,1,1312.0328405339183,1.0,0,1,mouse
SYNTHETIC DEMONSTRATION ONLY - NOT HUMAN EXPERIMENT RESULTS,1100980,C,1,1312.1566587449042,1.0,0,1,mouse
SYNTHETIC DEMONSTRATION ONLY - NOT HUMAN EXPERIMENT RESULTS,1101000,C,1,1312.2803041828606,1.0,0,1,mouse
SYNTHETIC DEMONSTRATION ONLY - NOT HUMAN EXPERIMENT RESULTS,1101020,C,1,1312.4037750905122,1.0,0,1,mouse
SYNTHETIC DEMONSTRATION ONLY - NOT HUMAN EXPERIMENT RESULTS,1101040,C,1,1312.5270697130638,1.0,0,1,mouse
SYNTHETIC DEMONSTRATION ONLY - NOT HUMAN EXPERIMENT RESULTS,1101060,C,1,1312.6501862982261,1.0,0,1,mouse
SYNTHETIC DEMONSTRATION ONLY - NOT HUMAN EXPERIMENT RESULTS,1101080,C,1,1312.77312309624,1.0,0,1,mouse
SYNTHETIC DEMONSTRATION ONLY - NOT HUMAN EXPERIMENT RESULTS,1101100,C,1,1312.8958783599012,1.0,0,1,mouse
SYNTHETIC DEMONSTRATION ONLY - NOT HUMAN EXPERIMENT RESULTS,1101120,C,1,1313.0184503445857,1.0,0,1,mouse
SYNTHETIC DEMONSTRATION ONLY - NOT HUMAN EXPERIMENT RESULTS,1101140,C,1,1313.1408373082745,1.0,0,1,mouse
SYNTHETIC DEMONSTRATION ONLY - NOT HUMAN EXPERIMENT RESULTS,1101160,C,1,1313.2630375115777,1.0,0,1,mouse
SYNTHETIC DEMONSTRATION ONLY - NOT HUMAN EXPERIMENT RESULTS,1101180,C,1,1313.3850492177603,1.0,0,1,mouse
SYNTHETIC DEMONSTRATION ONLY - NOT HUMAN EXPERIMENT RESULTS,1101200,C,1,1313.5068706927655,1.0,0,1,mouse
SYNTHETIC DEMONSTRATION ONLY - NOT HUMAN EXPERIMENT RESULTS,1101220,C,1,1313.6285002052407,1.0,0,1,mouse
SYNTHETIC DEMONSTRATION ONLY - NOT HUMAN EXPERIMENT RESULTS,1101240,C,1,1313.7499360265613,1.0,0,1,mouse
SYNTHETIC DEMONSTRATION ONLY - NOT HUMAN EXPERIMENT RESULTS,1101260,C,1,1313.8711764308553,1.0,0,1,mouse
SYNTHETIC DEMONSTRATION ONLY - NOT HUMAN EXPERIMENT RESULTS,1101280,C,1,1313.992219695028,1.0,0,1,mouse
SYNTHETIC DEMONSTRATION ONLY - NOT HUMAN EXPERIMENT RESULTS,1101300,C,1,1314.1130640987874,1.0,0,1,mouse
SYNTHETIC DEMONSTRATION ONLY - NOT HUMAN EXPERIMENT RESULTS,1101320,C,1,1314.2337079246665,1.0,0,1,mouse
SYNTHETIC DEMONSTRATION ONLY - NOT HUMAN EXPERIMENT RESULTS,1101340,C,1,1314.3541494580495,1.0,0,1,mouse
SYNTHETIC DEMONSTRATION ONLY - NOT HUMAN EXPERIMENT RESULTS,1101360,C,1,1314.4743869871959,1.0,0,1,mouse
SYNTHETIC DEMONSTRATION ONLY - NOT HUMAN EXPERIMENT RESULTS,1101380,C,1,1314.5944188032638,1.0,0,1,mouse
SYNTHETIC DEMONSTRATION ONLY - NOT HUMAN EXPERIMENT RESULTS,1101400,C,1,1314.7142432003359,1.0,0,1,mouse
SYNTHETIC DEMONSTRATION ONLY - NOT HUMAN EXPERIMENT RESULTS,1101420,C,1,1314.8338584754422,1.0,0,1,mouse
SYNTHETIC DEMONSTRATION ONLY - NOT HUMAN EXPERIMENT RESULTS,1101440,C,1,1314.9532629285843,1.0,0,1,mouse
SYNTHETIC DEMONSTRATION ONLY - NOT HUMAN EXPERIMENT RESULTS,1101460,C,1,1315.0724548627616,1.0,0,1,mouse
SYNTHETIC DEMONSTRATION ONLY - NOT HUMAN EXPERIMENT RESULTS,1101480,C,1,1315.1914325839919,1.0,0,1,mouse
SYNTHETIC DEMONSTRATION ONLY - NOT HUMAN EXPERIMENT RESULTS,1101500,C,1,1315.310194401339,1.0,0,1,mouse
SYNTHETIC DEMONSTRATION ONLY - NOT HUMAN EXPERIMENT RESULTS,1101520,C,1,1315.4287386269345,1.0,0,1,mouse
SYNTHETIC DEMONSTRATION ONLY - NOT HUMAN EXPERIMENT RESULTS,1101540,C,1,1315.5470635760025,1.0,0,1,mouse
SYNTHETIC DEMONSTRATION ONLY - NOT HUMAN EXPERIMENT RESULTS,1101560,C,1,1315.6651675668836,1.0,0,1,mouse
SYNTHETIC DEMONSTRATION ONLY - NOT HUMAN EXPERIMENT RESULTS,1101580,C,1,1315.7830489210587,1.0,0,1,mouse
SYNTHETIC DEMONSTRATION ONLY - NOT HUMAN EXPERIMENT RESULTS,1101600,C,1,1315.9007059631726,1.0,0,1,mouse
SYNTHETIC DEMONSTRATION ONLY - NOT HUMAN EXPERIMENT RESULTS,1101620,C,1,1316.0181370210585,1.0,0,1,mouse
SYNTHETIC DEMONSTRATION ONLY - NOT HUMAN EXPERIMENT RESULTS,1101640,C,1,1316.1353404257613,1.0,0,1,mouse
SYNTHETIC DEMONSTRATION ONLY - NOT HUMAN EXPERIMENT RESULTS,1101660,C,1,1316.2523145115608,1.0,0,1,mouse
SYNTHETIC DEMONSTRATION ONLY - NOT HUMAN EXPERIMENT RESULTS,1101680,C,1,1316.3690576159966,1.0,0,1,mouse
SYNTHETIC DEMONSTRATION ONLY - NOT HUMAN EXPERIMENT RESULTS,1101700,C,1,1316.4855680798905,1.0,0,1,mouse
SYNTHETIC DEMONSTRATION ONLY - NOT HUMAN EXPERIMENT RESULTS,1101720,C,1,1316.6018442473712,1.0,0,1,mouse
SYNTHETIC DEMONSTRATION ONLY - NOT HUMAN EXPERIMENT RESULTS,1101740,C,1,1316.717884465897,1.0,0,1,mouse
SYNTHETIC DEMONSTRATION ONLY - NOT HUMAN EXPERIMENT RESULTS,1101760,C,1,1316.8336870862793,1.0,0,1,mouse
SYNTHETIC DEMONSTRATION ONLY - NOT HUMAN EXPERIMENT RESULTS,1101780,C,1,1316.9492504627067,1.0,0,1,mouse
SYNTHETIC DEMONSTRATION ONLY - NOT HUMAN EXPERIMENT RESULTS,1101800,C,1,1317.0645729527675,1.0,0,1,mouse
SYNTHETIC DEMONSTRATION ONLY - NOT HUMAN EXPERIMENT RESULTS,1101820,C,1,1317.1796529174746,1.0,0,1,mouse
SYNTHETIC DEMONSTRATION ONLY - NOT HUMAN EXPERIMENT RESULTS,1101840,C,1,1317.2944887212861,1.0,0,1,mouse
SYNTHETIC DEMONSTRATION ONLY - NOT HUMAN EXPERIMENT RESULTS,1101860,C,1,1317.4090787321315,1.0,0,1,mouse
SYNTHETIC DEMONSTRATION ONLY - NOT HUMAN EXPERIMENT RESULTS,1101880,C,1,1317.5234213214333,1.0,0,1,mouse
SYNTHETIC DEMONSTRATION ONLY - NOT HUMAN EXPERIMENT RESULTS,1101900,C,1,1317.6375148641298,1.0,0,1,mouse
SYNTHETIC DEMONSTRATION ONLY - NOT HUMAN EXPERIMENT RESULTS,1101920,C,1,1317.7513577386992,1.0,0,1,mouse
SYNTHETIC DEMONSTRATION ONLY - NOT HUMAN EXPERIMENT RESULTS,1101940,C,1,1317.8649483271824,1.0,0,1,mouse
SYNTHETIC DEMONSTRATION ONLY - NOT HUMAN EXPERIMENT RESULTS,1101960,C,1,1317.978285015206,1.0,0,1,mouse
SYNTHETIC DEMONSTRATION ONLY - NOT HUMAN EXPERIMENT RESULTS,1101980,C,1,1318.0913661920042,1.0,0,1,mouse
SYNTHETIC DEMONSTRATION ONLY - NOT HUMAN EXPERIMENT RESULTS,1102000,C,1,1318.2041902504436,1.0,0,1,mouse
SYNTHETIC DEMONSTRATION ONLY - NOT HUMAN EXPERIMENT RESULTS,1102020,C,1,1318.3167555870443,1.0,0,1,mouse
SYNTHETIC DEMONSTRATION ONLY - NOT HUMAN EXPERIMENT RESULTS,1102040,C,1,1318.4290606020043,1.0,0,1,mouse
SYNTHETIC DEMONSTRATION ONLY - NOT HUMAN EXPERIMENT RESULTS,1102060,C,1,1318.54110369922,1.0,0,1,mouse
SYNTHETIC DEMONSTRATION ONLY - NOT HUMAN EXPERIMENT RESULTS,1102080,C,1,1318.6528832863112,1.0,0,1,mouse
SYNTHETIC DEMONSTRATION ONLY - NOT HUMAN EXPERIMENT RESULTS,1102100,C,1,1318.764397774643,1.0,0,1,mouse
SYNTHETIC DEMONSTRATION ONLY - NOT HUMAN EXPERIMENT RESULTS,1102120,C,1,1318.875645579347,1.0,0,1,mouse
SYNTHETIC DEMONSTRATION ONLY - NOT HUMAN EXPERIMENT RESULTS,1102140,C,1,1318.9866251193462,1.0,0,1,mouse
SYNTHETIC DEMONSTRATION ONLY - NOT HUMAN EXPERIMENT RESULTS,1102160,C,1,1319.0973348173752,1.0,0,1,mouse
SYNTHETIC DEMONSTRATION ONLY - NOT HUMAN EXPERIMENT RESULTS,1102180,C,1,1319.2077731000047,1.0,0,1,mouse
SYNTHETIC DEMONSTRATION ONLY - NOT HUMAN EXPERIMENT RESULTS,1102200,C,1,1319.3179383976617,1.0,0,1,mouse
SYNTHETIC DEMONSTRATION ONLY - NOT HUMAN EXPERIMENT RESULTS,1102220,C,1,1319.427829144654,1.0,0,1,mouse
SYNTHETIC DEMONSTRATION ONLY - NOT HUMAN EXPERIMENT RESULTS,1102240,C,1,1319.5374437791902,1.0,0,1,mouse
SYNTHETIC DEMONSTRATION ONLY - NOT HUMAN EXPERIMENT RESULTS,1102260,C,1,1319.6467807434044,1.0,0,1,mouse
SYNTHETIC DEMONSTRATION ONLY - NOT HUMAN EXPERIMENT RESULTS,1102280,C,1,1319.7558384833758,1.0,0,1,mouse
SYNTHETIC DEMONSTRATION ONLY - NOT HUMAN EXPERIMENT RESULTS,1102300,C,1,1319.8646154491526,1.0,0,1,mouse
SYNTHETIC DEMONSTRATION ONLY - NOT HUMAN EXPERIMENT RESULTS,1102320,C,1,1319.9731100947736,1.0,0,1,mouse
SYNTHETIC DEMONSTRATION ONLY - NOT HUMAN EXPERIMENT RESULTS,1102340,C,1,1320.0813208782895,1.0,0,1,mouse
SYNTHETIC DEMONSTRATION ONLY - NOT HUMAN EXPERIMENT RESULTS,1102360,C,1,1320.1892462617857,1.0,0,1,mouse
SYNTHETIC DEMONSTRATION ONLY - NOT HUMAN EXPERIMENT RESULTS,1102380,C,1,1320.2968847114032,1.0,0,1,mouse
SYNTHETIC DEMONSTRATION ONLY - NOT HUMAN EXPERIMENT RESULTS,1102400,C,1,1320.4042346973622,1.0,0,1,mouse
SYNTHETIC DEMONSTRATION ONLY - NOT HUMAN EXPERIMENT RESULTS,1102420,C,1,1320.511294693981,1.0,0,1,mouse
SYNTHETIC DEMONSTRATION ONLY - NOT HUMAN EXPERIMENT RESULTS,1102440,C,1,1320.6180631797001,1.0,0,1,mouse
SYNTHETIC DEMONSTRATION ONLY - NOT HUMAN EXPERIMENT RESULTS,1102460,C,1,1320.7245386371037,1.0,0,1,mouse
SYNTHETIC DEMONSTRATION ONLY - NOT HUMAN EXPERIMENT RESULTS,1102480,C,1,1320.830719552939,1.0,0,1,mouse
SYNTHETIC DEMONSTRATION ONLY - NOT HUMAN EXPERIMENT RESULTS,1102500,C,1,1320.9366044181406,1.0,0,1,mouse
SYNTHETIC DEMONSTRATION ONLY - NOT HUMAN EXPERIMENT RESULTS,1102520,C,1,1321.0421917278504,1.0,0,1,mouse
SYNTHETIC DEMONSTRATION ONLY - NOT HUMAN EXPERIMENT RESULTS,1102540,C,1,1321.1474799814387,1.0,0,1,mouse
SYNTHETIC DEMONSTRATION ONLY - NOT HUMAN EXPERIMENT RESULTS,1102560,C,1,1321.2524676825262,1.0,0,1,mouse
SYNTHETIC DEMONSTRATION ONLY - NOT HUMAN EXPERIMENT RESULTS,1102580,C,1,1321.3571533390054,1.0,0,1,mouse
SYNTHETIC DEMONSTRATION ONLY - NOT HUMAN EXPERIMENT RESULTS,1102600,C,1,1321.4615354630619,1.0,0,1,mouse
SYNTHETIC DEMONSTRATION ONLY - NOT HUMAN EXPERIMENT RESULTS,1102620,C,1,1321.565612571194,1.0,0,1,mouse
SYNTHETIC DEMONSTRATION ONLY - NOT HUMAN EXPERIMENT RESULTS,1102640,C,1,1321.6693831842356,1.0,0,1,mouse
SYNTHETIC DEMONSTRATION ONLY - NOT HUMAN EXPERIMENT RESULTS,1102660,C,1,1321.7728458273773,1.0,0,1,mouse
SYNTHETIC DEMONSTRATION ONLY - NOT HUMAN EXPERIMENT RESULTS,1102680,C,1,1321.8759990301853,1.0,0,1,mouse
SYNTHETIC DEMONSTRATION ONLY - NOT HUMAN EXPERIMENT RESULTS,1102700,C,1,1321.9788413266244,1.0,0,1,mouse
SYNTHETIC DEMONSTRATION ONLY - NOT HUMAN EXPERIMENT RESULTS,1102720,C,1,1322.081371255078,1.0,0,1,mouse
SYNTHETIC DEMONSTRATION ONLY - NOT HUMAN EXPERIMENT RESULTS,1102740,C,1,1322.1835873583689,1.0,0,1,mouse
SYNTHETIC DEMONSTRATION ONLY - NOT HUMAN EXPERIMENT RESULTS,1102760,C,1,1322.2854881837798,1.0,0,1,mouse
SYNTHETIC DEMONSTRATION ONLY - NOT HUMAN EXPERIMENT RESULTS,1102780,C,1,1322.3870722830748,1.0,0,1,mouse
SYNTHETIC DEMONSTRATION ONLY - NOT HUMAN EXPERIMENT RESULTS,1102800,C,1,1322.4883382125186,1.0,0,1,mouse
SYNTHETIC DEMONSTRATION ONLY - NOT HUMAN EXPERIMENT RESULTS,1102820,C,1,1322.5892845328983,1.0,0,1,mouse
SYNTHETIC DEMONSTRATION ONLY - NOT HUMAN EXPERIMENT RESULTS,1102840,C,1,1322.6899098095432,1.0,0,1,mouse
SYNTHETIC DEMONSTRATION ONLY - NOT HUMAN EXPERIMENT RESULTS,1102860,C,1,1322.7902126123456,1.0,0,1,mouse
SYNTHETIC DEMONSTRATION ONLY - NOT HUMAN EXPERIMENT RESULTS,1102880,C,1,1322.8901915157805,1.0,0,1,mouse
SYNTHETIC DEMONSTRATION ONLY - NOT HUMAN EXPERIMENT RESULTS,1102900,C,1,1322.9898450989265,1.0,0,1,mouse
SYNTHETIC DEMONSTRATION ONLY - NOT HUMAN EXPERIMENT RESULTS,1102920,C,1,1323.0891719454855,1.0,0,1,mouse
SYNTHETIC DEMONSTRATION ONLY - NOT HUMAN EXPERIMENT RESULTS,1102940,C,1,1323.188170643803,1.0,0,1,mouse
SYNTHETIC DEMONSTRATION ONLY - NOT HUMAN EXPERIMENT RESULTS,1102960,C,1,1323.2868397868885,1.0,0,1,mouse
SYNTHETIC DEMONSTRATION ONLY - NOT HUMAN EXPERIMENT RESULTS,1102980,C,1,1323.3851779724355,1.0,0,1,mouse
SYNTHETIC DEMONSTRATION ONLY - NOT HUMAN EXPERIMENT RESULTS,1103000,C,1,1323.48318380284,1.0,0,1,mouse
SYNTHETIC DEMONSTRATION ONLY - NOT HUMAN EXPERIMENT RESULTS,1103020,C,1,1323.5808558852223,1.0,0,1,mouse
SYNTHETIC DEMONSTRATION ONLY - NOT HUMAN EXPERIMENT RESULTS,1103040,C,1,1323.6781928314463,1.0,0,1,mouse
SYNTHETIC DEMONSTRATION ONLY - NOT HUMAN EXPERIMENT RESULTS,1103060,C,1,1323.7751932581384,1.0,0,1,mouse
SYNTHETIC DEMONSTRATION ONLY - NOT HUMAN EXPERIMENT RESULTS,1103080,C,1,1323.8718557867078,1.0,0,1,mouse
SYNTHETIC DEMONSTRATION ONLY - NOT HUMAN EXPERIMENT RESULTS,1103100,C,1,1323.9681790433658,1.0,0,1,mouse
SYNTHETIC DEMONSTRATION ONLY - NOT HUMAN EXPERIMENT RESULTS,1103120,C,1,1324.064161659146,1.0,0,1,mouse
SYNTHETIC DEMONSTRATION ONLY - NOT HUMAN EXPERIMENT RESULTS,1103140,C,1,1324.1598022699231,1.0,0,1,mouse
SYNTHETIC DEMONSTRATION ONLY - NOT HUMAN EXPERIMENT RESULTS,1103160,C,1,1324.255099516432,1.0,0,1,mouse
SYNTHETIC DEMONSTRATION ONLY - NOT HUMAN EXPERIMENT RESULTS,1103180,C,1,1324.3500520442878,1.0,0,1,mouse
SYNTHETIC DEMONSTRATION ONLY - NOT HUMAN EXPERIMENT RESULTS,1103200,C,1,1324.4446585040052,1.0,0,1,mouse
SYNTHETIC DEMONSTRATION ONLY - NOT HUMAN EXPERIMENT RESULTS,1103220,C,1,1324.5389175510168,1.0,0,1,mouse
SYNTHETIC DEMONSTRATION ONLY - NOT HUMAN EXPERIMENT RESULTS,1103240,C,1,1324.632827845693,1.0,0,1,mouse
SYNTHETIC DEMONSTRATION ONLY - NOT HUMAN EXPERIMENT RESULTS,1103260,C,1,1324.7263880533608,1.0,0,1,mouse
SYNTHETIC DEMONSTRATION ONLY - NOT HUMAN EXPERIMENT RESULTS,1103280,C,1,1324.8195968443222,1.0,0,1,mouse
SYNTHETIC DEMONSTRATION ONLY - NOT HUMAN EXPERIMENT RESULTS,1103300,C,1,1324.9124528938742,1.0,0,1,mouse
SYNTHETIC DEMONSTRATION ONLY - NOT HUMAN EXPERIMENT RESULTS,1103320,C,1,1325.0049548823267,1.0,0,1,mouse
SYNTHETIC DEMONSTRATION ONLY - NOT HUMAN EXPERIMENT RESULTS,1103340,C,1,1325.0971014950217,1.0,0,1,mouse
SYNTHETIC DEMONSTRATION ONLY - NOT HUMAN EXPERIMENT RESULTS,1103360,C,1,1325.1888914223518,1.0,0,1,mouse
SYNTHETIC DEMONSTRATION ONLY - NOT HUMAN EXPERIMENT RESULTS,1103380,C,1,1325.2803233597792,1.0,0,1,mouse
SYNTHETIC DEMONSTRATION ONLY - NOT HUMAN EXPERIMENT RESULTS,1103400,C,1,1325.3713960078535,1.0,0,1,mouse
SYNTHETIC DEMONSTRATION ONLY - NOT HUMAN EXPERIMENT RESULTS,1103420,C,1,1325.4621080722306,1.0,0,1,mouse
SYNTHETIC DEMONSTRATION ONLY - NOT HUMAN EXPERIMENT RESULTS,1103440,C,1,1325.5524582636917,1.0,0,1,mouse
SYNTHETIC DEMONSTRATION ONLY - NOT HUMAN EXPERIMENT RESULTS,1103460,C,1,1325.6424452981605,1.0,0,1,mouse
SYNTHETIC DEMONSTRATION ONLY - NOT HUMAN EXPERIMENT RESULTS,1103480,C,1,1325.7320678967217,1.0,0,1,mouse
SYNTHETIC DEMONSTRATION ONLY - NOT HUMAN EXPERIMENT RESULTS,1103500,C,1,1325.8213247856402,1.0,0,1,mouse
SYNTHETIC DEMONSTRATION ONLY - NOT HUMAN EXPERIMENT RESULTS,1103520,C,1,1325.9102146963776,1.0,0,1,mouse
SYNTHETIC DEMONSTRATION ONLY - NOT HUMAN EXPERIMENT RESULTS,1103540,C,1,1325.998736365612,1.0,0,1,mouse
SYNTHETIC DEMONSTRATION ONLY - NOT HUMAN EXPERIMENT RESULTS,1103560,C,1,1326.0868885352543,1.0,0,1,mouse
SYNTHETIC DEMONSTRATION ONLY - NOT HUMAN EXPERIMENT RESULTS,1103580,C,1,1326.1746699524667,1.0,0,1,mouse
SYNTHETIC DEMONSTRATION ONLY - NOT HUMAN EXPERIMENT RESULTS,1103600,C,1,1326.2620793696817,1.0,0,1,mouse
SYNTHETIC DEMONSTRATION ONLY - NOT HUMAN EXPERIMENT RESULTS,1103620,C,1,1326.3491155446175,1.0,0,1,mouse
SYNTHETIC DEMONSTRATION ONLY - NOT HUMAN EXPERIMENT RESULTS,1103640,C,1,1326.4357772402975,1.0,0,1,mouse
SYNTHETIC DEMONSTRATION ONLY - NOT HUMAN EXPERIMENT RESULTS,1103660,C,1,1326.522063225067,1.0,0,1,mouse
SYNTHETIC DEMONSTRATION ONLY - NOT HUMAN EXPERIMENT RESULTS,1103680,C,1,1326.6079722726117,1.0,0,1,mouse
SYNTHETIC DEMONSTRATION ONLY - NOT HUMAN EXPERIMENT RESULTS,1103700,C,1,1326.6935031619732,1.0,0,1,mouse
SYNTHETIC DEMONSTRATION ONLY - NOT HUMAN EXPERIMENT RESULTS,1103720,C,1,1326.7786546775687,1.0,0,1,mouse
SYNTHETIC DEMONSTRATION ONLY - NOT HUMAN EXPERIMENT RESULTS,1103740,C,1,1326.8634256092066,1.0,0,1,mouse
SYNTHETIC DEMONSTRATION ONLY - NOT HUMAN EXPERIMENT RESULTS,1103760,C,1,1326.9478147521043,1.0,0,1,mouse
SYNTHETIC DEMONSTRATION ONLY - NOT HUMAN EXPERIMENT RESULTS,1103780,C,1,1327.031820906905,1.0,0,1,mouse
SYNTHETIC DEMONSTRATION ONLY - NOT HUMAN EXPERIMENT RESULTS,1103800,C,1,1327.1154428796956,1.0,0,1,mouse
SYNTHETIC DEMONSTRATION ONLY - NOT HUMAN EXPERIMENT RESULTS,1103820,C,1,1327.1986794820227,1.0,0,1,mouse
SYNTHETIC DEMONSTRATION ONLY - NOT HUMAN EXPERIMENT RESULTS,1103840,C,1,1327.2815295309101,1.0,0,1,mouse
SYNTHETIC DEMONSTRATION ONLY - NOT HUMAN EXPERIMENT RESULTS,1103860,C,1,1327.363991848875,1.0,0,1,mouse
SYNTHETIC DEMONSTRATION ONLY - NOT HUMAN EXPERIMENT RESULTS,1103880,C,1,1327.4460652639452,1.0,0,1,mouse
SYNTHETIC DEMONSTRATION ONLY - NOT HUMAN EXPERIMENT RESULTS,1103900,C,1,1327.527748609676,1.0,0,1,mouse
SYNTHETIC DEMONSTRATION ONLY - NOT HUMAN EXPERIMENT RESULTS,1103920,C,1,1327.6090407251666,1.0,0,1,mouse
SYNTHETIC DEMONSTRATION ONLY - NOT HUMAN EXPERIMENT RESULTS,1103940,C,1,1327.6899404550754,1.0,0,1,mouse
SYNTHETIC DEMONSTRATION ONLY - NOT HUMAN EXPERIMENT RESULTS,1103960,C,1,1327.7704466496386,1.0,0,1,mouse
SYNTHETIC DEMONSTRATION ONLY - NOT HUMAN EXPERIMENT RESULTS,1103980,C,1,1327.850558164685,1.0,0,1,mouse
SYNTHETIC DEMONSTRATION ONLY - NOT HUMAN EXPERIMENT RESULTS,1104000,C,1,1327.9302738616523,1.0,0,1,mouse
SYNTHETIC DEMONSTRATION ONLY - NOT HUMAN EXPERIMENT RESULTS,1104020,C,1,1328.0095926076044,1.0,0,1,mouse
SYNTHETIC DEMONSTRATION ONLY - NOT HUMAN EXPERIMENT RESULTS,1104040,C,1,1328.0885132752462,1.0,0,1,mouse
SYNTHETIC DEMONSTRATION ONLY - NOT HUMAN EXPERIMENT RESULTS,1104060,C,1,1328.1670347429401,1.0,0,1,mouse
SYNTHETIC DEMONSTRATION ONLY - NOT HUMAN EXPERIMENT RESULTS,1104080,C,1,1328.2451558947225,1.0,0,1,mouse
SYNTHETIC DEMONSTRATION ONLY - NOT HUMAN EXPERIMENT RESULTS,1104100,C,1,1328.3228756203189,1.0,0,1,mouse
SYNTHETIC DEMONSTRATION ONLY - NOT HUMAN EXPERIMENT RESULTS,1104120,C,1,1328.4001928151597,1.0,0,1,mouse
SYNTHETIC DEMONSTRATION ONLY - NOT HUMAN EXPERIMENT RESULTS,1104140,C,1,1328.477106380397,1.0,0,1,mouse
SYNTHETIC DEMONSTRATION ONLY - NOT HUMAN EXPERIMENT RESULTS,1104160,C,1,1328.5536152229179,1.0,0,1,mouse
SYNTHETIC DEMONSTRATION ONLY - NOT HUMAN EXPERIMENT RESULTS,1104180,C,1,1328.6297182553633,1.0,0,1,mouse
SYNTHETIC DEMONSTRATION ONLY - NOT HUMAN EXPERIMENT RESULTS,1104200,C,1,1328.70541439614,1.0,0,1,mouse
SYNTHETIC DEMONSTRATION ONLY - NOT HUMAN EXPERIMENT RESULTS,1104220,C,1,1328.7807025694387,1.0,0,1,mouse
SYNTHETIC DEMONSTRATION ONLY - NOT HUMAN EXPERIMENT RESULTS,1104240,C,1,1328.8555817052477,1.0,0,1,mouse
SYNTHETIC DEMONSTRATION ONLY - NOT HUMAN EXPERIMENT RESULTS,1104260,C,1,1328.9300507393687,1.0,0,1,mouse
SYNTHETIC DEMONSTRATION ONLY - NOT HUMAN EXPERIMENT RESULTS,1104280,C,1,1329.0041086134318,1.0,0,1,mouse
SYNTHETIC DEMONSTRATION ONLY - NOT HUMAN EXPERIMENT RESULTS,1104300,C,1,1329.0777542749106,1.0,0,1,mouse
SYNTHETIC DEMONSTRATION ONLY - NOT HUMAN EXPERIMENT RESULTS,1104320,C,1,1329.1509866771376,1.0,0,1,mouse
SYNTHETIC DEMONSTRATION ONLY - NOT HUMAN EXPERIMENT RESULTS,1104340,C,1,1329.223804779318,1.0,0,1,mouse
SYNTHETIC DEMONSTRATION ONLY - NOT HUMAN EXPERIMENT RESULTS,1104360,C,1,1329.2962075465452,1.0,0,1,mouse
SYNTHETIC DEMONSTRATION ONLY - NOT HUMAN EXPERIMENT RESULTS,1104380,C,1,1329.3681939498163,1.0,0,1,mouse
SYNTHETIC DEMONSTRATION ONLY - NOT HUMAN EXPERIMENT RESULTS,1104400,C,1,1329.4397629660443,1.0,0,1,mouse
SYNTHETIC DEMONSTRATION ONLY - NOT HUMAN EXPERIMENT RESULTS,1104420,C,1,1329.5109135780758,1.0,0,1,mouse
SYNTHETIC DEMONSTRATION ONLY - NOT HUMAN EXPERIMENT RESULTS,1104440,C,1,1329.5816447747027,1.0,0,1,mouse
SYNTHETIC DEMONSTRATION ONLY - NOT HUMAN EXPERIMENT RESULTS,1104460,C,1,1329.6519555506782,1.0,0,1,mouse
SYNTHETIC DEMONSTRATION ONLY - NOT HUMAN EXPERIMENT RESULTS,1104480,C,1,1329.7218449067304,1.0,0,1,mouse
SYNTHETIC DEMONSTRATION ONLY - NOT HUMAN EXPERIMENT RESULTS,1104500,C,1,1329.7913118495774,1.0,0,1,mouse
SYNTHETIC DEMONSTRATION ONLY - NOT HUMAN EXPERIMENT RESULTS,1104520,C,1,1329.8603553919395,1.0,0,1,mouse
SYNTHETIC DEMONSTRATION ONLY - NOT HUMAN EXPERIMENT RESULTS,1104540,C,1,1329.9289745525555,1.0,0,1,mouse
SYNTHETIC DEMONSTRATION ONLY - NOT HUMAN EXPERIMENT RESULTS,1104560,C,1,1329.997168356195,1.0,0,1,mouse
SYNTHETIC DEMONSTRATION ONLY - NOT HUMAN EXPERIMENT RESULTS,1104580,C,1,1330.0649358336734,1.0,0,1,mouse
SYNTHETIC DEMONSTRATION ONLY - NOT HUMAN EXPERIMENT RESULTS,1104600,C,1,1330.1322760218648,1.0,0,1,mouse
SYNTHETIC DEMONSTRATION ONLY - NOT HUMAN EXPERIMENT RESULTS,1104620,C,1,1330.199187963716,1.0,0,1,mouse
SYNTHETIC DEMONSTRATION ONLY - NOT HUMAN EXPERIMENT RESULTS,1104640,C,1,1330.26567070826,1.0,0,1,mouse
SYNTHETIC DEMONSTRATION ONLY - NOT HUMAN EXPERIMENT RESULTS,1104660,C,1,1330.33172331063,1.0,0,1,mouse
SYNTHETIC DEMONSTRATION ONLY - NOT HUMAN EXPERIMENT RESULTS,1104680,C,1,1330.3973448320726,1.0,0,1,mouse
SYNTHETIC DEMONSTRATION ONLY - NOT HUMAN EXPERIMENT RESULTS,1104700,C,1,1330.4625343399603,1.0,0,1,mouse
SYNTHETIC DEMONSTRATION ONLY - NOT HUMAN EXPERIMENT RESULTS,1104720,C,1,1330.527290907806,1.0,0,1,mouse
SYNTHETIC DEMONSTRATION ONLY - NOT HUMAN EXPERIMENT RESULTS,1104740,C,1,1330.5916136152755,1.0,0,1,mouse
SYNTHETIC DEMONSTRATION ONLY - NOT HUMAN EXPERIMENT RESULTS,1104760,C,1,1330.6555015482008,1.0,0,1,mouse
SYNTHETIC DEMONSTRATION ONLY - NOT HUMAN EXPERIMENT RESULTS,1104780,C,1,1330.7189537985932,1.0,0,1,mouse
SYNTHETIC DEMONSTRATION ONLY - NOT HUMAN EXPERIMENT RESULTS,1104800,C,1,1330.7819694646555,1.0,0,1,mouse
SYNTHETIC DEMONSTRATION ONLY - NOT HUMAN EXPERIMENT RESULTS,1104820,C,1,1330.8445476507957,1.0,0,1,mouse
SYNTHETIC DEMONSTRATION ONLY - NOT HUMAN EXPERIMENT RESULTS,1104840,C,1,1330.9066874676391,1.0,0,1,mouse
SYNTHETIC DEMONSTRATION ONLY - NOT HUMAN EXPERIMENT RESULTS,1104860,C,1,1330.9683880320415,1.0,0,1,mouse
SYNTHETIC DEMONSTRATION ONLY - NOT HUMAN EXPERIMENT RESULTS,1104880,C,1,1331.0296484671012,1.0,0,1,mouse
SYNTHETIC DEMONSTRATION ONLY - NOT HUMAN EXPERIMENT RESULTS,1104900,C,1,1331.0904679021721,1.0,0,1,mouse
SYNTHETIC DEMONSTRATION ONLY - NOT HUMAN EXPERIMENT RESULTS,1104920,C,1,1331.150845472875,1.0,0,1,mouse
SYNTHETIC DEMONSTRATION ONLY - NOT HUMAN EXPERIMENT RESULTS,1104940,C,1,1331.2107803211113,1.0,0,1,mouse
SYNTHETIC DEMONSTRATION ONLY - NOT HUMAN EXPERIMENT RESULTS,1104960,C,1,1331.270271595074,1.0,0,1,mouse
SYNTHETIC DEMONSTRATION ONLY - NOT HUMAN EXPERIMENT RESULTS,1104980,C,1,1331.3293184492604,1.0,0,1,mouse
SYNTHETIC DEMONSTRATION ONLY - NOT HUMAN EXPERIMENT RESULTS,1105000,C,1,1331.387920044484,1.0,0,1,mouse
SYNTHETIC DEMONSTRATION ONLY - NOT HUMAN EXPERIMENT RESULTS,1105020,C,1,1331.4460755478863,1.0,0,1,mouse
SYNTHETIC DEMONSTRATION ONLY - NOT HUMAN EXPERIMENT RESULTS,1105040,C,1,1331.5037841329492,1.0,0,1,mouse
SYNTHETIC DEMONSTRATION ONLY - NOT HUMAN EXPERIMENT RESULTS,1105060,C,1,1331.5610449795058,1.0,0,1,mouse
SYNTHETIC DEMONSTRATION ONLY - NOT HUMAN EXPERIMENT RESULTS,1105080,C,1,1331.6178572737526,1.0,0,1,mouse
SYNTHETIC DEMONSTRATION ONLY - NOT HUMAN EXPERIMENT RESULTS,1105100,C,1,1331.6742202082612,1.0,0,1,mouse
SYNTHETIC DEMONSTRATION ONLY - NOT HUMAN EXPERIMENT RESULTS,1105120,C,1,1331.7301329819898,1.0,0,1,mouse
SYNTHETIC DEMONSTRATION ONLY - NOT HUMAN EXPERIMENT RESULTS,1105140,C,1,1331.7855948002937,1.0,0,1,mouse
SYNTHETIC DEMONSTRATION ONLY - NOT HUMAN EXPERIMENT RESULTS,1105160,C,1,1331.840604874938,1.0,0,1,mouse
SYNTHETIC DEMONSTRATION ONLY - NOT HUMAN EXPERIMENT RESULTS,1105180,C,1,1331.8951624241076,1.0,0,1,mouse
SYNTHETIC DEMONSTRATION ONLY - NOT HUMAN EXPERIMENT RESULTS,1105200,C,1,1331.949266672419,1.0,0,1,mouse
SYNTHETIC DEMONSTRATION ONLY - NOT HUMAN EXPERIMENT RESULTS,1105220,C,1,1332.0029168509313,1.0,0,1,mouse
SYNTHETIC DEMONSTRATION ONLY - NOT HUMAN EXPERIMENT RESULTS,1105240,C,1,1332.0561121971564,1.0,0,1,mouse
SYNTHETIC DEMONSTRATION ONLY - NOT HUMAN EXPERIMENT RESULTS,1105260,C,1,1332.1088519550708,1.0,0,1,mouse
SYNTHETIC DEMONSTRATION ONLY - NOT HUMAN EXPERIMENT RESULTS,1105280,C,1,1332.161135375126,1.0,0,1,mouse
SYNTHETIC DEMONSTRATION ONLY - NOT HUMAN EXPERIMENT RESULTS,1105300,C,1,1332.2129617142584,1.0,0,1,mouse
SYNTHETIC DEMONSTRATION ONLY - NOT HUMAN EXPERIMENT RESULTS,1105320,C,1,1332.2643302359015,1.0,0,1,mouse
SYNTHETIC DEMONSTRATION ONLY - NOT HUMAN EXPERIMENT RESULTS,1105340,C,1,1332.3152402099945,1.0,0,1,mouse
SYNTHETIC DEMONSTRATION ONLY - NOT HUMAN EXPERIMENT RESULTS,1105360,C,1,1332.3656909129943,1.0,0,1,mouse
SYNTHETIC DEMONSTRATION ONLY - NOT HUMAN EXPERIMENT RESULTS,1105380,C,1,1332.4156816278844,1.0,0,1,mouse
SYNTHETIC DEMONSTRATION ONLY - NOT HUMAN EXPERIMENT RESULTS,1105400,C,1,1332.4652116441866,1.0,0,1,mouse
SYNTHETIC DEMONSTRATION ONLY - NOT HUMAN EXPERIMENT RESULTS,1105420,C,1,1332.5142802579692,1.0,0,1,mouse
SYNTHETIC DEMONSTRATION ONLY - NOT HUMAN EXPERIMENT RESULTS,1105440,C,1,1332.5628867718588,1.0,0,1,mouse
SYNTHETIC DEMONSTRATION ONLY - NOT HUMAN EXPERIMENT RESULTS,1105460,C,1,1332.6110304950494,1.0,0,1,mouse
SYNTHETIC DEMONSTRATION ONLY - NOT HUMAN EXPERIMENT RESULTS,1105480,C,1,1332.6587107433118,1.0,0,1,mouse
SYNTHETIC DEMONSTRATION ONLY - NOT HUMAN EXPERIMENT RESULTS,1105500,C,1,1332.7059268390044,1.0,0,1,mouse
SYNTHETIC DEMONSTRATION ONLY - NOT HUMAN EXPERIMENT RESULTS,1105520,C,1,1332.7526781110819,1.0,0,1,mouse
SYNTHETIC DEMONSTRATION ONLY - NOT HUMAN EXPERIMENT RESULTS,1105540,C,1,1332.798963895105,1.0,0,1,mouse
SYNTHETIC DEMONSTRATION ONLY - NOT HUMAN EXPERIMENT RESULTS,1105560,C,1,1332.8447835332508,1.0,0,1,mouse
SYNTHETIC DEMONSTRATION ONLY - NOT HUMAN EXPERIMENT RESULTS,1105580,C,1,1332.8901363743203,1.0,0,1,mouse
SYNTHETIC DEMONSTRATION ONLY - NOT HUMAN EXPERIMENT RESULTS,1105600,C,1,1332.9350217737494,1.0,0,1,mouse
SYNTHETIC DEMONSTRATION ONLY - NOT HUMAN EXPERIMENT RESULTS,1105620,C,1,1332.9794390936174,1.0,0,1,mouse
SYNTHETIC DEMONSTRATION ONLY - NOT HUMAN EXPERIMENT RESULTS,1105640,C,1,1333.0233877026556,1.0,0,1,mouse
SYNTHETIC DEMONSTRATION ONLY - NOT HUMAN EXPERIMENT RESULTS,1105660,C,1,1333.0668669762572,1.0,0,1,mouse
SYNTHETIC DEMONSTRATION ONLY - NOT HUMAN EXPERIMENT RESULTS,1105680,C,1,1333.1098762964853,1.0,0,1,mouse
SYNTHETIC DEMONSTRATION ONLY - NOT HUMAN EXPERIMENT RESULTS,1105700,C,1,1333.1524150520822,1.0,0,1,mouse
SYNTHETIC DEMONSTRATION ONLY - NOT HUMAN EXPERIMENT RESULTS,1105720,C,1,1333.1944826384783,1.0,0,1,mouse
SYNTHETIC DEMONSTRATION ONLY - NOT HUMAN EXPERIMENT RESULTS,1105740,C,1,1333.2360784578,1.0,0,1,mouse
SYNTHETIC DEMONSTRATION ONLY - NOT HUMAN EXPERIMENT RESULTS,1105760,C,1,1333.2772019188787,1.0,0,1,mouse
SYNTHETIC DEMONSTRATION ONLY - NOT HUMAN EXPERIMENT RESULTS,1105780,C,1,1333.3178524372586,1.0,0,1,mouse
SYNTHETIC DEMONSTRATION ONLY - NOT HUMAN EXPERIMENT RESULTS,1105800,C,1,1333.3580294352064,1.0,0,1,mouse
SYNTHETIC DEMONSTRATION ONLY - NOT HUMAN EXPERIMENT RESULTS,1105820,C,1,1333.3977323417175,1.0,0,1,mouse
SYNTHETIC DEMONSTRATION ONLY - NOT HUMAN EXPERIMENT RESULTS,1105840,C,1,1333.436960592526,1.0,0,1,mouse
SYNTHETIC DEMONSTRATION ONLY - NOT HUMAN EXPERIMENT RESULTS,1105860,C,1,1333.4757136301116,1.0,0,1,mouse
SYNTHETIC DEMONSTRATION ONLY - NOT HUMAN EXPERIMENT RESULTS,1105880,C,1,1333.513990903708,1.0,0,1,mouse
SYNTHETIC DEMONSTRATION ONLY - NOT HUMAN EXPERIMENT RESULTS,1105900,C,1,1333.5517918693101,1.0,0,1,mouse
SYNTHETIC DEMONSTRATION ONLY - NOT HUMAN EXPERIMENT RESULTS,1105920,C,1,1333.5891159896828,1.0,0,1,mouse
SYNTHETIC DEMONSTRATION ONLY - NOT HUMAN EXPERIMENT RESULTS,1105940,C,1,1333.6259627343675,1.0,0,1,mouse
SYNTHETIC DEMONSTRATION ONLY - NOT HUMAN EXPERIMENT RESULTS,1105960,C,1,1333.6623315796905,1.0,0,1,mouse
SYNTHETIC DEMONSTRATION ONLY - NOT HUMAN EXPERIMENT RESULTS,1105980,C,1,1333.69822200877,1.0,0,1,mouse
SYNTHETIC DEMONSTRATION ONLY - NOT HUMAN EXPERIMENT RESULTS,1106000,C,1,1333.7336335115237,1.0,0,1,mouse
SYNTHETIC DEMONSTRATION ONLY - NOT HUMAN EXPERIMENT RESULTS,1106020,C,1,1333.7685655846756,1.0,0,1,mouse
SYNTHETIC DEMONSTRATION ONLY - NOT HUMAN EXPERIMENT RESULTS,1106040,C,1,1333.8030177317635,1.0,0,1,mouse
SYNTHETIC DEMONSTRATION ONLY - NOT HUMAN EXPERIMENT RESULTS,1106060,C,1,1333.8369894631462,1.0,0,1,mouse
SYNTHETIC DEMONSTRATION ONLY - NOT HUMAN EXPERIMENT RESULTS,1106080,C,1,1333.8704802960106,1.0,0,1,mouse
SYNTHETIC DEMONSTRATION ONLY - NOT HUMAN EXPERIMENT RESULTS,1106100,C,1,1333.9034897543772,1.0,0,1,mouse
SYNTHETIC DEMONSTRATION ONLY - NOT HUMAN EXPERIMENT RESULTS,1106120,C,1,1333.9360173691089,1.0,0,1,mouse
SYNTHETIC DEMONSTRATION ONLY - NOT HUMAN EXPERIMENT RESULTS,1106140,C,1,1333.9680626779164,1.0,0,1,mouse
SYNTHETIC DEMONSTRATION ONLY - NOT HUMAN EXPERIMENT RESULTS,1106160,C,1,1333.9996252253645,1.0,0,1,mouse
SYNTHETIC DEMONSTRATION ONLY - NOT HUMAN EXPERIMENT RESULTS,1106180,C,1,1334.03070456288,1.0,0,1,mouse
SYNTHETIC DEMONSTRATION ONLY - NOT HUMAN EXPERIMENT RESULTS,1106200,C,1,1334.0613002487564,1.0,0,1,mouse
SYNTHETIC DEMONSTRATION ONLY - NOT HUMAN EXPERIMENT RESULTS,1106220,C,1,1334.0914118481614,1.0,0,1,mouse
SYNTHETIC DEMONSTRATION ONLY - NOT HUMAN EXPERIMENT RESULTS,1106240,C,1,1334.1210389331427,1.0,0,1,mouse
SYNTHETIC DEMONSTRATION ONLY - NOT HUMAN EXPERIMENT RESULTS,1106260,C,1,1334.1501810826335,1.0,0,1,mouse
SYNTHETIC DEMONSTRATION ONLY - NOT HUMAN EXPERIMENT RESULTS,1106280,C,1,1334.1788378824594,1.0,0,1,mouse
SYNTHETIC DEMONSTRATION ONLY - NOT HUMAN EXPERIMENT RESULTS,1106300,C,1,1334.2070089253443,1.0,0,1,mouse
SYNTHETIC DEMONSTRATION ONLY - NOT HUMAN EXPERIMENT RESULTS,1106320,C,1,1334.2346938109147,1.0,0,1,mouse
SYNTHETIC DEMONSTRATION ONLY - NOT HUMAN EXPERIMENT RESULTS,1106340,C,1,1334.2618921457074,1.0,0,1,mouse
SYNTHETIC DEMONSTRATION ONLY - NOT HUMAN EXPERIMENT RESULTS,1106360,C,1,1334.2886035431738,1.0,0,1,mouse
SYNTHETIC DEMONSTRATION ONLY - NOT HUMAN EXPERIMENT RESULTS,1106380,C,1,1334.3148276236861,1.0,0,1,mouse
SYNTHETIC DEMONSTRATION ONLY - NOT HUMAN EXPERIMENT RESULTS,1106400,C,1,1334.3405640145415,1.0,0,1,mouse
SYNTHETIC DEMONSTRATION ONLY - NOT HUMAN EXPERIMENT RESULTS,1106420,C,1,1334.3658123499695,1.0,0,1,mouse
SYNTHETIC DEMONSTRATION ONLY - NOT HUMAN EXPERIMENT RESULTS,1106440,C,1,1334.390572271135,1.0,0,1,mouse
SYNTHETIC DEMONSTRATION ONLY - NOT HUMAN EXPERIMENT RESULTS,1106460,C,1,1334.4148434261447,1.0,0,1,mouse
SYNTHETIC DEMONSTRATION ONLY - NOT HUMAN EXPERIMENT RESULTS,1106480,C,1,1334.4386254700519,1.0,0,1,mouse
SYNTHETIC DEMONSTRATION ONLY - NOT HUMAN EXPERIMENT RESULTS,1106500,C,1,1334.4619180648613,1.0,0,1,mouse
SYNTHETIC DEMONSTRATION ONLY - NOT HUMAN EXPERIMENT RESULTS,1106520,C,1,1334.4847208795331,1.0,0,1,mouse
SYNTHETIC DEMONSTRATION ONLY - NOT HUMAN EXPERIMENT RESULTS,1106540,C,1,1334.5070335899893,1.0,0,1,mouse
SYNTHETIC DEMONSTRATION ONLY - NOT HUMAN EXPERIMENT RESULTS,1106560,C,1,1334.5288558791165,1.0,0,1,mouse
SYNTHETIC DEMONSTRATION ONLY - NOT HUMAN EXPERIMENT RESULTS,1106580,C,1,1334.550187436772,1.0,0,1,mouse
SYNTHETIC DEMONSTRATION ONLY - NOT HUMAN EXPERIMENT RESULTS,1106600,C,1,1334.5710279597868,1.0,0,1,mouse
SYNTHETIC DEMONSTRATION ONLY - NOT HUMAN EXPERIMENT RESULTS,1106620,C,1,1334.5913771519713,1.0,0,1,mouse
SYNTHETIC DEMONSTRATION ONLY - NOT HUMAN EXPERIMENT RESULTS,1106640,C,1,1334.6112347241183,1.0,0,1,mouse
SYNTHETIC DEMONSTRATION ONLY - NOT HUMAN EXPERIMENT RESULTS,1106660,C,1,1334.6306003940076,1.0,0,1,mouse
SYNTHETIC DEMONSTRATION ONLY - NOT HUMAN EXPERIMENT RESULTS,1106680,C,1,1334.6494738864103,1.0,0,1,mouse
SYNTHETIC DEMONSTRATION ONLY - NOT HUMAN EXPERIMENT RESULTS,1106700,C,1,1334.6678549330925,1.0,0,1,mouse
SYNTHETIC DEMONSTRATION ONLY - NOT HUMAN EXPERIMENT RESULTS,1106720,C,1,1334.6857432728184,1.0,0,1,mouse
SYNTHETIC DEMONSTRATION ONLY - NOT HUMAN EXPERIMENT RESULTS,1106740,C,1,1334.7031386513554,1.0,0,1,mouse
SYNTHETIC DEMONSTRATION ONLY - NOT HUMAN EXPERIMENT RESULTS,1106760,C,1,1334.7200408214765,1.0,0,1,mouse
SYNTHETIC DEMONSTRATION ONLY - NOT HUMAN EXPERIMENT RESULTS,1106780,C,1,1334.7364495429647,1.0,0,1,mouse
SYNTHETIC DEMONSTRATION ONLY - NOT HUMAN EXPERIMENT RESULTS,1106800,C,1,1334.7523645826154,1.0,0,1,mouse
SYNTHETIC DEMONSTRATION ONLY - NOT HUMAN EXPERIMENT RESULTS,1106820,C,1,1334.767785714241,1.0,0,1,mouse
SYNTHETIC DEMONSTRATION ONLY - NOT HUMAN EXPERIMENT RESULTS,1106840,C,1,1334.7827127186727,1.0,0,1,mouse
SYNTHETIC DEMONSTRATION ONLY - NOT HUMAN EXPERIMENT RESULTS,1106860,C,1,1334.7971453837652,1.0,0,1,mouse
SYNTHETIC DEMONSTRATION ONLY - NOT HUMAN EXPERIMENT RESULTS,1106880,C,1,1334.8110835043979,1.0,0,1,mouse
SYNTHETIC DEMONSTRATION ONLY - NOT HUMAN EXPERIMENT RESULTS,1106900,C,1,1334.8245268824796,1.0,0,1,mouse
SYNTHETIC DEMONSTRATION ONLY - NOT HUMAN EXPERIMENT RESULTS,1106920,C,1,1334.83747532695,1.0,0,1,mouse
SYNTHETIC DEMONSTRATION ONLY - NOT HUMAN EXPERIMENT RESULTS,1106940,C,1,1334.849928653783,1.0,0,1,mouse
SYNTHETIC DEMONSTRATION ONLY - NOT HUMAN EXPERIMENT RESULTS,1106960,C,1,1334.8618866859895,1.0,0,1,mouse
SYNTHETIC DEMONSTRATION ONLY - NOT HUMAN EXPERIMENT RESULTS,1106980,C,1,1334.8733492536192,1.0,0,1,mouse
SYNTHETIC DEMONSTRATION ONLY - NOT HUMAN EXPERIMENT RESULTS,1107000,C,1,1334.8843161937634,1.0,0,1,mouse
SYNTHETIC DEMONSTRATION ONLY - NOT HUMAN EXPERIMENT RESULTS,1107020,C,1,1334.894787350558,1.0,0,1,mouse
SYNTHETIC DEMONSTRATION ONLY - NOT HUMAN EXPERIMENT RESULTS,1107040,C,1,1334.9047625751848,1.0,0,1,mouse
SYNTHETIC DEMONSTRATION ONLY - NOT HUMAN EXPERIMENT RESULTS,1107060,C,1,1334.9142417258734,1.0,0,1,mouse
SYNTHETIC DEMONSTRATION ONLY - NOT HUMAN EXPERIMENT RESULTS,1107080,C,1,1334.9232246679042,1.0,0,1,mouse
SYNTHETIC DEMONSTRATION ONLY - NOT HUMAN EXPERIMENT RESULTS,1107100,C,1,1334.9317112736096,1.0,0,1,mouse
SYNTHETIC DEMONSTRATION ONLY - NOT HUMAN EXPERIMENT RESULTS,1107120,C,1,1334.9397014223764,1.0,0,1,mouse
SYNTHETIC DEMONSTRATION ONLY - NOT HUMAN EXPERIMENT RESULTS,1107140,C,1,1334.9471950006468,1.0,0,1,mouse
SYNTHETIC DEMONSTRATION ONLY - NOT HUMAN EXPERIMENT RESULTS,1107160,C,1,1334.9541919019202,1.0,0,1,mouse
SYNTHETIC DEMONSTRATION ONLY - NOT HUMAN EXPERIMENT RESULTS,1107180,C,1,1334.9606920267556,1.0,0,1,mouse
SYNTHETIC DEMONSTRATION ONLY - NOT HUMAN EXPERIMENT RESULTS,1107200,C,1,1334.9666952827718,1.0,0,1,mouse
SYNTHETIC DEMONSTRATION ONLY - NOT HUMAN EXPERIMENT RESULTS,1107220,C,1,1334.9722015846487,1.0,0,1,mouse
SYNTHETIC DEMONSTRATION ONLY - NOT HUMAN EXPERIMENT RESULTS,1107240,C,1,1334.9772108541301,1.0,0,1,mouse
SYNTHETIC DEMONSTRATION ONLY - NOT HUMAN EXPERIMENT RESULTS,1107260,C,1,1334.981723020023,1.0,0,1,mouse
SYNTHETIC DEMONSTRATION ONLY - NOT HUMAN EXPERIMENT RESULTS,1107280,C,1,1334.9857380181995,1.0,0,1,mouse
SYNTHETIC DEMONSTRATION ONLY - NOT HUMAN EXPERIMENT RESULTS,1107300,C,1,1334.9892557915978,1.0,0,1,mouse
SYNTHETIC DEMONSTRATION ONLY - NOT HUMAN EXPERIMENT RESULTS,1107320,C,1,1334.9922762902224,1.0,0,1,mouse
SYNTHETIC DEMONSTRATION ONLY - NOT HUMAN EXPERIMENT RESULTS,1107340,C,1,1334.9947994711451,1.0,0,1,mouse
SYNTHETIC DEMONSTRATION ONLY - NOT HUMAN EXPERIMENT RESULTS,1107360,C,1,1334.9968252985063,1.0,0,1,mouse
SYNTHETIC DEMONSTRATION ONLY - NOT HUMAN EXPERIMENT RESULTS,1107380,C,1,1334.9983537435144,1.0,0,1,mouse
SYNTHETIC DEMONSTRATION ONLY - NOT HUMAN EXPERIMENT RESULTS,1107400,C,1,1334.9993847844466,1.0,0,1,mouse
SYNTHETIC DEMONSTRATION ONLY - NOT HUMAN EXPERIMENT RESULTS,1107420,C,1,1334.9999184066498,1.0,0,1,mouse
SYNTHETIC DEMONSTRATION ONLY - NOT HUMAN EXPERIMENT RESULTS,1107440,C,1,1334.99995460254,1.0,0,1,mouse
SYNTHETIC DEMONSTRATION ONLY - NOT HUMAN EXPERIMENT RESULTS,1107460,C,1,1334.9994933716025,1.0,0,1,mouse
SYNTHETIC DEMONSTRATION ONLY - NOT HUMAN EXPERIMENT RESULTS,1107480,C,1,1334.9985347203929,1.0,0,1,mouse
SYNTHETIC DEMONSTRATION ONLY - NOT HUMAN EXPERIMENT RESULTS,1107500,C,1,1334.9970786625354,1.0,0,1,mouse
SYNTHETIC DEMONSTRATION ONLY - NOT HUMAN EXPERIMENT RESULTS,1107520,C,1,1334.9951252187238,1.0,0,1,mouse
SYNTHETIC DEMONSTRATION ONLY - NOT HUMAN EXPERIMENT RESULTS,1107540,C,1,1334.992674416721,1.0,0,1,mouse
SYNTHETIC DEMONSTRATION ONLY - NOT HUMAN EXPERIMENT RESULTS,1107560,C,1,1334.9897262913582,1.0,0,1,mouse
SYNTHETIC DEMONSTRATION ONLY - NOT HUMAN EXPERIMENT RESULTS,1107580,C,1,1334.9862808845348,1.0,0,1,mouse
SYNTHETIC DEMONSTRATION ONLY - NOT HUMAN EXPERIMENT RESULTS,1107600,C,1,1334.9823382452178,1.0,0,1,mouse
SYNTHETIC DEMONSTRATION ONLY - NOT HUMAN EXPERIMENT RESULTS,1107620,C,1,1334.9778984294408,1.0,0,1,mouse
SYNTHETIC DEMONSTRATION ONLY - NOT HUMAN EXPERIMENT RESULTS,1107640,C,1,1334.9729615003034,1.0,0,1,mouse
SYNTHETIC DEMONSTRATION ONLY - NOT HUMAN EXPERIMENT RESULTS,1107660,C,1,1334.96752752797,1.0,0,1,mouse
SYNTHETIC DEMONSTRATION ONLY - NOT HUMAN EXPERIMENT RESULTS,1107680,C,1,1334.9615965896699,1.0,0,1,mouse
SYNTHETIC DEMONSTRATION ONLY - NOT HUMAN EXPERIMENT RESULTS,1107700,C,1,1334.9551687696944,1.0,0,1,mouse
SYNTHETIC DEMONSTRATION ONLY - NOT HUMAN EXPERIMENT RESULTS,1107720,C,1,1334.9482441593973,1.0,0,1,mouse
SYNTHETIC DEMONSTRATION ONLY - NOT HUMAN EXPERIMENT RESULTS,1107740,C,1,1334.9408228571926,1.0,0,1,mouse
SYNTHETIC DEMONSTRATION ONLY - NOT HUMAN EXPERIMENT RESULTS,1107760,C,1,1334.9329049685534,1.0,0,1,mouse
SYNTHETIC DEMONSTRATION ONLY - NOT HUMAN EXPERIMENT RESULTS,1107780,C,1,1334.9244906060103,1.0,0,1,mouse
SYNTHETIC DEMONSTRATION ONLY - NOT HUMAN EXPERIMENT RESULTS,1107800,C,1,1334.9155798891502,1.0,0,1,mouse
SYNTHETIC DEMONSTRATION ONLY - NOT HUMAN EXPERIMENT RESULTS,1107820,C,1,1334.9061729446141,1.0,0,1,mouse
SYNTHETIC DEMONSTRATION ONLY - NOT HUMAN EXPERIMENT RESULTS,1107840,C,1,1334.8962699060955,1.0,0,1,mouse
SYNTHETIC DEMONSTRATION ONLY - NOT HUMAN EXPERIMENT RESULTS,1107860,C,1,1334.8858709143385,1.0,0,1,mouse
SYNTHETIC DEMONSTRATION ONLY - NOT HUMAN EXPERIMENT RESULTS,1107880,C,1,1334.8749761171357,1.0,0,1,mouse
SYNTHETIC DEMONSTRATION ONLY - NOT HUMAN EXPERIMENT RESULTS,1107900,C,1,1334.863585669326,1.0,0,1,mouse
SYNTHETIC DEMONSTRATION ONLY - NOT HUMAN EXPERIMENT RESULTS,1107920,C,1,1334.8516997327938,1.0,0,1,mouse
SYNTHETIC DEMONSTRATION ONLY - NOT HUMAN EXPERIMENT RESULTS,1107940,C,1,1334.8393184764636,1.0,0,1,mouse
SYNTHETIC DEMONSTRATION ONLY - NOT HUMAN EXPERIMENT RESULTS,1107960,C,1,1334.826442076301,1.0,0,1,mouse
SYNTHETIC DEMONSTRATION ONLY - NOT HUMAN EXPERIMENT RESULTS,1107980,C,1,1334.8130707153077,1.0,0,1,mouse
SYNTHETIC DEMONSTRATION ONLY - NOT HUMAN EXPERIMENT RESULTS,1108000,C,1,1334.7992045835208,1.0,0,1,mouse
SYNTHETIC DEMONSTRATION ONLY - NOT HUMAN EXPERIMENT RESULTS,1108020,C,1,1334.7848438780086,1.0,0,1,mouse
SYNTHETIC DEMONSTRATION ONLY - NOT HUMAN EXPERIMENT RESULTS,1108040,C,1,1334.7699888028685,1.0,0,1,mouse
SYNTHETIC DEMONSTRATION ONLY - NOT HUMAN EXPERIMENT RESULTS,1108060,C,1,1334.7546395692239,1.0,0,1,mouse
SYNTHETIC DEMONSTRATION ONLY - NOT HUMAN EXPERIMENT RESULTS,1108080,C,1,1334.7387963952212,1.0,0,1,mouse
SYNTHETIC DEMONSTRATION ONLY - NOT HUMAN EXPERIMENT RESULTS,1108100,C,1,1334.7224595060275,1.0,0,1,mouse
SYNTHETIC DEMONSTRATION ONLY - NOT HUMAN EXPERIMENT RESULTS,1108120,C,1,1334.7056291338258,1.0,0,1,mouse
SYNTHETIC DEMONSTRATION ONLY - NOT HUMAN EXPERIMENT RESULTS,1108140,C,1,1334.688305517813,1.0,0,1,mouse
SYNTHETIC DEMONSTRATION ONLY - NOT HUMAN EXPERIMENT RESULTS,1108160,C,1,1334.670488904196,1.0,0,1,mouse
SYNTHETIC DEMONSTRATION ONLY - NOT HUMAN EXPERIMENT RESULTS,1108180,C,1,1334.6521795461886,1.0,0,1,mouse
SYNTHETIC DEMONSTRATION ONLY - NOT HUMAN EXPERIMENT RESULTS,1108200,C,1,1334.6333777040068,1.0,0,1,mouse
SYNTHETIC DEMONSTRATION ONLY - NOT HUMAN EXPERIMENT RESULTS,1108220,C,1,1334.6140836448667,1.0,0,1,mouse
SYNTHETIC DEMONSTRATION ONLY - NOT HUMAN EXPERIMENT RESULTS,1108240,C,1,1334.5942976429797,1.0,0,1,mouse
SYNTHETIC DEMONSTRATION ONLY - NOT HUMAN EXPERIMENT RESULTS,1108260,C,1,1334.5740199795482,1.0,0,1,mouse
SYNTHETIC DEMONSTRATION ONLY - NOT HUMAN EXPERIMENT RESULTS,1108280,C,1,1334.5532509427633,1.0,0,1,mouse
SYNTHETIC DEMONSTRATION ONLY - NOT HUMAN EXPERIMENT RESULTS,1108300,C,1,1334.5319908277986,1.0,0,1,mouse
SYNTHETIC DEMONSTRATION ONLY - NOT HUMAN EXPERIMENT RESULTS,1108320,C,1,1334.5102399368077,1.0,0,1,mouse
SYNTHETIC DEMONSTRATION ONLY - NOT HUMAN EXPERIMENT RESULTS,1108340,C,1,1334.4879985789185,1.0,0,1,mouse
SYNTHETIC DEMONSTRATION ONLY - NOT HUMAN EXPERIMENT RESULTS,1108360,C,1,1334.46526707023,1.0,0,1,mouse
SYNTHETIC DEMONSTRATION ONLY - NOT HUMAN EXPERIMENT RESULTS,1108380,C,1,1334.4420457338076,1.0,0,1,mouse
SYNTHETIC DEMONSTRATION ONLY - NOT HUMAN EXPERIMENT RESULTS,1108400,C,1,1334.4183348996776,1.0,0,1,mouse
SYNTHETIC DEMONSTRATION ONLY - NOT HUMAN EXPERIMENT RESULTS,1108420,C,1,1334.3941349048237,1.0,0,1,mouse
SYNTHETIC DEMONSTRATION ONLY - NOT HUMAN EXPERIMENT RESULTS,1108440,C,1,1334.3694460931808,1.0,0,1,mouse
SYNTHETIC DEMONSTRATION ONLY - NOT HUMAN EXPERIMENT RESULTS,1108460,C,1,1334.3442688156322,1.0,0,1,mouse
SYNTHETIC DEMONSTRATION ONLY - NOT HUMAN EXPERIMENT RESULTS,1108480,C,1,1334.3186034300027,1.0,0,1,mouse
SYNTHETIC DEMONSTRATION ONLY - NOT HUMAN EXPERIMENT RESULTS,1108500,C,1,1334.2924503010538,1.0,0,1,mouse
SYNTHETIC DEMONSTRATION ONLY - NOT HUMAN EXPERIMENT RESULTS,1108520,C,1,1334.2658098004795,1.0,0,1,mouse
SYNTHETIC DEMONSTRATION ONLY - NOT HUMAN EXPERIMENT RESULTS,1108540,C,1,1334.2386823069005,1.0,0,1,mouse
SYNTHETIC DEMONSTRATION ONLY - NOT HUMAN EXPERIMENT RESULTS,1108560,C,1,1334.2110682058585,1.0,0,1,mouse
SYNTHETIC DEMONSTRATION ONLY - NOT HUMAN EXPERIMENT RESULTS,1108580,C,1,1334.182967889811,1.0,0,1,mouse
SYNTHETIC DEMONSTRATION ONLY - NOT HUMAN EXPERIMENT RESULTS,1108600,C,1,1334.1543817581255,1.0,0,1,mouse
SYNTHETIC DEMONSTRATION ONLY - NOT HUMAN EXPERIMENT RESULTS,1108620,C,1,1334.1253102170742,1.0,0,1,mouse
SYNTHETIC DEMONSTRATION ONLY - NOT HUMAN EXPERIMENT RESULTS,1108640,C,1,1334.0957536798282,1.0,0,1,mouse
SYNTHETIC DEMONSTRATION ONLY - NOT HUMAN EXPERIMENT RESULTS,1108660,C,1,1334.0657125664513,1.0,0,1,mouse
SYNTHETIC DEMONSTRATION ONLY - NOT HUMAN EXPERIMENT RESULTS,1108680,C,1,1334.0351873038942,1.0,0,1,mouse
SYNTHETIC DEMONSTRATION ONLY - NOT HUMAN EXPERIMENT RESULTS,1108700,C,1,1334.0041783259885,1.0,0,1,mouse
SYNTHETIC DEMONSTRATION ONLY - NOT HUMAN EXPERIMENT RESULTS,1108720,C,1,1333.9726860734404,1.0,0,1,mouse
SYNTHETIC DEMONSTRATION ONLY - NOT HUMAN EXPERIMENT RESULTS,1108740,C,1,1333.9407109938243,1.0,0,1,mouse
SYNTHETIC DEMONSTRATION ONLY - NOT HUMAN EXPERIMENT RESULTS,1108760,C,1,1333.908253541577,1.0,0,1,mouse
SYNTHETIC DEMONSTRATION ONLY - NOT HUMAN EXPERIMENT RESULTS,1108780,C,1,1333.8753141779912,1.0,0,1,mouse
SYNTHETIC DEMONSTRATION ONLY - NOT HUMAN EXPERIMENT RESULTS,1108800,C,1,1333.8418933712073,1.0,0,1,mouse
SYNTHETIC DEMONSTRATION ONLY - NOT HUMAN EXPERIMENT RESULTS,1108820,C,1,1333.8079915962096,1.0,0,1,mouse
SYNTHETIC DEMONSTRATION ONLY - NOT HUMAN EXPERIMENT RESULTS,1108840,C,1,1333.7736093348171,1.0,0,1,mouse
SYNTHETIC DEMONSTRATION ONLY - NOT HUMAN EXPERIMENT RESULTS,1108860,C,1,1333.7387470756778,1.0,0,1,mouse
SYNTHETIC DEMONSTRATION ONLY - NOT HUMAN EXPERIMENT RESULTS,1108880,C,1,1333.7034053142618,1.0,0,1,mouse
SYNTHETIC DEMONSTRATION ONLY - NOT HUMAN EXPERIMENT RESULTS,1108900,C,1,1333.6675845528534,1.0,0,1,mouse
SYNTHETIC DEMONSTRATION ONLY - NOT HUMAN EXPERIMENT RESULTS,1108920,C,1,1333.6312853005454,1.0,0,1,mouse
SYNTHETIC DEMONSTRATION ONLY - NOT HUMAN EXPERIMENT RESULTS,1108940,C,1,1333.5945080732301,1.0,0,1,mouse
SYNTHETIC DEMONSTRATION ONLY - NOT HUMAN EXPERIMENT RESULTS,1108960,C,1,1333.5572533935936,1.0,0,1,mouse
SYNTHETIC DEMONSTRATION ONLY - NOT HUMAN EXPERIMENT RESULTS,1108980,C,1,1333.519521791107,1.0,0,1,mouse
SYNTHETIC DEMONSTRATION ONLY - NOT HUMAN EXPERIMENT RESULTS,1109000,C,1,1333.4813138020202,1.0,0,1,mouse
SYNTHETIC DEMONSTRATION ONLY - NOT HUMAN EXPERIMENT RESULTS,1109020,C,1,1333.4426299693532,1.0,0,1,mouse
SYNTHETIC DEMONSTRATION ONLY - NOT HUMAN EXPERIMENT RESULTS,1109040,C,1,1333.403470842889,1.0,0,1,mouse
SYNTHETIC DEMONSTRATION ONLY - NOT HUMAN EXPERIMENT RESULTS,1109060,C,1,1333.3638369791652,1.0,0,1,mouse
SYNTHETIC DEMONSTRATION ONLY - NOT HUMAN EXPERIMENT RESULTS,1109080,C,1,1333.3237289414672,1.0,0,1,mouse
SYNTHETIC DEMONSTRATION ONLY - NOT HUMAN EXPERIMENT RESULTS,1109100,C,1,1333.2831472998182,1.0,0,1,mouse
SYNTHETIC DEMONSTRATION ONLY - NOT HUMAN EXPERIMENT RESULTS,1109120,C,1,1333.242092630974,1.0,0,1,mouse
SYNTHETIC DEMONSTRATION ONLY - NOT HUMAN EXPERIMENT RESULTS,1109140,C,1,1333.2005655184118,1.0,0,1,mouse
SYNTHETIC DEMONSTRATION ONLY - NOT HUMAN EXPERIMENT RESULTS,1109160,C,1,1333.1585665523241,1.0,0,1,mouse
SYNTHETIC DEMONSTRATION ONLY - NOT HUMAN EXPERIMENT RESULTS,1109180,C,1,1333.116096329609,1.0,0,1,mouse
SYNTHETIC DEMONSTRATION ONLY - NOT HUMAN EXPERIMENT RESULTS,1109200,C,1,1333.0731554538625,1.0,0,1,mouse
SYNTHETIC DEMONSTRATION ONLY - NOT HUMAN EXPERIMENT RESULTS,1109220,C,1,1333.0297445353692,1.0,0,1,mouse
SYNTHETIC DEMONSTRATION ONLY - NOT HUMAN EXPERIMENT RESULTS,1109240,C,1,1332.9858641910946,1.0,0,1,mouse
SYNTHETIC DEMONSTRATION ONLY - NOT HUMAN EXPERIMENT RESULTS,1109260,C,1,1332.9415150446755,1.0,0,1,mouse
SYNTHETIC DEMONSTRATION ONLY - NOT HUMAN EXPERIMENT RESULTS,1109280,C,1,1332.8966977264113,1.0,0,1,mouse
SYNTHETIC DEMONSTRATION ONLY - NOT HUMAN EXPERIMENT RESULTS,1109300,C,1,1332.8514128732556,1.0,0,1,mouse
SYNTHETIC DEMONSTRATION ONLY - NOT HUMAN EXPERIMENT RESULTS,1109320,C,1,1332.805661128806,1.0,0,1,mouse
SYNTHETIC DEMONSTRATION ONLY - NOT HUMAN EXPERIMENT RESULTS,1109340,C,1,1332.7594431432963,1.0,0,1,mouse
SYNTHETIC DEMONSTRATION ONLY - NOT HUMAN EXPERIMENT RESULTS,1109360,C,1,1332.7127595735863,1.0,0,1,mouse
SYNTHETIC DEMONSTRATION ONLY - NOT HUMAN EXPERIMENT RESULTS,1109380,C,1,1332.665611083153,1.0,0,1,mouse
SYNTHETIC DEMONSTRATION ONLY - NOT HUMAN EXPERIMENT RESULTS,1109400,C,1,1332.6179983420807,1.0,0,1,mouse
SYNTHETIC DEMONSTRATION ONLY - NOT HUMAN EXPERIMENT RESULTS,1109420,C,1,1332.5699220270517,1.0,0,1,mouse
SYNTHETIC DEMONSTRATION ONLY - NOT HUMAN EXPERIMENT RESULTS,1109440,C,1,1332.521382821337,1.0,0,1,mouse
SYNTHETIC DEMONSTRATION ONLY - NOT HUMAN EXPERIMENT RESULTS,1109460,C,1,1332.4723814147862,1.0,0,1,mouse
SYNTHETIC DEMONSTRATION ONLY - NOT HUMAN EXPERIMENT RESULTS,1109480,C,1,1332.422918503818,1.0,0,1,mouse
SYNTHETIC DEMONSTRATION ONLY - NOT HUMAN EXPERIMENT RESULTS,1109500,C,1,1332.3729947914092,1.0,0,1,mouse
SYNTHETIC DEMONSTRATION ONLY - NOT HUMAN EXPERIMENT RESULTS,1109520,C,1,1332.3226109870868,1.0,0,1,mouse
SYNTHETIC DEMONSTRATION ONLY - NOT HUMAN EXPERIMENT RESULTS,1109540,C,1,1332.271767806916,1.0,0,1,mouse
SYNTHETIC DEMONSTRATION ONLY - NOT HUMAN EXPERIMENT RESULTS,1109560,C,1,1332.2204659734907,1.0,0,1,mouse
SYNTHETIC DEMONSTRATION ONLY - NOT HUMAN EXPERIMENT RESULTS,1109580,C,1,1332.168706215924,1.0,0,1,mouse
SYNTHETIC DEMONSTRATION ONLY - NOT HUMAN EXPERIMENT RESULTS,1109600,C,1,1332.1164892698362,1.0,0,1,mouse
SYNTHETIC DEMONSTRATION ONLY - NOT HUMAN EXPERIMENT RESULTS,1109620,C,1,1332.063815877346,1.0,0,1,mouse
SYNTHETIC DEMONSTRATION ONLY - NOT HUMAN EXPERIMENT RESULTS,1109640,C,1,1332.0106867870586,1.0,0,1,mouse
SYNTHETIC DEMONSTRATION ONLY - NOT HUMAN EXPERIMENT RESULTS,1109660,C,1,1331.9571027540565,1.0,0,1,mouse
SYNTHETIC DEMONSTRATION ONLY - NOT HUMAN EXPERIMENT RESULTS,1109680,C,1,1331.9030645398866,1.0,0,1,mouse
SYNTHETIC DEMONSTRATION ONLY - NOT HUMAN EXPERIMENT RESULTS,1109700,C,1,1331.8485729125523,1.0,0,1,mouse
SYNTHETIC DEMONSTRATION ONLY - NOT HUMAN EXPERIMENT RESULTS,1109720,C,1,1331.7936286464997,1.0,0,1,mouse
SYNTHETIC DEMONSTRATION ONLY - NOT HUMAN EXPERIMENT RESULTS,1109740,C,1,1331.7382325226088,1.0,0,1,mouse
SYNTHETIC DEMONSTRATION ONLY - NOT HUMAN EXPERIMENT RESULTS,1109760,C,1,1331.682385328181,1.0,0,1,mouse
SYNTHETIC DEMONSTRATION ONLY - NOT HUMAN EXPERIMENT RESULTS,1109780,C,1,1331.6260878569285,1.0,0,1,mouse
SYNTHETIC DEMONSTRATION ONLY - NOT HUMAN EXPERIMENT RESULTS,1109800,C,1,1331.569340908963,1.0,0,1,mouse
SYNTHETIC DEMONSTRATION ONLY - NOT HUMAN EXPERIMENT RESULTS,1109820,C,1,1331.5121452907845,1.0,0,1,mouse
SYNTHETIC DEMONSTRATION ONLY - NOT HUMAN EXPERIMENT RESULTS,1109840,C,1,1331.454501815269,1.0,0,1,mouse
SYNTHETIC DEMONSTRATION ONLY - NOT HUMAN EXPERIMENT RESULTS,1109860,C,1,1331.3964113016577,1.0,0,1,mouse
SYNTHETIC DEMONSTRATION ONLY - NOT HUMAN EXPERIMENT RESULTS,1109880,C,1,1331.337874575546,1.0,0,1,mouse
SYNTHETIC DEMONSTRATION ONLY - NOT HUMAN EXPERIMENT RESULTS,1109900,C,1,1331.27889246887,1.0,0,1,mouse
SYNTHETIC DEMONSTRATION ONLY - NOT HUMAN EXPERIMENT RESULTS,1109920,C,1,1331.219465819896,1.0,0,1,mouse
SYNTHETIC DEMONSTRATION ONLY - NOT HUMAN EXPERIMENT RESULTS,1109940,C,1,1331.1595954732084,1.0,0,1,mouse
SYNTHETIC DEMONSTRATION ONLY - NOT HUMAN EXPERIMENT RESULTS,1109960,C,1,1331.099282279697,1.0,0,1,mouse
SYNTHETIC DEMONSTRATION ONLY - NOT HUMAN EXPERIMENT RESULTS,1109980,C,1,1331.038527096546,1.0,0,1,mouse
SYNTHETIC DEMONSTRATION ONLY - NOT HUMAN EXPERIMENT RESULTS,1110000,C,1,1330.977330787221,1.0,0,1,mouse
SYNTHETIC DEMONSTRATION ONLY - NOT HUMAN EXPERIMENT RESULTS,1110020,C,1,1330.9156942214572,1.0,0,1,mouse
SYNTHETIC DEMONSTRATION ONLY - NOT HUMAN EXPERIMENT RESULTS,1110040,C,1,1330.8536182752462,1.0,0,1,mouse
SYNTHETIC DEMONSTRATION ONLY - NOT HUMAN EXPERIMENT RESULTS,1110060,C,1,1330.791103830825,1.0,0,1,mouse
SYNTHETIC DEMONSTRATION ONLY - NOT HUMAN EXPERIMENT RESULTS,1110080,C,1,1330.7281517766621,1.0,0,1,mouse
SYNTHETIC DEMONSTRATION ONLY - NOT HUMAN EXPERIMENT RESULTS,1110100,C,1,1330.6647630074456,1.0,0,1,mouse
SYNTHETIC DEMONSTRATION ONLY - NOT HUMAN EXPERIMENT RESULTS,1110120,C,1,1330.6009384240701,1.0,0,1,mouse
SYNTHETIC DEMONSTRATION ONLY - NOT HUMAN EXPERIMENT RESULTS,1110140,C,1,1330.536678933624,1.0,0,1,mouse
SYNTHETIC DEMONSTRATION ONLY - NOT HUMAN EXPERIMENT RESULTS,1110160,C,1,1330.4719854493776,1.0,0,1,mouse
SYNTHETIC DEMONSTRATION ONLY - NOT HUMAN EXPERIMENT RESULTS,1110180,C,1,1330.4068588907678,1.0,0,1,mouse
SYNTHETIC DEMONSTRATION ONLY - NOT HUMAN EXPERIMENT RESULTS,1110200,C,1,1330.3413001833874,1.0,0,1,mouse
SYNTHETIC DEMONSTRATION ONLY - NOT HUMAN EXPERIMENT RESULTS,1110220,C,1,1330.2753102589709,1.0,0,1,mouse
SYNTHETIC DEMONSTRATION ONLY - NOT HUMAN EXPERIMENT RESULTS,1110240,C,1,1330.2088900553808,1.0,0,1,mouse
SYNTHETIC DEMONSTRATION ONLY - NOT HUMAN EXPERIMENT RESULTS,1110260,C,1,1330.1420405165957,1.0,0,1,mouse
SYNTHETIC DEMONSTRATION ONLY - NOT HUMAN EXPERIMENT RESULTS,1110280,C,1,1330.0747625926954,1.0,0,1,mouse
SYNTHETIC DEMONSTRATION ONLY - NOT HUMAN EXPERIMENT RESULTS,1110300,C,1,1330.0070572398479,1.0,0,1,mouse
SYNTHETIC DEMONSTRATION ONLY - NOT HUMAN EXPERIMENT RESULTS,1110320,C,1,1329.938925420296,1.0,0,1,mouse
SYNTHETIC DEMONSTRATION ONLY - NOT HUMAN EXPERIMENT RESULTS,1110340,C,1,1329.8703681023442,1.0,0,1,mouse
SYNTHETIC DEMONSTRATION ONLY - NOT HUMAN EXPERIMENT RESULTS,1110360,C,1,1329.8013862603434,1.0,0,1,mouse
SYNTHETIC DEMONSTRATION ONLY - NOT HUMAN EXPERIMENT RESULTS,1110380,C,1,1329.7319808746781,1.0,0,1,mouse
SYNTHETIC DEMONSTRATION ONLY - NOT HUMAN EXPERIMENT RESULTS,1110400,C,1,1329.6621529317529,1.0,0,1,mouse
SYNTHETIC DEMONSTRATION ONLY - NOT HUMAN EXPERIMENT RESULTS,1110420,C,1,1329.591903423977,1.0,0,1,mouse
SYNTHETIC DEMONSTRATION ONLY - NOT HUMAN EXPERIMENT RESULTS,1110440,C,1,1329.521233349752,1.0,0,1,mouse
SYNTHETIC DEMONSTRATION ONLY - NOT HUMAN EXPERIMENT RESULTS,1110460,C,1,1329.4501437134554,1.0,0,1,mouse
SYNTHETIC DEMONSTRATION ONLY - NOT HUMAN EXPERIMENT RESULTS,1110480,C,1,1329.3786355254288,1.0,0,1,mouse
SYNTHETIC DEMONSTRATION ONLY - NOT HUMAN EXPERIMENT RESULTS,1110500,C,1,1329.3067098019612,1.0,0,1,mouse
SYNTHETIC DEMONSTRATION ONLY - NOT HUMAN EXPERIMENT RESULTS,1110520,C,1,1329.2343675652771,1.0,0,1,mouse
SYNTHETIC DEMONSTRATION ONLY - NOT HUMAN EXPERIMENT RESULTS,1110540,C,1,1329.1616098435195,1.0,0,1,mouse
SYNTHETIC DEMONSTRATION ONLY - NOT HUMAN EXPERIMENT RESULTS,1110560,C,1,1329.0884376707365,1.0,0,1,mouse
SYNTHETIC DEMONSTRATION ONLY - NOT HUMAN EXPERIMENT RESULTS,1110580,C,1,1329.0148520868668,1.0,0,1,mouse
SYNTHETIC DEMONSTRATION ONLY - NOT HUMAN EXPERIMENT RESULTS,1110600,C,1,1328.9408541377243,1.0,0,1,mouse
SYNTHETIC DEMONSTRATION ONLY - NOT HUMAN EXPERIMENT RESULTS,1110620,C,1,1328.866444874984,1.0,0,1,mouse
SYNTHETIC DEMONSTRATION ONLY - NOT HUMAN EXPERIMENT RESULTS,1110640,C,1,1328.791625356166,1.0,0,1,mouse
SYNTHETIC DEMONSTRATION ONLY - NOT HUMAN EXPERIMENT RESULTS,1110660,C,1,1328.7163966446212,1.0,0,1,mouse
SYNTHETIC DEMONSTRATION ONLY - NOT HUMAN EXPERIMENT RESULTS,1110680,C,1,1328.640759809516,1.0,0,1,mouse
SYNTHETIC DEMONSTRATION ONLY - NOT HUMAN EXPERIMENT RESULTS,1110700,C,1,1328.5647159258176,1.0,0,1,mouse
SYNTHETIC DEMONSTRATION ONLY - NOT HUMAN EXPERIMENT RESULTS,1110720,C,1,1328.4882660742778,1.0,0,1,mouse
SYNTHETIC DEMONSTRATION ONLY - NOT HUMAN EXPERIMENT RESULTS,1110740,C,1,1328.411411341418,1.0,0,1,mouse
SYNTHETIC DEMONSTRATION ONLY - NOT HUMAN EXPERIMENT RESULTS,1110760,C,1,1328.3341528195144,1.0,0,1,mouse
SYNTHETIC DEMONSTRATION ONLY - NOT HUMAN EXPERIMENT RESULTS,1110780,C,1,1328.2564916065814,1.0,0,1,mouse
SYNTHETIC DEMONSTRATION ONLY - NOT HUMAN EXPERIMENT RESULTS,1110800,C,1,1328.1784288063568,1.0,0,1,mouse
SYNTHETIC DEMONSTRATION ONLY - NOT HUMAN EXPERIMENT RESULTS,1110820,C,1,1328.0999655282856,1.0,0,1,mouse
SYNTHETIC DEMONSTRATION ONLY - NOT HUMAN EXPERIMENT RESULTS,1110840,C,1,1328.0211028875049,1.0,0,1,mouse
SYNTHETIC DEMONSTRATION ONLY - NOT HUMAN EXPERIMENT RESULTS,1110860,C,1,1327.9418420048273,1.0,0,1,mouse
SYNTHETIC DEMONSTRATION ONLY - NOT HUMAN EXPERIMENT RESULTS,1110880,C,1,1327.8621840067256,1.0,0,1,mouse
SYNTHETIC DEMONSTRATION ONLY - NOT HUMAN EXPERIMENT RESULTS,1110900,C,1,1327.7821300253158,1.0,0,1,mouse
SYNTHETIC DEMONSTRATION ONLY - NOT HUMAN EXPERIMENT RESULTS,1110920,C,1,1327.7016811983426,1.0,0,1,mouse
SYNTHETIC DEMONSTRATION ONLY - NOT HUMAN EXPERIMENT RESULTS,1110940,C,1,1327.6208386691617,1.0,0,1,mouse
SYNTHETIC DEMONSTRATION ONLY - NOT HUMAN EXPERIMENT RESULTS,1110960,C,1,1327.5396035867243,1.0,0,1,mouse
SYNTHETIC DEMONSTRATION ONLY - NOT HUMAN EXPERIMENT RESULTS,1110980,C,1,1327.4579771055612,1.0,0,1,mouse
SYNTHETIC DEMONSTRATION ONLY - NOT HUMAN EXPERIMENT RESULTS,1111000,C,1,1327.3759603857648,1.0,0,1,mouse
SYNTHETIC DEMONSTRATION ONLY - NOT HUMAN EXPERIMENT RESULTS,1111020,C,1,1327.2935545929747,1.0,0,1,mouse
SYNTHETIC DEMONSTRATION ONLY - NOT HUMAN EXPERIMENT RESULTS,1111040,C,1,1327.210760898359,1.0,0,1,mouse
SYNTHETIC DEMONSTRATION ONLY - NOT HUMAN EXPERIMENT RESULTS,1111060,C,1,1327.1275804786,1.0,0,1,mouse
SYNTHETIC DEMONSTRATION ONLY - NOT HUMAN EXPERIMENT RESULTS,1111080,C,1,1327.0440145158757,1.0,0,1,mouse
SYNTHETIC DEMONSTRATION ONLY - NOT HUMAN EXPERIMENT RESULTS,1111100,C,1,1326.9600641978425,1.0,0,1,mouse
SYNTHETIC DEMONSTRATION ONLY - NOT HUMAN EXPERIMENT RESULTS,1111120,C,1,1326.875730717621,1.0,0,1,mouse
SYNTHETIC DEMONSTRATION ONLY - NOT HUMAN EXPERIMENT RESULTS,1111140,C,1,1326.7910152737766,1.0,0,1,mouse
SYNTHETIC DEMONSTRATION ONLY - NOT HUMAN EXPERIMENT RESULTS,1111160,C,1,1326.705919070303,1.0,0,1,mouse
SYNTHETIC DEMONSTRATION ONLY - NOT HUMAN EXPERIMENT RESULTS,1111180,C,1,1326.6204433166058,1.0,0,1,mouse
SYNTHETIC DEMONSTRATION ONLY - NOT HUMAN EXPERIMENT RESULTS,1111200,C,1,1326.5345892274845,1.0,0,1,mouse
SYNTHETIC DEMONSTRATION ONLY - NOT HUMAN EXPERIMENT RESULTS,1111220,C,1,1326.4483580231158,1.0,0,1,mouse
SYNTHETIC DEMONSTRATION ONLY - NOT HUMAN EXPERIMENT RESULTS,1111240,C,1,1326.361750929036,1.0,0,1,mouse
SYNTHETIC DEMONSTRATION ONLY - NOT HUMAN EXPERIMENT RESULTS,1111260,C,1,1326.2747691761235,1.0,0,1,mouse
SYNTHETIC DEMONSTRATION ONLY - NOT HUMAN EXPERIMENT RESULTS,1111280,C,1,1326.1874140005818,1.0,0,1,mouse
SYNTHETIC DEMONSTRATION ONLY - NOT HUMAN EXPERIMENT RESULTS,1111300,C,1,1326.0996866439214,1.0,0,1,mouse
SYNTHETIC DEMONSTRATION ONLY - NOT HUMAN EXPERIMENT RESULTS,1111320,C,1,1326.0115883529418,1.0,0,1,mouse
SYNTHETIC DEMONSTRATION ONLY - NOT HUMAN EXPERIMENT RESULTS,1111340,C,1,1325.9231203797149,1.0,0,1,mouse
SYNTHETIC DEMONSTRATION ONLY - NOT HUMAN EXPERIMENT RESULTS,1111360,C,1,1325.8342839815664,1.0,0,1,mouse
SYNTHETIC DEMONSTRATION ONLY - NOT HUMAN EXPERIMENT RESULTS,1111380,C,1,1325.7450804210582,1.0,0,1,mouse
SYNTHETIC DEMONSTRATION ONLY - NOT HUMAN EXPERIMENT RESULTS,1111400,C,1,1325.6555109659703,1.0,0,1,mouse
SYNTHETIC DEMONSTRATION ONLY - NOT HUMAN EXPERIMENT RESULTS,1111420,C,1,1325.5655768892832,1.0,0,1,mouse
SYNTHETIC DEMONSTRATION ONLY - NOT HUMAN EXPERIMENT RESULTS,1111440,C,1,1325.4752794691587,1.0,0,1,mouse
SYNTHETIC DEMONSTRATION ONLY - NOT HUMAN EXPERIMENT RESULTS,1111460,C,1,1325.3846199889235,1.0,0,1,mouse
SYNTHETIC DEMONSTRATION ONLY - NOT HUMAN EXPERIMENT RESULTS,1111480,C,1,1325.2935997370491,1.0,0,1,mouse
SYNTHETIC DEMONSTRATION ONLY - NOT HUMAN EXPERIMENT RESULTS,1111500,C,1,1325.2022200071349,1.0,0,1,mouse
SYNTHETIC DEMONSTRATION ONLY - NOT HUMAN EXPERIMENT RESULTS,1111520,C,1,1325.1104820978892,1.0,0,1,mouse
SYNTHETIC DEMONSTRATION ONLY - NOT HUMAN EXPERIMENT RESULTS,1111540,C,1,1325.018387313111,1.0,0,1,mouse
SYNTHETIC DEMONSTRATION ONLY - NOT HUMAN EXPERIMENT RESULTS,1111560,C,1,1324.9259369616702,1.0,0,1,mouse
SYNTHETIC DEMONSTRATION ONLY - NOT HUMAN EXPERIMENT RESULTS,1111580,C,1,1324.8331323574919,1.0,0,1,mouse
SYNTHETIC DEMONSTRATION ONLY - NOT HUMAN EXPERIMENT RESULTS,1111600,C,1,1324.7399748195344,1.0,0,1,mouse
SYNTHETIC DEMONSTRATION ONLY - NOT HUMAN EXPERIMENT RESULTS,1111620,C,1,1324.6464656717726,1.0,0,1,mouse
SYNTHETIC DEMONSTRATION ONLY - NOT HUMAN EXPERIMENT RESULTS,1111640,C,1,1324.5526062431786,1.0,0,1,mouse
SYNTHETIC DEMONSTRATION ONLY - NOT HUMAN EXPERIMENT RESULTS,1111660,C,1,1324.4583978677024,1.0,0,1,mouse
SYNTHETIC DEMONSTRATION ONLY - NOT HUMAN EXPERIMENT RESULTS,1111680,C,1,1324.3638418842538,1.0,0,1,mouse
SYNTHETIC DEMONSTRATION ONLY - NOT HUMAN EXPERIMENT RESULTS,1111700,C,1,1324.2689396366827,1.0,0,1,mouse
SYNTHETIC DEMONSTRATION ONLY - NOT HUMAN EXPERIMENT RESULTS,1111720,C,1,1324.1736924737597,1.0,0,1,mouse
SYNTHETIC DEMONSTRATION ONLY - NOT HUMAN EXPERIMENT RESULTS,1111740,C,1,1324.0781017491581,1.0,0,1,mouse
SYNTHETIC DEMONSTRATION ONLY - NOT HUMAN EXPERIMENT RESULTS,1111760,C,1,1323.9821688214338,1.0,0,1,mouse
SYNTHETIC DEMONSTRATION ONLY - NOT HUMAN EXPERIMENT RESULTS,1111780,C,1,1323.8858950540057,1.0,0,1,mouse
SYNTHETIC DEMONSTRATION ONLY - NOT HUMAN EXPERIMENT RESULTS,1111800,C,1,1323.7892818151374,1.0,0,1,mouse
SYNTHETIC DEMONSTRATION ONLY - NOT HUMAN EXPERIMENT RESULTS,1111820,C,1,1323.6923304779168,1.0,0,1,mouse
SYNTHETIC DEMONSTRATION ONLY - NOT HUMAN EXPERIMENT RESULTS,1111840,C,1,1323.5950424202372,1.0,0,1,mouse
SYNTHETIC DEMONSTRATION ONLY - NOT HUMAN EXPERIMENT RESULTS,1111860,C,1,1323.4974190247767,1.0,0,1,mouse
SYNTHETIC DEMONSTRATION ONLY - NOT HUMAN EXPERIMENT RESULTS,1111880,C,1,1323.3994616789805,1.0,0,1,mouse
SYNTHETIC DEMONSTRATION ONLY - NOT HUMAN EXPERIMENT RESULTS,1111900,C,1,1323.301171775039,1.0,0,1,mouse
SYNTHETIC DEMONSTRATION ONLY - NOT HUMAN EXPERIMENT RESULTS,1111920,C,1,1323.202550709869,1.0,0,1,mouse
SYNTHETIC DEMONSTRATION ONLY - NOT HUMAN EXPERIMENT RESULTS,1111940,C,1,1323.1035998850948,1.0,0,1,mouse
SYNTHETIC DEMONSTRATION ONLY - NOT HUMAN EXPERIMENT RESULTS,1111960,C,1,1323.004320707026,1.0,0,1,mouse
SYNTHETIC DEMONSTRATION ONLY - NOT HUMAN EXPERIMENT RESULTS,1111980,C,1,1322.9047145866398,1.0,0,1,mouse
SYNTHETIC DEMONSTRATION ONLY - NOT HUMAN EXPERIMENT RESULTS,1112000,C,1,1322.8047829395598,1.0,0,1,mouse
SYNTHETIC DEMONSTRATION ONLY - NOT HUMAN EXPERIMENT RESULTS,1112020,C,1,1322.7045271860356,1.0,0,1,mouse
SYNTHETIC DEMONSTRATION ONLY - NOT HUMAN EXPERIMENT RESULTS,1112040,C,1,1322.6039487509236,1.0,0,1,mouse
SYNTHETIC DEMONSTRATION ONLY - NOT HUMAN EXPERIMENT RESULTS,1112060,C,1,1322.503049063666,1.0,0,1,mouse
SYNTHETIC DEMONSTRATION ONLY - NOT HUMAN EXPERIMENT RESULTS,1112080,C,1,1322.4018295582703,1.0,0,1,mouse
SYNTHETIC DEMONSTRATION ONLY - NOT HUMAN EXPERIMENT RESULTS,1112100,C,1,1322.30029167329,1.0,0,1,mouse
SYNTHETIC DEMONSTRATION ONLY - NOT HUMAN EXPERIMENT RESULTS,1112120,C,1,1322.1984368518033,1.0,0,1,mouse
SYNTHETIC DEMONSTRATION ONLY - NOT HUMAN EXPERIMENT RESULTS,1112140,C,1,1322.0962665413927,1.0,0,1,mouse
SYNTHETIC DEMONSTRATION ONLY - NOT HUMAN EXPERIMENT RESULTS,1112160,C,1,1321.9937821941242,1.0,0,1,mouse
SYNTHETIC DEMONSTRATION ONLY - NOT HUMAN EXPERIMENT RESULTS,1112180,C,1,1321.8909852665274,1.0,0,1,mouse
SYNTHETIC DEMONSTRATION ONLY - NOT HUMAN EXPERIMENT RESULTS,1112200,C,1,1321.7878772195743,1.0,0,1,mouse
SYNTHETIC DEMONSTRATION ONLY - NOT HUMAN EXPERIMENT RESULTS,1112220,C,1,1321.684459518658,1.0,0,1,mouse
SYNTHETIC DEMONSTRATION ONLY - NOT HUMAN EXPERIMENT RESULTS,1112240,C,1,1321.5807336335736,1.0,0,1,mouse
SYNTHETIC DEMONSTRATION ONLY - NOT HUMAN EXPERIMENT RESULTS,1112260,C,1,1321.476701038495,1.0,0,1,mouse
SYNTHETIC DEMONSTRATION ONLY - NOT HUMAN EXPERIMENT RESULTS,1112280,C,1,1321.3723632119559,1.0,0,1,mouse
SYNTHETIC DEMONSTRATION ONLY - NOT HUMAN EXPERIMENT RESULTS,1112300,C,1,1321.267721636828,1.0,0,1,mouse
SYNTHETIC DEMONSTRATION ONLY - NOT HUMAN EXPERIMENT RESULTS,1112320,C,1,1321.162777800299,1.0,0,1,mouse
SYNTHETIC DEMONSTRATION ONLY - NOT HUMAN EXPERIMENT RESULTS,1112340,C,1,1321.0575331938537,1.0,0,1,mouse
SYNTHETIC DEMONSTRATION ONLY - NOT HUMAN EXPERIMENT RESULTS,1112360,C,1,1320.9519893132508,1.0,0,1,mouse
SYNTHETIC DEMONSTRATION ONLY - NOT HUMAN EXPERIMENT RESULTS,1112380,C,1,1320.8461476585023,1.0,0,1,mouse
SYNTHETIC DEMONSTRATION ONLY - NOT HUMAN EXPERIMENT RESULTS,1112400,C,1,1320.7400097338525,1.0,0,1,mouse
SYNTHETIC DEMONSTRATION ONLY - NOT HUMAN EXPERIMENT RESULTS,1112420,C,1,1320.6335770477565,1.0,0,1,mouse
SYNTHETIC DEMONSTRATION ONLY - NOT HUMAN EXPERIMENT RESULTS,1112440,C,1,1320.526851112858,1.0,0,1,mouse
SYNTHETIC DEMONSTRATION ONLY - NOT HUMAN EXPERIMENT RESULTS,1112460,C,1,1320.4198334459688,1.0,0,1,mouse
SYNTHETIC DEMONSTRATION ONLY - NOT HUMAN EXPERIMENT RESULTS,1112480,C,1,1320.312525568047,1.0,0,1,mouse
SYNTHETIC DEMONSTRATION ONLY - NOT HUMAN EXPERIMENT RESULTS,1112500,C,1,1320.204929004175,1.0,0,1,mouse
SYNTHETIC DEMONSTRATION ONLY - NOT HUMAN EXPERIMENT RESULTS,1112520,C,1,1320.0970452835381,1.0,0,1,mouse
SYNTHETIC DEMONSTRATION ONLY - NOT HUMAN EXPERIMENT RESULTS,1112540,C,1,1319.9888759394028,1.0,0,1,mouse
SYNTHETIC DEMONSTRATION ONLY - NOT HUMAN EXPERIMENT RESULTS,1112560,C,1,1319.8804225090948,1.0,0,1,mouse
SYNTHETIC DEMONSTRATION ONLY - NOT HUMAN EXPERIMENT RESULTS,1112580,C,1,1319.7716865339778,1.0,0,1,mouse
SYNTHETIC DEMONSTRATION ONLY - NOT HUMAN EXPERIMENT RESULTS,1112600,C,1,1319.6626695594302,1.0,0,1,mouse
SYNTHETIC DEMONSTRATION ONLY - NOT HUMAN EXPERIMENT RESULTS,1112620,C,1,1319.5533731348248,1.0,0,1,mouse
SYNTHETIC DEMONSTRATION ONLY - NOT HUMAN EXPERIMENT RESULTS,1112640,C,1,1319.4437988135057,1.0,0,1,mouse
SYNTHETIC DEMONSTRATION ONLY - NOT HUMAN EXPERIMENT RESULTS,1112660,C,1,1319.3339481527667,1.0,0,1,mouse
SYNTHETIC DEMONSTRATION ONLY - NOT HUMAN EXPERIMENT RESULTS,1112680,C,1,1319.2238227138282,1.0,0,1,mouse
SYNTHETIC DEMONSTRATION ONLY - NOT HUMAN EXPERIMENT RESULTS,1112700,C,1,1319.1134240618173,1.0,0,1,mouse
SYNTHETIC DEMONSTRATION ONLY - NOT HUMAN EXPERIMENT RESULTS,1112720,C,1,1319.0027537657427,1.0,0,1,mouse
SYNTHETIC DEMONSTRATION ONLY - NOT HUMAN EXPERIMENT RESULTS,1112740,C,1,1318.8918133984744,1.0,0,1,mouse
SYNTHETIC DEMONSTRATION ONLY - NOT HUMAN EXPERIMENT RESULTS,1112760,C,1,1318.7806045367204,1.0,0,1,mouse
SYNTHETIC DEMONSTRATION ONLY - NOT HUMAN EXPERIMENT RESULTS,1112780,C,1,1318.6691287610051,1.0,0,1,mouse
SYNTHETIC DEMONSTRATION ONLY - NOT HUMAN EXPERIMENT RESULTS,1112800,C,1,1318.557387655646,1.0,0,1,mouse
SYNTHETIC DEMONSTRATION ONLY - NOT HUMAN EXPERIMENT RESULTS,1112820,C,1,1318.4453828087312,1.0,0,1,mouse
SYNTHETIC DEMONSTRATION ONLY - NOT HUMAN EXPERIMENT RESULTS,1112840,C,1,1318.333115812098,1.0,0,1,mouse
SYNTHETIC DEMONSTRATION ONLY - NOT HUMAN EXPERIMENT RESULTS,1112860,C,1,1318.2205882613084,1.0,0,1,mouse
SYNTHETIC DEMONSTRATION ONLY - NOT HUMAN EXPERIMENT RESULTS,1112880,C,1,1318.1078017556285,1.0,0,1,mouse
SYNTHETIC DEMONSTRATION ONLY - NOT HUMAN EXPERIMENT RESULTS,1112900,C,1,1317.9947578980036,1.0,0,1,mouse
SYNTHETIC DEMONSTRATION ONLY - NOT HUMAN EXPERIMENT RESULTS,1112920,C,1,1317.8814582950379,1.0,0,1,mouse
SYNTHETIC DEMONSTRATION ONLY - NOT HUMAN EXPERIMENT RESULTS,1112940,C,1,1317.767904556969,1.0,0,1,mouse
SYNTHETIC DEMONSTRATION ONLY - NOT HUMAN EXPERIMENT RESULTS,1112960,C,1,1317.6540982976467,1.0,0,1,mouse
SYNTHETIC DEMONSTRATION ONLY - NOT HUMAN EXPERIMENT RESULTS,1112980,C,1,1317.5400411345104,1.0,0,1,mouse
SYNTHETIC DEMONSTRATION ONLY - NOT HUMAN EXPERIMENT RESULTS,1113000,C,1,1317.4257346885645,1.0,0,1,mouse
SYNTHETIC DEMONSTRATION ONLY - NOT HUMAN EXPERIMENT RESULTS,1113020,C,1,1317.3111805843569,1.0,0,1,mouse
SYNTHETIC DEMONSTRATION ONLY - NOT HUMAN EXPERIMENT RESULTS,1113040,C,1,1317.1963804499546,1.0,0,1,mouse
SYNTHETIC DEMONSTRATION ONLY - NOT HUMAN EXPERIMENT RESULTS,1113060,C,1,1317.081335916922,1.0,0,1,mouse
SYNTHETIC DEMONSTRATION ONLY - NOT HUMAN EXPERIMENT RESULTS,1113080,C,1,1316.9660486202963,1.0,0,1,mouse
SYNTHETIC DEMONSTRATION ONLY - NOT HUMAN EXPERIMENT RESULTS,1113100,C,1,1316.8505201985652,1.0,0,1,mouse
SYNTHETIC DEMONSTRATION ONLY - NOT HUMAN EXPERIMENT RESULTS,1113120,C,1,1316.7347522936434,1.0,0,1,mouse
SYNTHETIC DEMONSTRATION ONLY - NOT HUMAN EXPERIMENT RESULTS,1113140,C,1,1316.6187465508492,1.0,0,1,mouse
SYNTHETIC DEMONSTRATION ONLY - NOT HUMAN EXPERIMENT RESULTS,1113160,C,1,1316.5025046188807,1.0,0,1,mouse
SYNTHETIC DEMONSTRATION ONLY - NOT HUMAN EXPERIMENT RESULTS,1113180,C,1,1316.3860281497932,1.0,0,1,mouse
SYNTHETIC DEMONSTRATION ONLY - NOT HUMAN EXPERIMENT RESULTS,1113200,C,1,1316.269318798975,1.0,0,1,mouse
SYNTHETIC DEMONSTRATION ONLY - NOT HUMAN EXPERIMENT RESULTS,1113220,C,1,1316.1523782251247,1.0,0,1,mouse
SYNTHETIC DEMONSTRATION ONLY - NOT HUMAN EXPERIMENT RESULTS,1113240,C,1,1316.0352080902262,1.0,0,1,mouse
SYNTHETIC DEMONSTRATION ONLY - NOT HUMAN EXPERIMENT RESULTS,1113260,C,1,1315.9178100595268,1.0,0,1,mouse
SYNTHETIC DEMONSTRATION ONLY - NOT HUMAN EXPERIMENT RESULTS,1113280,C,1,1315.8001858015125,1.0,0,1,mouse
SYNTHETIC DEMONSTRATION ONLY - NOT HUMAN EXPERIMENT RESULTS,1113300,C,1,1315.682336987884,1.0,0,1,mouse
SYNTHETIC DEMONSTRATION ONLY - NOT HUMAN EXPERIMENT RESULTS,1113320,C,1,1315.564265293534,1.0,0,1,mouse
SYNTHETIC DEMONSTRATION ONLY - NOT HUMAN EXPERIMENT RESULTS,1113340,C,1,1315.4459723965224,1.0,0,1,mouse
SYNTHETIC DEMONSTRATION ONLY - NOT HUMAN EXPERIMENT RESULTS,1113360,C,1,1315.3274599780536,1.0,0,1,mouse
SYNTHETIC DEMONSTRATION ONLY - NOT HUMAN EXPERIMENT RESULTS,1113380,C,1,1315.208729722451,1.0,0,1,mouse
SYNTHETIC DEMONSTRATION ONLY - NOT HUMAN EXPERIMENT RESULTS,1113400,C,1,1315.0897833171343,1.0,0,1,mouse
SYNTHETIC DEMONSTRATION ONLY - NOT HUMAN EXPERIMENT RESULTS,1113420,C,1,1314.9706224525955,1.0,0,1,mouse
SYNTHETIC DEMONSTRATION ONLY - NOT HUMAN EXPERIMENT RESULTS,1113440,C,1,1314.851248822374,1.0,0,1,mouse
SYNTHETIC DEMONSTRATION ONLY - NOT HUMAN EXPERIMENT RESULTS,1113460,C,1,1314.7316641230334,1.0,0,1,mouse
SYNTHETIC DEMONSTRATION ONLY - NOT HUMAN EXPERIMENT RESULTS,1113480,C,1,1314.6118700541372,1.0,0,1,mouse
SYNTHETIC DEMONSTRATION ONLY - NOT HUMAN EXPERIMENT RESULTS,1113500,C,1,1314.4918683182239,1.0,0,1,mouse
SYNTHETIC DEMONSTRATION ONLY - NOT HUMAN EXPERIMENT RESULTS,1113520,C,1,1314.371660620784,1.0,0,1,mouse
SYNTHETIC DEMONSTRATION ONLY - NOT HUMAN EXPERIMENT RESULTS,1113540,C,1,1314.2512486702349,1.0,0,1,mouse
SYNTHETIC DEMONSTRATION ONLY - NOT HUMAN EXPERIMENT RESULTS,1113560,C,1,1314.130634177897,1.0,0,1,mouse
SYNTHETIC DEMONSTRATION ONLY - NOT HUMAN EXPERIMENT RESULTS,1113580,C,1,1314.0098188579693,1.0,0,1,mouse
SYNTHETIC DEMONSTRATION ONLY - NOT HUMAN EXPERIMENT RESULTS,1113600,C,1,1313.8888044275045,1.0,0,1,mouse
SYNTHETIC DEMONSTRATION ONLY - NOT HUMAN EXPERIMENT RESULTS,1113620,C,1,1313.7675926063862,1.0,0,1,mouse
SYNTHETIC DEMONSTRATION ONLY - NOT HUMAN EXPERIMENT RESULTS,1113640,C,1,1313.6461851173021,1.0,0,1,mouse
SYNTHETIC DEMONSTRATION ONLY - NOT HUMAN EXPERIMENT RESULTS,1113660,C,1,1313.5245836857218,1.0,0,1,mouse
SYNTHETIC DEMONSTRATION ONLY - NOT HUMAN EXPERIMENT RESULTS,1113680,C,1,1313.4027900398705,1.0,0,1,mouse
SYNTHETIC DEMONSTRATION ONLY - NOT HUMAN EXPERIMENT RESULTS,1113700,C,1,1313.2808059107056,1.0,0,1,mouse
SYNTHETIC DEMONSTRATION ONLY - NOT HUMAN EXPERIMENT RESULTS,1113720,C,1,1313.1586330318914,1.0,0,1,mouse
SYNTHETIC DEMONSTRATION ONLY - NOT HUMAN EXPERIMENT RESULTS,1113740,C,1,1313.0362731397752,1.0,0,1,mouse
SYNTHETIC DEMONSTRATION ONLY - NOT HUMAN EXPERIMENT RESULTS,1113760,C,1,1312.913727973362,1.0,0,1,mouse
SYNTHETIC DEMONSTRATION ONLY - NOT HUMAN EXPERIMENT RESULTS,1113780,C,1,1312.7909992742896,1.0,0,1,mouse
SYNTHETIC DEMONSTRATION ONLY - NOT HUMAN EXPERIMENT RESULTS,1113800,C,1,1312.6680887868047,1.0,0,1,mouse
SYNTHETIC DEMONSTRATION ONLY - NOT HUMAN EXPERIMENT RESULTS,1113820,C,1,1312.5449982577368,1.0,0,1,mouse
SYNTHETIC DEMONSTRATION ONLY - NOT HUMAN EXPERIMENT RESULTS,1113840,C,1,1312.4217294364757,1.0,0,1,mouse
SYNTHETIC DEMONSTRATION ONLY - NOT HUMAN EXPERIMENT RESULTS,1113860,C,1,1312.2982840749435,1.0,0,1,mouse
SYNTHETIC DEMONSTRATION ONLY - NOT HUMAN EXPERIMENT RESULTS,1113880,C,1,1312.1746639275725,1.0,0,1,mouse
SYNTHETIC DEMONSTRATION ONLY - NOT HUMAN EXPERIMENT RESULTS,1113900,C,1,1312.0508707512781,1.0,0,1,mouse
SYNTHETIC DEMONSTRATION ONLY - NOT HUMAN EXPERIMENT RESULTS,1113920,C,1,1311.9269063054358,1.0,0,1,mouse
SYNTHETIC DEMONSTRATION ONLY - NOT HUMAN EXPERIMENT RESULTS,1113940,C,1,1311.8027723518546,1.0,0,1,mouse
SYNTHETIC DEMONSTRATION ONLY - NOT HUMAN EXPERIMENT RESULTS,1113960,C,1,1311.6784706547528,1.0,0,1,mouse
SYNTHETIC DEMONSTRATION ONLY - NOT HUMAN EXPERIMENT RESULTS,1113980,C,1,1311.5540029807328,1.0,0,1,mouse
SYNTHETIC DEMONSTRATION ONLY - NOT HUMAN EXPERIMENT RESULTS,1114000,C,1,1311.4293710987554,1.0,0,1,mouse
SYNTHETIC DEMONSTRATION ONLY - NOT HUMAN EXPERIMENT RESULTS,1114020,C,1,1311.304576780116,1.0,0,1,mouse
SYNTHETIC DEMONSTRATION ONLY - NOT HUMAN EXPERIMENT RESULTS,1114040,C,1,1311.1796217984174,1.0,0,1,mouse
SYNTHETIC DEMONSTRATION ONLY - NOT HUMAN EXPERIMENT RESULTS,1114060,C,1,1311.054507929547,1.0,0,1,mouse
SYNTHETIC DEMONSTRATION ONLY - NOT HUMAN EXPERIMENT RESULTS,1114080,C,1,1310.92923695165,1.0,0,1,mouse
SYNTHETIC DEMONSTRATION ONLY - NOT HUMAN EXPERIMENT RESULTS,1114100,C,1,1310.8038106451036,1.0,0,1,mouse
SYNTHETIC DEMONSTRATION ONLY - NOT HUMAN EXPERIMENT RESULTS,1114120,C,1,1310.6782307924939,1.0,0,1,mouse
SYNTHETIC DEMONSTRATION ONLY - NOT HUMAN EXPERIMENT RESULTS,1114140,C,1,1310.5524991785883,1.0,0,1,mouse
SYNTHETIC DEMONSTRATION ONLY - NOT HUMAN EXPERIMENT RESULTS,1114160,C,1,1310.4266175903113,1.0,0,1,mouse
SYNTHETIC DEMONSTRATION ONLY - NOT HUMAN EXPERIMENT RESULTS,1114180,C,1,1310.300587816719,1.0,0,1,mouse
SYNTHETIC DEMONSTRATION ONLY - NOT HUMAN EXPERIMENT RESULTS,1114200,C,1,1310.1744116489733,1.0,0,1,mouse
SYNTHETIC DEMONSTRATION ONLY - NOT HUMAN EXPERIMENT RESULTS,1114220,C,1,1310.0480908803172,1.0,0,1,mouse
SYNTHETIC DEMONSTRATION ONLY - NOT HUMAN EXPERIMENT RESULTS,1114240,C,1,1309.9216273060479,1.0,0,1,mouse
SYNTHETIC DEMONSTRATION ONLY - NOT HUMAN EXPERIMENT RESULTS,1114260,C,1,1309.795022723493,1.0,0,1,mouse
SYNTHETIC DEMONSTRATION ONLY - NOT HUMAN EXPERIMENT RESULTS,1114280,C,1,1309.668278931984,1.0,0,1,mouse
SYNTHETIC DEMONSTRATION ONLY - NOT HUMAN EXPERIMENT RESULTS,1114300,C,1,1309.5413977328308,1.0,0,1,mouse
SYNTHETIC DEMONSTRATION ONLY - NOT HUMAN EXPERIMENT RESULTS,1114320,C,1,1309.4143809292957,1.0,0,1,mouse
SYNTHETIC DEMONSTRATION ONLY - NOT HUMAN EXPERIMENT RESULTS,1114340,C,1,1309.2872303265688,1.0,0,1,mouse
SYNTHETIC DEMONSTRATION ONLY - NOT HUMAN EXPERIMENT RESULTS,1114360,C,1,1309.1599477317416,1.0,0,1,mouse
SYNTHETIC DEMONSTRATION ONLY - NOT HUMAN EXPERIMENT RESULTS,1114380,C,1,1309.0325349537816,1.0,0,1,mouse
SYNTHETIC DEMONSTRATION ONLY - NOT HUMAN EXPERIMENT RESULTS,1114400,C,1,1308.9049938035064,1.0,0,1,mouse
SYNTHETIC DEMONSTRATION ONLY - NOT HUMAN EXPERIMENT RESULTS,1114420,C,1,1308.7773260935578,1.0,0,1,mouse
SYNTHETIC DEMONSTRATION ONLY - NOT HUMAN EXPERIMENT RESULTS,1114440,C,1,1308.6495336383769,1.0,0,1,mouse
SYNTHETIC DEMONSTRATION ONLY - NOT HUMAN EXPERIMENT RESULTS,1114460,C,1,1308.5216182541772,1.0,0,1,mouse
SYNTHETIC DEMONSTRATION ONLY - NOT HUMAN EXPERIMENT RESULTS,1114480,C,1,1308.3935817589195,1.0,0,1,mouse
SYNTHETIC DEMONSTRATION ONLY - NOT HUMAN EXPERIMENT RESULTS,1114500,C,1,1308.2654259722856,1.0,0,1,mouse
SYNTHETIC DEMONSTRATION ONLY - NOT HUMAN EXPERIMENT RESULTS,1114520,C,1,1308.137152715653,1.0,0,1,mouse
SYNTHETIC DEMONSTRATION ONLY - NOT HUMAN EXPERIMENT RESULTS,1114540,C,1,1308.008763812069,1.0,0,1,mouse
SYNTHETIC DEMONSTRATION ONLY - NOT HUMAN EXPERIMENT RESULTS,1114560,C,1,1307.8802610862235,1.0,0,1,mouse
SYNTHETIC DEMONSTRATION ONLY - NOT HUMAN EXPERIMENT RESULTS,1114580,C,1,1307.7516463644251,1.0,0,1,mouse
SYNTHETIC DEMONSTRATION ONLY - NOT HUMAN EXPERIMENT RESULTS,1114600,C,1,1307.6229214745736,1.0,0,1,mouse
SYNTHETIC DEMONSTRATION ONLY - NOT HUMAN EXPERIMENT RESULTS,1114620,C,1,1307.4940882461347,1.0,0,1,mouse
SYNTHETIC DEMONSTRATION ONLY - NOT HUMAN EXPERIMENT RESULTS,1114640,C,1,1307.3651485101134,1.0,0,1,mouse
SYNTHETIC DEMONSTRATION ONLY - NOT HUMAN EXPERIMENT RESULTS,1114660,C,1,1307.236104099029,1.0,0,1,mouse
SYNTHETIC DEMONSTRATION ONLY - NOT HUMAN EXPERIMENT RESULTS,1114680,C,1,1307.1069568468881,1.0,0,1,mouse
SYNTHETIC DEMONSTRATION ONLY - NOT HUMAN EXPERIMENT RESULTS,1114700,C,1,1306.9777085891592,1.0,0,1,mouse
SYNTHETIC DEMONSTRATION ONLY - NOT HUMAN EXPERIMENT RESULTS,1114720,C,1,1306.8483611627462,1.0,0,1,mouse
SYNTHETIC DEMONSTRATION ONLY - NOT HUMAN EXPERIMENT RESULTS,1114740,C,1,1306.718916405962,1.0,0,1,mouse
SYNTHETIC DEMONSTRATION ONLY - NOT HUMAN EXPERIMENT RESULTS,1114760,C,1,1306.5893761585035,1.0,0,1,mouse
SYNTHETIC DEMONSTRATION ONLY - NOT HUMAN EXPERIMENT RESULTS,1114780,C,1,1306.459742261424,1.0,0,1,mouse
SYNTHETIC DEMONSTRATION ONLY - NOT HUMAN EXPERIMENT RESULTS,1114800,C,1,1306.3300165571084,1.0,0,1,mouse
SYNTHETIC DEMONSTRATION ONLY - NOT HUMAN EXPERIMENT RESULTS,1114820,C,1,1306.200200889246,1.0,0,1,mouse
SYNTHETIC DEMONSTRATION ONLY - NOT HUMAN EXPERIMENT RESULTS,1114840,C,1,1306.0702971028047,1.0,0,1,mouse
SYNTHETIC DEMONSTRATION ONLY - NOT HUMAN EXPERIMENT RESULTS,1114860,C,1,1305.9403070440048,1.0,0,1,mouse
SYNTHETIC DEMONSTRATION ONLY - NOT HUMAN EXPERIMENT RESULTS,1114880,C,1,1305.8102325602933,1.0,0,1,mouse
SYNTHETIC DEMONSTRATION ONLY - NOT HUMAN EXPERIMENT RESULTS,1114900,C,1,1305.6800755003158,1.0,0,1,mouse
SYNTHETIC DEMONSTRATION ONLY - NOT HUMAN EXPERIMENT RESULTS,1114920,C,1,1305.5498377138927,1.0,0,1,mouse
SYNTHETIC DEMONSTRATION ONLY - NOT HUMAN EXPERIMENT RESULTS,1114940,C,1,1305.419521051991,1.0,0,1,mouse
SYNTHETIC DEMONSTRATION ONLY - NOT HUMAN EXPERIMENT RESULTS,1114960,C,1,1305.2891273666992,1.0,0,1,mouse
SYNTHETIC DEMONSTRATION ONLY - NOT HUMAN EXPERIMENT RESULTS,1114980,C,1,1305.1586585111997,1.0,0,1,mouse
SYNTHETIC DEMONSTRATION ONLY - NOT HUMAN EXPERIMENT RESULTS,1115000,C,1,1305.0281163397444,1.0,0,1,mouse
SYNTHETIC DEMONSTRATION ONLY - NOT HUMAN EXPERIMENT RESULTS,1115020,C,1,1304.897502707626,1.0,0,1,mouse
SYNTHETIC DEMONSTRATION ONLY - NOT HUMAN EXPERIMENT RESULTS,1115040,C,1,1304.7668194711532,1.0,0,1,mouse
SYNTHETIC DEMONSTRATION ONLY - NOT HUMAN EXPERIMENT RESULTS,1115060,C,1,1304.6360684876247,1.0,0,1,mouse
SYNTHETIC DEMONSTRATION ONLY - NOT HUMAN EXPERIMENT RESULTS,1115080,C,1,1304.505251615301,1.0,0,1,mouse
SYNTHETIC DEMONSTRATION ONLY - NOT HUMAN EXPERIMENT RESULTS,1115100,C,1,1304.3743707133792,1.0,0,1,mouse
SYNTHETIC DEMONSTRATION ONLY - NOT HUMAN EXPERIMENT RESULTS,1115120,C,1,1304.2434276419672,1.0,0,1,mouse
SYNTHETIC DEMONSTRATION ONLY - NOT HUMAN EXPERIMENT RESULTS,1115140,C,1,1304.1124242620554,1.0,0,1,mouse
SYNTHETIC DEMONSTRATION ONLY - NOT HUMAN EXPERIMENT RESULTS,1115160,C,1,1303.981362435492,1.0,0,1,mouse
SYNTHETIC DEMONSTRATION ONLY - NOT HUMAN EXPERIMENT RESULTS,1115180,C,1,1303.8502440249554,1.0,0,1,mouse
SYNTHETIC DEMONSTRATION ONLY - NOT HUMAN EXPERIMENT RESULTS,1115200,C,1,1303.719070893929,1.0,0,1,mouse
SYNTHETIC DEMONSTRATION ONLY - NOT HUMAN EXPERIMENT RESULTS,1115220,C,1,1303.587844906673,1.0,0,1,mouse
SYNTHETIC DEMONSTRATION ONLY - NOT HUMAN EXPERIMENT RESULTS,1115240,C,1,1303.4565679281989,1.0,0,1,mouse
SYNTHETIC DEMONSTRATION ONLY - NOT HUMAN EXPERIMENT RESULTS,1115260,C,1,1303.3252418242434,1.0,0,1,mouse
SYNTHETIC DEMONSTRATION ONLY - NOT HUMAN EXPERIMENT RESULTS,1115280,C,1,1303.1938684612414,1.0,0,1,mouse
SYNTHETIC DEMONSTRATION ONLY - NOT HUMAN EXPERIMENT RESULTS,1115300,C,1,1303.0624497062988,1.0,0,1,mouse
SYNTHETIC DEMONSTRATION ONLY - NOT HUMAN EXPERIMENT RESULTS,1115320,C,1,1302.930987427167,1.0,0,1,mouse
SYNTHETIC DEMONSTRATION ONLY - NOT HUMAN EXPERIMENT RESULTS,1115340,C,1,1302.7994834922163,1.0,0,1,mouse
SYNTHETIC DEMONSTRATION ONLY - NOT HUMAN EXPERIMENT RESULTS,1115360,C,1,1302.6679397704083,1.0,0,1,mouse
SYNTHETIC DEMONSTRATION ONLY - NOT HUMAN EXPERIMENT RESULTS,1115380,C,1,1302.5363581312708,1.0,0,1,mouse
SYNTHETIC DEMONSTRATION ONLY - NOT HUMAN EXPERIMENT RESULTS,1115400,C,1,1302.40474044487,1.0,0,1,mouse
SYNTHETIC DEMONSTRATION ONLY - NOT HUMAN EXPERIMENT RESULTS,1115420,C,1,1302.2730885817846,1.0,0,1,mouse
SYNTHETIC DEMONSTRATION ONLY - NOT HUMAN EXPERIMENT RESULTS,1115440,C,1,1302.141404413079,1.0,0,1,mouse
SYNTHETIC DEMONSTRATION ONLY - NOT HUMAN EXPERIMENT RESULTS,1115460,C,1,1302.0096898102765,1.0,0,1,mouse
SYNTHETIC DEMONSTRATION ONLY - NOT HUMAN EXPERIMENT RESULTS,1115480,C,1,1301.8779466453336,1.0,0,1,mouse
SYNTHETIC DEMONSTRATION ONLY - NOT HUMAN EXPERIMENT RESULTS,1115500,C,1,1301.7461767906118,1.0,0,1,mouse
SYNTHETIC DEMONSTRATION ONLY - NOT HUMAN EXPERIMENT RESULTS,1115520,C,1,1301.6143821188527,1.0,0,1,mouse
SYNTHETIC DEMONSTRATION ONLY - NOT HUMAN EXPERIMENT RESULTS,1115540,C,1,1301.4825645031503,1.0,0,1,mouse
SYNTHETIC DEMONSTRATION ONLY - NOT HUMAN EXPERIMENT RESULTS,1115560,C,1,1301.3507258169245,1.0,0,1,mouse
SYNTHETIC DEMONSTRATION ONLY - NOT HUMAN EXPERIMENT RESULTS,1115580,C,1,1301.2188679338954,1.0,0,1,mouse
SYNTHETIC DEMONSTRATION ONLY - NOT HUMAN EXPERIMENT RESULTS,1115600,C,1,1301.0869927280544,1.0,0,1,mouse
SYNTHETIC DEMONSTRATION ONLY - NOT HUMAN EXPERIMENT RESULTS,1115620,C,1,1300.955102073641,1.0,0,1,mouse
SYNTHETIC DEMONSTRATION ONLY - NOT HUMAN EXPERIMENT RESULTS,1115640,C,1,1300.823197845113,1.0,0,1,mouse
SYNTHETIC DEMONSTRATION ONLY - NOT HUMAN EXPERIMENT RESULTS,1115660,C,1,1300.6912819171216,1.0,0,1,mouse
SYNTHETIC DEMONSTRATION ONLY - NOT HUMAN EXPERIMENT RESULTS,1115680,C,1,1300.5593561644837,1.0,0,1,mouse
SYNTHETIC DEMONSTRATION ONLY - NOT HUMAN EXPERIMENT RESULTS,1115700,C,1,1300.4274224621568,1.0,0,1,mouse
SYNTHETIC DEMONSTRATION ONLY - NOT HUMAN EXPERIMENT RESULTS,1115720,C,1,1300.2954826852106,1.0,0,1,mouse
SYNTHETIC DEMONSTRATION ONLY - NOT HUMAN EXPERIMENT RESULTS,1115740,C,1,1300.1635387088013,1.0,0,1,mouse
SYNTHETIC DEMONSTRATION ONLY - NOT HUMAN EXPERIMENT RESULTS,1115760,C,1,1300.031592408145,1.0,0,1,mouse
SYNTHETIC DEMONSTRATION ONLY - NOT HUMAN EXPERIMENT RESULTS,1115780,C,1,1299.8996456584905,1.0,0,1,mouse
SYNTHETIC DEMONSTRATION ONLY - NOT HUMAN EXPERIMENT RESULTS,1115800,C,1,1299.7677003350934,1.0,0,1,mouse
SYNTHETIC DEMONSTRATION ONLY - NOT HUMAN EXPERIMENT RESULTS,1115820,C,1,1299.635758313189,1.0,0,1,mouse
SYNTHETIC DEMONSTRATION ONLY - NOT HUMAN EXPERIMENT RESULTS,1115840,C,1,1299.5038214679648,1.0,0,1,mouse
SYNTHETIC DEMONSTRATION ONLY - NOT HUMAN EXPERIMENT RESULTS,1115860,C,1,1299.371891674536,1.0,0,1,mouse
SYNTHETIC DEMONSTRATION ONLY - NOT HUMAN EXPERIMENT RESULTS,1115880,C,1,1299.239970807917,1.0,0,1,mouse
SYNTHETIC DEMONSTRATION ONLY - NOT HUMAN EXPERIMENT RESULTS,1115900,C,1,1299.1080607429951,1.0,0,1,mouse
SYNTHETIC DEMONSTRATION ONLY - NOT HUMAN EXPERIMENT RESULTS,1115920,C,1,1298.9761633545043,1.0,0,1,mouse
SYNTHETIC DEMONSTRATION ONLY - NOT HUMAN EXPERIMENT RESULTS,1115940,C,1,1298.8442805169982,1.0,0,1,mouse
SYNTHETIC DEMONSTRATION ONLY - NOT HUMAN EXPERIMENT RESULTS,1115960,C,1,1298.7124141048246,1.0,0,1,mouse
SYNTHETIC DEMONSTRATION ONLY - NOT HUMAN EXPERIMENT RESULTS,1115980,C,1,1298.5805659920964,1.0,0,1,mouse
SYNTHETIC DEMONSTRATION ONLY - NOT HUMAN EXPERIMENT RESULTS,1116000,C,1,1298.4487380526675,1.0,0,1,mouse
SYNTHETIC DEMONSTRATION ONLY - NOT HUMAN EXPERIMENT RESULTS,1116020,C,1,1298.3169321601044,1.0,0,1,mouse
SYNTHETIC DEMONSTRATION ONLY - NOT HUMAN EXPERIMENT RESULTS,1116040,C,1,1298.185150187661,1.0,0,1,mouse
SYNTHETIC DEMONSTRATION ONLY - NOT HUMAN EXPERIMENT RESULTS,1116060,C,1,1298.0533940082505,1.0,0,1,mouse
SYNTHETIC DEMONSTRATION ONLY - NOT HUMAN EXPERIMENT RESULTS,1116080,C,1,1297.92166549442,1.0,0,1,mouse
SYNTHETIC DEMONSTRATION ONLY - NOT HUMAN EXPERIMENT RESULTS,1116100,C,1,1297.7899665183231,1.0,0,1,mouse
SYNTHETIC DEMONSTRATION ONLY - NOT HUMAN EXPERIMENT RESULTS,1116120,C,1,1297.6582989516942,1.0,0,1,mouse
SYNTHETIC DEMONSTRATION ONLY - NOT HUMAN EXPERIMENT RESULTS,1116140,C,1,1297.5266646658204,1.0,0,1,mouse
SYNTHETIC DEMONSTRATION ONLY - NOT HUMAN EXPERIMENT RESULTS,1116160,C,1,1297.3950655315164,1.0,0,1,mouse
SYNTHETIC DEMONSTRATION ONLY - NOT HUMAN EXPERIMENT RESULTS,1116180,C,1,1297.263503419097,1.0,0,1,mouse
SYNTHETIC DEMONSTRATION ONLY - NOT HUMAN EXPERIMENT RESULTS,1116200,C,1,1297.1319801983518,1.0,0,1,mouse
SYNTHETIC DEMONSTRATION ONLY - NOT HUMAN EXPERIMENT RESULTS,1116220,C,1,1297.000497738516,1.0,0,1,mouse
SYNTHETIC DEMONSTRATION ONLY - NOT HUMAN EXPERIMENT RESULTS,1116240,C,1,1296.8690579082468,1.0,0,1,mouse
SYNTHETIC DEMONSTRATION ONLY - NOT HUMAN EXPERIMENT RESULTS,1116260,C,1,1296.737662575595,1.0,0,1,mouse
SYNTHETIC DEMONSTRATION ONLY - NOT HUMAN EXPERIMENT RESULTS,1116280,C,1,1296.6063136079795,1.0,0,1,mouse
SYNTHETIC DEMONSTRATION ONLY - NOT HUMAN EXPERIMENT RESULTS,1116300,C,1,1296.4750128721594,1.0,0,1,mouse
SYNTHETIC DEMONSTRATION ONLY - NOT HUMAN EXPERIMENT RESULTS,1116320,C,1,1296.343762234209,1.0,0,1,mouse
SYNTHETIC DEMONSTRATION ONLY - NOT HUMAN EXPERIMENT RESULTS,1116340,C,1,1296.2125635594903,1.0,0,1,mouse
SYNTHETIC DEMONSTRATION ONLY - NOT HUMAN EXPERIMENT RESULTS,1116360,C,1,1296.0814187126268,1.0,0,1,mouse
SYNTHETIC DEMONSTRATION ONLY - NOT HUMAN EXPERIMENT RESULTS,1116380,C,1,1295.9503295574775,1.0,0,1,mouse
SYNTHETIC DEMONSTRATION ONLY - NOT HUMAN EXPERIMENT RESULTS,1116400,C,1,1295.8192979571088,1.0,0,1,mouse
SYNTHETIC DEMONSTRATION ONLY - NOT HUMAN EXPERIMENT RESULTS,1116420,C,1,1295.6883257737704,1.0,0,1,mouse
SYNTHETIC DEMONSTRATION ONLY - NOT HUMAN EXPERIMENT RESULTS,1116440,C,1,1295.5574148688665,1.0,0,1,mouse
SYNTHETIC DEMONSTRATION ONLY - NOT HUMAN EXPERIMENT RESULTS,1116460,C,1,1295.4265671029311,1.0,0,1,mouse
SYNTHETIC DEMONSTRATION ONLY - NOT HUMAN EXPERIMENT RESULTS,1116480,C,1,1295.2957843356005,1.0,0,1,mouse
SYNTHETIC DEMONSTRATION ONLY - NOT HUMAN EXPERIMENT RESULTS,1116500,C,1,1295.1650684255874,1.0,0,1,mouse
SYNTHETIC DEMONSTRATION ONLY - NOT HUMAN EXPERIMENT RESULTS,1116520,C,1,1295.0344212306538,1.0,0,1,mouse
SYNTHETIC DEMONSTRATION ONLY - NOT HUMAN EXPERIMENT RESULTS,1116540,C,1,1294.903844607586,1.0,0,1,mouse
SYNTHETIC DEMONSTRATION ONLY - NOT HUMAN EXPERIMENT RESULTS,1116560,C,1,1294.7733404121668,1.0,0,1,mouse
SYNTHETIC DEMONSTRATION ONLY - NOT HUMAN EXPERIMENT RESULTS,1116580,C,1,1294.6429104991496,1.0,0,1,mouse
SYNTHETIC DEMONSTRATION ONLY - NOT HUMAN EXPERIMENT RESULTS,1116600,C,1,1294.512556722232,1.0,0,1,mouse
SYNTHETIC DEMONSTRATION ONLY - NOT HUMAN EXPERIMENT RESULTS,1116620,C,1,1294.38228093403,1.0,0,1,mouse
SYNTHETIC DEMONSTRATION ONLY - NOT HUMAN EXPERIMENT RESULTS,1116640,C,1,1294.2520849860507,1.0,0,1,mouse
SYNTHETIC DEMONSTRATION ONLY - NOT HUMAN EXPERIMENT RESULTS,1116660,C,1,1294.1219707286668,1.0,0,1,mouse
SYNTHETIC DEMONSTRATION ONLY - NOT HUMAN EXPERIMENT RESULTS,1116680,C,1,1293.9919400110898,1.0,0,1,mouse
SYNTHETIC DEMONSTRATION ONLY - NOT HUMAN EXPERIMENT RESULTS,1116700,C,1,1293.8619946813442,1.0,0,1,mouse
SYNTHETIC DEMONSTRATION ONLY - NOT HUMAN EXPERIMENT RESULTS,1116720,C,1,1293.7321365862406,1.0,0,1,mouse
SYNTHETIC DEMONSTRATION ONLY - NOT HUMAN EXPERIMENT RESULTS,1116740,C,1,1293.6023675713502,1.0,0,1,mouse
SYNTHETIC DEMONSTRATION ONLY - NOT HUMAN EXPERIMENT RESULTS,1116760,C,1,1293.4726894809778,1.0,0,1,mouse
SYNTHETIC DEMONSTRATION ONLY - NOT HUMAN EXPERIMENT RESULTS,1116780,C,1,1293.343104158136,1.0,0,1,mouse
SYNTHETIC DEMONSTRATION ONLY - NOT HUMAN EXPERIMENT RESULTS,1116800,C,1,1293.2136134445193,1.0,0,1,mouse
SYNTHETIC DEMONSTRATION ONLY - NOT HUMAN EXPERIMENT RESULTS,1116820,C,1,1293.084219180477,1.0,0,1,mouse
SYNTHETIC DEMONSTRATION ONLY - NOT HUMAN EXPERIMENT RESULTS,1116840,C,1,1292.9549232049885,1.0,0,1,mouse
SYNTHETIC DEMONSTRATION ONLY - NOT HUMAN EXPERIMENT RESULTS,1116860,C,1,1292.8257273556358,1.0,0,1,mouse
SYNTHETIC DEMONSTRATION ONLY - NOT HUMAN EXPERIMENT RESULTS,1116880,C,1,1292.6966334685774,1.0,0,1,mouse
SYNTHETIC DEMONSTRATION ONLY - NOT HUMAN EXPERIMENT RESULTS,1116900,C,1,1292.5676433785234,1.0,0,1,mouse
SYNTHETIC DEMONSTRATION ONLY - NOT HUMAN EXPERIMENT RESULTS,1116920,C,1,1292.4387589187086,1.0,0,1,mouse
SYNTHETIC DEMONSTRATION ONLY - NOT HUMAN EXPERIMENT RESULTS,1116940,C,1,1292.3099819208664,1.0,0,1,mouse
SYNTHETIC DEMONSTRATION ONLY - NOT HUMAN EXPERIMENT RESULTS,1116960,C,1,1292.181314215203,1.0,0,1,mouse
SYNTHETIC DEMONSTRATION ONLY - NOT HUMAN EXPERIMENT RESULTS,1116980,C,1,1292.0527576303712,1.0,0,1,mouse
SYNTHETIC DEMONSTRATION ONLY - NOT HUMAN EXPERIMENT RESULTS,1117000,C,1,1291.924313993445,1.0,0,1,mouse
SYNTHETIC DEMONSTRATION ONLY - NOT HUMAN EXPERIMENT RESULTS,1117020,C,1,1291.7959851298924,1.0,0,1,mouse
SYNTHETIC DEMONSTRATION ONLY - NOT HUMAN EXPERIMENT RESULTS,1117040,C,1,1291.6677728635507,1.0,0,1,mouse
SYNTHETIC DEMONSTRATION ONLY - NOT HUMAN EXPERIMENT RESULTS,1117060,C,1,1291.5396790166,1.0,0,1,mouse
SYNTHETIC DEMONSTRATION ONLY - NOT HUMAN EXPERIMENT RESULTS,1117080,C,1,1291.4117054095375,1.0,0,1,mouse
SYNTHETIC DEMONSTRATION ONLY - NOT HUMAN EXPERIMENT RESULTS,1117100,C,1,1291.2838538611513,1.0,0,1,mouse
SYNTHETIC DEMONSTRATION ONLY - NOT HUMAN EXPERIMENT RESULTS,1117120,C,1,1291.1561261884951,1.0,0,1,mouse
SYNTHETIC DEMONSTRATION ONLY - NOT HUMAN EXPERIMENT RESULTS,1117140,C,1,1291.0285242068617,1.0,0,1,mouse
SYNTHETIC DEMONSTRATION ONLY - NOT HUMAN EXPERIMENT RESULTS,1117160,C,1,1290.9010497297577,1.0,0,1,mouse
SYNTHETIC DEMONSTRATION ONLY - NOT HUMAN EXPERIMENT RESULTS,1117180,C,1,1290.7737045688775,1.0,0,1,mouse
SYNTHETIC DEMONSTRATION ONLY - NOT HUMAN EXPERIMENT RESULTS,1117200,C,1,1290.6464905340779,1.0,0,1,mouse
SYNTHETIC DEMONSTRATION ONLY - NOT HUMAN EXPERIMENT RESULTS,1117220,C,1,1290.519409433352,1.0,0,1,mouse
SYNTHETIC DEMONSTRATION ONLY - NOT HUMAN EXPERIMENT RESULTS,1117240,C,1,1290.3924630728034,1.0,0,1,mouse
SYNTHETIC DEMONSTRATION ONLY - NOT HUMAN EXPERIMENT RESULTS,1117260,C,1,1290.2656532566207,1.0,0,1,mouse
SYNTHETIC DEMONSTRATION ONLY - NOT HUMAN EXPERIMENT RESULTS,1117280,C,1,1290.1389817870522,1.0,0,1,mouse
SYNTHETIC DEMONSTRATION ONLY - NOT HUMAN EXPERIMENT RESULTS,1117300,C,1,1290.01245046438,1.0,0,1,mouse
SYNTHETIC DEMONSTRATION ONLY - NOT HUMAN EXPERIMENT RESULTS,1117320,C,1,1289.8860610868942,1.0,0,1,mouse
SYNTHETIC DEMONSTRATION ONLY - NOT HUMAN EXPERIMENT RESULTS,1117340,C,1,1289.7598154508678,1.0,0,1,mouse
SYNTHETIC DEMONSTRATION ONLY - NOT HUMAN EXPERIMENT RESULTS,1117360,C,1,1289.6337153505303,1.0,0,1,mouse
SYNTHETIC DEMONSTRATION ONLY - NOT HUMAN EXPERIMENT RESULTS,1117380,C,1,1289.5077625780434,1.0,0,1,mouse
SYNTHETIC DEMONSTRATION ONLY - NOT HUMAN EXPERIMENT RESULTS,1117400,C,1,1289.3819589234752,1.0,0,1,mouse
SYNTHETIC DEMONSTRATION ONLY - NOT HUMAN EXPERIMENT RESULTS,1117420,C,1,1289.2563061747737,1.0,0,1,mouse
SYNTHETIC DEMONSTRATION ONLY - NOT HUMAN EXPERIMENT RESULTS,1117440,C,1,1289.1308061177426,1.0,0,1,mouse
SYNTHETIC DEMONSTRATION ONLY - NOT HUMAN EXPERIMENT RESULTS,1117460,C,1,1289.0054605360156,1.0,0,1,mouse
SYNTHETIC DEMONSTRATION ONLY - NOT HUMAN EXPERIMENT RESULTS,1117480,C,1,1288.8802712110307,1.0,0,1,mouse
SYNTHETIC DEMONSTRATION ONLY - NOT HUMAN EXPERIMENT RESULTS,1117500,C,1,1288.7552399220058,1.0,0,1,mouse
SYNTHETIC DEMONSTRATION ONLY - NOT HUMAN EXPERIMENT RESULTS,1117520,C,1,1288.6303684459117,1.0,0,1,mouse
SYNTHETIC DEMONSTRATION ONLY - NOT HUMAN EXPERIMENT RESULTS,1117540,C,1,1288.5056585574487,1.0,0,1,mouse
SYNTHETIC DEMONSTRATION ONLY - NOT HUMAN EXPERIMENT RESULTS,1117560,C,1,1288.3811120290206,1.0,0,1,mouse
SYNTHETIC DEMONSTRATION ONLY - NOT HUMAN EXPERIMENT RESULTS,1117580,C,1,1288.256730630709,1.0,0,1,mouse
SYNTHETIC DEMONSTRATION ONLY - NOT HUMAN EXPERIMENT RESULTS,1117600,C,1,1288.1325161302486,1.0,0,1,mouse
SYNTHETIC DEMONSTRATION ONLY - NOT HUMAN EXPERIMENT RESULTS,1117620,C,1,1288.008470293003,1.0,0,1,mouse
SYNTHETIC DEMONSTRATION ONLY - NOT HUMAN EXPERIMENT RESULTS,1117640,C,1,1287.884594881938,1.0,0,1,mouse
SYNTHETIC DEMONSTRATION ONLY - NOT HUMAN EXPERIMENT RESULTS,1117660,C,1,1287.760891657597,1.0,0,1,mouse
SYNTHETIC DEMONSTRATION ONLY - NOT HUMAN EXPERIMENT RESULTS,1117680,C,1,1287.637362378077,1.0,0,1,mouse
SYNTHETIC DEMONSTRATION ONLY - NOT HUMAN EXPERIMENT RESULTS,1117700,C,1,1287.514008799002,1.0,0,1,mouse
SYNTHETIC DEMONSTRATION ONLY - NOT HUMAN EXPERIMENT RESULTS,1117720,C,1,1287.3908326735004,1.0,0,1,mouse
SYNTHETIC DEMONSTRATION ONLY - NOT HUMAN EXPERIMENT RESULTS,1117740,C,1,1287.2678357521766,1.0,0,1,mouse
SYNTHETIC DEMONSTRATION ONLY - NOT HUMAN EXPERIMENT RESULTS,1117760,C,1,1287.1450197830895,1.0,0,1,mouse
SYNTHETIC DEMONSTRATION ONLY - NOT HUMAN EXPERIMENT RESULTS,1117780,C,1,1287.022386511726,1.0,0,1,mouse
SYNTHETIC DEMONSTRATION ONLY - NOT HUMAN EXPERIMENT RESULTS,1117800,C,1,1286.8999376809759,1.0,0,1,mouse
SYNTHETIC DEMONSTRATION ONLY - NOT HUMAN EXPERIMENT RESULTS,1117820,C,1,1286.7776750311086,1.0,0,1,mouse
SYNTHETIC DEMONSTRATION ONLY - NOT HUMAN EXPERIMENT RESULTS,1117840,C,1,1286.6556002997468,1.0,0,1,mouse
SYNTHETIC DEMONSTRATION ONLY - NOT HUMAN EXPERIMENT RESULTS,1117860,C,1,1286.5337152218426,1.0,0,1,mouse
SYNTHETIC DEMONSTRATION ONLY - NOT HUMAN EXPERIMENT RESULTS,1117880,C,1,1286.4120215296527,1.0,0,1,mouse
SYNTHETIC DEMONSTRATION ONLY - NOT HUMAN EXPERIMENT RESULTS,1117900,C,1,1286.2905209527141,1.0,0,1,mouse
SYNTHETIC DEMONSTRATION ONLY - NOT HUMAN EXPERIMENT RESULTS,1117920,C,1,1286.1692152178186,1.0,0,1,mouse
SYNTHETIC DEMONSTRATION ONLY - NOT HUMAN EXPERIMENT RESULTS,1117940,C,1,1286.0481060489894,1.0,0,1,mouse
SYNTHETIC DEMONSTRATION ONLY - NOT HUMAN EXPERIMENT RESULTS,1117960,C,1,1285.927195167456,1.0,0,1,mouse
SYNTHETIC DEMONSTRATION ONLY - NOT HUMAN EXPERIMENT RESULTS,1117980,C,1,1285.8064842916294,1.0,0,1,mouse
SYNTHETIC DEMONSTRATION ONLY - NOT HUMAN EXPERIMENT RESULTS,1118000,C,1,1285.6859751370785,1.0,0,1,mouse
SYNTHETIC DEMONSTRATION ONLY - NOT HUMAN EXPERIMENT RESULTS,1118020,C,1,1285.565669416505,1.0,0,1,mouse
SYNTHETIC DEMONSTRATION ONLY - NOT HUMAN EXPERIMENT RESULTS,1118040,C,1,1285.4455688397195,1.0,0,1,mouse
SYNTHETIC DEMONSTRATION ONLY - NOT HUMAN EXPERIMENT RESULTS,1118060,C,1,1285.325675113617,1.0,0,1,mouse
SYNTHETIC DEMONSTRATION ONLY - NOT HUMAN EXPERIMENT RESULTS,1118080,C,1,1285.205989942153,1.0,0,1,mouse
SYNTHETIC DEMONSTRATION ONLY - NOT HUMAN EXPERIMENT RESULTS,1118100,C,1,1285.0865150263187,1.0,0,1,mouse
SYNTHETIC DEMONSTRATION ONLY - NOT HUMAN EXPERIMENT RESULTS,1118120,C,1,1284.9672520641168,1.0,0,1,mouse
SYNTHETIC DEMONSTRATION ONLY - NOT HUMAN EXPERIMENT RESULTS,1118140,C,1,1284.8482027505381,1.0,0,1,mouse
SYNTHETIC DEMONSTRATION ONLY - NOT HUMAN EXPERIMENT RESULTS,1118160,C,1,1284.7293687775368,1.0,0,1,mouse
SYNTHETIC DEMONSTRATION ONLY - NOT HUMAN EXPERIMENT RESULTS,1118180,C,1,1284.610751834007,1.0,0,1,mouse
SYNTHETIC DEMONSTRATION ONLY - NOT HUMAN EXPERIMENT RESULTS,1118200,C,1,1284.4923536057577,1.0,0,1,mouse
SYNTHETIC DEMONSTRATION ONLY - NOT HUMAN EXPERIMENT RESULTS,1118220,C,1,1284.37417577549,1.0,0,1,mouse
SYNTHETIC DEMONSTRATION ONLY - NOT HUMAN EXPERIMENT RESULTS,1118240,C,1,1284.2562200227721,1.0,0,1,mouse
SYNTHETIC DEMONSTRATION ONLY - NOT HUMAN EXPERIMENT RESULTS,1118260,C,1,1284.138488024017,1.0,0,1,mouse
SYNTHETIC DEMONSTRATION ONLY - NOT HUMAN EXPERIMENT RESULTS,1118280,C,1,1284.0209814524565,1.0,0,1,mouse
SYNTHETIC DEMONSTRATION ONLY - NOT HUMAN EXPERIMENT RESULTS,1118300,C,1,1283.9037019781192,1.0,0,1,mouse
SYNTHETIC DEMONSTRATION ONLY - NOT HUMAN EXPERIMENT RESULTS,1118320,C,1,1283.7866512678058,1.0,0,1,mouse
SYNTHETIC DEMONSTRATION ONLY - NOT HUMAN EXPERIMENT RESULTS,1118340,C,1,1283.6698309850665,1.0,0,1,mouse
SYNTHETIC DEMONSTRATION ONLY - NOT HUMAN EXPERIMENT RESULTS,1118360,C,1,1283.5532427901758,1.0,0,1,mouse
SYNTHETIC DEMONSTRATION ONLY - NOT HUMAN EXPERIMENT RESULTS,1118380,C,1,1283.43688834011,1.0,0,1,mouse
SYNTHETIC DEMONSTRATION ONLY - NOT HUMAN EXPERIMENT RESULTS,1118400,C,1,1283.3207692885233,1.0,0,1,mouse
SYNTHETIC DEMONSTRATION ONLY - NOT HUMAN EXPERIMENT RESULTS,1118420,C,1,1283.2048872857247,1.0,0,1,mouse
SYNTHETIC DEMONSTRATION ONLY - NOT HUMAN EXPERIMENT RESULTS,1118440,C,1,1283.089243978654,1.0,0,1,mouse
SYNTHETIC DEMONSTRATION ONLY - NOT HUMAN EXPERIMENT RESULTS,1118460,C,1,1282.973841010858,1.0,0,1,mouse
SYNTHETIC DEMONSTRATION ONLY - NOT HUMAN EXPERIMENT RESULTS,1118480,C,1,1282.858680022469,1.0,0,1,mouse
SYNTHETIC DEMONSTRATION ONLY - NOT HUMAN EXPERIMENT RESULTS,1118500,C,1,1282.7437626501792,1.0,0,1,mouse
SYNTHETIC DEMONSTRATION ONLY - NOT HUMAN EXPERIMENT RESULTS,1118520,C,1,1282.629090527219,1.0,0,1,mouse
SYNTHETIC DEMONSTRATION ONLY - NOT HUMAN EXPERIMENT RESULTS,1118540,C,1,1282.5146652833328,1.0,0,1,mouse
SYNTHETIC DEMONSTRATION ONLY - NOT HUMAN EXPERIMENT RESULTS,1118560,C,1,1282.400488544757,1.0,0,1,mouse
SYNTHETIC DEMONSTRATION ONLY - NOT HUMAN EXPERIMENT RESULTS,1118580,C,1,1282.2865619341956,1.0,0,1,mouse
SYNTHETIC DEMONSTRATION ONLY - NOT HUMAN EXPERIMENT RESULTS,1118600,C,1,1282.172887070798,1.0,0,1,mouse
SYNTHETIC DEMONSTRATION ONLY - NOT HUMAN EXPERIMENT RESULTS,1118620,C,1,1282.0594655701352,1.0,0,1,mouse
SYNTHETIC DEMONSTRATION ONLY - NOT HUMAN EXPERIMENT RESULTS,1118640,C,1,1281.9462990441782,1.0,0,1,mouse
SYNTHETIC DEMONSTRATION ONLY - NOT HUMAN EXPERIMENT RESULTS,1118660,C,1,1281.833389101274,1.0,0,1,mouse
SYNTHETIC DEMONSTRATION ONLY - NOT HUMAN EXPERIMENT RESULTS,1118680,C,1,1281.7207373461224,1.0,0,1,mouse
SYNTHETIC DEMONSTRATION ONLY - NOT HUMAN EXPERIMENT RESULTS,1118700,C,1,1281.6083453797544,1.0,0,1,mouse
SYNTHETIC DEMONSTRATION ONLY - NOT HUMAN EXPERIMENT RESULTS,1118720,C,1,1281.4962147995084,1.0,0,1,mouse
SYNTHETIC DEMONSTRATION ONLY - NOT HUMAN EXPERIMENT RESULTS,1118740,C,1,1281.3843471990085,1.0,0,1,mouse
SYNTHETIC DEMONSTRATION ONLY - NOT HUMAN EXPERIMENT RESULTS,1118760,C,1,1281.272744168141,1.0,0,1,mouse
SYNTHETIC DEMONSTRATION ONLY - NOT HUMAN EXPERIMENT RESULTS,1118780,C,1,1281.1614072930313,1.0,0,1,mouse
SYNTHETIC DEMONSTRATION ONLY - NOT HUMAN EXPERIMENT RESULTS,1118800,C,1,1281.0503381560234,1.0,0,1,mouse
SYNTHETIC DEMONSTRATION ONLY - NOT HUMAN EXPERIMENT RESULTS,1118820,C,1,1280.9395383356555,1.0,0,1,mouse
SYNTHETIC DEMONSTRATION ONLY - NOT HUMAN EXPERIMENT RESULTS,1118840,C,1,1280.8290094066383,1.0,0,1,mouse
SYNTHETIC DEMONSTRATION ONLY - NOT HUMAN EXPERIMENT RESULTS,1118860,C,1,1280.7187529398327,1.0,0,1,mouse
SYNTHETIC DEMONSTRATION ONLY - NOT HUMAN EXPERIMENT RESULTS,1118880,C,1,1280.6087705022267,1.0,0,1,mouse
SYNTHETIC DEMONSTRATION ONLY - NOT HUMAN EXPERIMENT RESULTS,1118900,C,1,1280.4990636569146,1.0,0,1,mouse
SYNTHETIC DEMONSTRATION ONLY - NOT HUMAN EXPERIMENT RESULTS,1118920,C,1,1280.3896339630733,1.0,0,1,mouse
SYNTHETIC DEMONSTRATION ONLY - NOT HUMAN EXPERIMENT RESULTS,1118940,C,1,1280.2804829759411,1.0,0,1,mouse
SYNTHETIC DEMONSTRATION ONLY - NOT HUMAN EXPERIMENT RESULTS,1118960,C,1,1280.171612246795,1.0,0,1,mouse
SYNTHETIC DEMONSTRATION ONLY - NOT HUMAN EXPERIMENT RESULTS,1118980,C,1,1280.063023322929,1.0,0,1,mouse
SYNTHETIC DEMONSTRATION ONLY - NOT HUMAN EXPERIMENT RESULTS,1119000,C,1,1279.9547177476325,1.0,0,1,mouse
SYNTHETIC DEMONSTRATION ONLY - NOT HUMAN EXPERIMENT RESULTS,1119020,C,1,1279.846697060167,1.0,0,1,mouse
SYNTHETIC DEMONSTRATION ONLY - NOT HUMAN EXPERIMENT RESULTS,1119040,C,1,1279.7389627957455,1.0,0,1,mouse
SYNTHETIC DEMONSTRATION ONLY - NOT HUMAN EXPERIMENT RESULTS,1119060,C,1,1279.6315164855107,1.0,0,1,mouse
SYNTHETIC DEMONSTRATION ONLY - NOT HUMAN EXPERIMENT RESULTS,1119080,C,1,1279.5243596565126,1.0,0,1,mouse
SYNTHETIC DEMONSTRATION ONLY - NOT HUMAN EXPERIMENT RESULTS,1119100,C,1,1279.4174938316864,1.0,0,1,mouse
SYNTHETIC DEMONSTRATION ONLY - NOT HUMAN EXPERIMENT RESULTS,1119120,C,1,1279.3109205298326,1.0,0,1,mouse
SYNTHETIC DEMONSTRATION ONLY - NOT HUMAN EXPERIMENT RESULTS,1119140,C,1,1279.2046412655934,1.0,0,1,mouse
SYNTHETIC DEMONSTRATION ONLY - NOT HUMAN EXPERIMENT RESULTS,1119160,C,1,1279.0986575494323,1.0,0,1,mouse
SYNTHETIC DEMONSTRATION ONLY - NOT HUMAN EXPERIMENT RESULTS,1119180,C,1,1278.9929708876127,1.0,0,1,mouse
SYNTHETIC DEMONSTRATION ONLY - NOT HUMAN EXPERIMENT RESULTS,1119200,C,1,1278.8875827821762,1.0,0,1,mouse
SYNTHETIC DEMONSTRATION ONLY - NOT HUMAN EXPERIMENT RESULTS,1119220,C,1,1278.7824947309207,1.0,0,1,mouse
SYNTHETIC DEMONSTRATION ONLY - NOT HUMAN EXPERIMENT RESULTS,1119240,C,1,1278.67770822738,1.0,0,1,mouse
SYNTHETIC DEMONSTRATION ONLY - NOT HUMAN EXPERIMENT RESULTS,1119260,C,1,1278.5732247608025,1.0,0,1,mouse
SYNTHETIC DEMONSTRATION ONLY - NOT HUMAN EXPERIMENT RESULTS,1119280,C,1,1278.4690458161294,1.0,0,1,mouse
SYNTHETIC DEMONSTRATION ONLY - NOT HUMAN EXPERIMENT RESULTS,1119300,C,1,1278.3651728739742,1.0,0,1,mouse
SYNTHETIC DEMONSTRATION ONLY - NOT HUMAN EXPERIMENT RESULTS,1119320,C,1,1278.261607410601,1.0,0,1,mouse
SYNTHETIC DEMONSTRATION ONLY - NOT HUMAN EXPERIMENT RESULTS,1119340,C,1,1278.1583508979047,1.0,0,1,mouse
SYNTHETIC DEMONSTRATION ONLY - NOT HUMAN EXPERIMENT RESULTS,1119360,C,1,1278.055404803389,1.0,0,1,mouse
SYNTHETIC DEMONSTRATION ONLY - NOT HUMAN EXPERIMENT RESULTS,1119380,C,1,1277.9527705901453,1.0,0,1,mouse
SYNTHETIC DEMONSTRATION ONLY - NOT HUMAN EXPERIMENT RESULTS,1119400,C,1,1277.850449716833,1.0,0,1,mouse
SYNTHETIC DEMONSTRATION ONLY - NOT HUMAN EXPERIMENT RESULTS,1119420,C,1,1277.7484436376587,1.0,0,1,mouse
SYNTHETIC DEMONSTRATION ONLY - NOT HUMAN EXPERIMENT RESULTS,1119440,C,1,1277.646753802354,1.0,0,1,mouse
SYNTHETIC DEMONSTRATION ONLY - NOT HUMAN EXPERIMENT RESULTS,1119460,C,1,1277.545381656157,1.0,0,1,mouse
SYNTHETIC DEMONSTRATION ONLY - NOT HUMAN EXPERIMENT RESULTS,1119480,C,1,1277.4443286397898,1.0,0,1,mouse
SYNTHETIC DEMONSTRATION ONLY - NOT HUMAN EXPERIMENT RESULTS,1119500,C,1,1277.34359618944,1.0,0,1,mouse
SYNTHETIC DEMONSTRATION ONLY - NOT HUMAN EXPERIMENT RESULTS,1119520,C,1,1277.2431857367383,1.0,0,1,mouse
SYNTHETIC DEMONSTRATION ONLY - NOT HUMAN EXPERIMENT RESULTS,1119540,C,1,1277.1430987087397,1.0,0,1,mouse
SYNTHETIC DEMONSTRATION ONLY - NOT HUMAN EXPERIMENT RESULTS,1119560,C,1,1277.0433365279023,1.0,0,1,mouse
SYNTHETIC DEMONSTRATION ONLY - NOT HUMAN EXPERIMENT RESULTS,1119580,C,1,1276.9439006120674,1.0,0,1,mouse
SYNTHETIC DEMONSTRATION ONLY - NOT HUMAN EXPERIMENT RESULTS,1119600,C,1,1276.8447923744395,1.0,0,1,mouse
SYNTHETIC DEMONSTRATION ONLY - NOT HUMAN EXPERIMENT RESULTS,1119620,C,1,1276.7460132235665,1.0,0,1,mouse
SYNTHETIC DEMONSTRATION ONLY - NOT HUMAN EXPERIMENT RESULTS,1119640,C,1,1276.6475645633182,1.0,0,1,mouse
SYNTHETIC DEMONSTRATION ONLY - NOT HUMAN EXPERIMENT RESULTS,1119660,C,1,1276.5494477928682,1.0,0,1,mouse
SYNTHETIC DEMONSTRATION ONLY - NOT HUMAN EXPERIMENT RESULTS,1119680,C,1,1276.451664306673,1.0,0,1,mouse
SYNTHETIC DEMONSTRATION ONLY - NOT HUMAN EXPERIMENT RESULTS,1119700,C,1,1276.3542154944523,1.0,0,1,mouse
SYNTHETIC DEMONSTRATION ONLY - NOT HUMAN EXPERIMENT RESULTS,1119720,C,1,1276.2571027411698,1.0,0,1,mouse
SYNTHETIC DEMONSTRATION ONLY - NOT HUMAN EXPERIMENT RESULTS,1119740,C,1,1276.160327427012,1.0,0,1,mouse
SYNTHETIC DEMONSTRATION ONLY - NOT HUMAN EXPERIMENT RESULTS,1119760,C,1,1276.063890927371,1.0,0,1,mouse
SYNTHETIC DEMONSTRATION ONLY - NOT HUMAN EXPERIMENT RESULTS,1119780,C,1,1275.9677946128224,1.0,0,1,mouse
SYNTHETIC DEMONSTRATION ONLY - NOT HUMAN EXPERIMENT RESULTS,1119800,C,1,1275.8720398491078,1.0,0,1,mouse
SYNTHETIC DEMONSTRATION ONLY - NOT HUMAN EXPERIMENT RESULTS,1119820,C,1,1275.7766279971142,1.0,0,1,mouse
SYNTHETIC DEMONSTRATION ONLY - NOT HUMAN EXPERIMENT RESULTS,1119840,C,1,1275.6815604128556,1.0,0,1,mouse
SYNTHETIC DEMONSTRATION ONLY - NOT HUMAN EXPERIMENT RESULTS,1119860,C,1,1275.5868384474525,1.0,0,1,mouse
SYNTHETIC DEMONSTRATION ONLY - NOT HUMAN EXPERIMENT RESULTS,1119880,C,1,1275.4924634471136,1.0,0,1,mouse
SYNTHETIC DEMONSTRATION ONLY - NOT HUMAN EXPERIMENT RESULTS,1119900,C,1,1275.3984367531166,1.0,0,1,mouse
SYNTHETIC DEMONSTRATION ONLY - NOT HUMAN EXPERIMENT RESULTS,1119920,C,1,1275.3047597017892,1.0,0,1,mouse
SYNTHETIC DEMONSTRATION ONLY - NOT HUMAN EXPERIMENT RESULTS,1119940,C,1,1275.2114336244895,1.0,0,1,mouse
SYNTHETIC DEMONSTRATION ONLY - NOT HUMAN EXPERIMENT RESULTS,1119960,C,1,1275.1184598475875,1.0,0,1,mouse
SYNTHETIC DEMONSTRATION ONLY - NOT HUMAN EXPERIMENT RESULTS,1119980,C,1,1275.0258396924464,1.0,0,1,mouse
SYNTHETIC DEMONSTRATION ONLY - NOT HUMAN EXPERIMENT RESULTS,1120000,C,1,1274.933574475404,1.0,0,1,mouse
SYNTHETIC DEMONSTRATION ONLY - NOT HUMAN EXPERIMENT RESULTS,1120020,C,1,1274.8416655077529,1.0,0,1,mouse
SYNTHETIC DEMONSTRATION ONLY - NOT HUMAN EXPERIMENT RESULTS,1120040,C,1,1274.750114095723,1.0,0,1,mouse
SYNTHETIC DEMONSTRATION ONLY - NOT HUMAN EXPERIMENT RESULTS,1120060,C,1,1274.6589215404624,1.0,0,1,mouse
SYNTHETIC DEMONSTRATION ONLY - NOT HUMAN EXPERIMENT RESULTS,1120080,C,1,1274.5680891380193,1.0,0,1,mouse
SYNTHETIC DEMONSTRATION ONLY - NOT HUMAN EXPERIMENT RESULTS,1120100,C,1,1274.4776181793234,1.0,0,1,mouse
SYNTHETIC DEMONSTRATION ONLY - NOT HUMAN EXPERIMENT RESULTS,1120120,C,1,1274.387509950167,1.0,0,1,mouse
SYNTHETIC DEMONSTRATION ONLY - NOT HUMAN EXPERIMENT RESULTS,1120140,C,1,1274.2977657311876,1.0,0,1,mouse
SYNTHETIC DEMONSTRATION ONLY - NOT HUMAN EXPERIMENT RESULTS,1120160,C,1,1274.2083867978492,1.0,0,1,mouse
SYNTHETIC DEMONSTRATION ONLY - NOT HUMAN EXPERIMENT RESULTS,1120180,C,1,1274.1193744204245,1.0,0,1,mouse
SYNTHETIC DEMONSTRATION ONLY - NOT HUMAN EXPERIMENT RESULTS,1120200,C,1,1274.030729863976,1.0,0,1,mouse
SYNTHETIC DEMONSTRATION ONLY - NOT HUMAN EXPERIMENT RESULTS,1120220,C,1,1273.9424543883392,1.0,0,1,mouse
SYNTHETIC DEMONSTRATION ONLY - NOT HUMAN EXPERIMENT RESULTS,1120240,C,1,1273.854549248104,1.0,0,1,mouse
SYNTHETIC DEMONSTRATION ONLY - NOT HUMAN EXPERIMENT RESULTS,1120260,C,1,1273.7670156925972,1.0,0,1,mouse
SYNTHETIC DEMONSTRATION ONLY - NOT HUMAN EXPERIMENT RESULTS,1120280,C,1,1273.6798549658643,1.0,0,1,mouse
SYNTHETIC DEMONSTRATION ONLY - NOT HUMAN EXPERIMENT RESULTS,1120300,C,1,1273.593068306652,1.0,0,1,mouse
SYNTHETIC DEMONSTRATION ONLY - NOT HUMAN EXPERIMENT RESULTS,1120320,C,1,1273.5066569483909,1.0,0,1,mouse
SYNTHETIC DEMONSTRATION ONLY - NOT HUMAN EXPERIMENT RESULTS,1120340,C,1,1273.4206221191778,1.0,0,1,mouse
SYNTHETIC DEMONSTRATION ONLY - NOT HUMAN EXPERIMENT RESULTS,1120360,C,1,1273.334965041758,1.0,0,1,mouse
SYNTHETIC DEMONSTRATION ONLY - NOT HUMAN EXPERIMENT RESULTS,1120380,C,1,1273.2496869335082,1.0,0,1,mouse
SYNTHETIC DEMONSTRATION ONLY - NOT HUMAN EXPERIMENT RESULTS,1120400,C,1,1273.164789006419,1.0,0,1,mouse
SYNTHETIC DEMONSTRATION ONLY - NOT HUMAN EXPERIMENT RESULTS,1120420,C,1,1273.0802724670777,1.0,0,1,mouse
SYNTHETIC DEMONSTRATION ONLY - NOT HUMAN EXPERIMENT RESULTS,1120440,C,1,1272.9961385166519,1.0,0,1,mouse
SYNTHETIC DEMONSTRATION ONLY - NOT HUMAN EXPERIMENT RESULTS,1120460,C,1,1272.9123883508707,1.0,0,1,mouse
SYNTHETIC DEMONSTRATION ONLY - NOT HUMAN EXPERIMENT RESULTS,1120480,C,1,1272.82902316001,1.0,0,1,mouse
SYNTHETIC DEMONSTRATION ONLY - NOT HUMAN EXPERIMENT RESULTS,1120500,C,1,1272.7460441288729,1.0,0,1,mouse
SYNTHETIC DEMONSTRATION ONLY - NOT HUMAN EXPERIMENT RESULTS,1120520,C,1,1272.6634524367755,1.0,0,1,mouse
SYNTHETIC DEMONSTRATION ONLY - NOT HUMAN EXPERIMENT RESULTS,1120540,C,1,1272.5812492575287,1.0,0,1,mouse
SYNTHETIC DEMONSTRATION ONLY - NOT HUMAN EXPERIMENT RESULTS,1120560,C,1,1272.4994357594217,1.0,0,1,mouse
SYNTHETIC DEMONSTRATION ONLY - NOT HUMAN EXPERIMENT RESULTS,1120580,C,1,1272.4180131052049,1.0,0,1,mouse
SYNTHETIC DEMONSTRATION ONLY - NOT HUMAN EXPERIMENT RESULTS,1120600,C,1,1272.3369824520748,1.0,0,1,mouse
SYNTHETIC DEMONSTRATION ONLY - NOT HUMAN EXPERIMENT RESULTS,1120620,C,1,1272.2563449516565,1.0,0,1,mouse
SYNTHETIC DEMONSTRATION ONLY - NOT HUMAN EXPERIMENT RESULTS,1120640,C,1,1272.1761017499869,1.0,0,1,mouse
SYNTHETIC DEMONSTRATION ONLY - NOT HUMAN EXPERIMENT RESULTS,1120660,C,1,1272.0962539875,1.0,0,1,mouse
SYNTHETIC DEMONSTRATION ONLY - NOT HUMAN EXPERIMENT RESULTS,1120680,C,1,1272.016802799009,1.0,0,1,mouse
SYNTHETIC DEMONSTRATION ONLY - NOT HUMAN EXPERIMENT RESULTS,1120700,C,1,1271.937749313691,1.0,0,1,mouse
SYNTHETIC DEMONSTRATION ONLY - NOT HUMAN EXPERIMENT RESULTS,1120720,C,1,1271.8590946550712,1.0,0,1,mouse
SYNTHETIC DEMONSTRATION ONLY - NOT HUMAN EXPERIMENT RESULTS,1120740,C,1,1271.7808399410064,1.0,0,1,mouse
SYNTHETIC DEMONSTRATION ONLY - NOT HUMAN EXPERIMENT RESULTS,1120760,C,1,1271.7029862836696,1.0,0,1,mouse
SYNTHETIC DEMONSTRATION ONLY - NOT HUMAN EXPERIMENT RESULTS,1120780,C,1,1271.625534789533,1.0,0,1,mouse
SYNTHETIC DEMONSTRATION ONLY - NOT HUMAN EXPERIMENT RESULTS,1120800,C,1,1271.5484865593542,1.0,0,1,mouse
SYNTHETIC DEMONSTRATION ONLY - NOT HUMAN EXPERIMENT RESULTS,1120820,C,1,1271.4718426881589,1.0,0,1,mouse
SYNTHETIC DEMONSTRATION ONLY - NOT HUMAN EXPERIMENT RESULTS,1120840,C,1,1271.3956042652262,1.0,0,1,mouse
SYNTHETIC DEMONSTRATION ONLY - NOT HUMAN EXPERIMENT RESULTS,1120860,C,1,1271.319772374073,1.0,0,1,mouse
SYNTHETIC DEMONSTRATION ONLY - NOT HUMAN EXPERIMENT RESULTS,1120880,C,1,1271.2443480924383,1.0,0,1,mouse
SYNTHETIC DEMONSTRATION ONLY - NOT HUMAN EXPERIMENT RESULTS,1120900,C,1,1271.1693324922676,1.0,0,1,mouse
SYNTHETIC DEMONSTRATION ONLY - NOT HUMAN EXPERIMENT RESULTS,1120920,C,1,1271.0947266396993,1.0,0,1,mouse
SYNTHETIC DEMONSTRATION ONLY - NOT HUMAN EXPERIMENT RESULTS,1120940,C,1,1271.0205315950475,1.0,0,1,mouse
SYNTHETIC DEMONSTRATION ONLY - NOT HUMAN EXPERIMENT RESULTS,1120960,C,1,1270.9467484127877,1.0,0,1,mouse
SYNTHETIC DEMONSTRATION ONLY - NOT HUMAN EXPERIMENT RESULTS,1120980,C,1,1270.8733781415426,1.0,0,1,mouse
SYNTHETIC DEMONSTRATION ONLY - NOT HUMAN EXPERIMENT RESULTS,1121000,C,1,1270.800421824066,1.0,0,1,mouse
SYNTHETIC DEMONSTRATION ONLY - NOT HUMAN EXPERIMENT RESULTS,1121020,C,1,1270.7278804972286,1.0,0,1,mouse
SYNTHETIC DEMONSTRATION ONLY - NOT HUMAN EXPERIMENT RESULTS,1121040,C,1,1270.6557551920034,1.0,0,1,mouse
SYNTHETIC DEMONSTRATION ONLY - NOT HUMAN EXPERIMENT RESULTS,1121060,C,1,1270.5840469334507,1.0,0,1,mouse
SYNTHETIC DEMONSTRATION ONLY - NOT HUMAN EXPERIMENT RESULTS,1121080,C,1,1270.5127567407035,1.0,0,1,mouse
SYNTHETIC DEMONSTRATION ONLY - NOT HUMAN EXPERIMENT RESULTS,1121100,C,1,1270.4418856269529,1.0,0,1,mouse
SYNTHETIC DEMONSTRATION ONLY - NOT HUMAN EXPERIMENT RESULTS,1121120,C,1,1270.3714345994347,1.0,0,1,mouse
SYNTHETIC DEMONSTRATION ONLY - NOT HUMAN EXPERIMENT RESULTS,1121140,C,1,1270.301404659414,1.0,0,1,mouse
SYNTHETIC DEMONSTRATION ONLY - NOT HUMAN EXPERIMENT RESULTS,1121160,C,1,1270.231796802171,1.0,0,1,mouse
SYNTHETIC DEMONSTRATION ONLY - NOT HUMAN EXPERIMENT RESULTS,1121180,C,1,1270.1626120169874,1.0,0,1,mouse
SYNTHETIC DEMONSTRATION ONLY - NOT HUMAN EXPERIMENT RESULTS,1121200,C,1,1270.0938512871323,1.0,0,1,mouse
SYNTHETIC DEMONSTRATION ONLY - NOT HUMAN EXPERIMENT RESULTS,1121220,C,1,1270.0255155898478,1.0,0,1,mouse
SYNTHETIC DEMONSTRATION ONLY - NOT HUMAN EXPERIMENT RESULTS,1121240,C,1,1269.9576058963355,1.0,0,1,mouse
SYNTHETIC DEMONSTRATION ONLY - NOT HUMAN EXPERIMENT RESULTS,1121260,C,1,1269.8901231717423,1.0,0,1,mouse
SYNTHETIC DEMONSTRATION ONLY - NOT HUMAN EXPERIMENT RESULTS,1121280,C,1,1269.8230683751474,1.0,0,1,mouse
SYNTHETIC DEMONSTRATION ONLY - NOT HUMAN EXPERIMENT RESULTS,1121300,C,1,1269.7564424595475,1.0,0,1,mouse
SYNTHETIC DEMONSTRATION ONLY - NOT HUMAN EXPERIMENT RESULTS,1121320,C,1,1269.6902463718448,1.0,0,1,mouse
SYNTHETIC DEMONSTRATION ONLY - NOT HUMAN EXPERIMENT RESULTS,1121340,C,1,1269.6244810528317,1.0,0,1,mouse
SYNTHETIC DEMONSTRATION ONLY - NOT HUMAN EXPERIMENT RESULTS,1121360,C,1,1269.5591474371793,1.0,0,1,mouse
SYNTHETIC DEMONSTRATION ONLY - NOT HUMAN EXPERIMENT RESULTS,1121380,C,1,1269.4942464534226,1.0,0,1,mouse
SYNTHETIC DEMONSTRATION ONLY - NOT HUMAN EXPERIMENT RESULTS,1121400,C,1,1269.4297790239486,1.0,0,1,mouse
SYNTHETIC DEMONSTRATION ONLY - NOT HUMAN EXPERIMENT RESULTS,1121420,C,1,1269.3657460649822,1.0,0,1,mouse
SYNTHETIC DEMONSTRATION ONLY - NOT HUMAN EXPERIMENT RESULTS,1121440,C,1,1269.302148486573,1.0,0,1,mouse
SYNTHETIC DEMONSTRATION ONLY - NOT HUMAN EXPERIMENT RESULTS,1121460,C,1,1269.2389871925839,1.0,0,1,mouse
SYNTHETIC DEMONSTRATION ONLY - NOT HUMAN EXPERIMENT RESULTS,1121480,C,1,1269.1762630806763,1.0,0,1,mouse
SYNTHETIC DEMONSTRATION ONLY - NOT HUMAN EXPERIMENT RESULTS,1121500,C,1,1269.113977042299,1.0,0,1,mouse
SYNTHETIC DEMONSTRATION ONLY - NOT HUMAN EXPERIMENT RESULTS,1121520,C,1,1269.0521299626741,1.0,0,1,mouse
SYNTHETIC DEMONSTRATION ONLY - NOT HUMAN EXPERIMENT RESULTS,1121540,C,1,1268.990722720786,1.0,0,1,mouse
SYNTHETIC DEMONSTRATION ONLY - NOT HUMAN EXPERIMENT RESULTS,1121560,C,1,1268.929756189367,1.0,0,1,mouse
SYNTHETIC DEMONSTRATION ONLY - NOT HUMAN EXPERIMENT RESULTS,1121580,C,1,1268.8692312348867,1.0,0,1,mouse
SYNTHETIC DEMONSTRATION ONLY - NOT HUMAN EXPERIMENT RESULTS,1121600,C,1,1268.8091487175386,1.0,0,1,mouse
SYNTHETIC DEMONSTRATION ONLY - NOT HUMAN EXPERIMENT RESULTS,1121620,C,1,1268.7495094912285,1.0,0,1,mouse
SYNTHETIC DEMONSTRATION ONLY - NOT HUMAN EXPERIMENT RESULTS,1121640,C,1,1268.6903144035616,1.0,0,1,mouse
SYNTHETIC DEMONSTRATION ONLY - NOT HUMAN EXPERIMENT RESULTS,1121660,C,1,1268.6315642958311,1.0,0,1,mouse
SYNTHETIC DEMONSTRATION ONLY - NOT HUMAN EXPERIMENT RESULTS,1121680,C,1,1268.5732600030062,1.0,0,1,mouse
SYNTHETIC DEMONSTRATION ONLY - NOT HUMAN EXPERIMENT RESULTS,1121700,C,1,1268.51540235372,1.0,0,1,mouse
SYNTHETIC DEMONSTRATION ONLY - NOT HUMAN EXPERIMENT RESULTS,1121720,C,1,1268.4579921702577,1.0,0,1,mouse
SYNTHETIC DEMONSTRATION ONLY - NOT HUMAN EXPERIMENT RESULTS,1121740,C,1,1268.401030268545,1.0,0,1,mouse
SYNTHETIC DEMONSTRATION ONLY - NOT HUMAN EXPERIMENT RESULTS,1121760,C,1,1268.3445174581366,1.0,0,1,mouse
SYNTHETIC DEMONSTRATION ONLY - NOT HUMAN EXPERIMENT RESULTS,1121780,C,1,1268.2884545422048,1.0,0,1,mouse
SYNTHETIC DEMONSTRATION ONLY - NOT HUMAN EXPERIMENT RESULTS,1121800,C,1,1268.2328423175277,1.0,0,1,mouse
SYNTHETIC DEMONSTRATION ONLY - NOT HUMAN EXPERIMENT RESULTS,1121820,C,1,1268.1776815744777,1.0,0,1,mouse
SYNTHETIC DEMONSTRATION ONLY - NOT HUMAN EXPERIMENT RESULTS,1121840,C,1,1268.1229730970117,1.0,0,1,mouse
SYNTHETIC DEMONSTRATION ONLY - NOT HUMAN EXPERIMENT RESULTS,1121860,C,1,1268.068717662658,1.0,0,1,mouse
SYNTHETIC DEMONSTRATION ONLY - NOT HUMAN EXPERIMENT RESULTS,1121880,C,1,1268.0149160425062,1.0,0,1,mouse
SYNTHETIC DEMONSTRATION ONLY - NOT HUMAN EXPERIMENT RESULTS,1121900,C,1,1267.9615690011965,1.0,0,1,mouse
SYNTHETIC DEMONSTRATION ONLY - NOT HUMAN EXPERIMENT RESULTS,1121920,C,1,1267.9086772969088,1.0,0,1,mouse
SYNTHETIC DEMONSTRATION ONLY - NOT HUMAN EXPERIMENT RESULTS,1121940,C,1,1267.8562416813509,1.0,0,1,mouse
SYNTHETIC DEMONSTRATION ONLY - NOT HUMAN EXPERIMENT RESULTS,1121960,C,1,1267.8042628997491,1.0,0,1,mouse
SYNTHETIC DEMONSTRATION ONLY - NOT HUMAN EXPERIMENT RESULTS,1121980,C,1,1267.752741690837,1.0,0,1,mouse
SYNTHETIC DEMONSTRATION ONLY - NOT HUMAN EXPERIMENT RESULTS,1122000,C,1,1267.7016787868447,1.0,0,1,mouse
SYNTHETIC DEMONSTRATION ONLY - NOT HUMAN EXPERIMENT RESULTS,1122020,C,1,1267.6510749134895,1.0,0,1,mouse
SYNTHETIC DEMONSTRATION ONLY - NOT HUMAN EXPERIMENT RESULTS,1122040,C,1,1267.6009307899642,1.0,0,1,mouse
SYNTHETIC DEMONSTRATION ONLY - NOT HUMAN EXPERIMENT RESULTS,1122060,C,1,1267.551247128928,1.0,0,1,mouse
SYNTHETIC DEMONSTRATION ONLY - NOT HUMAN EXPERIMENT RESULTS,1122080,C,1,1267.5020246364957,1.0,0,1,mouse
SYNTHETIC DEMONSTRATION ONLY - NOT HUMAN EXPERIMENT RESULTS,1122100,C,1,1267.4532640122275,1.0,0,1,mouse
SYNTHETIC DEMONSTRATION ONLY - NOT HUMAN EXPERIMENT RESULTS,1122120,C,1,1267.4049659491202,1.0,0,1,mouse
SYNTHETIC DEMONSTRATION ONLY - NOT HUMAN EXPERIMENT RESULTS,1122140,C,1,1267.357131133596,1.0,0,1,mouse
SYNTHETIC DEMONSTRATION ONLY - NOT HUMAN EXPERIMENT RESULTS,1122160,C,1,1267.3097602454936,1.0,0,1,mouse
SYNTHETIC DEMONSTRATION ONLY - NOT HUMAN EXPERIMENT RESULTS,1122180,C,1,1267.2628539580583,1.0,0,1,mouse
SYNTHETIC DEMONSTRATION ONLY - NOT HUMAN EXPERIMENT RESULTS,1122200,C,1,1267.2164129379319,1.0,0,1,mouse
SYNTHETIC DEMONSTRATION ONLY - NOT HUMAN EXPERIMENT RESULTS,1122220,C,1,1267.1704378451443,1.0,0,1,mouse
SYNTHETIC DEMONSTRATION ONLY - NOT HUMAN EXPERIMENT RESULTS,1122240,C,1,1267.1249293331032,1.0,0,1,mouse
SYNTHETIC DEMONSTRATION ONLY - NOT HUMAN EXPERIMENT RESULTS,1122260,C,1,1267.0798880485856,1.0,0,1,mouse
SYNTHETIC DEMONSTRATION ONLY - NOT HUMAN EXPERIMENT RESULTS,1122280,C,1,1267.0353146317277,1.0,0,1,mouse
SYNTHETIC DEMONSTRATION ONLY - NOT HUMAN EXPERIMENT RESULTS,1122300,C,1,1266.9912097160163,1.0,0,1,mouse
SYNTHETIC DEMONSTRATION ONLY - NOT HUMAN EXPERIMENT RESULTS,1122320,C,1,1266.94757392828,1.0,0,1,mouse
SYNTHETIC DEMONSTRATION ONLY - NOT HUMAN EXPERIMENT RESULTS,1122340,C,1,1266.9044078886798,1.0,0,1,mouse
SYNTHETIC DEMONSTRATION ONLY - NOT HUMAN EXPERIMENT RESULTS,1122360,C,1,1266.861712210701,1.0,0,1,mouse
SYNTHETIC DEMONSTRATION ONLY - NOT HUMAN EXPERIMENT RESULTS,1122380,C,1,1266.8194875011432,1.0,0,1,mouse
SYNTHETIC DEMONSTRATION ONLY - NOT HUMAN EXPERIMENT RESULTS,1122400,C,1,1266.7777343601133,1.0,0,1,mouse
SYNTHETIC DEMONSTRATION ONLY - NOT HUMAN EXPERIMENT RESULTS,1122420,C,1,1266.736453381016,1.0,0,1,mouse
SYNTHETIC DEMONSTRATION ONLY - NOT HUMAN EXPERIMENT RESULTS,1122440,C,1,1266.695645150545,1.0,0,1,mouse
SYNTHETIC DEMONSTRATION ONLY - NOT HUMAN EXPERIMENT RESULTS,1122460,C,1,1266.6553102486757,1.0,0,1,mouse
SYNTHETIC DEMONSTRATION ONLY - NOT HUMAN EXPERIMENT RESULTS,1122480,C,1,1266.6154492486567,1.0,0,1,mouse
SYNTHETIC DEMONSTRATION ONLY - NOT HUMAN EXPERIMENT RESULTS,1122500,C,1,1266.5760627170007,1.0,0,1,mouse
SYNTHETIC DEMONSTRATION ONLY - NOT HUMAN EXPERIMENT RESULTS,1122520,C,1,1266.5371512134773,1.0,0,1,mouse
SYNTHETIC DEMONSTRATION ONLY - NOT HUMAN EXPERIMENT RESULTS,1122540,C,1,1266.4987152911056,1.0,0,1,mouse
SYNTHETIC DEMONSTRATION ONLY - NOT HUMAN EXPERIMENT RESULTS,1122560,C,1,1266.4607554961447,1.0,0,1,mouse
SYNTHETIC DEMONSTRATION ONLY - NOT HUMAN EXPERIMENT RESULTS,1122580,C,1,1266.4232723680875,1.0,0,1,mouse
SYNTHETIC DEMONSTRATION ONLY - NOT HUMAN EXPERIMENT RESULTS,1122600,C,1,1266.3862664396524,1.0,0,1,mouse
SYNTHETIC DEMONSTRATION ONLY - NOT HUMAN EXPERIMENT RESULTS,1122620,C,1,1266.3497382367752,1.0,0,1,mouse
SYNTHETIC DEMONSTRATION ONLY - NOT HUMAN EXPERIMENT RESULTS,1122640,C,1,1266.3136882786027,1.0,0,1,mouse
SYNTHETIC DEMONSTRATION ONLY - NOT HUMAN EXPERIMENT RESULTS,1122660,C,1,1266.2781170774847,1.0,0,1,mouse
SYNTHETIC DEMONSTRATION ONLY - NOT HUMAN EXPERIMENT RESULTS,1122680,C,1,1266.2430251389667,1.0,0,1,mouse
SYNTHETIC DEMONSTRATION ONLY - NOT HUMAN EXPERIMENT RESULTS,1122700,C,1,1266.2084129617824,1.0,0,1,mouse
SYNTHETIC DEMONSTRATION ONLY - NOT HUMAN EXPERIMENT RESULTS,1122720,C,1,1266.174281037848,1.0,0,1,mouse
SYNTHETIC DEMONSTRATION ONLY - NOT HUMAN EXPERIMENT RESULTS,1122740,C,1,1266.1406298522534,1.0,0,1,mouse
SYNTHETIC DEMONSTRATION ONLY - NOT HUMAN EXPERIMENT RESULTS,1122760,C,1,1266.1074598832565,1.0,0,1,mouse
SYNTHETIC DEMONSTRATION ONLY - NOT HUMAN EXPERIMENT RESULTS,1122780,C,1,1266.0747716022759,1.0,0,1,mouse
SYNTHETIC DEMONSTRATION ONLY - NOT HUMAN EXPERIMENT RESULTS,1122800,C,1,1266.0425654738847,1.0,0,1,mouse
SYNTHETIC DEMONSTRATION ONLY - NOT HUMAN EXPERIMENT RESULTS,1122820,C,1,1266.0108419558028,1.0,0,1,mouse
SYNTHETIC DEMONSTRATION ONLY - NOT HUMAN EXPERIMENT RESULTS,1122840,C,1,1265.9796014988922,1.0,0,1,mouse
SYNTHETIC DEMONSTRATION ONLY - NOT HUMAN EXPERIMENT RESULTS,1122860,C,1,1265.9488445471484,1.0,0,1,mouse
SYNTHETIC DEMONSTRATION ONLY - NOT HUMAN EXPERIMENT RESULTS,1122880,C,1,1265.918571537696,1.0,0,1,mouse
SYNTHETIC DEMONSTRATION ONLY - NOT HUMAN EXPERIMENT RESULTS,1122900,C,1,1265.8887829007815,1.0,0,1,mouse
SYNTHETIC DEMONSTRATION ONLY - NOT HUMAN EXPERIMENT RESULTS,1122920,C,1,1265.8594790597674,1.0,0,1,mouse
SYNTHETIC DEMONSTRATION ONLY - NOT HUMAN EXPERIMENT RESULTS,1122940,C,1,1265.830660431126,1.0,0,1,mouse
SYNTHETIC DEMONSTRATION ONLY - NOT HUMAN EXPERIMENT RESULTS,1122960,C,1,1265.802327424434,1.0,0,1,mouse
SYNTHETIC DEMONSTRATION ONLY - NOT HUMAN EXPERIMENT RESULTS,1122980,C,1,1265.774480442366,1.0,0,1,mouse
SYNTHETIC DEMONSTRATION ONLY - NOT HUMAN EXPERIMENT RESULTS,1123000,C,1,1265.7471198806893,1.0,0,1,mouse
SYNTHETIC DEMONSTRATION ONLY - NOT HUMAN EXPERIMENT RESULTS,1123020,C,1,1265.720246128258,1.0,0,1,mouse
SYNTHETIC DEMONSTRATION ONLY - NOT HUMAN EXPERIMENT RESULTS,1123040,C,1,1265.6938595670076,1.0,0,1,mouse
SYNTHETIC DEMONSTRATION ONLY - NOT HUMAN EXPERIMENT RESULTS,1123060,C,1,1265.6679605719496,1.0,0,1,mouse
SYNTHETIC DEMONSTRATION ONLY - NOT HUMAN EXPERIMENT RESULTS,1123080,C,1,1265.642549511166,1.0,0,1,mouse
SYNTHETIC DEMONSTRATION ONLY - NOT HUMAN EXPERIMENT RESULTS,1123100,C,1,1265.6176267458043,1.0,0,1,mouse
SYNTHETIC DEMONSTRATION ONLY - NOT HUMAN EXPERIMENT RESULTS,1123120,C,1,1265.5931926300718,1.0,0,1,mouse
SYNTHETIC DEMONSTRATION ONLY - NOT HUMAN EXPERIMENT RESULTS,1123140,C,1,1265.569247511232,1.0,0,1,mouse
SYNTHETIC DEMONSTRATION ONLY - NOT HUMAN EXPERIMENT RESULTS,1123160,C,1,1265.5457917295978,1.0,0,1,mouse
SYNTHETIC DEMONSTRATION ONLY - NOT HUMAN EXPERIMENT RESULTS,1123180,C,1,1265.5228256185276,1.0,0,1,mouse
SYNTHETIC DEMONSTRATION ONLY - NOT HUMAN EXPERIMENT RESULTS,1123200,C,1,1265.5003495044207,1.0,0,1,mouse
SYNTHETIC DEMONSTRATION ONLY - NOT HUMAN EXPERIMENT RESULTS,1123220,C,1,1265.4783637067123,1.0,0,1,mouse
SYNTHETIC DEMONSTRATION ONLY - NOT HUMAN EXPERIMENT RESULTS,1123240,C,1,1265.4568685378697,1.0,0,1,mouse
SYNTHETIC DEMONSTRATION ONLY - NOT HUMAN EXPERIMENT RESULTS,1123260,C,1,1265.4358643033866,1.0,0,1,mouse
SYNTHETIC DEMONSTRATION ONLY - NOT HUMAN EXPERIMENT RESULTS,1123280,C,1,1265.4153513017798,1.0,0,1,mouse
SYNTHETIC DEMONSTRATION ONLY - NOT HUMAN EXPERIMENT RESULTS,1123300,C,1,1265.395329824584,1.0,0,1,mouse
SYNTHETIC DEMONSTRATION ONLY - NOT HUMAN EXPERIMENT RESULTS,1123320,C,1,1265.375800156349,1.0,0,1,mouse
SYNTHETIC DEMONSTRATION ONLY - NOT HUMAN EXPERIMENT RESULTS,1123340,C,1,1265.3567625746348,1.0,0,1,mouse
SYNTHETIC DEMONSTRATION ONLY - NOT HUMAN EXPERIMENT RESULTS,1123360,C,1,1265.3382173500074,1.0,0,1,mouse
SYNTHETIC DEMONSTRATION ONLY - NOT HUMAN EXPERIMENT RESULTS,1123380,C,1,1265.3201647460355,1.0,0,1,mouse
SYNTHETIC DEMONSTRATION ONLY - NOT HUMAN EXPERIMENT RESULTS,1123400,C,1,1265.3026050192864,1.0,0,1,mouse
SYNTHETIC DEMONSTRATION ONLY - NOT HUMAN EXPERIMENT RESULTS,1123420,C,1,1265.285538419323,1.0,0,1,mouse
SYNTHETIC DEMONSTRATION ONLY - NOT HUMAN EXPERIMENT RESULTS,1123440,C,1,1265.2689651886992,1.0,0,1,mouse
SYNTHETIC DEMONSTRATION ONLY - NOT HUMAN EXPERIMENT RESULTS,1123460,C,1,1265.2528855629575,1.0,0,1,mouse
SYNTHETIC DEMONSTRATION ONLY - NOT HUMAN EXPERIMENT RESULTS,1123480,C,1,1265.2372997706248,1.0,0,1,mouse
SYNTHETIC DEMONSTRATION ONLY - NOT HUMAN EXPERIMENT RESULTS,1123500,C,1,1265.2222080332099,1.0,0,1,mouse
SYNTHETIC DEMONSTRATION ONLY - NOT HUMAN EXPERIMENT RESULTS,1123520,C,1,1265.2076105651995,1.0,0,1,mouse
SYNTHETIC DEMONSTRATION ONLY - NOT HUMAN EXPERIMENT RESULTS,1123540,C,1,1265.1935075740562,1.0,0,1,mouse
SYNTHETIC DEMONSTRATION ONLY - NOT HUMAN EXPERIMENT RESULTS,1123560,C,1,1265.1798992602146,1.0,0,1,mouse
SYNTHETIC DEMONSTRATION ONLY - NOT HUMAN EXPERIMENT RESULTS,1123580,C,1,1265.166785817079,1.0,0,1,mouse
SYNTHETIC DEMONSTRATION ONLY - NOT HUMAN EXPERIMENT RESULTS,1123600,C,1,1265.1541674310204,1.0,0,1,mouse
SYNTHETIC DEMONSTRATION ONLY - NOT HUMAN EXPERIMENT RESULTS,1123620,C,1,1265.1420442813742,1.0,0,1,mouse
SYNTHETIC DEMONSTRATION ONLY - NOT HUMAN EXPERIMENT RESULTS,1123640,C,1,1265.1304165404367,1.0,0,1,mouse
SYNTHETIC DEMONSTRATION ONLY - NOT HUMAN EXPERIMENT RESULTS,1123660,C,1,1265.1192843734646,1.0,0,1,mouse
SYNTHETIC DEMONSTRATION ONLY - NOT HUMAN EXPERIMENT RESULTS,1123680,C,1,1265.10864793867,1.0,0,1,mouse
SYNTHETIC DEMONSTRATION ONLY - NOT HUMAN EXPERIMENT RESULTS,1123700,C,1,1265.0985073872203,1.0,0,1,mouse
SYNTHETIC DEMONSTRATION ONLY - NOT HUMAN EXPERIMENT RESULTS,1123720,C,1,1265.0888628632351,1.0,0,1,mouse
SYNTHETIC DEMONSTRATION ONLY - NOT HUMAN EXPERIMENT RESULTS,1123740,C,1,1265.079714503785,1.0,0,1,mouse
SYNTHETIC DEMONSTRATION ONLY - NOT HUMAN EXPERIMENT RESULTS,1123760,C,1,1265.0710624388878,1.0,0,1,mouse
SYNTHETIC DEMONSTRATION ONLY - NOT HUMAN EXPERIMENT RESULTS,1123780,C,1,1265.0629067915088,1.0,0,1,mouse
SYNTHETIC DEMONSTRATION ONLY - NOT HUMAN EXPERIMENT RESULTS,1123800,C,1,1265.0552476775579,1.0,0,1,mouse
SYNTHETIC DEMONSTRATION ONLY - NOT HUMAN EXPERIMENT RESULTS,1123820,C,1,1265.0480852058877,1.0,0,1,mouse
SYNTHETIC DEMONSTRATION ONLY - NOT HUMAN EXPERIMENT RESULTS,1123840,C,1,1265.041419478293,1.0,0,1,mouse
SYNTHETIC DEMONSTRATION ONLY - NOT HUMAN EXPERIMENT RESULTS,1123860,C,1,1265.0352505895085,1.0,0,1,mouse
SYNTHETIC DEMONSTRATION ONLY - NOT HUMAN EXPERIMENT RESULTS,1123880,C,1,1265.0295786272077,1.0,0,1,mouse
SYNTHETIC DEMONSTRATION ONLY - NOT HUMAN EXPERIMENT RESULTS,1123900,C,1,1265.0244036720019,1.0,0,1,mouse
SYNTHETIC DEMONSTRATION ONLY - NOT HUMAN EXPERIMENT RESULTS,1123920,C,1,1265.0197257974387,1.0,0,1,mouse
SYNTHETIC DEMONSTRATION ONLY - NOT HUMAN EXPERIMENT RESULTS,1123940,C,1,1265.0155450700008,1.0,0,1,mouse
SYNTHETIC DEMONSTRATION ONLY - NOT HUMAN EXPERIMENT RESULTS,1123960,C,1,1265.0118615491058,1.0,0,1,mouse
SYNTHETIC DEMONSTRATION ONLY - NOT HUMAN EXPERIMENT RESULTS,1123980,C,1,1265.0086752871046,1.0,0,1,mouse
SYNTHETIC DEMONSTRATION ONLY - NOT HUMAN EXPERIMENT RESULTS,1124000,C,1,1265.005986329281,1.0,0,1,mouse
SYNTHETIC DEMONSTRATION ONLY - NOT HUMAN EXPERIMENT RESULTS,1124020,C,1,1265.0037947138512,1.0,0,1,mouse
SYNTHETIC DEMONSTRATION ONLY - NOT HUMAN EXPERIMENT RESULTS,1124040,C,1,1265.0021004719626,1.0,0,1,mouse
SYNTHETIC DEMONSTRATION ONLY - NOT HUMAN EXPERIMENT RESULTS,1124060,C,1,1265.0009036276945,1.0,0,1,mouse
SYNTHETIC DEMONSTRATION ONLY - NOT HUMAN EXPERIMENT RESULTS,1124080,C,1,1265.0002041980565,1.0,0,1,mouse
SYNTHETIC DEMONSTRATION ONLY - NOT HUMAN EXPERIMENT RESULTS,1124100,C,1,1265.000002192989,1.0,0,1,mouse
SYNTHETIC DEMONSTRATION ONLY - NOT HUMAN EXPERIMENT RESULTS,1124120,C,1,1265.0002976153633,1.0,0,1,mouse
SYNTHETIC DEMONSTRATION ONLY - NOT HUMAN EXPERIMENT RESULTS,1124140,C,1,1265.0010904609803,1.0,0,1,mouse
SYNTHETIC DEMONSTRATION ONLY - NOT HUMAN EXPERIMENT RESULTS,1124160,C,1,1265.002380718572,1.0,0,1,mouse
SYNTHETIC DEMONSTRATION ONLY - NOT HUMAN EXPERIMENT RESULTS,1124180,C,1,1265.0041683698014,1.0,0,1,mouse
SYNTHETIC DEMONSTRATION ONLY - NOT HUMAN EXPERIMENT RESULTS,1124200,C,1,1265.0064533892614,1.0,0,1,mouse
SYNTHETIC DEMONSTRATION ONLY - NOT HUMAN EXPERIMENT RESULTS,1124220,C,1,1265.0092357444773,1.0,0,1,mouse
SYNTHETIC DEMONSTRATION ONLY - NOT HUMAN EXPERIMENT RESULTS,1124240,C,1,1265.0125153959057,1.0,0,1,mouse
SYNTHETIC DEMONSTRATION ONLY - NOT HUMAN EXPERIMENT RESULTS,1124260,C,1,1265.016292296935,1.0,0,1,mouse
SYNTHETIC DEMONSTRATION ONLY - NOT HUMAN EXPERIMENT RESULTS,1124280,C,1,1265.0205663938875,1.0,0,1,mouse
SYNTHETIC DEMONSTRATION ONLY - NOT HUMAN EXPERIMENT RESULTS,1124300,C,1,1265.0253376260189,1.0,0,1,mouse
SYNTHETIC DEMONSTRATION ONLY - NOT HUMAN EXPERIMENT RESULTS,1124320,C,1,1265.030605925519,1.0,0,1,mouse
SYNTHETIC DEMONSTRATION ONLY - NOT HUMAN EXPERIMENT RESULTS,1124340,C,1,1265.0363712175138,1.0,0,1,mouse
SYNTHETIC DEMONSTRATION ONLY - NOT HUMAN EXPERIMENT RESULTS,1124360,C,1,1265.0426334200658,1.0,0,1,mouse
SYNTHETIC DEMONSTRATION ONLY - NOT HUMAN EXPERIMENT RESULTS,1124380,C,1,1265.0493924441753,1.0,0,1,mouse
SYNTHETIC DEMONSTRATION ONLY - NOT HUMAN EXPERIMENT RESULTS,1124400,C,1,1265.0566481937815,1.0,0,1,mouse
SYNTHETIC DEMONSTRATION ONLY - NOT HUMAN EXPERIMENT RESULTS,1124420,C,1,1265.0644005657641,1.0,0,1,mouse
SYNTHETIC DEMONSTRATION ONLY - NOT HUMAN EXPERIMENT RESULTS,1124440,C,1,1265.072649449945,1.0,0,1,mouse
SYNTHETIC DEMONSTRATION ONLY - NOT HUMAN EXPERIMENT RESULTS,1124460,C,1,1265.081394729089,1.0,0,1,mouse
SYNTHETIC DEMONSTRATION ONLY - NOT HUMAN EXPERIMENT RESULTS,1124480,C,1,1265.0906362789062,1.0,0,1,mouse
SYNTHETIC DEMONSTRATION ONLY - NOT HUMAN EXPERIMENT RESULTS,1124500,C,1,1265.100373968054,1.0,0,1,mouse
SYNTHETIC DEMONSTRATION ONLY - NOT HUMAN EXPERIMENT RESULTS,1124520,C,1,1265.1106076581384,1.0,0,1,mouse
SYNTHETIC DEMONSTRATION ONLY - NOT HUMAN EXPERIMENT RESULTS,1124540,C,1,1265.1213372037157,1.0,0,1,mouse
SYNTHETIC DEMONSTRATION ONLY - NOT HUMAN EXPERIMENT RESULTS,1124560,C,1,1265.1325624522956,1.0,0,1,mouse
SYNTHETIC DEMONSTRATION ONLY - NOT HUMAN EXPERIMENT RESULTS,1124580,C,1,1265.1442832443422,1.0,0,1,mouse
SYNTHETIC DEMONSTRATION ONLY - NOT HUMAN EXPERIMENT RESULTS,1124600,C,1,1265.1564994132773,1.0,0,1,mouse
SYNTHETIC DEMONSTRATION ONLY - NOT HUMAN EXPERIMENT RESULTS,1124620,C,1,1265.169210785482,1.0,0,1,mouse
SYNTHETIC DEMONSTRATION ONLY - NOT HUMAN EXPERIMENT RESULTS,1124640,C,1,1265.1824171802994,1.0,0,1,mouse
SYNTHETIC DEMONSTRATION ONLY - NOT HUMAN EXPERIMENT RESULTS,1124660,C,1,1265.1961184100376,1.0,0,1,mouse
SYNTHETIC DEMONSTRATION ONLY - NOT HUMAN EXPERIMENT RESULTS,1124680,C,1,1265.210314279972,1.0,0,1,mouse
SYNTHETIC DEMONSTRATION ONLY - NOT HUMAN EXPERIMENT RESULTS,1124700,C,1,1265.2250045883472,1.0,0,1,mouse
SYNTHETIC DEMONSTRATION ONLY - NOT HUMAN EXPERIMENT RESULTS,1124720,C,1,1265.2401891263821,1.0,0,1,mouse
SYNTHETIC DEMONSTRATION ONLY - NOT HUMAN EXPERIMENT RESULTS,1124740,C,1,1265.2558676782708,1.0,0,1,mouse
SYNTHETIC DEMONSTRATION ONLY - NOT HUMAN EXPERIMENT RESULTS,1124760,C,1,1265.2720400211856,1.0,0,1,mouse
SYNTHETIC DEMONSTRATION ONLY - NOT HUMAN EXPERIMENT RESULTS,1124780,C,1,1265.2887059252826,1.0,0,1,mouse
SYNTHETIC DEMONSTRATION ONLY - NOT HUMAN EXPERIMENT RESULTS,1124800,C,1,1265.305865153702,1.0,0,1,mouse
SYNTHETIC DEMONSTRATION ONLY - NOT HUMAN EXPERIMENT RESULTS,1124820,C,1,1265.3235174625731,1.0,0,1,mouse
SYNTHETIC DEMONSTRATION ONLY - NOT HUMAN EXPERIMENT RESULTS,1124840,C,1,1265.3416626010176,1.0,0,1,mouse
SYNTHETIC DEMONSTRATION ONLY - NOT HUMAN EXPERIMENT RESULTS,1124860,C,1,1265.360300311153,1.0,0,1,mouse
SYNTHETIC DEMONSTRATION ONLY - NOT HUMAN EXPERIMENT RESULTS,1124880,C,1,1265.379430328096,1.0,0,1,mouse
SYNTHETIC DEMONSTRATION ONLY - NOT HUMAN EXPERIMENT RESULTS,1124900,C,1,1265.399052379967,1.0,0,1,mouse
SYNTHETIC DEMONSTRATION ONLY - NOT HUMAN EXPERIMENT RESULTS,1124920,C,1,1265.4191661878933,1.0,0,1,mouse
SYNTHETIC DEMONSTRATION ONLY - NOT HUMAN EXPERIMENT RESULTS,1124940,C,1,1265.4397714660126,1.0,0,1,mouse
SYNTHETIC DEMONSTRATION ONLY - NOT HUMAN EXPERIMENT RESULTS,1124960,C,1,1265.460867921479,1.0,0,1,mouse
SYNTHETIC DEMONSTRATION ONLY - NOT HUMAN EXPERIMENT RESULTS,1124980,C,1,1265.4824552544642,1.0,0,1,mouse
SYNTHETIC DEMONSTRATION ONLY - NOT HUMAN EXPERIMENT RESULTS,1125000,C,1,1265.5045331581655,1.0,0,1,mouse
SYNTHETIC DEMONSTRATION ONLY - NOT HUMAN EXPERIMENT RESULTS,1125020,C,1,1265.5271013188062,1.0,0,1,mouse
SYNTHETIC DEMONSTRATION ONLY - NOT HUMAN EXPERIMENT RESULTS,1125040,C,1,1265.5501594156433,1.0,0,1,mouse
SYNTHETIC DEMONSTRATION ONLY - NOT HUMAN EXPERIMENT RESULTS,1125060,C,1,1265.5737071209699,1.0,0,1,mouse
SYNTHETIC DEMONSTRATION ONLY - NOT HUMAN EXPERIMENT RESULTS,1125080,C,1,1265.597744100121,1.0,0,1,mouse
SYNTHETIC DEMONSTRATION ONLY - NOT HUMAN EXPERIMENT RESULTS,1125100,C,1,1265.6222700114781,1.0,0,1,mouse
SYNTHETIC DEMONSTRATION ONLY - NOT HUMAN EXPERIMENT RESULTS,1125120,C,1,1265.6472845064739,1.0,0,1,mouse
SYNTHETIC DEMONSTRATION ONLY - NOT HUMAN EXPERIMENT RESULTS,1125140,C,1,1265.6727872295965,1.0,0,1,mouse
SYNTHETIC DEMONSTRATION ONLY - NOT HUMAN EXPERIMENT RESULTS,1125160,C,1,1265.698777818396,1.0,0,1,mouse
SYNTHETIC DEMONSTRATION ONLY - NOT HUMAN EXPERIMENT RESULTS,1125180,C,1,1265.7252559034887,1.0,0,1,mouse
SYNTHETIC DEMONSTRATION ONLY - NOT HUMAN EXPERIMENT RESULTS,1125200,C,1,1265.7522211085625,1.0,0,1,mouse
SYNTHETIC DEMONSTRATION ONLY - NOT HUMAN EXPERIMENT RESULTS,1125220,C,1,1265.7796730503817,1.0,0,1,mouse
SYNTHETIC DEMONSTRATION ONLY - NOT HUMAN EXPERIMENT RESULTS,1125240,C,1,1265.807611338794,1.0,0,1,mouse
SYNTHETIC DEMONSTRATION ONLY - NOT HUMAN EXPERIMENT RESULTS,1125260,C,1,1265.836035576734,1.0,0,1,mouse
SYNTHETIC DEMONSTRATION ONLY - NOT HUMAN EXPERIMENT RESULTS,1125280,C,1,1265.8649453602306,1.0,0,1,mouse
SYNTHETIC DEMONSTRATION ONLY - NOT HUMAN EXPERIMENT RESULTS,1125300,C,1,1265.8943402784118,1.0,0,1,mouse
SYNTHETIC DEMONSTRATION ONLY - NOT HUMAN EXPERIMENT RESULTS,1125320,C,1,1265.9242199135108,1.0,0,1,mouse
SYNTHETIC DEMONSTRATION ONLY - NOT HUMAN EXPERIMENT RESULTS,1125340,C,1,1265.9545838408717,1.0,0,1,mouse
SYNTHETIC DEMONSTRATION ONLY - NOT HUMAN EXPERIMENT RESULTS,1125360,C,1,1265.9854316289557,1.0,0,1,mouse
SYNTHETIC DEMONSTRATION ONLY - NOT HUMAN EXPERIMENT RESULTS,1125380,C,1,1266.0167628393478,1.0,0,1,mouse
SYNTHETIC DEMONSTRATION ONLY - NOT HUMAN EXPERIMENT RESULTS,1125400,C,1,1266.0485770267621,1.0,0,1,mouse
SYNTHETIC DEMONSTRATION ONLY - NOT HUMAN EXPERIMENT RESULTS,1125420,C,1,1266.0808737390487,1.0,0,1,mouse
SYNTHETIC DEMONSTRATION ONLY - NOT HUMAN EXPERIMENT RESULTS,1125440,C,1,1266.1136525171994,1.0,0,1,mouse
SYNTHETIC DEMONSTRATION ONLY - NOT HUMAN EXPERIMENT RESULTS,1125460,C,1,1266.1469128953554,1.0,0,1,mouse
SYNTHETIC DEMONSTRATION ONLY - NOT HUMAN EXPERIMENT RESULTS,1125480,C,1,1266.1806544008132,1.0,0,1,mouse
SYNTHETIC DEMONSTRATION ONLY - NOT HUMAN EXPERIMENT RESULTS,1125500,C,1,1266.2148765540312,1.0,0,1,mouse
SYNTHETIC DEMONSTRATION ONLY - NOT HUMAN EXPERIMENT RESULTS,1125520,C,1,1266.2495788686372,1.0,0,1,mouse
SYNTHETIC DEMONSTRATION ONLY - NOT HUMAN EXPERIMENT RESULTS,1125540,C,1,1266.284760851434,1.0,0,1,mouse
SYNTHETIC DEMONSTRATION ONLY - NOT HUMAN EXPERIMENT RESULTS,1125560,C,1,1266.320422002408,1.0,0,1,mouse
SYNTHETIC DEMONSTRATION ONLY - NOT HUMAN EXPERIMENT RESULTS,1125580,C,1,1266.3565618147352,1.0,0,1,mouse
SYNTHETIC DEMONSTRATION ONLY - NOT HUMAN EXPERIMENT RESULTS,1125600,C,1,1266.393179774789,1.0,0,1,mouse
SYNTHETIC DEMONSTRATION ONLY - NOT HUMAN EXPERIMENT RESULTS,1125620,C,1,1266.4302753621469,1.0,0,1,mouse
SYNTHETIC DEMONSTRATION ONLY - NOT HUMAN EXPERIMENT RESULTS,1125640,C,1,1266.4678480495988,1.0,0,1,mouse
SYNTHETIC DEMONSTRATION ONLY - NOT HUMAN EXPERIMENT RESULTS,1125660,C,1,1266.5058973031535,1.0,0,1,mouse
SYNTHETIC DEMONSTRATION ONLY - NOT HUMAN EXPERIMENT RESULTS,1125680,C,1,1266.544422582047,1.0,0,1,mouse
SYNTHETIC DEMONSTRATION ONLY - NOT HUMAN EXPERIMENT RESULTS,1125700,C,1,1266.5834233387495,1.0,0,1,mouse
SYNTHETIC DEMONSTRATION ONLY - NOT HUMAN EXPERIMENT RESULTS,1125720,C,1,1266.6228990189743,1.0,0,1,mouse
SYNTHETIC DEMONSTRATION ONLY - NOT HUMAN EXPERIMENT RESULTS,1125740,C,1,1266.6628490616845,1.0,0,1,mouse
SYNTHETIC DEMONSTRATION ONLY - NOT HUMAN EXPERIMENT RESULTS,1125760,C,1,1266.7032728991014,1.0,0,1,mouse
SYNTHETIC DEMONSTRATION ONLY - NOT HUMAN EXPERIMENT RESULTS,1125780,C,1,1266.7441699567128,1.0,0,1,mouse
SYNTHETIC DEMONSTRATION ONLY - NOT HUMAN EXPERIMENT RESULTS,1125800,C,1,1266.7855396532811,1.0,0,1,mouse
SYNTHETIC DEMONSTRATION ONLY - NOT HUMAN EXPERIMENT RESULTS,1125820,C,1,1266.8273814008514,1.0,0,1,mouse
SYNTHETIC DEMONSTRATION ONLY - NOT HUMAN EXPERIMENT RESULTS,1125840,C,1,1266.8696946047596,1.0,0,1,mouse
SYNTHETIC DEMONSTRATION ONLY - NOT HUMAN EXPERIMENT RESULTS,1125860,C,1,1266.9124786636419,1.0,0,1,mouse
SYNTHETIC DEMONSTRATION ONLY - NOT HUMAN EXPERIMENT RESULTS,1125880,C,1,1266.9557329694414,1.0,0,1,mouse
SYNTHETIC DEMONSTRATION ONLY - NOT HUMAN EXPERIMENT RESULTS,1125900,C,1,1266.9994569074192,1.0,0,1,mouse
SYNTHETIC DEMONSTRATION ONLY - NOT HUMAN EXPERIMENT RESULTS,1125920,C,1,1267.0436498561612,1.0,0,1,mouse
SYNTHETIC DEMONSTRATION ONLY - NOT HUMAN EXPERIMENT RESULTS,1125940,C,1,1267.088311187588,1.0,0,1,mouse
SYNTHETIC DEMONSTRATION ONLY - NOT HUMAN EXPERIMENT RESULTS,1125960,C,1,1267.133440266963,1.0,0,1,mouse
SYNTHETIC DEMONSTRATION ONLY - NOT HUMAN EXPERIMENT RESULTS,1125980,C,1,1267.1790364529018,1.0,0,1,mouse
SYNTHETIC DEMONSTRATION ONLY - NOT HUMAN EXPERIMENT RESULTS,1126000,C,1,1267.225099097382,1.0,0,1,mouse
SYNTHETIC DEMONSTRATION ONLY - NOT HUMAN EXPERIMENT RESULTS,1126020,C,1,1267.271627545752,1.0,0,1,mouse
SYNTHETIC DEMONSTRATION ONLY - NOT HUMAN EXPERIMENT RESULTS,1126040,C,1,1267.3186211367386,1.0,0,1,mouse
SYNTHETIC DEMONSTRATION ONLY - NOT HUMAN EXPERIMENT RESULTS,1126060,C,1,1267.366079202459,1.0,0,1,mouse
SYNTHETIC DEMONSTRATION ONLY - NOT HUMAN EXPERIMENT RESULTS,1126080,C,1,1267.4140010684296,1.0,0,1,mouse
SYNTHETIC DEMONSTRATION ONLY - NOT HUMAN EXPERIMENT RESULTS,1126100,C,1,1267.4623860535744,1.0,0,1,mouse
SYNTHETIC DEMONSTRATION ONLY - NOT HUMAN EXPERIMENT RESULTS,1126120,C,1,1267.5112334702353,1.0,0,1,mouse
SYNTHETIC DEMONSTRATION ONLY - NOT HUMAN EXPERIMENT RESULTS,1126140,C,1,1267.5605426241827,1.0,0,1,mouse
SYNTHETIC DEMONSTRATION ONLY - NOT HUMAN EXPERIMENT RESULTS,1126160,C,1,1267.6103128146244,1.0,0,1,mouse
SYNTHETIC DEMONSTRATION ONLY - NOT HUMAN EXPERIMENT RESULTS,1126180,C,1,1267.6605433342158,1.0,0,1,mouse
SYNTHETIC DEMONSTRATION ONLY - NOT HUMAN EXPERIMENT RESULTS,1126200,C,1,1267.7112334690698,1.0,0,1,mouse
SYNTHETIC DEMONSTRATION ONLY - NOT HUMAN EXPERIMENT RESULTS,1126220,C,1,1267.7623824987677,1.0,0,1,mouse
SYNTHETIC DEMONSTRATION ONLY - NOT HUMAN EXPERIMENT RESULTS,1126240,C,1,1267.8139896963685,1.0,0,1,mouse
SYNTHETIC DEMONSTRATION ONLY - NOT HUMAN EXPERIMENT RESULTS,1126260,C,1,1267.8660543284195,1.0,0,1,mouse
SYNTHETIC DEMONSTRATION ONLY - NOT HUMAN EXPERIMENT RESULTS,1126280,C,1,1267.918575654967,1.0,0,1,mouse
SYNTHETIC DEMONSTRATION ONLY - NOT HUMAN EXPERIMENT RESULTS,1126300,C,1,1267.9715529295672,1.0,0,1,mouse
SYNTHETIC DEMONSTRATION ONLY - NOT HUMAN EXPERIMENT RESULTS,1126320,C,1,1268.0249853992952,1.0,0,1,mouse
SYNTHETIC DEMONSTRATION ONLY - NOT HUMAN EXPERIMENT RESULTS,1126340,C,1,1268.0788723047576,1.0,0,1,mouse
SYNTHETIC DEMONSTRATION ONLY - NOT HUMAN EXPERIMENT RESULTS,1126360,C,1,1268.133212880102,1.0,0,1,mouse
SYNTHETIC DEMONSTRATION ONLY - NOT HUMAN EXPERIMENT RESULTS,1126380,C,1,1268.1880063530289,1.0,0,1,mouse
SYNTHETIC DEMONSTRATION ONLY - NOT HUMAN EXPERIMENT RESULTS,1126400,C,1,1268.2432519448014,1.0,0,1,mouse
SYNTHETIC DEMONSTRATION ONLY - NOT HUMAN EXPERIMENT RESULTS,1126420,C,1,1268.2989488702574,1.0,0,1,mouse
SYNTHETIC DEMONSTRATION ONLY - NOT HUMAN EXPERIMENT RESULTS,1126440,C,1,1268.3550963378204,1.0,0,1,mouse
SYNTHETIC DEMONSTRATION ONLY - NOT HUMAN EXPERIMENT RESULTS,1126460,C,1,1268.4116935495108,1.0,0,1,mouse
SYNTHETIC DEMONSTRATION ONLY - NOT HUMAN EXPERIMENT RESULTS,1126480,C,1,1268.4687397009566,1.0,0,1,mouse
SYNTHETIC DEMONSTRATION ONLY - NOT HUMAN EXPERIMENT RESULTS,1126500,C,1,1268.526233981406,1.0,0,1,mouse
SYNTHETIC DEMONSTRATION ONLY - NOT HUMAN EXPERIMENT RESULTS,1126520,C,1,1268.5841755737376,1.0,0,1,mouse
SYNTHETIC DEMONSTRATION ONLY - NOT HUMAN EXPERIMENT RESULTS,1126540,C,1,1268.6425636544736,1.0,0,1,mouse
SYNTHETIC DEMONSTRATION ONLY - NOT HUMAN EXPERIMENT RESULTS,1126560,C,1,1268.7013973937899,1.0,0,1,mouse
SYNTHETIC DEMONSTRATION ONLY - NOT HUMAN EXPERIMENT RESULTS,1126580,C,1,1268.7606759555288,1.0,0,1,mouse
SYNTHETIC DEMONSTRATION ONLY - NOT HUMAN EXPERIMENT RESULTS,1126600,C,1,1268.820398497211,1.0,0,1,mouse
SYNTHETIC DEMONSTRATION ONLY - NOT HUMAN EXPERIMENT RESULTS,1126620,C,1,1268.8805641700465,1.0,0,1,mouse
SYNTHETIC DEMONSTRATION ONLY - NOT HUMAN EXPERIMENT RESULTS,1126640,C,1,1268.9411721189483,1.0,0,1,mouse
SYNTHETIC DEMONSTRATION ONLY - NOT HUMAN EXPERIMENT RESULTS,1126660,C,1,1269.002221482543,1.0,0,1,mouse
SYNTHETIC DEMONSTRATION ONLY - NOT HUMAN EXPERIMENT RESULTS,1126680,C,1,1269.0637113931843,1.0,0,1,mouse
SYNTHETIC DEMONSTRATION ONLY - NOT HUMAN EXPERIMENT RESULTS,1126700,C,1,1269.1256409769644,1.0,0,1,mouse
SYNTHETIC DEMONSTRATION ONLY - NOT HUMAN EXPERIMENT RESULTS,1126720,C,1,1269.1880093537268,1.0,0,1,mouse
SYNTHETIC DEMONSTRATION ONLY - NOT HUMAN EXPERIMENT RESULTS,1126740,C,1,1269.2508156370789,1.0,0,1,mouse
SYNTHETIC DEMONSTRATION ONLY - NOT HUMAN EXPERIMENT RESULTS,1126760,C,1,1269.3140589344039,1.0,0,1,mouse
SYNTHETIC DEMONSTRATION ONLY - NOT HUMAN EXPERIMENT RESULTS,1126780,C,1,1269.3777383468753,1.0,0,1,mouse
SYNTHETIC DEMONSTRATION ONLY - NOT HUMAN EXPERIMENT RESULTS,1126800,C,1,1269.441852969467,1.0,0,1,mouse
SYNTHETIC DEMONSTRATION ONLY - NOT HUMAN EXPERIMENT RESULTS,1126820,C,1,1269.5064018909688,1.0,0,1,mouse
SYNTHETIC DEMONSTRATION ONLY - NOT HUMAN EXPERIMENT RESULTS,1126840,C,1,1269.5713841939976,1.0,0,1,mouse
SYNTHETIC DEMONSTRATION ONLY - NOT HUMAN EXPERIMENT RESULTS,1126860,C,1,1269.6367989550106,1.0,0,1,mouse
SYNTHETIC DEMONSTRATION ONLY - NOT HUMAN EXPERIMENT RESULTS,1126880,C,1,1269.70264524432,1.0,0,1,mouse
SYNTHETIC DEMONSTRATION ONLY - NOT HUMAN EXPERIMENT RESULTS,1126900,C,1,1269.7689221261035,1.0,0,1,mouse
SYNTHETIC DEMONSTRATION ONLY - NOT HUMAN EXPERIMENT RESULTS,1126920,C,1,1269.83562865842,1.0,0,1,mouse
SYNTHETIC DEMONSTRATION ONLY - NOT HUMAN EXPERIMENT RESULTS,1126940,C,1,1269.9027638932228,1.0,0,1,mouse
SYNTHETIC DEMONSTRATION ONLY - NOT HUMAN EXPERIMENT RESULTS,1126960,C,1,1269.9703268763708,1.0,0,1,mouse
SYNTHETIC DEMONSTRATION ONLY - NOT HUMAN EXPERIMENT RESULTS,1126980,C,1,1270.0383166476447,1.0,0,1,mouse
SYNTHETIC DEMONSTRATION ONLY - NOT HUMAN EXPERIMENT RESULTS,1127000,C,1,1270.1067322407594,1.0,0,1,mouse
SYNTHETIC DEMONSTRATION ONLY - NOT HUMAN EXPERIMENT RESULTS,1127020,C,1,1270.1755726833778,1.0,0,1,mouse
SYNTHETIC DEMONSTRATION ONLY - NOT HUMAN EXPERIMENT RESULTS,1127040,C,1,1270.244836997125,1.0,0,1,mouse
SYNTHETIC DEMONSTRATION ONLY - NOT HUMAN EXPERIMENT RESULTS,1127060,C,1,1270.3145241976017,1.0,0,1,mouse
SYNTHETIC DEMONSTRATION ONLY - NOT HUMAN EXPERIMENT RESULTS,1127080,C,1,1270.3846332943986,1.0,0,1,mouse
SYNTHETIC DEMONSTRATION ONLY - NOT HUMAN EXPERIMENT RESULTS,1127100,C,1,1270.45516329111,1.0,0,1,mouse
SYNTHETIC DEMONSTRATION ONLY - NOT HUMAN EXPERIMENT RESULTS,1127120,C,1,1270.5261131853488,1.0,0,1,mouse
SYNTHETIC DEMONSTRATION ONLY - NOT HUMAN EXPERIMENT RESULTS,1127140,C,1,1270.5974819687597,1.0,0,1,mouse
SYNTHETIC DEMONSTRATION ONLY - NOT HUMAN EXPERIMENT RESULTS,1127160,C,1,1270.6692686270344,1.0,0,1,mouse
SYNTHETIC DEMONSTRATION ONLY - NOT HUMAN EXPERIMENT RESULTS,1127180,C,1,1270.741472139926,1.0,0,1,mouse
SYNTHETIC DEMONSTRATION ONLY - NOT HUMAN EXPERIMENT RESULTS,1127200,C,1,1270.814091481262,1.0,0,1,mouse
SYNTHETIC DEMONSTRATION ONLY - NOT HUMAN EXPERIMENT RESULTS,1127220,C,1,1270.8871256189614,1.0,0,1,mouse
SYNTHETIC DEMONSTRATION ONLY - NOT HUMAN EXPERIMENT RESULTS,1127240,C,1,1270.9605735150471,1.0,0,1,mouse
SYNTHETIC DEMONSTRATION ONLY - NOT HUMAN EXPERIMENT RESULTS,1127260,C,1,1271.0344341256623,1.0,0,1,mouse
SYNTHETIC DEMONSTRATION ONLY - NOT HUMAN EXPERIMENT RESULTS,1127280,C,1,1271.1087064010837,1.0,0,1,mouse
SYNTHETIC DEMONSTRATION ONLY - NOT HUMAN EXPERIMENT RESULTS,1127300,C,1,1271.1833892857385,1.0,0,1,mouse
SYNTHETIC DEMONSTRATION ONLY - NOT HUMAN EXPERIMENT RESULTS,1127320,C,1,1271.2584817182171,1.0,0,1,mouse
SYNTHETIC DEMONSTRATION ONLY - NOT HUMAN EXPERIMENT RESULTS,1127340,C,1,1271.3339826312902,1.0,0,1,mouse
SYNTHETIC DEMONSTRATION ONLY - NOT HUMAN EXPERIMENT RESULTS,1127360,C,1,1271.4098909519223,1.0,0,1,mouse
SYNTHETIC DEMONSTRATION ONLY - NOT HUMAN EXPERIMENT RESULTS,1127380,C,1,1271.4862056012882,1.0,0,1,mouse
SYNTHETIC DEMONSTRATION ONLY - NOT HUMAN EXPERIMENT RESULTS,1127400,C,1,1271.5629254947883,1.0,0,1,mouse
SYNTHETIC DEMONSTRATION ONLY - NOT HUMAN EXPERIMENT RESULTS,1127420,C,1,1271.6400495420623,1.0,0,1,mouse
SYNTHETIC DEMONSTRATION ONLY - NOT HUMAN EXPERIMENT RESULTS,1127440,C,1,1271.7175766470075,1.0,0,1,mouse
SYNTHETIC DEMONSTRATION ONLY - NOT HUMAN EXPERIMENT RESULTS,1127460,C,1,1271.7955057077918,1.0,0,1,mouse
SYNTHETIC DEMONSTRATION ONLY - NOT HUMAN EXPERIMENT RESULTS,1127480,C,1,1271.8738356168708,1.0,0,1,mouse
SYNTHETIC DEMONSTRATION ONLY - NOT HUMAN EXPERIMENT RESULTS,1127500,C,1,1271.952565261003,1.0,0,1,mouse
SYNTHETIC DEMONSTRATION ONLY - NOT HUMAN EXPERIMENT RESULTS,1127520,C,1,1272.031693521266,1.0,0,1,mouse
SYNTHETIC DEMONSTRATION ONLY - NOT HUMAN EXPERIMENT RESULTS,1127540,C,1,1272.1112192730723,1.0,0,1,mouse
SYNTHETIC DEMONSTRATION ONLY - NOT HUMAN EXPERIMENT RESULTS,1127560,C,1,1272.1911413861844,1.0,0,1,mouse
SYNTHETIC DEMONSTRATION ONLY - NOT HUMAN EXPERIMENT RESULTS,1127580,C,1,1272.2714587247326,1.0,0,1,mouse
SYNTHETIC DEMONSTRATION ONLY - NOT HUMAN EXPERIMENT RESULTS,1127600,C,1,1272.3521701472296,1.0,0,1,mouse
SYNTHETIC DEMONSTRATION ONLY - NOT HUMAN EXPERIMENT RESULTS,1127620,C,1,1272.4332745065874,1.0,0,1,mouse
SYNTHETIC DEMONSTRATION ONLY - NOT HUMAN EXPERIMENT RESULTS,1127640,C,1,1272.5147706501334,1.0,0,1,mouse
SYNTHETIC DEMONSTRATION ONLY - NOT HUMAN EXPERIMENT RESULTS,1127660,C,1,1272.5966574196273,1.0,0,1,mouse
SYNTHETIC DEMONSTRATION ONLY - NOT HUMAN EXPERIMENT RESULTS,1127680,C,1,1272.6789336512768,1.0,0,1,mouse
SYNTHETIC DEMONSTRATION ONLY - NOT HUMAN EXPERIMENT RESULTS,1127700,C,1,1272.7615981757542,1.0,0,1,mouse
SYNTHETIC DEMONSTRATION ONLY - NOT HUMAN EXPERIMENT RESULTS,1127720,C,1,1272.844649818214,1.0,0,1,mouse
SYNTHETIC DEMONSTRATION ONLY - NOT HUMAN EXPERIMENT RESULTS,1127740,C,1,1272.9280873983087,1.0,0,1,mouse
SYNTHETIC DEMONSTRATION ONLY - NOT HUMAN EXPERIMENT RESULTS,1127760,C,1,1273.011909730205,1.0,0,1,mouse
SYNTHETIC DEMONSTRATION ONLY - NOT HUMAN EXPERIMENT RESULTS,1127780,C,1,1273.0961156226022,1.0,0,1,mouse
SYNTHETIC DEMONSTRATION ONLY - NOT HUMAN EXPERIMENT RESULTS,1127800,C,1,1273.1807038787483,1.0,0,1,mouse
SYNTHETIC DEMONSTRATION ONLY - NOT HUMAN EXPERIMENT RESULTS,1127820,C,1,1273.2656732964572,1.0,0,1,mouse
SYNTHETIC DEMONSTRATION ONLY - NOT HUMAN EXPERIMENT RESULTS,1127840,C,1,1273.3510226681249,1.0,0,1,mouse
SYNTHETIC DEMONSTRATION ONLY - NOT HUMAN EXPERIMENT RESULTS,1127860,C,1,1273.436750780748,1.0,0,1,mouse
SYNTHETIC DEMONSTRATION ONLY - NOT HUMAN EXPERIMENT RESULTS,1127880,C,1,1273.5228564159409,1.0,0,1,mouse
SYNTHETIC DEMONSTRATION ONLY - NOT HUMAN EXPERIMENT RESULTS,1127900,C,1,1273.609338349951,1.0,0,1,mouse
SYNTHETIC DEMONSTRATION ONLY - NOT HUMAN EXPERIMENT RESULTS,1127920,C,1,1273.6961953536793,1.0,0,1,mouse
SYNTHETIC DEMONSTRATION ONLY - NOT HUMAN EXPERIMENT RESULTS,1127940,C,1,1273.783426192695,1.0,0,1,mouse
SYNTHETIC DEMONSTRATION ONLY - NOT HUMAN EXPERIMENT RESULTS,1127960,C,1,1273.8710296272552,1.0,0,1,mouse
SYNTHETIC DEMONSTRATION ONLY - NOT HUMAN EXPERIMENT RESULTS,1127980,C,1,1273.9590044123208,1.0,0,1,mouse
SYNTHETIC DEMONSTRATION ONLY - NOT HUMAN EXPERIMENT RESULTS,1128000,C,1,1274.0473492975757,1.0,0,1,mouse
SYNTHETIC DEMONSTRATION ONLY - NOT HUMAN EXPERIMENT RESULTS,1128020,C,1,1274.1360630274435,1.0,0,1,mouse
SYNTHETIC DEMONSTRATION ONLY - NOT HUMAN EXPERIMENT RESULTS,1128040,C,1,1274.2251443411055,1.0,0,1,mouse
SYNTHETIC DEMONSTRATION ONLY - NOT HUMAN EXPERIMENT RESULTS,1128060,C,1,1274.3145919725193,1.0,0,1,mouse
SYNTHETIC DEMONSTRATION ONLY - NOT HUMAN EXPERIMENT RESULTS,1128080,C,1,1274.404404650436,1.0,0,1,mouse
SYNTHETIC DEMONSTRATION ONLY - NOT HUMAN EXPERIMENT RESULTS,1128100,C,1,1274.4945810984184,1.0,0,1,mouse
SYNTHETIC DEMONSTRATION ONLY - NOT HUMAN EXPERIMENT RESULTS,1128120,C,1,1274.58512003486,1.0,0,1,mouse
SYNTHETIC DEMONSTRATION ONLY - NOT HUMAN EXPERIMENT RESULTS,1128140,C,1,1274.6760201730017,1.0,0,1,mouse
SYNTHETIC DEMONSTRATION ONLY - NOT HUMAN EXPERIMENT RESULTS,1128160,C,1,1274.7672802209515,1.0,0,1,mouse
SYNTHETIC DEMONSTRATION ONLY - NOT HUMAN EXPERIMENT RESULTS,1128180,C,1,1274.8588988817023,1.0,0,1,mouse
SYNTHETIC DEMONSTRATION ONLY - NOT HUMAN EXPERIMENT RESULTS,1128200,C,1,1274.9508748531496,1.0,0,1,mouse
SYNTHETIC DEMONSTRATION ONLY - NOT HUMAN EXPERIMENT RESULTS,1128220,C,1,1275.043206828112,1.0,0,1,mouse
SYNTHETIC DEMONSTRATION ONLY - NOT HUMAN EXPERIMENT RESULTS,1128240,C,1,1275.1358934943473,1.0,0,1,mouse
SYNTHETIC DEMONSTRATION ONLY - NOT HUMAN EXPERIMENT RESULTS,1128260,C,1,1275.2289335345727,1.0,0,1,mouse
SYNTHETIC DEMONSTRATION ONLY - NOT HUMAN EXPERIMENT RESULTS,1128280,C,1,1275.3223256264835,1.0,0,1,mouse
SYNTHETIC DEMONSTRATION ONLY - NOT HUMAN EXPERIMENT RESULTS,1128300,C,1,1275.4160684427713,1.0,0,1,mouse
SYNTHETIC DEMONSTRATION ONLY - NOT HUMAN EXPERIMENT RESULTS,1128320,C,1,1275.5101606511432,1.0,0,1,mouse
SYNTHETIC DEMONSTRATION ONLY - NOT HUMAN EXPERIMENT RESULTS,1128340,C,1,1275.6046009143408,1.0,0,1,mouse
SYNTHETIC DEMONSTRATION ONLY - NOT HUMAN EXPERIMENT RESULTS,1128360,C,1,1275.6993878901587,1.0,0,1,mouse
SYNTHETIC DEMONSTRATION ONLY - NOT HUMAN EXPERIMENT RESULTS,1128380,C,1,1275.794520231464,1.0,0,1,mouse
SYNTHETIC DEMONSTRATION ONLY - NOT HUMAN EXPERIMENT RESULTS,1128400,C,1,1275.889996586216,1.0,0,1,mouse
SYNTHETIC DEMONSTRATION ONLY - NOT HUMAN EXPERIMENT RESULTS,1128420,C,1,1275.9858155974841,1.0,0,1,mouse
SYNTHETIC DEMONSTRATION ONLY - NOT HUMAN EXPERIMENT RESULTS,1128440,C,1,1276.081975903468,1.0,0,1,mouse
SYNTHETIC DEMONSTRATION ONLY - NOT HUMAN EXPERIMENT RESULTS,1128460,C,1,1276.178476137517,1.0,0,1,mouse
SYNTHETIC DEMONSTRATION ONLY - NOT HUMAN EXPERIMENT RESULTS,1128480,C,1,1276.275314928149,1.0,0,1,mouse
SYNTHETIC DEMONSTRATION ONLY - NOT HUMAN EXPERIMENT RESULTS,1128500,C,1,1276.372490899071,1.0,0,1,mouse
SYNTHETIC DEMONSTRATION ONLY - NOT HUMAN EXPERIMENT RESULTS,1128520,C,1,1276.4700026691967,1.0,0,1,mouse
SYNTHETIC DEMONSTRATION ONLY - NOT HUMAN EXPERIMENT RESULTS,1128540,C,1,1276.567848852668,1.0,0,1,mouse
SYNTHETIC DEMONSTRATION ONLY - NOT HUMAN EXPERIMENT RESULTS,1128560,C,1,1276.6660280588746,1.0,0,1,mouse
SYNTHETIC DEMONSTRATION ONLY - NOT HUMAN EXPERIMENT RESULTS,1128580,C,1,1276.7645388924723,1.0,0,1,mouse
SYNTHETIC DEMONSTRATION ONLY - NOT HUMAN EXPERIMENT RESULTS,1128600,C,1,1276.863379953404,1.0,0,1,mouse
SYNTHETIC DEMONSTRATION ONLY - NOT HUMAN EXPERIMENT RESULTS,1128620,C,1,1276.9625498369198,1.0,0,1,mouse
SYNTHETIC DEMONSTRATION ONLY - NOT HUMAN EXPERIMENT RESULTS,1128640,C,1,1277.062047133596,1.0,0,1,mouse
SYNTHETIC DEMONSTRATION ONLY - NOT HUMAN EXPERIMENT RESULTS,1128660,C,1,1277.1618704293555,1.0,0,1,mouse
SYNTHETIC DEMONSTRATION ONLY - NOT HUMAN EXPERIMENT RESULTS,1128680,C,1,1277.2620183054887,1.0,0,1,mouse
SYNTHETIC DEMONSTRATION ONLY - NOT HUMAN EXPERIMENT RESULTS,1128700,C,1,1277.3624893386723,1.0,0,1,mouse
SYNTHETIC DEMONSTRATION ONLY - NOT HUMAN EXPERIMENT RESULTS,1128720,C,1,1277.4632821009907,1.0,0,1,mouse
SYNTHETIC DEMONSTRATION ONLY - NOT HUMAN EXPERIMENT RESULTS,1128740,C,1,1277.5643951599557,1.0,0,1,mouse
SYNTHETIC DEMONSTRATION ONLY - NOT HUMAN EXPERIMENT RESULTS,1128760,C,1,1277.6658270785265,1.0,0,1,mouse
SYNTHETIC DEMONSTRATION ONLY - NOT HUMAN EXPERIMENT RESULTS,1128780,C,1,1277.7675764151315,1.0,0,1,mouse
SYNTHETIC DEMONSTRATION ONLY - NOT HUMAN EXPERIMENT RESULTS,1128800,C,1,1277.8696417236872,1.0,0,1,mouse
SYNTHETIC DEMONSTRATION ONLY - NOT HUMAN EXPERIMENT RESULTS,1128820,C,1,1277.9720215536197,1.0,0,1,mouse
SYNTHETIC DEMONSTRATION ONLY - NOT HUMAN EXPERIMENT RESULTS,1128840,C,1,1278.074714449885,1.0,0,1,mouse
SYNTHETIC DEMONSTRATION ONLY - NOT HUMAN EXPERIMENT RESULTS,1128860,C,1,1278.1777189529896,1.0,0,1,mouse
SYNTHETIC DEMONSTRATION ONLY - NOT HUMAN EXPERIMENT RESULTS,1128880,C,1,1278.2810335990116,1.0,0,1,mouse
SYNTHETIC DEMONSTRATION ONLY - NOT HUMAN EXPERIMENT RESULTS,1128900,C,1,1278.3846569196214,1.0,0,1,mouse
SYNTHETIC DEMONSTRATION ONLY - NOT HUMAN EXPERIMENT RESULTS,1128920,C,1,1278.488587442102,1.0,0,1,mouse
SYNTHETIC DEMONSTRATION ONLY - NOT HUMAN EXPERIMENT RESULTS,1128940,C,1,1278.5928236893706,1.0,0,1,mouse
SYNTHETIC DEMONSTRATION ONLY - NOT HUMAN EXPERIMENT RESULTS,1128960,C,1,1278.6973641799993,1.0,0,1,mouse
SYNTHETIC DEMONSTRATION ONLY - NOT HUMAN EXPERIMENT RESULTS,1128980,C,1,1278.8022074282367,1.0,0,1,mouse
SYNTHETIC DEMONSTRATION ONLY - NOT HUMAN EXPERIMENT RESULTS,1129000,C,1,1278.907351944028,1.0,0,1,mouse
SYNTHETIC DEMONSTRATION ONLY - NOT HUMAN EXPERIMENT RESULTS,1129020,C,1,1279.0127962330369,1.0,0,1,mouse
SYNTHETIC DEMONSTRATION ONLY - NOT HUMAN EXPERIMENT RESULTS,1129040,C,1,1279.1185387966664,1.0,0,1,mouse
SYNTHETIC DEMONSTRATION ONLY - NOT HUMAN EXPERIMENT RESULTS,1129060,C,1,1279.224578132081,1.0,0,1,mouse
SYNTHETIC DEMONSTRATION ONLY - NOT HUMAN EXPERIMENT RESULTS,1129080,C,1,1279.3309127322268,1.0,0,1,mouse
SYNTHETIC DEMONSTRATION ONLY - NOT HUMAN EXPERIMENT RESULTS,1129100,C,1,1279.4375410858538,1.0,0,1,mouse
SYNTHETIC DEMONSTRATION ONLY - NOT HUMAN EXPERIMENT RESULTS,1129120,C,1,1279.5444616775371,1.0,0,1,mouse
SYNTHETIC DEMONSTRATION ONLY - NOT HUMAN EXPERIMENT RESULTS,1129140,C,1,1279.6516729876985,1.0,0,1,mouse
SYNTHETIC DEMONSTRATION ONLY - NOT HUMAN EXPERIMENT RESULTS,1129160,C,1,1279.7591734926275,1.0,0,1,mouse
SYNTHETIC DEMONSTRATION ONLY - NOT HUMAN EXPERIMENT RESULTS,1129180,C,1,1279.8669616645047,1.0,0,1,mouse
SYNTHETIC DEMONSTRATION ONLY - NOT HUMAN EXPERIMENT RESULTS,1129200,C,1,1279.975035971421,1.0,0,1,mouse
SYNTHETIC DEMONSTRATION ONLY - NOT HUMAN EXPERIMENT RESULTS,1129220,C,1,1280.0833948774018,1.0,0,1,mouse
SYNTHETIC DEMONSTRATION ONLY - NOT HUMAN EXPERIMENT RESULTS,1129240,C,1,1280.192036842427,1.0,0,1,mouse
SYNTHETIC DEMONSTRATION ONLY - NOT HUMAN EXPERIMENT RESULTS,1129260,C,1,1280.3009603224532,1.0,0,1,mouse
SYNTHETIC DEMONSTRATION ONLY - NOT HUMAN EXPERIMENT RESULTS,1129280,C,1,1280.4101637694375,1.0,0,1,mouse
SYNTHETIC DEMONSTRATION ONLY - NOT HUMAN EXPERIMENT RESULTS,1129300,C,1,1280.5196456313568,1.0,0,1,mouse
SYNTHETIC DEMONSTRATION ONLY - NOT HUMAN EXPERIMENT RESULTS,1129320,C,1,1280.6294043522314,1.0,0,1,mouse
SYNTHETIC DEMONSTRATION ONLY - NOT HUMAN EXPERIMENT RESULTS,1129340,C,1,1280.739438372147,1.0,0,1,mouse
SYNTHETIC DEMONSTRATION ONLY - NOT HUMAN EXPERIMENT RESULTS,1129360,C,1,1280.849746127277,1.0,0,1,mouse
SYNTHETIC DEMONSTRATION ONLY - NOT HUMAN EXPERIMENT RESULTS,1129380,C,1,1280.9603260499034,1.0,0,1,mouse
SYNTHETIC DEMONSTRATION ONLY - NOT HUMAN EXPERIMENT RESULTS,1129400,C,1,1281.0711765684414,1.0,0,1,mouse
SYNTHETIC DEMONSTRATION ONLY - NOT HUMAN EXPERIMENT RESULTS,1129420,C,1,1281.1822961074593,1.0,0,1,mouse
SYNTHETIC DEMONSTRATION ONLY - NOT HUMAN EXPERIMENT RESULTS,1129440,C,1,1281.2936830877024,1.0,0,1,mouse
SYNTHETIC DEMONSTRATION ONLY - NOT HUMAN EXPERIMENT RESULTS,1129460,C,1,1281.4053359261156,1.0,0,1,mouse
SYNTHETIC DEMONSTRATION ONLY - NOT HUMAN EXPERIMENT RESULTS,1129480,C,1,1281.5172530358643,1.0,0,1,mouse
SYNTHETIC DEMONSTRATION ONLY - NOT HUMAN EXPERIMENT RESULTS,1129500,C,1,1281.6294328263596,1.0,0,1,mouse
SYNTHETIC DEMONSTRATION ONLY - NOT HUMAN EXPERIMENT RESULTS,1129520,C,1,1281.7418737032774,1.0,0,1,mouse
SYNTHETIC DEMONSTRATION ONLY - NOT HUMAN EXPERIMENT RESULTS,1129540,C,1,1281.8545740685843,1.0,0,1,mouse
SYNTHETIC DEMONSTRATION ONLY - NOT HUMAN EXPERIMENT RESULTS,1129560,C,1,1281.9675323205588,1.0,0,1,mouse
SYNTHETIC DEMONSTRATION ONLY - NOT HUMAN EXPERIMENT RESULTS,1129580,C,1,1282.0807468538142,1.0,0,1,mouse
SYNTHETIC DEMONSTRATION ONLY - NOT HUMAN EXPERIMENT RESULTS,1129600,C,1,1282.1942160593208,1.0,0,1,mouse
SYNTHETIC DEMONSTRATION ONLY - NOT HUMAN EXPERIMENT RESULTS,1129620,C,1,1282.3079383244306,1.0,0,1,mouse
SYNTHETIC DEMONSTRATION ONLY - NOT HUMAN EXPERIMENT RESULTS,1129640,C,1,1282.4219120328983,1.0,0,1,mouse
SYNTHETIC DEMONSTRATION ONLY - NOT HUMAN EXPERIMENT RESULTS,1129660,C,1,1282.536135564905,1.0,0,1,mouse
SYNTHETIC DEMONSTRATION ONLY - NOT HUMAN EXPERIMENT RESULTS,1129680,C,1,1282.6506072970817,1.0,0,1,mouse
SYNTHETIC DEMONSTRATION ONLY - NOT HUMAN EXPERIMENT RESULTS,1129700,C,1,1282.7653256025317,1.0,0,1,mouse
SYNTHETIC DEMONSTRATION ONLY - NOT HUMAN EXPERIMENT RESULTS,1129720,C,1,1282.8802888508542,1.0,0,1,mouse
SYNTHETIC DEMONSTRATION ONLY - NOT HUMAN EXPERIMENT RESULTS,1129740,C,1,1282.9954954081666,1.0,0,1,mouse
SYNTHETIC DEMONSTRATION ONLY - NOT HUMAN EXPERIMENT RESULTS,1129760,C,1,1283.1109436371285,1.0,0,1,mouse
SYNTHETIC DEMONSTRATION ONLY - NOT HUMAN EXPERIMENT RESULTS,1129780,C,1,1283.2266318969657,1.0,0,1,mouse
SYNTHETIC DEMONSTRATION ONLY - NOT HUMAN EXPERIMENT RESULTS,1129800,C,1,1283.3425585434914,1.0,0,1,mouse
SYNTHETIC DEMONSTRATION ONLY - NOT HUMAN EXPERIMENT RESULTS,1129820,C,1,1283.4587219291316,1.0,0,1,mouse
SYNTHETIC DEMONSTRATION ONLY - NOT HUMAN EXPERIMENT RESULTS,1129840,C,1,1283.5751204029473,1.0,0,1,mouse
SYNTHETIC DEMONSTRATION ONLY - NOT HUMAN EXPERIMENT RESULTS,1129860,C,1,1283.6917523106588,1.0,0,1,mouse
SYNTHETIC DEMONSTRATION ONLY - NOT HUMAN EXPERIMENT RESULTS,1129880,C,1,1283.8086159946681,1.0,0,1,mouse
SYNTHETIC DEMONSTRATION ONLY - NOT HUMAN EXPERIMENT RESULTS,1129900,C,1,1283.925709794084,1.0,0,1,mouse
SYNTHETIC DEMONSTRATION ONLY - NOT HUMAN EXPERIMENT RESULTS,1129920,C,1,1284.0430320447442,1.0,0,1,mouse
SYNTHETIC DEMONSTRATION ONLY - NOT HUMAN EXPERIMENT RESULTS,1129940,C,1,1284.16058107924,1.0,0,1,mouse
SYNTHETIC DEMONSTRATION ONLY - NOT HUMAN EXPERIMENT RESULTS,1129960,C,1,1284.278355226939,1.0,0,1,mouse
SYNTHETIC DEMONSTRATION ONLY - NOT HUMAN EXPERIMENT RESULTS,1129980,C,1,1284.3963528140105,1.0,0,1,mouse
SYNTHETIC DEMONSTRATION ONLY - NOT HUMAN EXPERIMENT RESULTS,1130000,C,1,1284.5145721634472,1.0,0,1,mouse
SYNTHETIC DEMONSTRATION ONLY - NOT HUMAN EXPERIMENT RESULTS,1130020,C,1,1284.6330115950905,1.0,0,1,mouse
SYNTHETIC DEMONSTRATION ONLY - NOT HUMAN EXPERIMENT RESULTS,1130040,C,1,1284.751669425654,1.0,0,1,mouse
SYNTHETIC DEMONSTRATION ONLY - NOT HUMAN EXPERIMENT RESULTS,1130060,C,1,1284.8705439687471,1.0,0,1,mouse
SYNTHETIC DEMONSTRATION ONLY - NOT HUMAN EXPERIMENT RESULTS,1130080,C,1,1284.9896335348997,1.0,0,1,mouse
SYNTHETIC DEMONSTRATION ONLY - NOT HUMAN EXPERIMENT RESULTS,1130100,C,1,1285.108936431585,1.0,0,1,mouse
SYNTHETIC DEMONSTRATION ONLY - NOT HUMAN EXPERIMENT RESULTS,1130120,C,1,1285.2284509632452,1.0,0,1,mouse
SYNTHETIC DEMONSTRATION ONLY - NOT HUMAN EXPERIMENT RESULTS,1130140,C,1,1285.3481754313143,1.0,0,1,mouse
SYNTHETIC DEMONSTRATION ONLY - NOT HUMAN EXPERIMENT RESULTS,1130160,C,1,1285.4681081342421,1.0,0,1,mouse
SYNTHETIC DEMONSTRATION ONLY - NOT HUMAN EXPERIMENT RESULTS,1130180,C,1,1285.58824736752,1.0,0,1,mouse
SYNTHETIC DEMONSTRATION ONLY - NOT HUMAN EXPERIMENT RESULTS,1130200,C,1,1285.7085914237032,1.0,0,1,mouse
SYNTHETIC DEMONSTRATION ONLY - NOT HUMAN EXPERIMENT RESULTS,1130220,C,1,1285.8291385924363,1.0,0,1,mouse
SYNTHETIC DEMONSTRATION ONLY - NOT HUMAN EXPERIMENT RESULTS,1130240,C,1,1285.9498871604774,1.0,0,1,mouse
SYNTHETIC DEMONSTRATION ONLY - NOT HUMAN EXPERIMENT RESULTS,1130260,C,1,1286.0708354117219,1.0,0,1,mouse
SYNTHETIC DEMONSTRATION ONLY - NOT HUMAN EXPERIMENT RESULTS,1130280,C,1,1286.1919816272273,1.0,0,1,mouse
SYNTHETIC DEMONSTRATION ONLY - NOT HUMAN EXPERIMENT RESULTS,1130300,C,1,1286.3133240852383,1.0,0,1,mouse
SYNTHETIC DEMONSTRATION ONLY - NOT HUMAN EXPERIMENT RESULTS,1130320,C,1,1286.4348610612092,1.0,0,1,mouse
SYNTHETIC DEMONSTRATION ONLY - NOT HUMAN EXPERIMENT RESULTS,1130340,C,1,1286.556590827831,1.0,0,1,mouse
SYNTHETIC DEMONSTRATION ONLY - NOT HUMAN EXPERIMENT RESULTS,1130360,C,1,1286.6785116550545,1.0,0,1,mouse
SYNTHETIC DEMONSTRATION ONLY - NOT HUMAN EXPERIMENT RESULTS,1130380,C,1,1286.800621810114,1.0,0,1,mouse
SYNTHETIC DEMONSTRATION ONLY - NOT HUMAN EXPERIMENT RESULTS,1130400,C,1,1286.9229195575551,1.0,0,1,mouse
SYNTHETIC DEMONSTRATION ONLY - NOT HUMAN EXPERIMENT RESULTS,1130420,C,1,1287.045403159255,1.0,0,1,mouse
SYNTHETIC DEMONSTRATION ONLY - NOT HUMAN EXPERIMENT RESULTS,1130440,C,1,1287.1680708744514,1.0,0,1,mouse
SYNTHETIC DEMONSTRATION ONLY - NOT HUMAN EXPERIMENT RESULTS,1130460,C,1,1287.290920959764,1.0,0,1,mouse
SYNTHETIC DEMONSTRATION ONLY - NOT HUMAN EXPERIMENT RESULTS,1130480,C,1,1287.4139516692214,1.0,0,1,mouse
SYNTHETIC DEMONSTRATION ONLY - NOT HUMAN EXPERIMENT RESULTS,1130500,C,1,1287.537161254285,1.0,0,1,mouse
SYNTHETIC DEMONSTRATION ONLY - NOT HUMAN EXPERIMENT RESULTS,1130520,C,1,1287.6605479638738,1.0,0,1,mouse
SYNTHETIC DEMONSTRATION ONLY - NOT HUMAN EXPERIMENT RESULTS,1130540,C,1,1287.784110044389,1.0,0,1,mouse
SYNTHETIC DEMONSTRATION ONLY - NOT HUMAN EXPERIMENT RESULTS,1130560,C,1,1287.9078457397409,1.0,0,1,mouse
SYNTHETIC DEMONSTRATION ONLY - NOT HUMAN EXPERIMENT RESULTS,1130580,C,1,1288.031753291371,1.0,0,1,mouse
SYNTHETIC DEMONSTRATION ONLY - NOT HUMAN EXPERIMENT RESULTS,1130600,C,1,1288.155830938278,1.0,0,1,mouse
SYNTHETIC DEMONSTRATION ONLY - NOT HUMAN EXPERIMENT RESULTS,1130620,C,1,1288.2800769170449,1.0,0,1,mouse
SYNTHETIC DEMONSTRATION ONLY - NOT HUMAN EXPERIMENT RESULTS,1130640,C,1,1288.404489461861,1.0,0,1,mouse
SYNTHETIC DEMONSTRATION ONLY - NOT HUMAN EXPERIMENT RESULTS,1130660,C,1,1288.5290668045482,1.0,0,1,mouse
SYNTHETIC DEMONSTRATION ONLY - NOT HUMAN EXPERIMENT RESULTS,1130680,C,1,1288.6538071745874,1.0,0,1,mouse
SYNTHETIC DEMONSTRATION ONLY - NOT HUMAN EXPERIMENT RESULTS,1130700,C,1,1288.7787087991412,1.0,0,1,mouse
SYNTHETIC DEMONSTRATION ONLY - NOT HUMAN EXPERIMENT RESULTS,1130720,C,1,1288.9037699030816,1.0,0,1,mouse
SYNTHETIC DEMONSTRATION ONLY - NOT HUMAN EXPERIMENT RESULTS,1130740,C,1,1289.0289887090134,1.0,0,1,mouse
SYNTHETIC DEMONSTRATION ONLY - NOT HUMAN EXPERIMENT RESULTS,1130760,C,1,1289.1543634372997,1.0,0,1,mouse
SYNTHETIC DEMONSTRATION ONLY - NOT HUMAN EXPERIMENT RESULTS,1130780,C,1,1289.2798923060886,1.0,0,1,mouse
SYNTHETIC DEMONSTRATION ONLY - NOT HUMAN EXPERIMENT RESULTS,1130800,C,1,1289.4055735313368,1.0,0,1,mouse
SYNTHETIC DEMONSTRATION ONLY - NOT HUMAN EXPERIMENT RESULTS,1130820,C,1,1289.531405326836,1.0,0,1,mouse
SYNTHETIC DEMONSTRATION ONLY - NOT HUMAN EXPERIMENT RESULTS,1130840,C,1,1289.6573859042378,1.0,0,1,mouse
SYNTHETIC DEMONSTRATION ONLY - NOT HUMAN EXPERIMENT RESULTS,1130860,C,1,1289.7835134730792,1.0,0,1,mouse
SYNTHETIC DEMONSTRATION ONLY - NOT HUMAN EXPERIMENT RESULTS,1130880,C,1,1289.9097862408084,1.0,0,1,mouse
SYNTHETIC DEMONSTRATION ONLY - NOT HUMAN EXPERIMENT RESULTS,1130900,C,1,1290.03620241281,1.0,0,1,mouse
SYNTHETIC DEMONSTRATION ONLY - NOT HUMAN EXPERIMENT RESULTS,1130920,C,1,1290.1627601924301,1.0,0,1,mouse
SYNTHETIC DEMONSTRATION ONLY - NOT HUMAN EXPERIMENT RESULTS,1130940,C,1,1290.2894577810027,1.0,0,1,mouse
SYNTHETIC DEMONSTRATION ONLY - NOT HUMAN EXPERIMENT RESULTS,1130960,C,1,1290.4162933778746,1.0,0,1,mouse
SYNTHETIC DEMONSTRATION ONLY - NOT HUMAN EXPERIMENT RESULTS,1130980,C,1,1290.543265180431,1.0,0,1,mouse
SYNTHETIC DEMONSTRATION ONLY - NOT HUMAN EXPERIMENT RESULTS,1131000,C,1,1290.670371384122,1.0,0,1,mouse
SYNTHETIC DEMONSTRATION ONLY - NOT HUMAN EXPERIMENT RESULTS,1131020,C,1,1290.7976101824868,1.0,0,1,mouse
SYNTHETIC DEMONSTRATION ONLY - NOT HUMAN EXPERIMENT RESULTS,1131040,C,1,1290.9249797671803,1.0,0,1,mouse
SYNTHETIC DEMONSTRATION ONLY - NOT HUMAN EXPERIMENT RESULTS,1131060,C,1,1291.0524783279989,1.0,0,1,mouse
SYNTHETIC DEMONSTRATION ONLY - NOT HUMAN EXPERIMENT RESULTS,1131080,C,1,1291.180104052906,1.0,0,1,mouse
SYNTHETIC DEMONSTRATION ONLY - NOT HUMAN EXPERIMENT RESULTS,1131100,C,1,1291.307855128057,1.0,0,1,mouse
SYNTHETIC DEMONSTRATION ONLY - NOT HUMAN EXPERIMENT RESULTS,1131120,C,1,1291.4357297378274,1.0,0,1,mouse
SYNTHETIC DEMONSTRATION ONLY - NOT HUMAN EXPERIMENT RESULTS,1131140,C,1,1291.563726064835,1.0,0,1,mouse
SYNTHETIC DEMONSTRATION ONLY - NOT HUMAN EXPERIMENT RESULTS,1131160,C,1,1291.6918422899687,1.0,0,1,mouse
SYNTHETIC DEMONSTRATION ONLY - NOT HUMAN EXPERIMENT RESULTS,1131180,C,1,1291.820076592414,1.0,0,1,mouse
SYNTHETIC DEMONSTRATION ONLY - NOT HUMAN EXPERIMENT RESULTS,1131200,C,1,1291.9484271496767,1.0,0,1,mouse
SYNTHETIC DEMONSTRATION ONLY - NOT HUMAN EXPERIMENT RESULTS,1131220,C,1,1292.076892137612,1.0,0,1,mouse
SYNTHETIC DEMONSTRATION ONLY - NOT HUMAN EXPERIMENT RESULTS,1131240,C,1,1292.2054697304482,1.0,0,1,mouse
SYNTHETIC DEMONSTRATION ONLY - NOT HUMAN EXPERIMENT RESULTS,1131260,C,1,1292.3341581008124,1.0,0,1,mouse
SYNTHETIC DEMONSTRATION ONLY - NOT HUMAN EXPERIMENT RESULTS,1131280,C,1,1292.4629554197586,1.0,0,1,mouse
SYNTHETIC DEMONSTRATION ONLY - NOT HUMAN EXPERIMENT RESULTS,1131300,C,1,1292.5918598567914,1.0,0,1,mouse
SYNTHETIC DEMONSTRATION ONLY - NOT HUMAN EXPERIMENT RESULTS,1131320,C,1,1292.7208695798936,1.0,0,1,mouse
SYNTHETIC DEMONSTRATION ONLY - NOT HUMAN EXPERIMENT RESULTS,1131340,C,1,1292.8499827555518,1.0,0,1,mouse
SYNTHETIC DEMONSTRATION ONLY - NOT HUMAN EXPERIMENT RESULTS,1131360,C,1,1292.9791975487813,1.0,0,1,mouse
SYNTHETIC DEMONSTRATION ONLY - NOT HUMAN EXPERIMENT RESULTS,1131380,C,1,1293.1085121231542,1.0,0,1,mouse
SYNTHETIC DEMONSTRATION ONLY - NOT HUMAN EXPERIMENT RESULTS,1131400,C,1,1293.2379246408243,1.0,0,1,mouse
SYNTHETIC DEMONSTRATION ONLY - NOT HUMAN EXPERIMENT RESULTS,1131420,C,1,1293.367433262553,1.0,0,1,mouse
SYNTHETIC DEMONSTRATION ONLY - NOT HUMAN EXPERIMENT RESULTS,1131440,C,1,1293.4970361477365,1.0,0,1,mouse
SYNTHETIC DEMONSTRATION ONLY - NOT HUMAN EXPERIMENT RESULTS,1131460,C,1,1293.6267314544305,1.0,0,1,mouse
SYNTHETIC DEMONSTRATION ONLY - NOT HUMAN EXPERIMENT RESULTS,1131480,C,1,1293.7565173393778,1.0,0,1,mouse
SYNTHETIC DEMONSTRATION ONLY - NOT HUMAN EXPERIMENT RESULTS,1131500,C,1,1293.886391958034,1.0,0,1,mouse
SYNTHETIC DEMONSTRATION ONLY - NOT HUMAN EXPERIMENT RESULTS,1131520,C,1,1294.0163534645926,1.0,0,1,mouse
SYNTHETIC DEMONSTRATION ONLY - NOT HUMAN EXPERIMENT RESULTS,1131540,C,1,1294.1464000120134,1.0,0,1,mouse
SYNTHETIC DEMONSTRATION ONLY - NOT HUMAN EXPERIMENT RESULTS,1131560,C,1,1294.276529752047,1.0,0,1,mouse
SYNTHETIC DEMONSTRATION ONLY - NOT HUMAN EXPERIMENT RESULTS,1131580,C,1,1294.4067408352619,1.0,0,1,mouse
SYNTHETIC DEMONSTRATION ONLY - NOT HUMAN EXPERIMENT RESULTS,1131600,C,1,1294.53703141107,1.0,0,1,mouse
SYNTHETIC DEMONSTRATION ONLY - NOT HUMAN EXPERIMENT RESULTS,1131620,C,1,1294.667399627754,1.0,0,1,mouse
SYNTHETIC DEMONSTRATION ONLY - NOT HUMAN EXPERIMENT RESULTS,1131640,C,1,1294.7978436324934,1.0,0,1,mouse
SYNTHETIC DEMONSTRATION ONLY - NOT HUMAN EXPERIMENT RESULTS,1131660,C,1,1294.9283615713896,1.0,0,1,mouse
SYNTHETIC DEMONSTRATION ONLY - NOT HUMAN EXPERIMENT RESULTS,1131680,C,1,1295.058951589494,1.0,0,1,mouse
SYNTHETIC DEMONSTRATION ONLY - NOT HUMAN EXPERIMENT RESULTS,1131700,C,1,1295.1896118308332,1.0,0,1,mouse
SYNTHETIC DEMONSTRATION ONLY - NOT HUMAN EXPERIMENT RESULTS,1131720,C,1,1295.3203404384362,1.0,0,1,mouse
SYNTHETIC DEMONSTRATION ONLY - NOT HUMAN EXPERIMENT RESULTS,1131740,C,1,1295.4511355543602,1.0,0,1,mouse
SYNTHETIC DEMONSTRATION ONLY - NOT HUMAN EXPERIMENT RESULTS,1131760,C,1,1295.5819953197167,1.0,0,1,mouse
SYNTHETIC DEMONSTRATION ONLY - NOT HUMAN EXPERIMENT RESULTS,1131780,C,1,1295.712917874699,1.0,0,1,mouse
SYNTHETIC DEMONSTRATION ONLY - NOT HUMAN EXPERIMENT RESULTS,1131800,C,1,1295.8439013586078,1.0,0,1,mouse
SYNTHETIC DEMONSTRATION ONLY - NOT HUMAN EXPERIMENT RESULTS,1131820,C,1,1295.9749439098778,1.0,0,1,mouse
SYNTHETIC DEMONSTRATION ONLY - NOT HUMAN EXPERIMENT RESULTS,1131840,C,1,1296.1060436661044,1.0,0,1,mouse
SYNTHETIC DEMONSTRATION ONLY - NOT HUMAN EXPERIMENT RESULTS,1131860,C,1,1296.23719876407,1.0,0,1,mouse
SYNTHETIC DEMONSTRATION ONLY - NOT HUMAN EXPERIMENT RESULTS,1131880,C,1,1296.3684073397696,1.0,0,1,mouse
SYNTHETIC DEMONSTRATION ONLY - NOT HUMAN EXPERIMENT RESULTS,1131900,C,1,1296.4996675284399,1.0,0,1,mouse
SYNTHETIC DEMONSTRATION ONLY - NOT HUMAN EXPERIMENT RESULTS,1131920,C,1,1296.6309774645827,1.0,0,1,mouse
SYNTHETIC DEMONSTRATION ONLY - NOT HUMAN EXPERIMENT RESULTS,1131940,C,1,1296.7623352819926,1.0,0,1,mouse
SYNTHETIC DEMONSTRATION ONLY - NOT HUMAN EXPERIMENT RESULTS,1131960,C,1,1296.8937391137852,1.0,0,1,mouse
SYNTHETIC DEMONSTRATION ONLY - NOT HUMAN EXPERIMENT RESULTS,1131980,C,1,1297.0251870924203,1.0,0,1,mouse
SYNTHETIC DEMONSTRATION ONLY - NOT HUMAN EXPERIMENT RESULTS,1132000,C,1,1297.1566773497318,1.0,0,1,mouse
SYNTHETIC DEMONSTRATION ONLY - NOT HUMAN EXPERIMENT RESULTS,1132020,C,1,1297.288208016952,1.0,0,1,mouse
SYNTHETIC DEMONSTRATION ONLY - NOT HUMAN EXPERIMENT RESULTS,1132040,C,1,1297.4197772247385,1.0,0,1,mouse
SYNTHETIC DEMONSTRATION ONLY - NOT HUMAN EXPERIMENT RESULTS,1132060,C,1,1297.5513831032024,1.0,0,1,mouse
SYNTHETIC DEMONSTRATION ONLY - NOT HUMAN EXPERIMENT RESULTS,1132080,C,1,1297.6830237819322,1.0,0,1,mouse
SYNTHETIC DEMONSTRATION ONLY - NOT HUMAN EXPERIMENT RESULTS,1132100,C,1,1297.8146973900227,1.0,0,1,mouse
SYNTHETIC DEMONSTRATION ONLY - NOT HUMAN EXPERIMENT RESULTS,1132120,C,1,1297.9464020561004,1.0,0,1,mouse
SYNTHETIC DEMONSTRATION ONLY - NOT HUMAN EXPERIMENT RESULTS,1132140,C,1,1298.0781359083508,1.0,0,1,mouse
SYNTHETIC DEMONSTRATION ONLY - NOT HUMAN EXPERIMENT RESULTS,1132160,C,1,1298.2098970745437,1.0,0,1,mouse
SYNTHETIC DEMONSTRATION ONLY - NOT HUMAN EXPERIMENT RESULTS,1132180,C,1,1298.3416836820618,1.0,0,1,mouse
SYNTHETIC DEMONSTRATION ONLY - NOT HUMAN EXPERIMENT RESULTS,1132200,C,1,1298.4734938579252,1.0,0,1,mouse
SYNTHETIC DEMONSTRATION ONLY - NOT HUMAN EXPERIMENT RESULTS,1132220,C,1,1298.60532572882,1.0,0,1,mouse
SYNTHETIC DEMONSTRATION ONLY - NOT HUMAN EXPERIMENT RESULTS,1132240,C,1,1298.7371774211233,1.0,0,1,mouse
SYNTHETIC DEMONSTRATION ONLY - NOT HUMAN EXPERIMENT RESULTS,1132260,C,1,1298.8690470609306,1.0,0,1,mouse
SYNTHETIC DEMONSTRATION ONLY - NOT HUMAN EXPERIMENT RESULTS,1132280,C,1,1299.0009327740827,1.0,0,1,mouse
SYNTHETIC DEMONSTRATION ONLY - NOT HUMAN EXPERIMENT RESULTS,1132300,C,1,1299.1328326861915,1.0,0,1,mouse
SYNTHETIC DEMONSTRATION ONLY - NOT HUMAN EXPERIMENT RESULTS,1132320,C,1,1299.2647449226672,1.0,0,1,mouse
SYNTHETIC DEMONSTRATION ONLY - NOT HUMAN EXPERIMENT RESULTS,1132340,C,1,1299.396667608745,1.0,0,1,mouse
SYNTHETIC DEMONSTRATION ONLY - NOT HUMAN EXPERIMENT RESULTS,1132360,C,1,1299.5285988695118,1.0,0,1,mouse
SYNTHETIC DEMONSTRATION ONLY - NOT HUMAN EXPERIMENT RESULTS,1132380,C,1,1299.6605368299317,1.0,0,1,mouse
SYNTHETIC DEMONSTRATION ONLY - NOT HUMAN EXPERIMENT RESULTS,1132400,C,1,1299.7924796148752,1.0,0,1,mouse
SYNTHETIC DEMONSTRATION ONLY - NOT HUMAN EXPERIMENT RESULTS,1132420,C,1,1299.9244253491424,1.0,0,1,mouse
SYNTHETIC DEMONSTRATION ONLY - NOT HUMAN EXPERIMENT RESULTS,1132440,C,1,1300.0563721574927,1.0,0,1,mouse
SYNTHETIC DEMONSTRATION ONLY - NOT HUMAN EXPERIMENT RESULTS,1132460,C,1,1300.18831816467,1.0,0,1,mouse
SYNTHETIC DEMONSTRATION ONLY - NOT HUMAN EXPERIMENT RESULTS,1132480,C,1,1300.320261495429,1.0,0,1,mouse
SYNTHETIC DEMONSTRATION ONLY - NOT HUMAN EXPERIMENT RESULTS,1132500,C,1,1300.4522002745634,1.0,0,1,mouse
SYNTHETIC DEMONSTRATION ONLY - NOT HUMAN EXPERIMENT RESULTS,1132520,C,1,1300.5841326269313,1.0,0,1,mouse
SYNTHETIC DEMONSTRATION ONLY - NOT HUMAN EXPERIMENT RESULTS,1132540,C,1,1300.716056677481,1.0,0,1,mouse
SYNTHETIC DEMONSTRATION ONLY - NOT HUMAN EXPERIMENT RESULTS,1132560,C,1,1300.8479705512807,1.0,0,1,mouse
SYNTHETIC DEMONSTRATION ONLY - NOT HUMAN EXPERIMENT RESULTS,1132580,C,1,1300.9798723735419,1.0,0,1,mouse
SYNTHETIC DEMONSTRATION ONLY - NOT HUMAN EXPERIMENT RESULTS,1132600,C,1,1301.1117602696474,1.0,0,1,mouse
SYNTHETIC DEMONSTRATION ONLY - NOT HUMAN EXPERIMENT RESULTS,1132620,C,1,1301.2436323651789,1.0,0,1,mouse
SYNTHETIC DEMONSTRATION ONLY - NOT HUMAN EXPERIMENT RESULTS,1132640,C,1,1301.3754867859416,1.0,0,1,mouse
SYNTHETIC DEMONSTRATION ONLY - NOT HUMAN EXPERIMENT RESULTS,1132660,C,1,1301.5073216579924,1.0,0,1,mouse
SYNTHETIC DEMONSTRATION ONLY - NOT HUMAN EXPERIMENT RESULTS,1132680,C,1,1301.639135107666,1.0,0,1,mouse
SYNTHETIC DEMONSTRATION ONLY - NOT HUMAN EXPERIMENT RESULTS,1132700,C,1,1301.7709252616014,1.0,0,1,mouse
SYNTHETIC DEMONSTRATION ONLY - NOT HUMAN EXPERIMENT RESULTS,1132720,C,1,1301.902690246769,1.0,0,1,mouse
SYNTHETIC DEMONSTRATION ONLY - NOT HUMAN EXPERIMENT RESULTS,1132740,C,1,1302.0344281904968,1.0,0,1,mouse
SYNTHETIC DEMONSTRATION ONLY - NOT HUMAN EXPERIMENT RESULTS,1132760,C,1,1302.1661372204962,1.0,0,1,mouse
SYNTHETIC DEMONSTRATION ONLY - NOT HUMAN EXPERIMENT RESULTS,1132780,C,1,1302.2978154648915,1.0,0,1,mouse
SYNTHETIC DEMONSTRATION ONLY - NOT HUMAN EXPERIMENT RESULTS,1132800,C,1,1302.4294610522425,1.0,0,1,mouse
SYNTHETIC DEMONSTRATION ONLY - NOT HUMAN EXPERIMENT RESULTS,1132820,C,1,1302.5610721115745,1.0,0,1,mouse
SYNTHETIC DEMONSTRATION ONLY - NOT HUMAN EXPERIMENT RESULTS,1132840,C,1,1302.6926467724027,1.0,0,1,mouse
SYNTHETIC DEMONSTRATION ONLY - NOT HUMAN EXPERIMENT RESULTS,1132860,C,1,1302.8241831647601,1.0,0,1,mouse
SYNTHETIC DEMONSTRATION ONLY - NOT HUMAN EXPERIMENT RESULTS,1132880,C,1,1302.9556794192235,1.0,0,1,mouse
SYNTHETIC DEMONSTRATION ONLY - NOT HUMAN EXPERIMENT RESULTS,1132900,C,1,1303.0871336669397,1.0,0,1,mouse
SYNTHETIC DEMONSTRATION ONLY - NOT HUMAN EXPERIMENT RESULTS,1132920,C,1,1303.2185440396534,1.0,0,1,mouse
SYNTHETIC DEMONSTRATION ONLY - NOT HUMAN EXPERIMENT RESULTS,1132940,C,1,1303.349908669732,1.0,0,1,mouse
SYNTHETIC DEMONSTRATION ONLY - NOT HUMAN EXPERIMENT RESULTS,1132960,C,1,1303.4812256901932,1.0,0,1,mouse
SYNTHETIC DEMONSTRATION ONLY - NOT HUMAN EXPERIMENT RESULTS,1132980,C,1,1303.6124932347316,1.0,0,1,mouse
SYNTHETIC DEMONSTRATION ONLY - NOT HUMAN EXPERIMENT RESULTS,1133000,C,1,1303.7437094377449,1.0,0,1,mouse
SYNTHETIC DEMONSTRATION ONLY - NOT HUMAN EXPERIMENT RESULTS,1133020,C,1,1303.8748724343607,1.0,0,1,mouse
SYNTHETIC DEMONSTRATION ONLY - NOT HUMAN EXPERIMENT RESULTS,1133040,C,1,1304.0059803604618,1.0,0,1,mouse
SYNTHETIC DEMONSTRATION ONLY - NOT HUMAN EXPERIMENT RESULTS,1133060,C,1,1304.1370313527148,1.0,0,1,mouse
SYNTHETIC DEMONSTRATION ONLY - NOT HUMAN EXPERIMENT RESULTS,1133080,C,1,1304.268023548595,1.0,0,1,mouse
SYNTHETIC DEMONSTRATION ONLY - NOT HUMAN EXPERIMENT RESULTS,1133100,C,1,1304.398955086413,1.0,0,1,mouse
SYNTHETIC DEMONSTRATION ONLY - NOT HUMAN EXPERIMENT RESULTS,1133120,C,1,1304.5298241053424,1.0,0,1,mouse
SYNTHETIC DEMONSTRATION ONLY - NOT HUMAN EXPERIMENT RESULTS,1133140,C,1,1304.6606287454445,1.0,0,1,mouse
SYNTHETIC DEMONSTRATION ONLY - NOT HUMAN EXPERIMENT RESULTS,1133160,C,1,1304.7913671476956,1.0,0,1,mouse
SYNTHETIC DEMONSTRATION ONLY - NOT HUMAN EXPERIMENT RESULTS,1133180,C,1,1304.922037454014,1.0,0,1,mouse
SYNTHETIC DEMONSTRATION ONLY - NOT HUMAN EXPERIMENT RESULTS,1133200,C,1,1305.052637807285,1.0,0,1,mouse
SYNTHETIC DEMONSTRATION ONLY - NOT HUMAN EXPERIMENT RESULTS,1133220,C,1,1305.183166351389,1.0,0,1,mouse
SYNTHETIC DEMONSTRATION ONLY - NOT HUMAN EXPERIMENT RESULTS,1133240,C,1,1305.313621231226,1.0,0,1,mouse
SYNTHETIC DEMONSTRATION ONLY - NOT HUMAN EXPERIMENT RESULTS,1133260,C,1,1305.4440005927436,1.0,0,1,mouse
SYNTHETIC DEMONSTRATION ONLY - NOT HUMAN EXPERIMENT RESULTS,1133280,C,1,1305.5743025829624,1.0,0,1,mouse
SYNTHETIC DEMONSTRATION ONLY - NOT HUMAN EXPERIMENT RESULTS,1133300,C,1,1305.704525350003,1.0,0,1,mouse
SYNTHETIC DEMONSTRATION ONLY - NOT HUMAN EXPERIMENT RESULTS,1133320,C,1,1305.834667043111,1.0,0,1,mouse
SYNTHETIC DEMONSTRATION ONLY - NOT HUMAN EXPERIMENT RESULTS,1133340,C,1,1305.9647258126856,1.0,0,1,mouse
SYNTHETIC DEMONSTRATION ONLY - NOT HUMAN EXPERIMENT RESULTS,1133360,C,1,1306.0946998103034,1.0,0,1,mouse
SYNTHETIC DEMONSTRATION ONLY - NOT HUMAN EXPERIMENT RESULTS,1133380,C,1,1306.224587188746,1.0,0,1,mouse
SYNTHETIC DEMONSTRATION ONLY - NOT HUMAN EXPERIMENT RESULTS,1133400,C,1,1306.3543861020266,1.0,0,1,mouse
SYNTHETIC DEMONSTRATION ONLY - NOT HUMAN EXPERIMENT RESULTS,1133420,C,1,1306.4840947054156,1.0,0,1,mouse
SYNTHETIC DEMONSTRATION ONLY - NOT HUMAN EXPERIMENT RESULTS,1133440,C,1,1306.6137111554656,1.0,0,1,mouse
SYNTHETIC DEMONSTRATION ONLY - NOT HUMAN EXPERIMENT RESULTS,1133460,C,1,1306.743233610041,1.0,0,1,mouse
SYNTHETIC DEMONSTRATION ONLY - NOT HUMAN EXPERIMENT RESULTS,1133480,C,1,1306.8726602283405,1.0,0,1,mouse
SYNTHETIC DEMONSTRATION ONLY - NOT HUMAN EXPERIMENT RESULTS,1133500,C,1,1307.0019891709255,1.0,0,1,mouse
SYNTHETIC DEMONSTRATION ONLY - NOT HUMAN EXPERIMENT RESULTS,1133520,C,1,1307.1312185997456,1.0,0,1,mouse
SYNTHETIC DEMONSTRATION ONLY - NOT HUMAN EXPERIMENT RESULTS,1133540,C,1,1307.260346678164,1.0,0,1,mouse
SYNTHETIC DEMONSTRATION ONLY - NOT HUMAN EXPERIMENT RESULTS,1133560,C,1,1307.3893715709858,1.0,0,1,mouse
SYNTHETIC DEMONSTRATION ONLY - NOT HUMAN EXPERIMENT RESULTS,1133580,C,1,1307.518291444481,1.0,0,1,mouse
SYNTHETIC DEMONSTRATION ONLY - NOT HUMAN EXPERIMENT RESULTS,1133600,C,1,1307.6471044664127,1.0,0,1,mouse
SYNTHETIC DEMONSTRATION ONLY - NOT HUMAN EXPERIMENT RESULTS,1133620,C,1,1307.7758088060634,1.0,0,1,mouse
SYNTHETIC DEMONSTRATION ONLY - NOT HUMAN EXPERIMENT RESULTS,1133640,C,1,1307.904402634259,1.0,0,1,mouse
SYNTHETIC DEMONSTRATION ONLY - NOT HUMAN EXPERIMENT RESULTS,1133660,C,1,1308.0328841233966,1.0,0,1,mouse
SYNTHETIC DEMONSTRATION ONLY - NOT HUMAN EXPERIMENT RESULTS,1133680,C,1,1308.1612514474702,1.0,0,1,mouse
SYNTHETIC DEMONSTRATION ONLY - NOT HUMAN EXPERIMENT RESULTS,1133700,C,1,1308.2895027820955,1.0,0,1,mouse
SYNTHETIC DEMONSTRATION ONLY - NOT HUMAN EXPERIMENT RESULTS,1133720,C,1,1308.4176363045378,1.0,0,1,mouse
SYNTHETIC DEMONSTRATION ONLY - NOT HUMAN EXPERIMENT RESULTS,1133740,C,1,1308.5456501937356,1.0,0,1,mouse
SYNTHETIC DEMONSTRATION ONLY - NOT HUMAN EXPERIMENT RESULTS,1133760,C,1,1308.673542630328,1.0,0,1,mouse
SYNTHETIC DEMONSTRATION ONLY - NOT HUMAN EXPERIMENT RESULTS,1133780,C,1,1308.8013117966811,1.0,0,1,mouse
SYNTHETIC DEMONSTRATION ONLY - NOT HUMAN EXPERIMENT RESULTS,1133800,C,1,1308.9289558769117,1.0,0,1,mouse
SYNTHETIC DEMONSTRATION ONLY - NOT HUMAN EXPERIMENT RESULTS,1133820,C,1,1309.0564730569147,1.0,0,1,mouse
SYNTHETIC DEMONSTRATION ONLY - NOT HUMAN EXPERIMENT RESULTS,1133840,C,1,1309.1838615243894,1.0,0,1,mouse
SYNTHETIC DEMONSTRATION ONLY - NOT HUMAN EXPERIMENT RESULTS,1133860,C,1,1309.3111194688631,1.0,0,1,mouse
SYNTHETIC DEMONSTRATION ONLY - NOT HUMAN EXPERIMENT RESULTS,1133880,C,1,1309.438245081719,1.0,0,1,mouse
SYNTHETIC DEMONSTRATION ONLY - NOT HUMAN EXPERIMENT RESULTS,1133900,C,1,1309.5652365562207,1.0,0,1,mouse
SYNTHETIC DEMONSTRATION ONLY - NOT HUMAN EXPERIMENT RESULTS,1133920,C,1,1309.6920920875384,1.0,0,1,mouse
SYNTHETIC DEMONSTRATION ONLY - NOT HUMAN EXPERIMENT RESULTS,1133940,C,1,1309.8188098727735,1.0,0,1,mouse
SYNTHETIC DEMONSTRATION ONLY - NOT HUMAN EXPERIMENT RESULTS,1133960,C,1,1309.9453881109869,1.0,0,1,mouse
SYNTHETIC DEMONSTRATION ONLY - NOT HUMAN EXPERIMENT RESULTS,1133980,C,1,1310.0718250032207,1.0,0,1,mouse
SYNTHETIC DEMONSTRATION ONLY - NOT HUMAN EXPERIMENT RESULTS,1134000,C,1,1310.1981187525273,1.0,0,1,mouse
SYNTHETIC DEMONSTRATION ONLY - NOT HUMAN EXPERIMENT RESULTS,1134020,C,1,1310.3242675639929,1.0,0,1,mouse
SYNTHETIC DEMONSTRATION ONLY - NOT HUMAN EXPERIMENT RESULTS,1134040,C,1,1310.4502696447635,1.0,0,1,mouse
SYNTHETIC DEMONSTRATION ONLY - NOT HUMAN EXPERIMENT RESULTS,1134060,C,1,1310.5761232040709,1.0,0,1,mouse
SYNTHETIC DEMONSTRATION ONLY - NOT HUMAN EXPERIMENT RESULTS,1134080,C,1,1310.7018264532571,1.0,0,1,mouse
SYNTHETIC DEMONSTRATION ONLY - NOT HUMAN EXPERIMENT RESULTS,1134100,C,1,1310.8273776058006,1.0,0,1,mouse
SYNTHETIC DEMONSTRATION ONLY - NOT HUMAN EXPERIMENT RESULTS,1134120,C,1,1310.9527748773423,1.0,0,1,mouse
SYNTHETIC DEMONSTRATION ONLY - NOT HUMAN EXPERIMENT RESULTS,1134140,C,1,1311.0780164857088,1.0,0,1,mouse
SYNTHETIC DEMONSTRATION ONLY - NOT HUMAN EXPERIMENT RESULTS,1134160,C,1,1311.2031006509399,1.0,0,1,mouse
SYNTHETIC DEMONSTRATION ONLY - NOT HUMAN EXPERIMENT RESULTS,1134180,C,1,1311.3280255953125,1.0,0,1,mouse
SYNTHETIC DEMONSTRATION ONLY - NOT HUMAN EXPERIMENT RESULTS,1134200,C,1,1311.4527895433666,1.0,0,1,mouse
SYNTHETIC DEMONSTRATION ONLY - NOT HUMAN EXPERIMENT RESULTS,1134220,C,1,1311.5773907219307,1.0,0,1,mouse
SYNTHETIC DEMONSTRATION ONLY - NOT HUMAN EXPERIMENT RESULTS,1134240,C,1,1311.701827360146,1.0,0,1,mouse
SYNTHETIC DEMONSTRATION ONLY - NOT HUMAN EXPERIMENT RESULTS,1134260,C,1,1311.8260976894924,1.0,0,1,mouse
SYNTHETIC DEMONSTRATION ONLY - NOT HUMAN EXPERIMENT RESULTS,1134280,C,1,1311.9501999438137,1.0,0,1,mouse
SYNTHETIC DEMONSTRATION ONLY - NOT HUMAN EXPERIMENT RESULTS,1134300,C,1,1312.0741323593415,1.0,0,1,mouse
SYNTHETIC DEMONSTRATION ONLY - NOT HUMAN EXPERIMENT RESULTS,1134320,C,1,1312.1978931747228,1.0,0,1,mouse
SYNTHETIC DEMONSTRATION ONLY - NOT HUMAN EXPERIMENT RESULTS,1134340,C,1,1312.3214806310418,1.0,0,1,mouse
SYNTHETIC DEMONSTRATION ONLY - NOT HUMAN EXPERIMENT RESULTS,1134360,C,1,1312.4448929718474,1.0,0,1,mouse
SYNTHETIC DEMONSTRATION ONLY - NOT HUMAN EXPERIMENT RESULTS,1134380,C,1,1312.5681284431769,1.0,0,1,mouse
SYNTHETIC DEMONSTRATION ONLY - NOT HUMAN EXPERIMENT RESULTS,1134400,C,1,1312.6911852935818,1.0,0,1,mouse
SYNTHETIC DEMONSTRATION ONLY - NOT HUMAN EXPERIMENT RESULTS,1134420,C,1,1312.8140617741517,1.0,0,1,mouse
SYNTHETIC DEMONSTRATION ONLY - NOT HUMAN EXPERIMENT RESULTS,1134440,C,1,1312.9367561385395,1.0,0,1,mouse
SYNTHETIC DEMONSTRATION ONLY - NOT HUMAN EXPERIMENT RESULTS,1134460,C,1,1313.0592666429873,1.0,0,1,mouse
SYNTHETIC DEMONSTRATION ONLY - NOT HUMAN EXPERIMENT RESULTS,1134480,C,1,1313.1815915463492,1.0,0,1,mouse
SYNTHETIC DEMONSTRATION ONLY - NOT HUMAN EXPERIMENT RESULTS,1134500,C,1,1313.3037291101175,1.0,0,1,mouse
SYNTHETIC DEMONSTRATION ONLY - NOT HUMAN EXPERIMENT RESULTS,1134520,C,1,1313.4256775984477,1.0,0,1,mouse
SYNTHETIC DEMONSTRATION ONLY - NOT HUMAN EXPERIMENT RESULTS,1134540,C,1,1313.5474352781812,1.0,0,1,mouse
SYNTHETIC DEMONSTRATION ONLY - NOT HUMAN EXPERIMENT RESULTS,1134560,C,1,1313.669000418872,1.0,0,1,mouse
SYNTHETIC DEMONSTRATION ONLY - NOT HUMAN EXPERIMENT RESULTS,1134580,C,1,1313.7903712928105,1.0,0,1,mouse
SYNTHETIC DEMONSTRATION ONLY - NOT HUMAN EXPERIMENT RESULTS,1134600,C,1,1313.9115461750478,1.0,0,1,mouse
SYNTHETIC DEMONSTRATION ONLY - NOT HUMAN EXPERIMENT RESULTS,1134620,C,1,1314.032523343421,1.0,0,1,mouse
SYNTHETIC DEMONSTRATION ONLY - NOT HUMAN EXPERIMENT RESULTS,1134640,C,1,1314.153301078576,1.0,0,1,mouse
SYNTHETIC DEMONSTRATION ONLY - NOT HUMAN EXPERIMENT RESULTS,1134660,C,1,1314.2738776639944,1.0,0,1,mouse
SYNTHETIC DEMONSTRATION ONLY - NOT HUMAN EXPERIMENT RESULTS,1134680,C,1,1314.394251386016,1.0,0,1,mouse
SYNTHETIC DEMONSTRATION ONLY - NOT HUMAN EXPERIMENT RESULTS,1134700,C,1,1314.5144205338636,1.0,0,1,mouse
SYNTHETIC DEMONSTRATION ONLY - NOT HUMAN EXPERIMENT RESULTS,1134720,C,1,1314.6343833996677,1.0,0,1,mouse
SYNTHETIC DEMONSTRATION ONLY - NOT HUMAN EXPERIMENT RESULTS,1134740,C,1,1314.7541382784905,1.0,0,1,mouse
SYNTHETIC DEMONSTRATION ONLY - NOT HUMAN EXPERIMENT RESULTS,1134760,C,1,1314.8736834683498,1.0,0,1,mouse
SYNTHETIC DEMONSTRATION ONLY - NOT HUMAN EXPERIMENT RESULTS,1134780,C,1,1314.993017270244,1.0,0,1,mouse
SYNTHETIC DEMONSTRATION ONLY - NOT HUMAN EXPERIMENT RESULTS,1134800,C,1,1315.112137988176,1.0,0,1,mouse
SYNTHETIC DEMONSTRATION ONLY - NOT HUMAN EXPERIMENT RESULTS,1134820,C,1,1315.2310439291762,1.0,0,1,mouse
SYNTHETIC DEMONSTRATION ONLY - NOT HUMAN EXPERIMENT RESULTS,1134840,C,1,1315.3497334033282,1.0,0,1,mouse
SYNTHETIC DEMONSTRATION ONLY - NOT HUMAN EXPERIMENT RESULTS,1134860,C,1,1315.4682047237918,1.0,0,1,mouse
SYNTHETIC DEMONSTRATION ONLY - NOT HUMAN EXPERIMENT RESULTS,1134880,C,1,1315.586456206827,1.0,0,1,mouse
SYNTHETIC DEMONSTRATION ONLY - NOT HUMAN EXPERIMENT RESULTS,1134900,C,1,1315.7044861718193,1.0,0,1,mouse
SYNTHETIC DEMONSTRATION ONLY - NOT HUMAN EXPERIMENT RESULTS,1134920,C,1,1315.822292941301,1.0,0,1,mouse
SYNTHETIC DEMONSTRATION ONLY - NOT HUMAN EXPERIMENT RESULTS,1134940,C,1,1315.9398748409772,1.0,0,1,mouse
SYNTHETIC DEMONSTRATION ONLY - NOT HUMAN EXPERIMENT RESULTS,1134960,C,1,1316.0572301997488,1.0,0,1,mouse
SYNTHETIC DEMONSTRATION ONLY - NOT HUMAN EXPERIMENT RESULTS,1134980,C,1,1316.1743573497365,1.0,0,1,mouse
SYNTHETIC DEMONSTRATION ONLY - NOT HUMAN EXPERIMENT RESULTS,1135000,C,1,1316.2912546263044,1.0,0,1,mouse
SYNTHETIC DEMONSTRATION ONLY - NOT HUMAN EXPERIMENT RESULTS,1135020,C,1,1316.4079203680833,1.0,0,1,mouse
SYNTHETIC DEMONSTRATION ONLY - NOT HUMAN EXPERIMENT RESULTS,1135040,C,1,1316.5243529169945,1.0,0,1,mouse
SYNTHETIC DEMONSTRATION ONLY - NOT HUMAN EXPERIMENT RESULTS,1135060,C,1,1316.6405506182743,1.0,0,1,mouse
SYNTHETIC DEMONSTRATION ONLY - NOT HUMAN EXPERIMENT RESULTS,1135080,C,1,1316.756511820496,1.0,0,1,mouse
SYNTHETIC DEMONSTRATION ONLY - NOT HUMAN EXPERIMENT RESULTS,1135100,C,1,1316.8722348755937,1.0,0,1,mouse
SYNTHETIC DEMONSTRATION ONLY - NOT HUMAN EXPERIMENT RESULTS,1135120,C,1,1316.9877181388872,1.0,0,1,mouse
SYNTHETIC DEMONSTRATION ONLY - NOT HUMAN EXPERIMENT RESULTS,1135140,C,1,1317.1029599691035,1.0,0,1,mouse
SYNTHETIC DEMONSTRATION ONLY - NOT HUMAN EXPERIMENT RESULTS,1135160,C,1,1317.217958728401,1.0,0,1,mouse
SYNTHETIC DEMONSTRATION ONLY - NOT HUMAN EXPERIMENT RESULTS,1135180,C,1,1317.3327127823934,1.0,0,1,mouse
SYNTHETIC DEMONSTRATION ONLY - NOT HUMAN EXPERIMENT RESULTS,1135200,C,1,1317.4472205001705,1.0,0,1,mouse
SYNTHETIC DEMONSTRATION ONLY - NOT HUMAN EXPERIMENT RESULTS,1135220,C,1,1317.5614802543253,1.0,0,1,mouse
SYNTHETIC DEMONSTRATION ONLY - NOT HUMAN EXPERIMENT RESULTS,1135240,C,1,1317.6754904209731,1.0,0,1,mouse
SYNTHETIC DEMONSTRATION ONLY - NOT HUMAN EXPERIMENT RESULTS,1135260,C,1,1317.789249379777,1.0,0,1,mouse
SYNTHETIC DEMONSTRATION ONLY - NOT HUMAN EXPERIMENT RESULTS,1135280,C,1,1317.902755513971,1.0,0,1,mouse
SYNTHETIC DEMONSTRATION ONLY - NOT HUMAN EXPERIMENT RESULTS,1135300,C,1,1318.016007210381,1.0,0,1,mouse
SYNTHETIC DEMONSTRATION ONLY - NOT HUMAN EXPERIMENT RESULTS,1135320,C,1,1318.12900285945,1.0,0,1,mouse
SYNTHETIC DEMONSTRATION ONLY - NOT HUMAN EXPERIMENT RESULTS,1135340,C,1,1318.24174085526,1.0,0,1,mouse
SYNTHETIC DEMONSTRATION ONLY - NOT HUMAN EXPERIMENT RESULTS,1135360,C,1,1318.3542195955542,1.0,0,1,mouse
SYNTHETIC DEMONSTRATION ONLY - NOT HUMAN EXPERIMENT RESULTS,1135380,C,1,1318.4664374817605,1.0,0,1,mouse
SYNTHETIC DEMONSTRATION ONLY - NOT HUMAN EXPERIMENT RESULTS,1135400,C,1,1318.578392919015,1.0,0,1,mouse
SYNTHETIC DEMONSTRATION ONLY - NOT HUMAN EXPERIMENT RESULTS,1135420,C,1,1318.6900843161825,1.0,0,1,mouse
SYNTHETIC DEMONSTRATION ONLY - NOT HUMAN EXPERIMENT RESULTS,1135440,C,1,1318.8015100858813,1.0,0,1,mouse
SYNTHETIC DEMONSTRATION ONLY - NOT HUMAN EXPERIMENT RESULTS,1135460,C,1,1318.9126686445045,1.0,0,1,mouse
SYNTHETIC DEMONSTRATION ONLY - NOT HUMAN EXPERIMENT RESULTS,1135480,C,1,1319.023558412243,1.0,0,1,mouse
SYNTHETIC DEMONSTRATION ONLY - NOT HUMAN EXPERIMENT RESULTS,1135500,C,1,1319.1341778131077,1.0,0,1,mouse
SYNTHETIC DEMONSTRATION ONLY - NOT HUMAN EXPERIMENT RESULTS,1135520,C,1,1319.2445252749521,1.0,0,1,mouse
SYNTHETIC DEMONSTRATION ONLY - NOT HUMAN EXPERIMENT RESULTS,1135540,C,1,1319.3545992294946,1.0,0,1,mouse
SYNTHETIC DEMONSTRATION ONLY - NOT HUMAN EXPERIMENT RESULTS,1135560,C,1,1319.4643981123404,1.0,0,1,mouse
SYNTHETIC DEMONSTRATION ONLY - NOT HUMAN EXPERIMENT RESULTS,1135580,C,1,1319.5739203630046,1.0,0,1,mouse
SYNTHETIC DEMONSTRATION ONLY - NOT HUMAN EXPERIMENT RESULTS,1135600,C,1,1319.6831644249332,1.0,0,1,mouse
SYNTHETIC DEMONSTRATION ONLY - NOT HUMAN EXPERIMENT RESULTS,1135620,C,1,1319.792128745527,1.0,0,1,mouse
SYNTHETIC DEMONSTRATION ONLY - NOT HUMAN EXPERIMENT RESULTS,1135640,C,1,1319.900811776161,1.0,0,1,mouse
SYNTHETIC DEMONSTRATION ONLY - NOT HUMAN EXPERIMENT RESULTS,1135660,C,1,1320.009211972209,1.0,0,1,mouse
SYNTHETIC DEMONSTRATION ONLY - NOT HUMAN EXPERIMENT RESULTS,1135680,C,1,1320.1173277930645,1.0,0,1,mouse
SYNTHETIC DEMONSTRATION ONLY - NOT HUMAN EXPERIMENT RESULTS,1135700,C,1,1320.2251577021623,1.0,0,1,mouse
SYNTHETIC DEMONSTRATION ONLY - NOT HUMAN EXPERIMENT RESULTS,1135720,C,1,1320.3327001670007,1.0,0,1,mouse
SYNTHETIC DEMONSTRATION ONLY - NOT HUMAN EXPERIMENT RESULTS,1135740,C,1,1320.4399536591632,1.0,0,1,mouse
SYNTHETIC DEMONSTRATION ONLY - NOT HUMAN EXPERIMENT RESULTS,1135760,C,1,1320.54691665434,1.0,0,1,mouse
SYNTHETIC DEMONSTRATION ONLY - NOT HUMAN EXPERIMENT RESULTS,1135780,C,1,1320.6535876323508,1.0,0,1,mouse
SYNTHETIC DEMONSTRATION ONLY - NOT HUMAN EXPERIMENT RESULTS,1135800,C,1,1320.7599650771645,1.0,0,1,mouse
SYNTHETIC DEMONSTRATION ONLY - NOT HUMAN EXPERIMENT RESULTS,1135820,C,1,1320.866047476922,1.0,0,1,mouse
SYNTHETIC DEMONSTRATION ONLY - NOT HUMAN EXPERIMENT RESULTS,1135840,C,1,1320.9718333239575,1.0,0,1,mouse
SYNTHETIC DEMONSTRATION ONLY - NOT HUMAN EXPERIMENT RESULTS,1135860,C,1,1321.0773211148207,1.0,0,1,mouse
SYNTHETIC DEMONSTRATION ONLY - NOT HUMAN EXPERIMENT RESULTS,1135880,C,1,1321.1825093502957,1.0,0,1,mouse
SYNTHETIC DEMONSTRATION ONLY - NOT HUMAN EXPERIMENT RESULTS,1135900,C,1,1321.2873965354254,1.0,0,1,mouse
SYNTHETIC DEMONSTRATION ONLY - NOT HUMAN EXPERIMENT RESULTS,1135920,C,1,1321.3919811795306,1.0,0,1,mouse
SYNTHETIC DEMONSTRATION ONLY - NOT HUMAN EXPERIMENT RESULTS,1135940,C,1,1321.496261796232,1.0,0,1,mouse
SYNTHETIC DEMONSTRATION ONLY - NOT HUMAN EXPERIMENT RESULTS,1135960,C,1,1321.6002369034711,1.0,0,1,mouse
SYNTHETIC DEMONSTRATION ONLY - NOT HUMAN EXPERIMENT RESULTS,1135980,C,1,1321.7039050235314,1.0,0,1,mouse
SYNTHETIC DEMONSTRATION ONLY - NOT HUMAN EXPERIMENT RESULTS,1136000,C,1,1321.8072646830599,1.0,0,1,mouse
SYNTHETIC DEMONSTRATION ONLY - NOT HUMAN EXPERIMENT RESULTS,1136020,C,1,1321.9103144130868,1.0,0,1,mouse
SYNTHETIC DEMONSTRATION ONLY - NOT HUMAN EXPERIMENT RESULTS,1136040,C,1,1322.013052749047,1.0,0,1,mouse
SYNTHETIC DEMONSTRATION ONLY - NOT HUMAN EXPERIMENT RESULTS,1136060,C,1,1322.1154782308017,1.0,0,1,mouse
SYNTHETIC DEMONSTRATION ONLY - NOT HUMAN EXPERIMENT RESULTS,1136080,C,1,1322.2175894026582,1.0,0,1,mouse
SYNTHETIC DEMONSTRATION ONLY - NOT HUMAN EXPERIMENT RESULTS,1136100,C,1,1322.3193848133903,1.0,0,1,mouse
SYNTHETIC DEMONSTRATION ONLY - NOT HUMAN EXPERIMENT RESULTS,1136120,C,1,1322.4208630162605,1.0,0,1,mouse
SYNTHETIC DEMONSTRATION ONLY - NOT HUMAN EXPERIMENT RESULTS,1136140,C,1,1322.5220225690382,1.0,0,1,mouse
SYNTHETIC DEMONSTRATION ONLY - NOT HUMAN EXPERIMENT RESULTS,1136160,C,1,1322.6228620340225,1.0,0,1,mouse
SYNTHETIC DEMONSTRATION ONLY - NOT HUMAN EXPERIMENT RESULTS,1136180,C,1,1322.7233799780618,1.0,0,1,mouse
SYNTHETIC DEMONSTRATION ONLY - NOT HUMAN EXPERIMENT RESULTS,1136200,C,1,1322.823574972573,1.0,0,1,mouse
SYNTHETIC DEMONSTRATION ONLY - NOT HUMAN EXPERIMENT RESULTS,1136220,C,1,1322.9234455935639,1.0,0,1,mouse
SYNTHETIC DEMONSTRATION ONLY - NOT HUMAN EXPERIMENT RESULTS,1136240,C,1,1323.022990421652,1.0,0,1,mouse
SYNTHETIC DEMONSTRATION ONLY - NOT HUMAN EXPERIMENT RESULTS,1136260,C,1,1323.1222080420841,1.0,0,1,mouse
SYNTHETIC DEMONSTRATION ONLY - NOT HUMAN EXPERIMENT RESULTS,1136280,C,1,1323.221097044759,1.0,0,1,mouse
SYNTHETIC DEMONSTRATION ONLY - NOT HUMAN EXPERIMENT RESULTS,1136300,C,1,1323.3196560242452,1.0,0,1,mouse
SYNTHETIC DEMONSTRATION ONLY - NOT HUMAN EXPERIMENT RESULTS,1136320,C,1,1323.4178835798007,1.0,0,1,mouse
SYNTHETIC DEMONSTRATION ONLY - NOT HUMAN EXPERIMENT RESULTS,1136340,C,1,1323.5157783153952,1.0,0,1,mouse
SYNTHETIC DEMONSTRATION ONLY - NOT HUMAN EXPERIMENT RESULTS,1136360,C,1,1323.6133388397275,1.0,0,1,mouse
SYNTHETIC DEMONSTRATION ONLY - NOT HUMAN EXPERIMENT RESULTS,1136380,C,1,1323.7105637662464,1.0,0,1,mouse
SYNTHETIC DEMONSTRATION ONLY - NOT HUMAN EXPERIMENT RESULTS,1136400,C,1,1323.807451713171,1.0,0,1,mouse
SYNTHETIC DEMONSTRATION ONLY - NOT HUMAN EXPERIMENT RESULTS,1136420,C,1,1323.904001303509,1.0,0,1,mouse
SYNTHETIC DEMONSTRATION ONLY - NOT HUMAN EXPERIMENT RESULTS,1136440,C,1,1324.0002111650765,1.0,0,1,mouse
SYNTHETIC DEMONSTRATION ONLY - NOT HUMAN EXPERIMENT RESULTS,1136460,C,1,1324.0960799305187,1.0,0,1,mouse
SYNTHETIC DEMONSTRATION ONLY - NOT HUMAN EXPERIMENT RESULTS,1136480,C,1,1324.1916062373284,1.0,0,1,mouse
SYNTHETIC DEMONSTRATION ONLY - NOT HUMAN EXPERIMENT RESULTS,1136500,C,1,1324.2867887278653,1.0,0,1,mouse
SYNTHETIC DEMONSTRATION ONLY - NOT HUMAN EXPERIMENT RESULTS,1136520,C,1,1324.3816260493754,1.0,0,1,mouse
SYNTHETIC DEMONSTRATION ONLY - NOT HUMAN EXPERIMENT RESULTS,1136540,C,1,1324.4761168540103,1.0,0,1,mouse
SYNTHETIC DEMONSTRATION ONLY - NOT HUMAN EXPERIMENT RESULTS,1136560,C,1,1324.570259798847,1.0,0,1,mouse
SYNTHETIC DEMONSTRATION ONLY - NOT HUMAN EXPERIMENT RESULTS,1136580,C,1,1324.6640535459055,1.0,0,1,mouse
SYNTHETIC DEMONSTRATION ONLY - NOT HUMAN EXPERIMENT RESULTS,1136600,C,1,1324.757496762169,1.0,0,1,mouse
SYNTHETIC DEMONSTRATION ONLY - NOT HUMAN EXPERIMENT RESULTS,1136620,C,1,1324.8505881196027,1.0,0,1,mouse
SYNTHETIC DEMONSTRATION ONLY - NOT HUMAN EXPERIMENT RESULTS,1136640,C,1,1324.9433262951723,1.0,0,1,mouse
SYNTHETIC DEMONSTRATION ONLY - NOT HUMAN EXPERIMENT RESULTS,1136660,C,1,1325.0357099708629,1.0,0,1,mouse
SYNTHETIC DEMONSTRATION ONLY - NOT HUMAN EXPERIMENT RESULTS,1136680,C,1,1325.1277378336983,1.0,0,1,mouse
SYNTHETIC DEMONSTRATION ONLY - NOT HUMAN EXPERIMENT RESULTS,1136700,C,1,1325.219408575759,1.0,0,1,mouse
SYNTHETIC DEMONSTRATION ONLY - NOT HUMAN EXPERIMENT RESULTS,1136720,C,1,1325.3107208942,1.0,0,1,mouse
SYNTHETIC DEMONSTRATION ONLY - NOT HUMAN EXPERIMENT RESULTS,1136740,C,1,1325.401673491272,1.0,0,1,mouse
SYNTHETIC DEMONSTRATION ONLY - NOT HUMAN EXPERIMENT RESULTS,1136760,C,1,1325.4922650743367,1.0,0,1,mouse
SYNTHETIC DEMONSTRATION ONLY - NOT HUMAN EXPERIMENT RESULTS,1136780,C,1,1325.5824943558875,1.0,0,1,mouse
SYNTHETIC DEMONSTRATION ONLY - NOT HUMAN EXPERIMENT RESULTS,1136800,C,1,1325.6723600535668,1.0,0,1,mouse
SYNTHETIC DEMONSTRATION ONLY - NOT HUMAN EXPERIMENT RESULTS,1136820,C,1,1325.7618608901835,1.0,0,1,mouse
SYNTHETIC DEMONSTRATION ONLY - NOT HUMAN EXPERIMENT RESULTS,1136840,C,1,1325.8509955937332,1.0,0,1,mouse
SYNTHETIC DEMONSTRATION ONLY - NOT HUMAN EXPERIMENT RESULTS,1136860,C,1,1325.939762897414,1.0,0,1,mouse
SYNTHETIC DEMONSTRATION ONLY - NOT HUMAN EXPERIMENT RESULTS,1136880,C,1,1326.0281615396464,1.0,0,1,mouse
SYNTHETIC DEMONSTRATION ONLY - NOT HUMAN EXPERIMENT RESULTS,1136900,C,1,1326.1161902640897,1.0,0,1,mouse
SYNTHETIC DEMONSTRATION ONLY - NOT HUMAN EXPERIMENT RESULTS,1136920,C,1,1326.2038478196612,1.0,0,1,mouse
SYNTHETIC DEMONSTRATION ONLY - NOT HUMAN EXPERIMENT RESULTS,1136940,C,1,1326.2911329605527,1.0,0,1,mouse
SYNTHETIC DEMONSTRATION ONLY - NOT HUMAN EXPERIMENT RESULTS,1136960,C,1,1326.3780444462493,1.0,0,1,mouse
SYNTHETIC DEMONSTRATION ONLY - NOT HUMAN EXPERIMENT RESULTS,1136980,C,1,1326.4645810415461,1.0,0,1,mouse
SYNTHETIC DEMONSTRATION ONLY - NOT HUMAN EXPERIMENT RESULTS,1137000,C,1,1326.550741516567,1.0,0,1,mouse
SYNTHETIC DEMONSTRATION ONLY - NOT HUMAN EXPERIMENT RESULTS,1137020,C,1,1326.636524646781,1.0,0,1,mouse
SYNTHETIC DEMONSTRATION ONLY - NOT HUMAN EXPERIMENT RESULTS,1137040,C,1,1326.7219292130194,1.0,0,1,mouse
SYNTHETIC DEMONSTRATION ONLY - NOT HUMAN EXPERIMENT RESULTS,1137060,C,1,1326.8069540014947,1.0,0,1,mouse
SYNTHETIC DEMONSTRATION ONLY - NOT HUMAN EXPERIMENT RESULTS,1137080,C,1,1326.8915978038162,1.0,0,1,mouse
SYNTHETIC DEMONSTRATION ONLY - NOT HUMAN EXPERIMENT RESULTS,1137100,C,1,1326.9758594170082,1.0,0,1,mouse
SYNTHETIC DEMONSTRATION ONLY - NOT HUMAN EXPERIMENT RESULTS,1137120,C,1,1327.059737643527,1.0,0,1,mouse
SYNTHETIC DEMONSTRATION ONLY - NOT HUMAN EXPERIMENT RESULTS,1137140,C,1,1327.1432312912766,1.0,0,1,mouse
SYNTHETIC DEMONSTRATION ONLY - NOT HUMAN EXPERIMENT RESULTS,1137160,C,1,1327.2263391736278,1.0,0,1,mouse
SYNTHETIC DEMONSTRATION ONLY - NOT HUMAN EXPERIMENT RESULTS,1137180,C,1,1327.309060109434,1.0,0,1,mouse
SYNTHETIC DEMONSTRATION ONLY - NOT HUMAN EXPERIMENT RESULTS,1137200,C,1,1327.3913929230473,1.0,0,1,mouse
SYNTHETIC DEMONSTRATION ONLY - NOT HUMAN EXPERIMENT RESULTS,1137220,C,1,1327.473336444336,1.0,0,1,mouse
SYNTHETIC DEMONSTRATION ONLY - NOT HUMAN EXPERIMENT RESULTS,1137240,C,1,1327.5548895087015,1.0,0,1,mouse
SYNTHETIC DEMONSTRATION ONLY - NOT HUMAN EXPERIMENT RESULTS,1137260,C,1,1327.636050957094,1.0,0,1,mouse
SYNTHETIC DEMONSTRATION ONLY - NOT HUMAN EXPERIMENT RESULTS,1137280,C,1,1327.71681963603,1.0,0,1,mouse
SYNTHETIC DEMONSTRATION ONLY - NOT HUMAN EXPERIMENT RESULTS,1137300,C,1,1327.7971943976079,1.0,0,1,mouse
SYNTHETIC DEMONSTRATION ONLY - NOT HUMAN EXPERIMENT RESULTS,1137320,C,1,1327.877174099524,1.0,0,1,mouse
SYNTHETIC DEMONSTRATION ONLY - NOT HUMAN EXPERIMENT RESULTS,1137340,C,1,1327.95675760509,1.0,0,1,mouse
SYNTHETIC DEMONSTRATION ONLY - NOT HUMAN EXPERIMENT RESULTS,1137360,C,1,1328.0359437832478,1.0,0,1,mouse
SYNTHETIC DEMONSTRATION ONLY - NOT HUMAN EXPERIMENT RESULTS,1137380,C,1,1328.1147315085866,1.0,0,1,mouse
SYNTHETIC DEMONSTRATION ONLY - NOT HUMAN EXPERIMENT RESULTS,1137400,C,1,1328.1931196613589,1.0,0,1,mouse
SYNTHETIC DEMONSTRATION ONLY - NOT HUMAN EXPERIMENT RESULTS,1137420,C,1,1328.271107127495,1.0,0,1,mouse
SYNTHETIC DEMONSTRATION ONLY - NOT HUMAN EXPERIMENT RESULTS,1137440,C,1,1328.3486927986205,1.0,0,1,mouse
SYNTHETIC DEMONSTRATION ONLY - NOT HUMAN EXPERIMENT RESULTS,1137460,C,1,1328.4258755720716,1.0,0,1,mouse
SYNTHETIC DEMONSTRATION ONLY - NOT HUMAN EXPERIMENT RESULTS,1137480,C,1,1328.5026543509098,1.0,0,1,mouse
SYNTHETIC DEMONSTRATION ONLY - NOT HUMAN EXPERIMENT RESULTS,1137500,C,1,1328.579028043939,1.0,0,1,mouse
SYNTHETIC DEMONSTRATION ONLY - NOT HUMAN EXPERIMENT RESULTS,1137520,C,1,1328.6549955657197,1.0,0,1,mouse
SYNTHETIC DEMONSTRATION ONLY - NOT HUMAN EXPERIMENT RESULTS,1137540,C,1,1328.7305558365856,1.0,0,1,mouse
SYNTHETIC DEMONSTRATION ONLY - NOT HUMAN EXPERIMENT RESULTS,1137560,C,1,1328.8057077826577,1.0,0,1,mouse
SYNTHETIC DEMONSTRATION ONLY - NOT HUMAN EXPERIMENT RESULTS,1137580,C,1,1328.8804503358608,1.0,0,1,mouse
SYNTHETIC DEMONSTRATION ONLY - NOT HUMAN EXPERIMENT RESULTS,1137600,C,1,1328.9547824339375,1.0,0,1,mouse
SYNTHETIC DEMONSTRATION ONLY - NOT HUMAN EXPERIMENT RESULTS,1137620,C,1,1329.0287030204643,1.0,0,1,mouse
SYNTHETIC DEMONSTRATION ONLY - NOT HUMAN EXPERIMENT RESULTS,1137640,C,1,1329.102211044866,1.0,0,1,mouse
SYNTHETIC DEMONSTRATION ONLY - NOT HUMAN EXPERIMENT RESULTS,1137660,C,1,1329.1753054624305,1.0,0,1,mouse
SYNTHETIC DEMONSTRATION ONLY - NOT HUMAN EXPERIMENT RESULTS,1137680,C,1,1329.2479852343251,1.0,0,1,mouse
SYNTHETIC DEMONSTRATION ONLY - NOT HUMAN EXPERIMENT RESULTS,1137700,C,1,1329.3202493276087,1.0,0,1,mouse
SYNTHETIC DEMONSTRATION ONLY - NOT HUMAN EXPERIMENT RESULTS,1137720,C,1,1329.392096715249,1.0,0,1,mouse
SYNTHETIC DEMONSTRATION ONLY - NOT HUMAN EXPERIMENT RESULTS,1137740,C,1,1329.4635263761354,1.0,0,1,mouse
SYNTHETIC DEMONSTRATION ONLY - NOT HUMAN EXPERIMENT RESULTS,1137760,C,1,1329.5345372950942,1.0,0,1,mouse
SYNTHETIC DEMONSTRATION ONLY - NOT HUMAN EXPERIMENT RESULTS,1137780,C,1,1329.6051284629034,1.0,0,1,mouse
SYNTHETIC DEMONSTRATION ONLY - NOT HUMAN EXPERIMENT RESULTS,1137800,C,1,1329.6752988763058,1.0,0,1,mouse
SYNTHETIC DEMONSTRATION ONLY - NOT HUMAN EXPERIMENT RESULTS,1137820,C,1,1329.745047538025,1.0,0,1,mouse
SYNTHETIC DEMONSTRATION ONLY - NOT HUMAN EXPERIMENT RESULTS,1137840,C,1,1329.8143734567775,1.0,0,1,mouse
SYNTHETIC DEMONSTRATION ONLY - NOT HUMAN EXPERIMENT RESULTS,1137860,C,1,1329.8832756472893,1.0,0,1,mouse
SYNTHETIC DEMONSTRATION ONLY - NOT HUMAN EXPERIMENT RESULTS,1137880,C,1,1329.951753130307,1.0,0,1,mouse
SYNTHETIC DEMONSTRATION ONLY - NOT HUMAN EXPERIMENT RESULTS,1137900,C,1,1330.0198049326145,1.0,0,1,mouse
SYNTHETIC DEMONSTRATION ONLY - NOT HUMAN EXPERIMENT RESULTS,1137920,C,1,1330.087430087045,1.0,0,1,mouse
SYNTHETIC DEMONSTRATION ONLY - NOT HUMAN EXPERIMENT RESULTS,1137940,C,1,1330.1546276324952,1.0,0,1,mouse
SYNTHETIC DEMONSTRATION ONLY - NOT HUMAN EXPERIMENT RESULTS,1137960,C,1,1330.2213966139393,1.0,0,1,mouse
SYNTHETIC DEMONSTRATION ONLY - NOT HUMAN EXPERIMENT RESULTS,1137980,C,1,1330.2877360824423,1.0,0,1,mouse
SYNTHETIC DEMONSTRATION ONLY - NOT HUMAN EXPERIMENT RESULTS,1138000,C,1,1330.3536450951735,1.0,0,1,mouse
SYNTHETIC DEMONSTRATION ONLY - NOT HUMAN EXPERIMENT RESULTS,1138020,C,1,1330.4191227154201,1.0,0,1,mouse
SYNTHETIC DEMONSTRATION ONLY - NOT HUMAN EXPERIMENT RESULTS,1138040,C,1,1330.4841680125999,1.0,0,1,mouse
SYNTHETIC DEMONSTRATION ONLY - NOT HUMAN EXPERIMENT RESULTS,1138060,C,1,1330.5487800622755,1.0,0,1,mouse
SYNTHETIC DEMONSTRATION ONLY - NOT HUMAN EXPERIMENT RESULTS,1138080,C,1,1330.6129579461663,1.0,0,1,mouse
SYNTHETIC DEMONSTRATION ONLY - NOT HUMAN EXPERIMENT RESULTS,1138100,C,1,1330.6767007521628,1.0,0,1,mouse
SYNTHETIC DEMONSTRATION ONLY - NOT HUMAN EXPERIMENT RESULTS,1138120,C,1,1330.7400075743385,1.0,0,1,mouse
SYNTHETIC DEMONSTRATION ONLY - NOT HUMAN EXPERIMENT RESULTS,1138140,C,1,1330.8028775129637,1.0,0,1,mouse
SYNTHETIC DEMONSTRATION ONLY - NOT HUMAN EXPERIMENT RESULTS,1138160,C,1,1330.8653096745168,1.0,0,1,mouse
SYNTHETIC DEMONSTRATION ONLY - NOT HUMAN EXPERIMENT RESULTS,1138180,C,1,1330.9273031716991,1.0,0,1,mouse
SYNTHETIC DEMONSTRATION ONLY - NOT HUMAN EXPERIMENT RESULTS,1138200,C,1,1330.9888571234455,1.0,0,1,mouse
SYNTHETIC DEMONSTRATION ONLY - NOT HUMAN EXPERIMENT RESULTS,1138220,C,1,1331.049970654938,1.0,0,1,mouse
SYNTHETIC DEMONSTRATION ONLY - NOT HUMAN EXPERIMENT RESULTS,1138240,C,1,1331.1106428976186,1.0,0,1,mouse
SYNTHETIC DEMONSTRATION ONLY - NOT HUMAN EXPERIMENT RESULTS,1138260,C,1,1331.1708729891998,1.0,0,1,mouse
SYNTHETIC DEMONSTRATION ONLY - NOT HUMAN EXPERIMENT RESULTS,1138280,C,1,1331.230660073679,1.0,0,1,mouse
SYNTHETIC DEMONSTRATION ONLY - NOT HUMAN EXPERIMENT RESULTS,1138300,C,1,1331.2900033013493,1.0,0,1,mouse
SYNTHETIC DEMONSTRATION ONLY - NOT HUMAN EXPERIMENT RESULTS,1138320,C,1,1331.3489018288121,1.0,0,1,mouse
SYNTHETIC DEMONSTRATION ONLY - NOT HUMAN EXPERIMENT RESULTS,1138340,C,1,1331.407354818989,1.0,0,1,mouse
SYNTHETIC DEMONSTRATION ONLY - NOT HUMAN EXPERIMENT RESULTS,1138360,C,1,1331.4653614411334,1.0,0,1,mouse
SYNTHETIC DEMONSTRATION ONLY - NOT HUMAN EXPERIMENT RESULTS,1138380,C,1,1331.522920870843,1.0,0,1,mouse
SYNTHETIC DEMONSTRATION ONLY - NOT HUMAN EXPERIMENT RESULTS,1138400,C,1,1331.5800322900711,1.0,0,1,mouse
SYNTHETIC DEMONSTRATION ONLY - NOT HUMAN EXPERIMENT RESULTS,1138420,C,1,1331.6366948871378,1.0,0,1,mouse
SYNTHETIC DEMONSTRATION ONLY - NOT HUMAN EXPERIMENT RESULTS,1138440,C,1,1331.692907856742,1.0,0,1,mouse
SYNTHETIC DEMONSTRATION ONLY - NOT HUMAN EXPERIMENT RESULTS,1138460,C,1,1331.7486703999732,1.0,0,1,mouse
SYNTHETIC DEMONSTRATION ONLY - NOT HUMAN EXPERIMENT RESULTS,1138480,C,1,1331.803981724322,1.0,0,1,mouse
SYNTHETIC DEMONSTRATION ONLY - NOT HUMAN EXPERIMENT RESULTS,1138500,C,1,1331.8588410436923,1.0,0,1,mouse
SYNTHETIC DEMONSTRATION ONLY - NOT HUMAN EXPERIMENT RESULTS,1138520,C,1,1331.9132475784118,1.0,0,1,mouse
SYNTHETIC DEMONSTRATION ONLY - NOT HUMAN EXPERIMENT RESULTS,1138540,C,1,1331.967200555243,1.0,0,1,mouse
SYNTHETIC DEMONSTRATION ONLY - NOT HUMAN EXPERIMENT RESULTS,1138560,C,1,1332.0206992073947,1.0,0,1,mouse
SYNTHETIC DEMONSTRATION ONLY - NOT HUMAN EXPERIMENT RESULTS,1138580,C,1,1332.0737427745328,1.0,0,1,mouse
SYNTHETIC DEMONSTRATION ONLY - NOT HUMAN EXPERIMENT RESULTS,1138600,C,1,1332.1263305027906,1.0,0,1,mouse
SYNTHETIC DEMONSTRATION ONLY - NOT HUMAN EXPERIMENT RESULTS,1138620,C,1,1332.17846164478,1.0,0,1,mouse
SYNTHETIC DEMONSTRATION ONLY - NOT HUMAN EXPERIMENT RESULTS,1138640,C,1,1332.2301354596025,1.0,0,1,mouse
SYNTHETIC DEMONSTRATION ONLY - NOT HUMAN EXPERIMENT RESULTS,1138660,C,1,1332.2813512128582,1.0,0,1,mouse
SYNTHETIC DEMONSTRATION ONLY - NOT HUMAN EXPERIMENT RESULTS,1138680,C,1,1332.3321081766585,1.0,0,1,mouse
SYNTHETIC DEMONSTRATION ONLY - NOT HUMAN EXPERIMENT RESULTS,1138700,C,1,1332.3824056296344,1.0,0,1,mouse
SYNTHETIC DEMONSTRATION ONLY - NOT HUMAN EXPERIMENT RESULTS,1138720,C,1,1332.4322428569474,1.0,0,1,mouse
SYNTHETIC DEMONSTRATION ONLY - NOT HUMAN EXPERIMENT RESULTS,1138740,C,1,1332.4816191503005,1.0,0,1,mouse
SYNTHETIC DEMONSTRATION ONLY - NOT HUMAN EXPERIMENT RESULTS,1138760,C,1,1332.5305338079474,1.0,0,1,mouse
SYNTHETIC DEMONSTRATION ONLY - NOT HUMAN EXPERIMENT RESULTS,1138780,C,1,1332.5789861347023,1.0,0,1,mouse
SYNTHETIC DEMONSTRATION ONLY - NOT HUMAN EXPERIMENT RESULTS,1138800,C,1,1332.6269754419504,1.0,0,1,mouse
SYNTHETIC DEMONSTRATION ONLY - NOT HUMAN EXPERIMENT RESULTS,1138820,C,1,1332.6745010476575,1.0,0,1,mouse
SYNTHETIC DEMONSTRATION ONLY - NOT HUMAN EXPERIMENT RESULTS,1138840,C,1,1332.7215622763797,1.0,0,1,mouse
SYNTHETIC DEMONSTRATION ONLY - NOT HUMAN EXPERIMENT RESULTS,1138860,C,1,1332.7681584592724,1.0,0,1,mouse
SYNTHETIC DEMONSTRATION ONLY - NOT HUMAN EXPERIMENT RESULTS,1138880,C,1,1332.8142889341011,1.0,0,1,mouse
SYNTHETIC DEMONSTRATION ONLY - NOT HUMAN EXPERIMENT RESULTS,1138900,C,1,1332.8599530452493,1.0,0,1,mouse
SYNTHETIC DEMONSTRATION ONLY - NOT HUMAN EXPERIMENT RESULTS,1138920,C,1,1332.905150143729,1.0,0,1,mouse
SYNTHETIC DEMONSTRATION ONLY - NOT HUMAN EXPERIMENT RESULTS,1138940,C,1,1332.9498795871896,1.0,0,1,mouse
SYNTHETIC DEMONSTRATION ONLY - NOT HUMAN EXPERIMENT RESULTS,1138960,C,1,1332.9941407399265,1.0,0,1,mouse
SYNTHETIC DEMONSTRATION ONLY - NOT HUMAN EXPERIMENT RESULTS,1138980,C,1,1333.0379329728905,1.0,0,1,mouse
SYNTHETIC DEMONSTRATION ONLY - NOT HUMAN EXPERIMENT RESULTS,1139000,C,1,1333.0812556636977,1.0,0,1,mouse
SYNTHETIC DEMONSTRATION ONLY - NOT HUMAN EXPERIMENT RESULTS,1139020,C,1,1333.1241081966364,1.0,0,1,mouse
SYNTHETIC DEMONSTRATION ONLY - NOT HUMAN EXPERIMENT RESULTS,1139040,C,1,1333.166489962677,1.0,0,1,mouse
SYNTHETIC DEMONSTRATION ONLY - NOT HUMAN EXPERIMENT RESULTS,1139060,C,1,1333.208400359481,1.0,0,1,mouse
SYNTHETIC DEMONSTRATION ONLY - NOT HUMAN EXPERIMENT RESULTS,1139080,C,1,1333.249838791409,1.0,0,1,mouse
SYNTHETIC DEMONSTRATION ONLY - NOT HUMAN EXPERIMENT RESULTS,1139100,C,1,1333.290804669529,1.0,0,1,mouse
SYNTHETIC DEMONSTRATION ONLY - NOT HUMAN EXPERIMENT RESULTS,1139120,C,1,1333.3312974116254,1.0,0,1,mouse
SYNTHETIC DEMONSTRATION ONLY - NOT HUMAN EXPERIMENT RESULTS,1139140,C,1,1333.3713164422068,1.0,0,1,mouse
SYNTHETIC DEMONSTRATION ONLY - NOT HUMAN EXPERIMENT RESULTS,1139160,C,1,1333.4108611925135,1.0,0,1,mouse
SYNTHETIC DEMONSTRATION ONLY - NOT HUMAN EXPERIMENT RESULTS,1139180,C,1,1333.449931100528,1.0,0,1,mouse
SYNTHETIC DEMONSTRATION ONLY - NOT HUMAN EXPERIMENT RESULTS,1139200,C,1,1333.4885256109797,1.0,0,1,mouse
SYNTHETIC DEMONSTRATION ONLY - NOT HUMAN EXPERIMENT RESULTS,1139220,C,1,1333.5266441753554,1.0,0,1,mouse
SYNTHETIC DEMONSTRATION ONLY - NOT HUMAN EXPERIMENT RESULTS,1139240,C,1,1333.564286251906,1.0,0,1,mouse
SYNTHETIC DEMONSTRATION ONLY - NOT HUMAN EXPERIMENT RESULTS,1139260,C,1,1333.601451305654,1.0,0,1,mouse
SYNTHETIC DEMONSTRATION ONLY - NOT HUMAN EXPERIMENT RESULTS,1139280,C,1,1333.6381388084023,1.0,0,1,mouse
SYNTHETIC DEMONSTRATION ONLY - NOT HUMAN EXPERIMENT RESULTS,1139300,C,1,1333.67434823874,1.0,0,1,mouse
SYNTHETIC DEMONSTRATION ONLY - NOT HUMAN EXPERIMENT RESULTS,1139320,C,1,1333.7100790820507,1.0,0,1,mouse
SYNTHETIC DEMONSTRATION ONLY - NOT HUMAN EXPERIMENT RESULTS,1139340,C,1,1333.7453308305203,1.0,0,1,mouse
SYNTHETIC DEMONSTRATION ONLY - NOT HUMAN EXPERIMENT RESULTS,1139360,C,1,1333.7801029831433,1.0,0,1,mouse
SYNTHETIC DEMONSTRATION ONLY - NOT HUMAN EXPERIMENT RESULTS,1139380,C,1,1333.8143950457304,1.0,0,1,mouse
SYNTHETIC DEMONSTRATION ONLY - NOT HUMAN EXPERIMENT RESULTS,1139400,C,1,1333.8482065309156,1.0,0,1,mouse
SYNTHETIC DEMONSTRATION ONLY - NOT HUMAN EXPERIMENT RESULTS,1139420,C,1,1333.8815369581628,1.0,0,1,mouse
SYNTHETIC DEMONSTRATION ONLY - NOT HUMAN EXPERIMENT RESULTS,1139440,C,1,1333.9143858537727,1.0,0,1,mouse
SYNTHETIC DEMONSTRATION ONLY - NOT HUMAN EXPERIMENT RESULTS,1139460,C,1,1333.9467527508903,1.0,0,1,mouse
SYNTHETIC DEMONSTRATION ONLY - NOT HUMAN EXPERIMENT RESULTS,1139480,C,1,1333.9786371895098,1.0,0,1,mouse
SYNTHETIC DEMONSTRATION ONLY - NOT HUMAN EXPERIMENT RESULTS,1139500,C,1,1334.010038716483,1.0,0,1,mouse
SYNTHETIC DEMONSTRATION ONLY - NOT HUMAN EXPERIMENT RESULTS,1139520,C,1,1334.0409568855246,1.0,0,1,mouse
SYNTHETIC DEMONSTRATION ONLY - NOT HUMAN EXPERIMENT RESULTS,1139540,C,1,1334.071391257219,1.0,0,1,mouse
SYNTHETIC DEMONSTRATION ONLY - NOT HUMAN EXPERIMENT RESULTS,1139560,C,1,1334.1013413990263,1.0,0,1,mouse
SYNTHETIC DEMONSTRATION ONLY - NOT HUMAN EXPERIMENT RESULTS,1139580,C,1,1334.130806885289,1.0,0,1,mouse
SYNTHETIC DEMONSTRATION ONLY - NOT HUMAN EXPERIMENT RESULTS,1139600,C,1,1334.1597872972372,1.0,0,1,mouse
SYNTHETIC DEMONSTRATION ONLY - NOT HUMAN EXPERIMENT RESULTS,1139620,C,1,1334.188282222995,1.0,0,1,mouse
SYNTHETIC DEMONSTRATION ONLY - NOT HUMAN EXPERIMENT RESULTS,1139640,C,1,1334.2162912575864,1.0,0,1,mouse
SYNTHETIC DEMONSTRATION ONLY - NOT HUMAN EXPERIMENT RESULTS,1139660,C,1,1334.243814002941,1.0,0,1,mouse
SYNTHETIC DEMONSTRATION ONLY - NOT HUMAN EXPERIMENT RESULTS,1139680,C,1,1334.2708500678998,1.0,0,1,mouse
SYNTHETIC DEMONSTRATION ONLY - NOT HUMAN EXPERIMENT RESULTS,1139700,C,1,1334.2973990682206,1.0,0,1,mouse
SYNTHETIC DEMONSTRATION ONLY - NOT HUMAN EXPERIMENT RESULTS,1139720,C,1,1334.323460626583,1.0,0,1,mouse
SYNTHETIC DEMONSTRATION ONLY - NOT HUMAN EXPERIMENT RESULTS,1139740,C,1,1334.3490343725948,1.0,0,1,mouse
SYNTHETIC DEMONSTRATION ONLY - NOT HUMAN EXPERIMENT RESULTS,1139760,C,1,1334.3741199427964,1.0,0,1,mouse
SYNTHETIC DEMONSTRATION ONLY - NOT HUMAN EXPERIMENT RESULTS,1139780,C,1,1334.3987169806662,1.0,0,1,mouse
SYNTHETIC DEMONSTRATION ONLY - NOT HUMAN EXPERIMENT RESULTS,1139800,C,1,1334.422825136626,1.0,0,1,mouse
SYNTHETIC DEMONSTRATION ONLY - NOT HUMAN EXPERIMENT RESULTS,1139820,C,1,1334.4464440680456,1.0,0,1,mouse
SYNTHETIC DEMONSTRATION ONLY - NOT HUMAN EXPERIMENT RESULTS,1139840,C,1,1334.4695734392476,1.0,0,1,mouse
SYNTHETIC DEMONSTRATION ONLY - NOT HUMAN EXPERIMENT RESULTS,1139860,C,1,1334.4922129215124,1.0,0,1,mouse
SYNTHETIC DEMONSTRATION ONLY - NOT HUMAN EXPERIMENT RESULTS,1139880,C,1,1334.514362193083,1.0,0,1,mouse
SYNTHETIC DEMONSTRATION ONLY - NOT HUMAN EXPERIMENT RESULTS,1139900,C,1,1334.5360209391688,1.0,0,1,mouse
SYNTHETIC DEMONSTRATION ONLY - NOT HUMAN EXPERIMENT RESULTS,1139920,C,1,1334.5571888519517,1.0,0,1,mouse
SYNTHETIC DEMONSTRATION ONLY - NOT HUMAN EXPERIMENT RESULTS,1139940,C,1,1334.5778656305883,1.0,0,1,mouse
SYNTHETIC DEMONSTRATION ONLY - NOT HUMAN EXPERIMENT RESULTS,1139960,C,1,1334.5980509812161,1.0,0,1,mouse
SYNTHETIC DEMONSTRATION ONLY - NOT HUMAN EXPERIMENT RESULTS,1139980,C,1,1334.6177446169565,1.0,0,1,mouse
SYNTHETIC DEMONSTRATION ONLY - NOT HUMAN EXPERIMENT RESULTS,1140000,C,1,1334.6369462579194,1.0,0,1,mouse
SYNTHETIC DEMONSTRATION ONLY - NOT HUMAN EXPERIMENT RESULTS,1140020,C,1,1334.6556556312069,1.0,0,1,mouse
SYNTHETIC DEMONSTRATION ONLY - NOT HUMAN EXPERIMENT RESULTS,1140040,C,1,1334.6738724709173,1.0,0,1,mouse
SYNTHETIC DEMONSTRATION ONLY - NOT HUMAN EXPERIMENT RESULTS,1140060,C,1,1334.691596518149,1.0,0,1,mouse
SYNTHETIC DEMONSTRATION ONLY - NOT HUMAN EXPERIMENT RESULTS,1140080,C,1,1334.7088275210044,1.0,0,1,mouse
SYNTHETIC DEMONSTRATION ONLY - NOT HUMAN EXPERIMENT RESULTS,1140100,C,1,1334.7255652345923,1.0,0,1,mouse
SYNTHETIC DEMONSTRATION ONLY - NOT HUMAN EXPERIMENT RESULTS,1140120,C,1,1334.7418094210332,1.0,0,1,mouse
SYNTHETIC DEMONSTRATION ONLY - NOT HUMAN EXPERIMENT RESULTS,1140140,C,1,1334.757559849461,1.0,0,1,mouse
SYNTHETIC DEMONSTRATION ONLY - NOT HUMAN EXPERIMENT RESULTS,1140160,C,1,1334.7728162960273,1.0,0,1,mouse
SYNTHETIC DEMONSTRATION ONLY - NOT HUMAN EXPERIMENT RESULTS,1140180,C,1,1334.7875785439041,1.0,0,1,mouse
SYNTHETIC DEMONSTRATION ONLY - NOT HUMAN EXPERIMENT RESULTS,1140200,C,1,1334.8018463832873,1.0,0,1,mouse
SYNTHETIC DEMONSTRATION ONLY - NOT HUMAN EXPERIMENT RESULTS,1140220,C,1,1334.8156196113994,1.0,0,1,mouse
SYNTHETIC DEMONSTRATION ONLY - NOT HUMAN EXPERIMENT RESULTS,1140240,C,1,1334.8288980324924,1.0,0,1,mouse
SYNTHETIC DEMONSTRATION ONLY - NOT HUMAN EXPERIMENT RESULTS,1140260,C,1,1334.8416814578502,1.0,0,1,mouse
SYNTHETIC DEMONSTRATION ONLY - NOT HUMAN EXPERIMENT RESULTS,1140280,C,1,1334.8539697057922,1.0,0,1,mouse
SYNTHETIC DEMONSTRATION ONLY - NOT HUMAN EXPERIMENT RESULTS,1140300,C,1,1334.8657626016754,1.0,0,1,mouse
SYNTHETIC DEMONSTRATION ONLY - NOT HUMAN EXPERIMENT RESULTS,1140320,C,1,1334.8770599778966,1.0,0,1,mouse
SYNTHETIC DEMONSTRATION ONLY - NOT HUMAN EXPERIMENT RESULTS,1140340,C,1,1334.8878616738946,1.0,0,1,mouse
SYNTHETIC DEMONSTRATION ONLY - NOT HUMAN EXPERIMENT RESULTS,1140360,C,1,1334.898167536154,1.0,0,1,mouse
SYNTHETIC DEMONSTRATION ONLY - NOT HUMAN EXPERIMENT RESULTS,1140380,C,1,1334.9079774182053,1.0,0,1,mouse
SYNTHETIC DEMONSTRATION ONLY - NOT HUMAN EXPERIMENT RESULTS,1140400,C,1,1334.9172911806286,1.0,0,1,mouse
SYNTHETIC DEMONSTRATION ONLY - NOT HUMAN EXPERIMENT RESULTS,1140420,C,1,1334.9261086910547,1.0,0,1,mouse
SYNTHETIC DEMONSTRATION ONLY - NOT HUMAN EXPERIMENT RESULTS,1140440,C,1,1334.934429824167,1.0,0,1,mouse
SYNTHETIC DEMONSTRATION ONLY - NOT HUMAN EXPERIMENT RESULTS,1140460,C,1,1334.942254461704,1.0,0,1,mouse
SYNTHETIC DEMONSTRATION ONLY - NOT HUMAN EXPERIMENT RESULTS,1140480,C,1,1334.9495824924602,1.0,0,1,mouse
SYNTHETIC DEMONSTRATION ONLY - NOT HUMAN EXPERIMENT RESULTS,1140500,C,1,1334.956413812288,1.0,0,1,mouse
SYNTHETIC DEMONSTRATION ONLY - NOT HUMAN EXPERIMENT RESULTS,1140520,C,1,1334.9627483240995,1.0,0,1,mouse
SYNTHETIC DEMONSTRATION ONLY - NOT HUMAN EXPERIMENT RESULTS,1140540,C,1,1334.9685859378671,1.0,0,1,mouse
SYNTHETIC DEMONSTRATION ONLY - NOT HUMAN EXPERIMENT RESULTS,1140560,C,1,1334.9739265706253,1.0,0,1,mouse
SYNTHETIC DEMONSTRATION ONLY - NOT HUMAN EXPERIMENT RESULTS,1140580,C,1,1334.978770146472,1.0,0,1,mouse
SYNTHETIC DEMONSTRATION ONLY - NOT HUMAN EXPERIMENT RESULTS,1140600,C,1,1334.9831165965693,1.0,0,1,mouse
SYNTHETIC DEMONSTRATION ONLY - NOT HUMAN EXPERIMENT RESULTS,1140620,C,1,1334.9869658591442,1.0,0,1,mouse
SYNTHETIC DEMONSTRATION ONLY - NOT HUMAN EXPERIMENT RESULTS,1140640,C,1,1334.9903178794907,1.0,0,1,mouse
SYNTHETIC DEMONSTRATION ONLY - NOT HUMAN EXPERIMENT RESULTS,1140660,C,1,1334.9931726099687,1.0,0,1,mouse
SYNTHETIC DEMONSTRATION ONLY - NOT HUMAN EXPERIMENT RESULTS,1140680,C,1,1334.9955300100064,1.0,0,1,mouse
SYNTHETIC DEMONSTRATION ONLY - NOT HUMAN EXPERIMENT RESULTS,1140700,C,1,1334.9973900460998,1.0,0,1,mouse
SYNTHETIC DEMONSTRATION ONLY - NOT HUMAN EXPERIMENT RESULTS,1140720,C,1,1334.9987526918137,1.0,0,1,mouse
SYNTHETIC DEMONSTRATION ONLY - NOT HUMAN EXPERIMENT RESULTS,1140740,C,1,1334.999617927782,1.0,0,1,mouse
SYNTHETIC DEMONSTRATION ONLY - NOT HUMAN EXPERIMENT RESULTS,1140760,C,1,1334.9999857417079,1.0,0,1,mouse
SYNTHETIC DEMONSTRATION ONLY - NOT HUMAN EXPERIMENT RESULTS,1140780,C,1,1334.9998561283635,1.0,0,1,mouse
SYNTHETIC DEMONSTRATION ONLY - NOT HUMAN EXPERIMENT RESULTS,1140800,C,1,1334.9992290895912,1.0,0,1,mouse
SYNTHETIC DEMONSTRATION ONLY - NOT HUMAN EXPERIMENT RESULTS,1140820,C,1,1334.9981046343025,1.0,0,1,mouse
SYNTHETIC DEMONSTRATION ONLY - NOT HUMAN EXPERIMENT RESULTS,1140840,C,1,1334.9964827784786,1.0,0,1,mouse
SYNTHETIC DEMONSTRATION ONLY - NOT HUMAN EXPERIMENT RESULTS,1140860,C,1,1334.9943635451693,1.0,0,1,mouse
SYNTHETIC DEMONSTRATION ONLY - NOT HUMAN EXPERIMENT RESULTS,1140880,C,1,1334.991746964494,1.0,0,1,mouse
SYNTHETIC DEMONSTRATION ONLY - NOT HUMAN EXPERIMENT RESULTS,1140900,C,1,1334.98863307364,1.0,0,1,mouse
SYNTHETIC DEMONSTRATION ONLY - NOT HUMAN EXPERIMENT RESULTS,1140920,C,1,1334.9850219168623,1.0,0,1,mouse
SYNTHETIC DEMONSTRATION ONLY - NOT HUMAN EXPERIMENT RESULTS,1140940,C,1,1334.9809135454839,1.0,0,1,mouse
SYNTHETIC DEMONSTRATION ONLY - NOT HUMAN EXPERIMENT RESULTS,1140960,C,1,1334.9763080178932,1.0,0,1,mouse
SYNTHETIC DEMONSTRATION ONLY - NOT HUMAN EXPERIMENT RESULTS,1140980,C,1,1334.9712053995456,1.0,0,1,mouse
SYNTHETIC DEMONSTRATION ONLY - NOT HUMAN EXPERIMENT RESULTS,1141000,C,1,1334.9656057629602,1.0,0,1,mouse
SYNTHETIC DEMONSTRATION ONLY - NOT HUMAN EXPERIMENT RESULTS,1141020,C,1,1334.9595091877204,1.0,0,1,mouse
SYNTHETIC DEMONSTRATION ONLY - NOT HUMAN EXPERIMENT RESULTS,1141040,C,1,1334.952915760472,1.0,0,1,mouse
SYNTHETIC DEMONSTRATION ONLY - NOT HUMAN EXPERIMENT RESULTS,1141060,C,1,1334.945825574922,1.0,0,1,mouse
SYNTHETIC DEMONSTRATION ONLY - NOT HUMAN EXPERIMENT RESULTS,1141080,C,1,1334.938238731838,1.0,0,1,mouse
SYNTHETIC DEMONSTRATION ONLY - NOT HUMAN EXPERIMENT RESULTS,1141100,C,1,1334.9301553390458,1.0,0,1,mouse
SYNTHETIC DEMONSTRATION ONLY - NOT HUMAN EXPERIMENT RESULTS,1141120,C,1,1334.9215755114278,1.0,0,1,mouse
SYNTHETIC DEMONSTRATION ONLY - NOT HUMAN EXPERIMENT RESULTS,1141140,C,1,1334.912499370923,1.0,0,1,mouse
SYNTHETIC DEMONSTRATION ONLY - NOT HUMAN EXPERIMENT RESULTS,1141160,C,1,1334.902927046523,1.0,0,1,mouse
SYNTHETIC DEMONSTRATION ONLY - NOT HUMAN EXPERIMENT RESULTS,1141180,C,1,1334.8928586742718,1.0,0,1,mouse
SYNTHETIC DEMONSTRATION ONLY - NOT HUMAN EXPERIMENT RESULTS,1141200,C,1,1334.8822943972634,1.0,0,1,mouse
SYNTHETIC DEMONSTRATION ONLY - NOT HUMAN EXPERIMENT RESULTS,1141220,C,1,1334.8712343656393,1.0,0,1,mouse
SYNTHETIC DEMONSTRATION ONLY - NOT HUMAN EXPERIMENT RESULTS,1141240,C,1,1334.8596787365875,1.0,0,1,mouse
SYNTHETIC DEMONSTRATION ONLY - NOT HUMAN EXPERIMENT RESULTS,1141260,C,1,1334.8476276743386,1.0,0,1,mouse
SYNTHETIC DEMONSTRATION ONLY - NOT HUMAN EXPERIMENT RESULTS,1141280,C,1,1334.835081350165,1.0,0,1,mouse
SYNTHETIC DEMONSTRATION ONLY - NOT HUMAN EXPERIMENT RESULTS,1141300,C,1,1334.8220399423778,1.0,0,1,mouse
SYNTHETIC DEMONSTRATION ONLY - NOT HUMAN EXPERIMENT RESULTS,1141320,C,1,1334.8085036363243,1.0,0,1,mouse
SYNTHETIC DEMONSTRATION ONLY - NOT HUMAN EXPERIMENT RESULTS,1141340,C,1,1334.7944726243852,1.0,0,1,mouse
SYNTHETIC DEMONSTRATION ONLY - NOT HUMAN EXPERIMENT RESULTS,1141360,C,1,1334.7799471059725,1.0,0,1,mouse
SYNTHETIC DEMONSTRATION ONLY - NOT HUMAN EXPERIMENT RESULTS,1141380,C,1,1334.7649272875258,1.0,0,1,mouse
SYNTHETIC DEMONSTRATION ONLY - NOT HUMAN EXPERIMENT RESULTS,1141400,C,1,1334.74941338251,1.0,0,1,mouse
SYNTHETIC DEMONSTRATION ONLY - NOT HUMAN EXPERIMENT RESULTS,1141420,C,1,1334.733405611412,1.0,0,1,mouse
SYNTHETIC DEMONSTRATION ONLY - NOT HUMAN EXPERIMENT RESULTS,1141440,C,1,1334.7169042017376,1.0,0,1,mouse
SYNTHETIC DEMONSTRATION ONLY - NOT HUMAN EXPERIMENT RESULTS,1141460,C,1,1334.6999093880086,1.0,0,1,mouse
SYNTHETIC DEMONSTRATION ONLY - NOT HUMAN EXPERIMENT RESULTS,1141480,C,1,1334.6824214117587,1.0,0,1,mouse
SYNTHETIC DEMONSTRATION ONLY - NOT HUMAN EXPERIMENT RESULTS,1141500,C,1,1334.6644405215309,1.0,0,1,mouse
SYNTHETIC DEMONSTRATION ONLY - NOT HUMAN EXPERIMENT RESULTS,1141520,C,1,1334.645966972873,1.0,0,1,mouse
SYNTHETIC DEMONSTRATION ONLY - NOT HUMAN EXPERIMENT RESULTS,1141540,C,1,1334.6270010283358,1.0,0,1,mouse
SYNTHETIC DEMONSTRATION ONLY - NOT HUMAN EXPERIMENT RESULTS,1141560,C,1,1334.6075429574669,1.0,0,1,mouse
SYNTHETIC DEMONSTRATION ONLY - NOT HUMAN EXPERIMENT RESULTS,1141580,C,1,1334.5875930368084,1.0,0,1,mouse
SYNTHETIC DEMONSTRATION ONLY - NOT HUMAN EXPERIMENT RESULTS,1141600,C,1,1334.5671515498932,1.0,0,1,mouse
SYNTHETIC DEMONSTRATION ONLY - NOT HUMAN EXPERIMENT RESULTS,1141620,C,1,1334.5462187872397,1.0,0,1,mouse
SYNTHETIC DEMONSTRATION ONLY - NOT HUMAN EXPERIMENT RESULTS,1141640,C,1,1334.5247950463493,1.0,0,1,mouse
SYNTHETIC DEMONSTRATION ONLY - NOT HUMAN EXPERIMENT RESULTS,1141660,C,1,1334.5028806317002,1.0,0,1,mouse
SYNTHETIC DEMONSTRATION ONLY - NOT HUMAN EXPERIMENT RESULTS,1141680,C,1,1334.480475854745,1.0,0,1,mouse
SYNTHETIC DEMONSTRATION ONLY - NOT HUMAN EXPERIMENT RESULTS,1141700,C,1,1334.4575810339054,1.0,0,1,mouse
SYNTHETIC DEMONSTRATION ONLY - NOT HUMAN EXPERIMENT RESULTS,1141720,C,1,1334.434196494567,1.0,0,1,mouse
SYNTHETIC DEMONSTRATION ONLY - NOT HUMAN EXPERIMENT RESULTS,1141740,C,1,1334.4103225690765,1.0,0,1,mouse
SYNTHETIC DEMONSTRATION ONLY - NOT HUMAN EXPERIMENT RESULTS,1141760,C,1,1334.3859595967347,1.0,0,1,mouse
SYNTHETIC DEMONSTRATION ONLY - NOT HUMAN EXPERIMENT RESULTS,1141780,C,1,1334.3611079237933,1.0,0,1,mouse
SYNTHETIC DEMONSTRATION ONLY - NOT HUMAN EXPERIMENT RESULTS,1141800,C,1,1334.33576790345,1.0,0,1,mouse
SYNTHETIC DEMONSTRATION ONLY - NOT HUMAN EXPERIMENT RESULTS,1141820,C,1,1334.3099398958425,1.0,0,1,mouse
SYNTHETIC DEMONSTRATION ONLY - NOT HUMAN EXPERIMENT RESULTS,1141840,C,1,1334.2836242680437,1.0,0,1,mouse
SYNTHETIC DEMONSTRATION ONLY - NOT HUMAN EXPERIMENT RESULTS,1141860,C,1,1334.256821394057,1.0,0,1,mouse
SYNTHETIC DEMONSTRATION ONLY - NOT HUMAN EXPERIMENT RESULTS,1141880,C,1,1334.229531654811,1.0,0,1,mouse
SYNTHETIC DEMONSTRATION ONLY - NOT HUMAN EXPERIMENT RESULTS,1141900,C,1,1334.2017554381525,1.0,0,1,mouse
SYNTHETIC DEMONSTRATION ONLY - NOT HUMAN EXPERIMENT RESULTS,1141920,C,1,1334.1734931388437,1.0,0,1,mouse
SYNTHETIC DEMONSTRATION ONLY - NOT HUMAN EXPERIMENT RESULTS,1141940,C,1,1334.144745158554,1.0,0,1,mouse
SYNTHETIC DEMONSTRATION ONLY - NOT HUMAN EXPERIMENT RESULTS,1141960,C,1,1334.1155119058562,1.0,0,1,mouse
SYNTHETIC DEMONSTRATION ONLY - NOT HUMAN EXPERIMENT RESULTS,1141980,C,1,1334.0857937962194,1.0,0,1,mouse
SYNTHETIC DEMONSTRATION ONLY - NOT HUMAN EXPERIMENT RESULTS,1142000,C,1,1334.0555912520035,1.0,0,1,mouse
SYNTHETIC DEMONSTRATION ONLY - NOT HUMAN EXPERIMENT RESULTS,1142020,C,1,1334.0249047024536,1.0,0,1,mouse
SYNTHETIC DEMONSTRATION ONLY - NOT HUMAN EXPERIMENT RESULTS,1142040,C,1,1333.9937345836938,1.0,0,1,mouse
SYNTHETIC DEMONSTRATION ONLY - NOT HUMAN EXPERIMENT RESULTS,1142060,C,1,1333.96208133872,1.0,0,1,mouse
SYNTHETIC DEMONSTRATION ONLY - NOT HUMAN EXPERIMENT RESULTS,1142080,C,1,1333.9299454173954,1.0,0,1,mouse
SYNTHETIC DEMONSTRATION ONLY - NOT HUMAN EXPERIMENT RESULTS,1142100,C,1,1333.8973272764422,1.0,0,1,mouse
SYNTHETIC DEMONSTRATION ONLY - NOT HUMAN EXPERIMENT RESULTS,1142120,C,1,1333.8642273794364,1.0,0,1,mouse
SYNTHETIC DEMONSTRATION ONLY - NOT HUMAN EXPERIMENT RESULTS,1142140,C,1,1333.8306461968011,1.0,0,1,mouse
SYNTHETIC DEMONSTRATION ONLY - NOT HUMAN EXPERIMENT RESULTS,1142160,C,1,1333.796584205799,1.0,0,1,mouse
SYNTHETIC DEMONSTRATION ONLY - NOT HUMAN EXPERIMENT RESULTS,1142180,C,1,1333.7620418905262,1.0,0,1,mouse
SYNTHETIC DEMONSTRATION ONLY - NOT HUMAN EXPERIMENT RESULTS,1142200,C,1,1333.727019741906,1.0,0,1,mouse
SYNTHETIC DEMONSTRATION ONLY - NOT HUMAN EXPERIMENT RESULTS,1142220,C,1,1333.69151825768,1.0,0,1,mouse
SYNTHETIC DEMONSTRATION ONLY - NOT HUMAN EXPERIMENT RESULTS,1142240,C,1,1333.6555379424033,1.0,0,1,mouse
SYNTHETIC DEMONSTRATION ONLY - NOT HUMAN EXPERIMENT RESULTS,1142260,C,1,1333.6190793074359,1.0,0,1,mouse
SYNTHETIC DEMONSTRATION ONLY - NOT HUMAN EXPERIMENT RESULTS,1142280,C,1,1333.5821428709353,1.0,0,1,mouse
SYNTHETIC DEMONSTRATION ONLY - NOT HUMAN EXPERIMENT RESULTS,1142300,C,1,1333.5447291578503,1.0,0,1,mouse
SYNTHETIC DEMONSTRATION ONLY - NOT HUMAN EXPERIMENT RESULTS,1142320,C,1,1333.5068386999126,1.0,0,1,mouse
SYNTHETIC DEMONSTRATION ONLY - NOT HUMAN EXPERIMENT RESULTS,1142340,C,1,1333.4684720356295,1.0,0,1,mouse
SYNTHETIC DEMONSTRATION ONLY - NOT HUMAN EXPERIMENT RESULTS,1142360,C,1,1333.429629710276,1.0,0,1,mouse
SYNTHETIC DEMONSTRATION ONLY - NOT HUMAN EXPERIMENT RESULTS,1142380,C,1,1333.3903122758877,1.0,0,1,mouse
SYNTHETIC DEMONSTRATION ONLY - NOT HUMAN EXPERIMENT RESULTS,1142400,C,1,1333.3505202912522,1.0,0,1,mouse
SYNTHETIC DEMONSTRATION ONLY - NOT HUMAN EXPERIMENT RESULTS,1142420,C,1,1333.310254321902,1.0,0,1,mouse
SYNTHETIC DEMONSTRATION ONLY - NOT HUMAN EXPERIMENT RESULTS,1142440,C,1,1333.2695149401054,1.0,0,1,mouse
SYNTHETIC DEMONSTRATION ONLY - NOT HUMAN EXPERIMENT RESULTS,1142460,C,1,1333.2283027248593,1.0,0,1,mouse
SYNTHETIC DEMONSTRATION ONLY - NOT HUMAN EXPERIMENT RESULTS,1142480,C,1,1333.1866182618803,1.0,0,1,mouse
SYNTHETIC DEMONSTRATION ONLY - NOT HUMAN EXPERIMENT RESULTS,1142500,C,1,1333.1444621435971,1.0,0,1,mouse
SYNTHETIC DEMONSTRATION ONLY - NOT HUMAN EXPERIMENT RESULTS,1142520,C,1,1333.1018349691415,1.0,0,1,mouse
SYNTHETIC DEMONSTRATION ONLY - NOT HUMAN EXPERIMENT RESULTS,1142540,C,1,1333.0587373443398,1.0,0,1,mouse
SYNTHETIC DEMONSTRATION ONLY - NOT HUMAN EXPERIMENT RESULTS,1142560,C,1,1333.0151698817049,1.0,0,1,mouse
SYNTHETIC DEMONSTRATION ONLY - NOT HUMAN EXPERIMENT RESULTS,1142580,C,1,1332.9711332004265,1.0,0,1,mouse
SYNTHETIC DEMONSTRATION ONLY - NOT HUMAN EXPERIMENT RESULTS,1142600,C,1,1332.9266279263636,1.0,0,1,mouse
SYNTHETIC DEMONSTRATION ONLY - NOT HUMAN EXPERIMENT RESULTS,1142620,C,1,1332.8816546920348,1.0,0,1,mouse
SYNTHETIC DEMONSTRATION ONLY - NOT HUMAN EXPERIMENT RESULTS,1142640,C,1,1332.836214136609,1.0,0,1,mouse
SYNTHETIC DEMONSTRATION ONLY - NOT HUMAN EXPERIMENT RESULTS,1142660,C,1,1332.790306905897,1.0,0,1,mouse
SYNTHETIC DEMONSTRATION ONLY - NOT HUMAN EXPERIMENT RESULTS,1142680,C,1,1332.7439336523425,1.0,0,1,mouse
SYNTHETIC DEMONSTRATION ONLY - NOT HUMAN EXPERIMENT RESULTS,1142700,C,1,1332.697095035012,1.0,0,1,mouse
SYNTHETIC DEMONSTRATION ONLY - NOT HUMAN EXPERIMENT RESULTS,1142720,C,1,1332.6497917195857,1.0,0,1,mouse
SYNTHETIC DEMONSTRATION ONLY - NOT HUMAN EXPERIMENT RESULTS,1142740,C,1,1332.6020243783487,1.0,0,1,mouse
SYNTHETIC DEMONSTRATION ONLY - NOT HUMAN EXPERIMENT RESULTS,1142760,C,1,1332.5537936901806,1.0,0,1,mouse
SYNTHETIC DEMONSTRATION ONLY - NOT HUMAN EXPERIMENT RESULTS,1142780,C,1,1332.505100340546,1.0,0,1,mouse
SYNTHETIC DEMONSTRATION ONLY - NOT HUMAN EXPERIMENT RESULTS,1142800,C,1,1332.4559450214854,1.0,0,1,mouse
SYNTHETIC DEMONSTRATION ONLY - NOT HUMAN EXPERIMENT RESULTS,1142820,C,1,1332.4063284316046,1.0,0,1,mouse
SYNTHETIC DEMONSTRATION ONLY - NOT HUMAN EXPERIMENT RESULTS,1142840,C,1,1332.3562512760652,1.0,0,1,mouse
SYNTHETIC DEMONSTRATION ONLY - NOT HUMAN EXPERIMENT RESULTS,1142860,C,1,1332.3057142665746,1.0,0,1,mouse
SYNTHETIC DEMONSTRATION ONLY - NOT HUMAN EXPERIMENT RESULTS,1142880,C,1,1332.2547181213754,1.0,0,1,mouse
SYNTHETIC DEMONSTRATION ONLY - NOT HUMAN EXPERIMENT RESULTS,1142900,C,1,1332.2032635652356,1.0,0,1,mouse
SYNTHETIC DEMONSTRATION ONLY - NOT HUMAN EXPERIMENT RESULTS,1142920,C,1,1332.1513513294383,1.0,0,1,mouse
SYNTHETIC DEMONSTRATION ONLY - NOT HUMAN EXPERIMENT RESULTS,1142940,C,1,1332.0989821517717,1.0,0,1,mouse
SYNTHETIC DEMONSTRATION ONLY - NOT HUMAN EXPERIMENT RESULTS,1142960,C,1,1332.0461567765174,1.0,0,1,mouse
SYNTHETIC DEMONSTRATION ONLY - NOT HUMAN EXPERIMENT RESULTS,1142980,C,1,1331.992875954441,1.0,0,1,mouse
SYNTHETIC DEMONSTRATION ONLY - NOT HUMAN EXPERIMENT RESULTS,1143000,C,1,1331.9391404427806,1.0,0,1,mouse
SYNTHETIC DEMONSTRATION ONLY - NOT HUMAN EXPERIMENT RESULTS,1143020,C,1,1331.8849510052373,1.0,0,1,mouse
SYNTHETIC DEMONSTRATION ONLY - NOT HUMAN EXPERIMENT RESULTS,1143040,C,1,1331.8303084119625,1.0,0,1,mouse
SYNTHETIC DEMONSTRATION ONLY - NOT HUMAN EXPERIMENT RESULTS,1143060,C,1,1331.775213439549,1.0,0,1,mouse
SYNTHETIC DEMONSTRATION ONLY - NOT HUMAN EXPERIMENT RESULTS,1143080,C,1,1331.7196668710176,1.0,0,1,mouse
SYNTHETIC DEMONSTRATION ONLY - NOT HUMAN EXPERIMENT RESULTS,1143100,C,1,1331.6636694958083,1.0,0,1,mouse
SYNTHETIC DEMONSTRATION ONLY - NOT HUMAN EXPERIMENT RESULTS,1143120,C,1,1331.607222109768,1.0,0,1,mouse
SYNTHETIC DEMONSTRATION ONLY - NOT HUMAN EXPERIMENT RESULTS,1143140,C,1,1331.5503255151384,1.0,0,1,mouse
SYNTHETIC DEMONSTRATION ONLY - NOT HUMAN EXPERIMENT RESULTS,1143160,C,1,1331.4929805205468,1.0,0,1,mouse
SYNTHETIC DEMONSTRATION ONLY - NOT HUMAN EXPERIMENT RESULTS,1143180,C,1,1331.435187940992,1.0,0,1,mouse
SYNTHETIC DEMONSTRATION ONLY - NOT HUMAN EXPERIMENT RESULTS,1143200,C,1,1331.3769485978344,1.0,0,1,mouse
SYNTHETIC DEMONSTRATION ONLY - NOT HUMAN EXPERIMENT RESULTS,1143220,C,1,1331.3182633187844,1.0,0,1,mouse
SYNTHETIC DEMONSTRATION ONLY - NOT HUMAN EXPERIMENT RESULTS,1143240,C,1,1331.2591329378895,1.0,0,1,mouse
SYNTHETIC DEMONSTRATION ONLY - NOT HUMAN EXPERIMENT RESULTS,1143260,C,1,1331.1995582955233,1.0,0,1,mouse
SYNTHETIC DEMONSTRATION ONLY - NOT HUMAN EXPERIMENT RESULTS,1143280,C,1,1331.1395402383732,1.0,0,1,mouse
SYNTHETIC DEMONSTRATION ONLY - NOT HUMAN EXPERIMENT RESULTS,1143300,C,1,1331.0790796194287,1.0,0,1,mouse
SYNTHETIC DEMONSTRATION ONLY - NOT HUMAN EXPERIMENT RESULTS,1143320,C,1,1331.0181772979695,1.0,0,1,mouse
SYNTHETIC DEMONSTRATION ONLY - NOT HUMAN EXPERIMENT RESULTS,1143340,C,1,1330.9568341395516,1.0,0,1,mouse
SYNTHETIC DEMONSTRATION ONLY - NOT HUMAN EXPERIMENT RESULTS,1143360,C,1,1330.8950510159975,1.0,0,1,mouse
SYNTHETIC DEMONSTRATION ONLY - NOT HUMAN EXPERIMENT RESULTS,1143380,C,1,1330.8328288053824,1.0,0,1,mouse
SYNTHETIC DEMONSTRATION ONLY - NOT HUMAN EXPERIMENT RESULTS,1143400,C,1,1330.770168392021,1.0,0,1,mouse
SYNTHETIC DEMONSTRATION ONLY - NOT HUMAN EXPERIMENT RESULTS,1143420,C,1,1330.707070666457,1.0,0,1,mouse
SYNTHETIC DEMONSTRATION ONLY - NOT HUMAN EXPERIMENT RESULTS,1143440,C,1,1330.6435365254486,1.0,0,1,mouse
SYNTHETIC DEMONSTRATION ONLY - NOT HUMAN EXPERIMENT RESULTS,1143460,C,1,1330.5795668719566,1.0,0,1,mouse
SYNTHETIC DEMONSTRATION ONLY - NOT HUMAN EXPERIMENT RESULTS,1143480,C,1,1330.5151626151312,1.0,0,1,mouse
SYNTHETIC DEMONSTRATION ONLY - NOT HUMAN EXPERIMENT RESULTS,1143500,C,1,1330.4503246702996,1.0,0,1,mouse
SYNTHETIC DEMONSTRATION ONLY - NOT HUMAN EXPERIMENT RESULTS,1143520,C,1,1330.3850539589523,1.0,0,1,mouse
SYNTHETIC DEMONSTRATION ONLY - NOT HUMAN EXPERIMENT RESULTS,1143540,C,1,1330.319351408731,1.0,0,1,mouse
SYNTHETIC DEMONSTRATION ONLY - NOT HUMAN EXPERIMENT RESULTS,1143560,C,1,1330.2532179534142,1.0,0,1,mouse
SYNTHETIC DEMONSTRATION ONLY - NOT HUMAN EXPERIMENT RESULTS,1143580,C,1,1330.1866545329042,1.0,0,1,mouse
SYNTHETIC DEMONSTRATION ONLY - NOT HUMAN EXPERIMENT RESULTS,1143600,C,1,1330.1196620932153,1.0,0,1,mouse
SYNTHETIC DEMONSTRATION ONLY - NOT HUMAN EXPERIMENT RESULTS,1143620,C,1,1330.052241586458,1.0,0,1,mouse
SYNTHETIC DEMONSTRATION ONLY - NOT HUMAN EXPERIMENT RESULTS,1143640,C,1,1329.9843939708269,1.0,0,1,mouse
SYNTHETIC DEMONSTRATION ONLY - NOT HUMAN EXPERIMENT RESULTS,1143660,C,1,1329.916120210587,1.0,0,1,mouse
SYNTHETIC DEMONSTRATION ONLY - NOT HUMAN EXPERIMENT RESULTS,1143680,C,1,1329.8474212760593,1.0,0,1,mouse
SYNTHETIC DEMONSTRATION ONLY - NOT HUMAN EXPERIMENT RESULTS,1143700,C,1,1329.7782981436078,1.0,0,1,mouse
SYNTHETIC DEMONSTRATION ONLY - NOT HUMAN EXPERIMENT RESULTS,1143720,C,1,1329.7087517956254,1.0,0,1,mouse
SYNTHETIC DEMONSTRATION ONLY - NOT HUMAN EXPERIMENT RESULTS,1143740,C,1,1329.6387832205194,1.0,0,1,mouse
SYNTHETIC DEMONSTRATION ONLY - NOT HUMAN EXPERIMENT RESULTS,1143760,C,1,1329.5683934126982,1.0,0,1,mouse
SYNTHETIC DEMONSTRATION ONLY - NOT HUMAN EXPERIMENT RESULTS,1143780,C,1,1329.4975833725568,1.0,0,1,mouse
SYNTHETIC DEMONSTRATION ONLY - NOT HUMAN EXPERIMENT RESULTS,1143800,C,1,1329.4263541064627,1.0,0,1,mouse
SYNTHETIC DEMONSTRATION ONLY - NOT HUMAN EXPERIMENT RESULTS,1143820,C,1,1329.3547066267415,1.0,0,1,mouse
SYNTHETIC DEMONSTRATION ONLY - NOT HUMAN EXPERIMENT RESULTS,1143840,C,1,1329.282641951662,1.0,0,1,mouse
SYNTHETIC DEMONSTRATION ONLY - NOT HUMAN EXPERIMENT RESULTS,1143860,C,1,1329.2101611054231,1.0,0,1,mouse
SYNTHETIC DEMONSTRATION ONLY - NOT HUMAN EXPERIMENT RESULTS,1143880,C,1,1329.1372651181384,1.0,0,1,mouse
SYNTHETIC DEMONSTRATION ONLY - NOT HUMAN EXPERIMENT RESULTS,1143900,C,1,1329.0639550258206,1.0,0,1,mouse
SYNTHETIC DEMONSTRATION ONLY - NOT HUMAN EXPERIMENT RESULTS,1143920,C,1,1328.9902318703687,1.0,0,1,mouse
SYNTHETIC DEMONSTRATION ONLY - NOT HUMAN EXPERIMENT RESULTS,1143940,C,1,1328.916096699552,1.0,0,1,mouse
SYNTHETIC DEMONSTRATION ONLY - NOT HUMAN EXPERIMENT RESULTS,1143960,C,1,1328.8415505669952,1.0,0,1,mouse
SYNTHETIC DEMONSTRATION ONLY - NOT HUMAN EXPERIMENT RESULTS,1143980,C,1,1328.7665945321642,1.0,0,1,mouse
SYNTHETIC DEMONSTRATION ONLY - NOT HUMAN EXPERIMENT RESULTS,1144000,C,1,1328.6912296603493,1.0,0,1,mouse
SYNTHETIC DEMONSTRATION ONLY - NOT HUMAN EXPERIMENT RESULTS,1144020,C,1,1328.6154570226531,1.0,0,1,mouse
SYNTHETIC DEMONSTRATION ONLY - NOT HUMAN EXPERIMENT RESULTS,1144040,C,1,1328.5392776959723,1.0,0,1,mouse
SYNTHETIC DEMONSTRATION ONLY - NOT HUMAN EXPERIMENT RESULTS,1144060,C,1,1328.4626927629834,1.0,0,1,mouse
SYNTHETIC DEMONSTRATION ONLY - NOT HUMAN EXPERIMENT RESULTS,1144080,C,1,1328.3857033121278,1.0,0,1,mouse
SYNTHETIC DEMONSTRATION ONLY - NOT HUMAN EXPERIMENT RESULTS,1144100,C,1,1328.3083104375964,1.0,0,1,mouse
SYNTHETIC DEMONSTRATION ONLY - NOT HUMAN EXPERIMENT RESULTS,1144120,C,1,1328.2305152393133,1.0,0,1,mouse
SYNTHETIC DEMONSTRATION ONLY - NOT HUMAN EXPERIMENT RESULTS,1144140,C,1,1328.15231882292,1.0,0,1,mouse
SYNTHETIC DEMONSTRATION ONLY - NOT HUMAN EXPERIMENT RESULTS,1144160,C,1,1328.0737222997611,1.0,0,1,mouse
SYNTHETIC DEMONSTRATION ONLY - NOT HUMAN EXPERIMENT RESULTS,1144180,C,1,1327.9947267868667,1.0,0,1,mouse
SYNTHETIC DEMONSTRATION ONLY - NOT HUMAN EXPERIMENT RESULTS,1144200,C,1,1327.9153334069385,1.0,0,1,mouse
SYNTHETIC DEMONSTRATION ONLY - NOT HUMAN EXPERIMENT RESULTS,1144220,C,1,1327.8355432883318,1.0,0,1,mouse
SYNTHETIC DEMONSTRATION ONLY - NOT HUMAN EXPERIMENT RESULTS,1144240,C,1,1327.7553575650406,1.0,0,1,mouse
SYNTHETIC DEMONSTRATION ONLY - NOT HUMAN EXPERIMENT RESULTS,1144260,C,1,1327.674777376682,1.0,0,1,mouse
SYNTHETIC DEMONSTRATION ONLY - NOT HUMAN EXPERIMENT RESULTS,1144280,C,1,1327.5938038684785,1.0,0,1,mouse
SYNTHETIC DEMONSTRATION ONLY - NOT HUMAN EXPERIMENT RESULTS,1144300,C,1,1327.512438191243,1.0,0,1,mouse
SYNTHETIC DEMONSTRATION ONLY - NOT HUMAN EXPERIMENT RESULTS,1144320,C,1,1327.430681501362,1.0,0,1,mouse
SYNTHETIC DEMONSTRATION ONLY - NOT HUMAN EXPERIMENT RESULTS,1144340,C,1,1327.3485349607788,1.0,0,1,mouse
SYNTHETIC DEMONSTRATION ONLY - NOT HUMAN EXPERIMENT RESULTS,1144360,C,1,1327.2659997369778,1.0,0,1,mouse
SYNTHETIC DEMONSTRATION ONLY - NOT HUMAN EXPERIMENT RESULTS,1144380,C,1,1327.183077002967,1.0,0,1,mouse
SYNTHETIC DEMONSTRATION ONLY - NOT HUMAN EXPERIMENT RESULTS,1144400,C,1,1327.0997679372622,1.0,0,1,mouse
SYNTHETIC DEMONSTRATION ONLY - NOT HUMAN EXPERIMENT RESULTS,1144420,C,1,1327.0160737238693,1.0,0,1,mouse
SYNTHETIC DEMONSTRATION ONLY - NOT HUMAN EXPERIMENT RESULTS,1144440,C,1,1326.9319955522687,1.0,0,1,mouse
SYNTHETIC DEMONSTRATION ONLY - NOT HUMAN EXPERIMENT RESULTS,1144460,C,1,1326.8475346173973,1.0,0,1,mouse
SYNTHETIC DEMONSTRATION ONLY - NOT HUMAN EXPERIMENT RESULTS,1144480,C,1,1326.7626921196318,1.0,0,1,mouse
SYNTHETIC DEMONSTRATION ONLY - NOT HUMAN EXPERIMENT RESULTS,1144500,C,1,1326.6774692647718,1.0,0,1,mouse
SYNTHETIC DEMONSTRATION ONLY - NOT HUMAN EXPERIMENT RESULTS,1144520,C,1,1326.5918672640228,1.0,0,1,mouse
SYNTHETIC DEMONSTRATION ONLY - NOT HUMAN EXPERIMENT RESULTS,1144540,C,1,1326.5058873339788,1.0,0,1,mouse
SYNTHETIC DEMONSTRATION ONLY - NOT HUMAN EXPERIMENT RESULTS,1144560,C,1,1326.419530696605,1.0,0,1,mouse
SYNTHETIC DEMONSTRATION ONLY - NOT HUMAN EXPERIMENT RESULTS,1144580,C,1,1326.33279857922,1.0,0,1,mouse
SYNTHETIC DEMONSTRATION ONLY - NOT HUMAN EXPERIMENT RESULTS,1144600,C,1,1326.2456922144797,1.0,0,1,mouse
SYNTHETIC DEMONSTRATION ONLY - NOT HUMAN EXPERIMENT RESULTS,1144620,C,1,1326.1582128403577,1.0,0,1,mouse
SYNTHETIC DEMONSTRATION ONLY - NOT HUMAN EXPERIMENT RESULTS,1144640,C,1,1326.07036170013,1.0,0,1,mouse
SYNTHETIC DEMONSTRATION ONLY - NOT HUMAN EXPERIMENT RESULTS,1144660,C,1,1325.982140042356,1.0,0,1,mouse
SYNTHETIC DEMONSTRATION ONLY - NOT HUMAN EXPERIMENT RESULTS,1144680,C,1,1325.89354912086,1.0,0,1,mouse
SYNTHETIC DEMONSTRATION ONLY - NOT HUMAN EXPERIMENT RESULTS,1144700,C,1,1325.8045901947155,1.0,0,1,mouse
SYNTHETIC DEMONSTRATION ONLY - NOT HUMAN EXPERIMENT RESULTS,1144720,C,1,1325.7152645282258,1.0,0,1,mouse
SYNTHETIC DEMONSTRATION ONLY - NOT HUMAN EXPERIMENT RESULTS,1144740,C,1,1325.6255733909063,1.0,0,1,mouse
SYNTHETIC DEMONSTRATION ONLY - NOT HUMAN EXPERIMENT RESULTS,1144760,C,1,1325.5355180574668,1.0,0,1,mouse
SYNTHETIC DEMONSTRATION ONLY - NOT HUMAN EXPERIMENT RESULTS,1144780,C,1,1325.4450998077923,1.0,0,1,mouse
SYNTHETIC DEMONSTRATION ONLY - NOT HUMAN EXPERIMENT RESULTS,1144800,C,1,1325.3543199269268,1.0,0,1,mouse
SYNTHETIC DEMONSTRATION ONLY - NOT HUMAN EXPERIMENT RESULTS,1144820,C,1,1325.2631797050535,1.0,0,1,mouse
SYNTHETIC DEMONSTRATION ONLY - NOT HUMAN EXPERIMENT RESULTS,1144840,C,1,1325.171680437476,1.0,0,1,mouse
SYNTHETIC DEMONSTRATION ONLY - NOT HUMAN EXPERIMENT RESULTS,1144860,C,1,1325.079823424602,1.0,0,1,mouse
SYNTHETIC DEMONSTRATION ONLY - NOT HUMAN EXPERIMENT RESULTS,1144880,C,1,1324.987609971923,1.0,0,1,mouse
SYNTHETIC DEMONSTRATION ONLY - NOT HUMAN EXPERIMENT RESULTS,1144900,C,1,1324.8950413899959,1.0,0,1,mouse
SYNTHETIC DEMONSTRATION ONLY - NOT HUMAN EXPERIMENT RESULTS,1144920,C,1,1324.8021189944252,1.0,0,1,mouse
SYNTHETIC DEMONSTRATION ONLY - NOT HUMAN EXPERIMENT RESULTS,1144940,C,1,1324.7088441058443,1.0,0,1,mouse
SYNTHETIC DEMONSTRATION ONLY - NOT HUMAN EXPERIMENT RESULTS,1144960,C,1,1324.6152180498952,1.0,0,1,mouse
SYNTHETIC DEMONSTRATION ONLY - NOT HUMAN EXPERIMENT RESULTS,1144980,C,1,1324.5212421572119,1.0,0,1,mouse
SYNTHETIC DEMONSTRATION ONLY - NOT HUMAN EXPERIMENT RESULTS,1145000,C,1,1324.4269177633996,1.0,0,1,mouse
SYNTHETIC DEMONSTRATION ONLY - NOT HUMAN EXPERIMENT RESULTS,1145020,C,1,1324.3322462090166,1.0,0,1,mouse
SYNTHETIC DEMONSTRATION ONLY - NOT HUMAN EXPERIMENT RESULTS,1145040,C,1,1324.2372288395557,1.0,0,1,mouse
SYNTHETIC DEMONSTRATION ONLY - NOT HUMAN EXPERIMENT RESULTS,1145060,C,1,1324.1418670054236,1.0,0,1,mouse
SYNTHETIC DEMONSTRATION ONLY - NOT HUMAN EXPERIMENT RESULTS,1145080,C,1,1324.046162061923,1.0,0,1,mouse
SYNTHETIC DEMONSTRATION ONLY - NOT HUMAN EXPERIMENT RESULTS,1145100,C,1,1323.9501153692336,1.0,0,1,mouse
SYNTHETIC DEMONSTRATION ONLY - NOT HUMAN EXPERIMENT RESULTS,1145120,C,1,1323.8537282923908,1.0,0,1,mouse
SYNTHETIC DEMONSTRATION ONLY - NOT HUMAN EXPERIMENT RESULTS,1145140,C,1,1323.7570022012687,1.0,0,1,mouse
SYNTHETIC DEMONSTRATION ONLY - NOT HUMAN EXPERIMENT RESULTS,1145160,C,1,1323.6599384705592,1.0,0,1,mouse
SYNTHETIC DEMONSTRATION ONLY - NOT HUMAN EXPERIMENT RESULTS,1145180,C,1,1323.5625384797524,1.0,0,1,mouse
SYNTHETIC DEMONSTRATION ONLY - NOT HUMAN EXPERIMENT RESULTS,1145200,C,1,1323.4648036131182,1.0,0,1,mouse
SYNTHETIC DEMONSTRATION ONLY - NOT HUMAN EXPERIMENT RESULTS,1145220,C,1,1323.3667352596851,1.0,0,1,mouse
SYNTHETIC DEMONSTRATION ONLY - NOT HUMAN EXPERIMENT RESULTS,1145240,C,1,1323.2683348132216,1.0,0,1,mouse
SYNTHETIC DEMONSTRATION ONLY - NOT HUMAN EXPERIMENT RESULTS,1145260,C,1,1323.1696036722158,1.0,0,1,mouse
SYNTHETIC DEMONSTRATION ONLY - NOT HUMAN EXPERIMENT RESULTS,1145280,C,1,1323.0705432398559,1.0,0,1,mouse
SYNTHETIC DEMONSTRATION ONLY - NOT HUMAN EXPERIMENT RESULTS,1145300,C,1,1322.9711549240094,1.0,0,1,mouse
SYNTHETIC DEMONSTRATION ONLY - NOT HUMAN EXPERIMENT RESULTS,1145320,C,1,1322.8714401372051,1.0,0,1,mouse
SYNTHETIC DEMONSTRATION ONLY - NOT HUMAN EXPERIMENT RESULTS,1145340,C,1,1322.7714002966102,1.0,0,1,mouse
SYNTHETIC DEMONSTRATION ONLY - NOT HUMAN EXPERIMENT RESULTS,1145360,C,1,1322.6710368240124,1.0,0,1,mouse
SYNTHETIC DEMONSTRATION ONLY - NOT HUMAN EXPERIMENT RESULTS,1145380,C,1,1322.5703511457991,1.0,0,1,mouse
SYNTHETIC DEMONSTRATION ONLY - NOT HUMAN EXPERIMENT RESULTS,1145400,C,1,1322.4693446929361,1.0,0,1,mouse
SYNTHETIC DEMONSTRATION ONLY - NOT HUMAN EXPERIMENT RESULTS,1145420,C,1,1322.3680189009494,1.0,0,1,mouse
SYNTHETIC DEMONSTRATION ONLY - NOT HUMAN EXPERIMENT RESULTS,1145440,C,1,1322.2663752099022,1.0,0,1,mouse
SYNTHETIC DEMONSTRATION ONLY - NOT HUMAN EXPERIMENT RESULTS,1145460,C,1,1322.1644150643763,1.0,0,1,mouse
SYNTHETIC DEMONSTRATION ONLY - NOT HUMAN EXPERIMENT RESULTS,1145480,C,1,1322.0621399134518,1.0,0,1,mouse
SYNTHETIC DEMONSTRATION ONLY - NOT HUMAN EXPERIMENT RESULTS,1145500,C,1,1321.959551210684,1.0,0,1,mouse
SYNTHETIC DEMONSTRATION ONLY - NOT HUMAN EXPERIMENT RESULTS,1145520,C,1,1321.856650414086,1.0,0,1,mouse
SYNTHETIC DEMONSTRATION ONLY - NOT HUMAN EXPERIMENT RESULTS,1145540,C,1,1321.753438986106,1.0,0,1,mouse
SYNTHETIC DEMONSTRATION ONLY - NOT HUMAN EXPERIMENT RESULTS,1145560,C,1,1321.6499183936064,1.0,0,1,mouse
SYNTHETIC DEMONSTRATION ONLY - NOT HUMAN EXPERIMENT RESULTS,1145580,C,1,1321.5460901078445,1.0,0,1,mouse
SYNTHETIC DEMONSTRATION ONLY - NOT HUMAN EXPERIMENT RESULTS,1145600,C,1,1321.4419556044495,1.0,0,1,mouse
SYNTHETIC DEMONSTRATION ONLY - NOT HUMAN EXPERIMENT RESULTS,1145620,C,1,1321.3375163634037,1.0,0,1,mouse
SYNTHETIC DEMONSTRATION ONLY - NOT HUMAN EXPERIMENT RESULTS,1145640,C,1,1321.2327738690196,1.0,0,1,mouse
SYNTHETIC DEMONSTRATION ONLY - NOT HUMAN EXPERIMENT RESULTS,1145660,C,1,1321.12772960992,1.0,0,1,mouse
SYNTHETIC DEMONSTRATION ONLY - NOT HUMAN EXPERIMENT RESULTS,1145680,C,1,1321.0223850790162,1.0,0,1,mouse
SYNTHETIC DEMONSTRATION ONLY - NOT HUMAN EXPERIMENT RESULTS,1145700,C,1,1320.9167417734873,1.0,0,1,mouse
SYNTHETIC DEMONSTRATION ONLY - NOT HUMAN EXPERIMENT RESULTS,1145720,C,1,1320.8108011947586,1.0,0,1,mouse
SYNTHETIC DEMONSTRATION ONLY - NOT HUMAN EXPERIMENT RESULTS,1145740,C,1,1320.70456484848,1.0,0,1,mouse
SYNTHETIC DEMONSTRATION ONLY - NOT HUMAN EXPERIMENT RESULTS,1145760,C,1,1320.5980342445052,1.0,0,1,mouse
SYNTHETIC DEMONSTRATION ONLY - NOT HUMAN EXPERIMENT RESULTS,1145780,C,1,1320.49121089687,1.0,0,1,mouse
SYNTHETIC DEMONSTRATION ONLY - NOT HUMAN EXPERIMENT RESULTS,1145800,C,1,1320.3840963237703,1.0,0,1,mouse
SYNTHETIC DEMONSTRATION ONLY - NOT HUMAN EXPERIMENT RESULTS,1145820,C,1,1320.276692047542,1.0,0,1,mouse
SYNTHETIC DEMONSTRATION ONLY - NOT HUMAN EXPERIMENT RESULTS,1145840,C,1,1320.168999594637,1.0,0,1,mouse
SYNTHETIC DEMONSTRATION ONLY - NOT HUMAN EXPERIMENT RESULTS,1145860,C,1,1320.0610204956033,1.0,0,1,mouse
SYNTHETIC DEMONSTRATION ONLY - NOT HUMAN EXPERIMENT RESULTS,1145880,C,1,1319.9527562850633,1.0,0,1,mouse
SYNTHETIC DEMONSTRATION ONLY - NOT HUMAN EXPERIMENT RESULTS,1145900,C,1,1319.8442085016911,1.0,0,1,mouse
SYNTHETIC DEMONSTRATION ONLY - NOT HUMAN EXPERIMENT RESULTS,1145920,C,1,1319.7353786881906,1.0,0,1,mouse
SYNTHETIC DEMONSTRATION ONLY - NOT HUMAN EXPERIMENT RESULTS,1145940,C,1,1319.6262683912748,1.0,0,1,mouse
SYNTHETIC DEMONSTRATION ONLY - NOT HUMAN EXPERIMENT RESULTS,1145960,C,1,1319.5168791616422,1.0,0,1,mouse
SYNTHETIC DEMONSTRATION ONLY - NOT HUMAN EXPERIMENT RESULTS,1145980,C,1,1319.407212553956,1.0,0,1,mouse
SYNTHETIC DEMONSTRATION ONLY - NOT HUMAN EXPERIMENT RESULTS,1146000,C,1,1319.2972701268216,1.0,0,1,mouse
SYNTHETIC DEMONSTRATION ONLY - NOT HUMAN EXPERIMENT RESULTS,1146020,C,1,1319.187053442764,1.0,0,1,mouse
SYNTHETIC DEMONSTRATION ONLY - NOT HUMAN EXPERIMENT RESULTS,1146040,C,1,1319.0765640682062,1.0,0,1,mouse
SYNTHETIC DEMONSTRATION ONLY - NOT HUMAN EXPERIMENT RESULTS,1146060,C,1,1318.965803573447,1.0,0,1,mouse
SYNTHETIC DEMONSTRATION ONLY - NOT HUMAN EXPERIMENT RESULTS,1146080,C,1,1318.854773532638,1.0,0,1,mouse
SYNTHETIC DEMONSTRATION ONLY - NOT HUMAN EXPERIMENT RESULTS,1146100,C,1,1318.7434755237623,1.0,0,1,mouse
SYNTHETIC DEMONSTRATION ONLY - NOT HUMAN EXPERIMENT RESULTS,1146120,C,1,1318.6319111286102,1.0,0,1,mouse
SYNTHETIC DEMONSTRATION ONLY - NOT HUMAN EXPERIMENT RESULTS,1146140,C,1,1318.5200819327592,1.0,0,1,mouse
SYNTHETIC DEMONSTRATION ONLY - NOT HUMAN EXPERIMENT RESULTS,1146160,C,1,1318.40798952555,1.0,0,1,mouse
SYNTHETIC DEMONSTRATION ONLY - NOT HUMAN EXPERIMENT RESULTS,1146180,C,1,1318.295635500063,1.0,0,1,mouse
SYNTHETIC DEMONSTRATION ONLY - NOT HUMAN EXPERIMENT RESULTS,1146200,C,1,1318.1830214530985,1.0,0,1,mouse
SYNTHETIC DEMONSTRATION ONLY - NOT HUMAN EXPERIMENT RESULTS,1146220,C,1,1318.0701489851508,1.0,0,1,mouse
SYNTHETIC DEMONSTRATION ONLY - NOT HUMAN EXPERIMENT RESULTS,1146240,C,1,1317.9570197003875,1.0,0,1,mouse
SYNTHETIC DEMONSTRATION ONLY - NOT HUMAN EXPERIMENT RESULTS,1146260,C,1,1317.8436352066265,1.0,0,1,mouse
SYNTHETIC DEMONSTRATION ONLY - NOT HUMAN EXPERIMENT RESULTS,1146280,C,1,1317.729997115312,1.0,0,1,mouse
SYNTHETIC DEMONSTRATION ONLY - NOT HUMAN EXPERIMENT RESULTS,1146300,C,1,1317.616107041493,1.0,0,1,mouse
SYNTHETIC DEMONSTRATION ONLY - NOT HUMAN EXPERIMENT RESULTS,1146320,C,1,1317.5019666038,1.0,0,1,mouse
SYNTHETIC DEMONSTRATION ONLY - NOT HUMAN EXPERIMENT RESULTS,1146340,C,1,1317.3875774244204,1.0,0,1,mouse
SYNTHETIC DEMONSTRATION ONLY - NOT HUMAN EXPERIMENT RESULTS,1146360,C,1,1317.2729411290784,1.0,0,1,mouse
SYNTHETIC DEMONSTRATION ONLY - NOT HUMAN EXPERIMENT RESULTS,1146380,C,1,1317.1580593470092,1.0,0,1,mouse
SYNTHETIC DEMONSTRATION ONLY - NOT HUMAN EXPERIMENT RESULTS,1146400,C,1,1317.0429337109372,1.0,0,1,mouse
SYNTHETIC DEMONSTRATION ONLY - NOT HUMAN EXPERIMENT RESULTS,1146420,C,1,1316.9275658570523,1.0,0,1,mouse
SYNTHETIC DEMONSTRATION ONLY - NOT HUMAN EXPERIMENT RESULTS,1146440,C,1,1316.8119574249877,1.0,0,1,mouse
SYNTHETIC DEMONSTRATION ONLY - NOT HUMAN EXPERIMENT RESULTS,1146460,C,1,1316.6961100577944,1.0,0,1,mouse
SYNTHETIC DEMONSTRATION ONLY - NOT HUMAN EXPERIMENT RESULTS,1146480,C,1,1316.5800254019205,1.0,0,1,mouse
SYNTHETIC DEMONSTRATION ONLY - NOT HUMAN EXPERIMENT RESULTS,1146500,C,1,1316.4637051071854,1.0,0,1,mouse
SYNTHETIC DEMONSTRATION ONLY - NOT HUMAN EXPERIMENT RESULTS,1146520,C,1,1316.3471508267585,1.0,0,1,mouse
SYNTHETIC DEMONSTRATION ONLY - NOT HUMAN EXPERIMENT RESULTS,1146540,C,1,1316.230364217134,1.0,0,1,mouse
SYNTHETIC DEMONSTRATION ONLY - NOT HUMAN EXPERIMENT RESULTS,1146560,C,1,1316.1133469381075,1.0,0,1,mouse
SYNTHETIC DEMONSTRATION ONLY - NOT HUMAN EXPERIMENT RESULTS,1146580,C,1,1315.9961006527542,1.0,0,1,mouse
SYNTHETIC DEMONSTRATION ONLY - NOT HUMAN EXPERIMENT RESULTS,1146600,C,1,1315.8786270274034,1.0,0,1,mouse
SYNTHETIC DEMONSTRATION ONLY - NOT HUMAN EXPERIMENT RESULTS,1146620,C,1,1315.7609277316146,1.0,0,1,mouse
SYNTHETIC DEMONSTRATION ONLY - NOT HUMAN EXPERIMENT RESULTS,1146640,C,1,1315.6430044381561,1.0,0,1,mouse
SYNTHETIC DEMONSTRATION ONLY - NOT HUMAN EXPERIMENT RESULTS,1146660,C,1,1315.524858822979,1.0,0,1,mouse
SYNTHETIC DEMONSTRATION ONLY - NOT HUMAN EXPERIMENT RESULTS,1146680,C,1,1315.4064925651933,1.0,0,1,mouse
SYNTHETIC DEMONSTRATION ONLY - NOT HUMAN EXPERIMENT RESULTS,1146700,C,1,1315.2879073470458,1.0,0,1,mouse
SYNTHETIC DEMONSTRATION ONLY - NOT HUMAN EXPERIMENT RESULTS,1146720,C,1,1315.1691048538955,1.0,0,1,mouse
SYNTHETIC DEMONSTRATION ONLY - NOT HUMAN EXPERIMENT RESULTS,1146740,C,1,1315.050086774188,1.0,0,1,mouse
SYNTHETIC DEMONSTRATION ONLY - NOT HUMAN EXPERIMENT RESULTS,1146760,C,1,1314.9308547994342,1.0,0,1,mouse
SYNTHETIC DEMONSTRATION ONLY - NOT HUMAN EXPERIMENT RESULTS,1146780,C,1,1314.811410624184,1.0,0,1,mouse
SYNTHETIC DEMONSTRATION ONLY - NOT HUMAN EXPERIMENT RESULTS,1146800,C,1,1314.6917559460035,1.0,0,1,mouse
SYNTHETIC DEMONSTRATION ONLY - NOT HUMAN EXPERIMENT RESULTS,1146820,C,1,1314.5718924654511,1.0,0,1,mouse
SYNTHETIC DEMONSTRATION ONLY - NOT HUMAN EXPERIMENT RESULTS,1146840,C,1,1314.4518218860517,1.0,0,1,mouse
SYNTHETIC DEMONSTRATION ONLY - NOT HUMAN EXPERIMENT RESULTS,1146860,C,1,1314.3315459142739,1.0,0,1,mouse
SYNTHETIC DEMONSTRATION ONLY - NOT HUMAN EXPERIMENT RESULTS,1146880,C,1,1314.211066259506,1.0,0,1,mouse
SYNTHETIC DEMONSTRATION ONLY - NOT HUMAN EXPERIMENT RESULTS,1146900,C,1,1314.09038463403,1.0,0,1,mouse
SYNTHETIC DEMONSTRATION ONLY - NOT HUMAN EXPERIMENT RESULTS,1146920,C,1,1313.9695027529995,1.0,0,1,mouse
SYNTHETIC DEMONSTRATION ONLY - NOT HUMAN EXPERIMENT RESULTS,1146940,C,1,1313.8484223344133,1.0,0,1,mouse
SYNTHETIC DEMONSTRATION ONLY - NOT HUMAN EXPERIMENT RESULTS,1146960,C,1,1313.7271450990918,1.0,0,1,mouse
SYNTHETIC DEMONSTRATION ONLY - NOT HUMAN EXPERIMENT RESULTS,1146980,C,1,1313.6056727706539,1.0,0,1,mouse
SYNTHETIC DEMONSTRATION ONLY - NOT HUMAN EXPERIMENT RESULTS,1147000,C,1,1313.4840070754892,1.0,0,1,mouse
SYNTHETIC DEMONSTRATION ONLY - NOT HUMAN EXPERIMENT RESULTS,1147020,C,1,1313.3621497427373,1.0,0,1,mouse
SYNTHETIC DEMONSTRATION ONLY - NOT HUMAN EXPERIMENT RESULTS,1147040,C,1,1313.2401025042602,1.0,0,1,mouse
SYNTHETIC DEMONSTRATION ONLY - NOT HUMAN EXPERIMENT RESULTS,1147060,C,1,1313.1178670946194,1.0,0,1,mouse
SYNTHETIC DEMONSTRATION ONLY - NOT HUMAN EXPERIMENT RESULTS,1147080,C,1,1312.995445251051,1.0,0,1,mouse
SYNTHETIC DEMONSTRATION ONLY - NOT HUMAN EXPERIMENT RESULTS,1147100,C,1,1312.8728387134402,1.0,0,1,mouse
SYNTHETIC DEMONSTRATION ONLY - NOT HUMAN EXPERIMENT RESULTS,1147120,C,1,1312.7500492242968,1.0,0,1,mouse
SYNTHETIC DEMONSTRATION ONLY - NOT HUMAN EXPERIMENT RESULTS,1147140,C,1,1312.6270785287318,1.0,0,1,mouse
SYNTHETIC DEMONSTRATION ONLY - NOT HUMAN EXPERIMENT RESULTS,1147160,C,1,1312.5039283744309,1.0,0,1,mouse
SYNTHETIC DEMONSTRATION ONLY - NOT HUMAN EXPERIMENT RESULTS,1147180,C,1,1312.38060051163,1.0,0,1,mouse
SYNTHETIC DEMONSTRATION ONLY - NOT HUMAN EXPERIMENT RESULTS,1147200,C,1,1312.2570966930914,1.0,0,1,mouse
SYNTHETIC DEMONSTRATION ONLY - NOT HUMAN EXPERIMENT RESULTS,1147220,C,1,1312.1334186740778,1.0,0,1,mouse
SYNTHETIC DEMONSTRATION ONLY - NOT HUMAN EXPERIMENT RESULTS,1147240,C,1,1312.0095682123274,1.0,0,1,mouse
SYNTHETIC DEMONSTRATION ONLY - NOT HUMAN EXPERIMENT RESULTS,1147260,C,1,1311.8855470680296,1.0,0,1,mouse
SYNTHETIC DEMONSTRATION ONLY - NOT HUMAN EXPERIMENT RESULTS,1147280,C,1,1311.761357003799,1.0,0,1,mouse
SYNTHETIC DEMONSTRATION ONLY - NOT HUMAN EXPERIMENT RESULTS,1147300,C,1,1311.6369997846516,1.0,0,1,mouse
SYNTHETIC DEMONSTRATION ONLY - NOT HUMAN EXPERIMENT RESULTS,1147320,C,1,1311.5124771779788,1.0,0,1,mouse
SYNTHETIC DEMONSTRATION ONLY - NOT HUMAN EXPERIMENT RESULTS,1147340,C,1,1311.3877909535222,1.0,0,1,mouse
SYNTHETIC DEMONSTRATION ONLY - NOT HUMAN EXPERIMENT RESULTS,1147360,C,1,1311.2629428833493,1.0,0,1,mouse
SYNTHETIC DEMONSTRATION ONLY - NOT HUMAN EXPERIMENT RESULTS,1147380,C,1,1311.1379347418276,1.0,0,1,mouse
SYNTHETIC DEMONSTRATION ONLY - NOT HUMAN EXPERIMENT RESULTS,1147400,C,1,1311.0127683055991,1.0,0,1,mouse
SYNTHETIC DEMONSTRATION ONLY - NOT HUMAN EXPERIMENT RESULTS,1147420,C,1,1310.8874453535561,1.0,0,1,mouse
SYNTHETIC DEMONSTRATION ONLY - NOT HUMAN EXPERIMENT RESULTS,1147440,C,1,1310.7619676668155,1.0,0,1,mouse
SYNTHETIC DEMONSTRATION ONLY - NOT HUMAN EXPERIMENT RESULTS,1147460,C,1,1310.6363370286927,1.0,0,1,mouse
SYNTHETIC DEMONSTRATION ONLY - NOT HUMAN EXPERIMENT RESULTS,1147480,C,1,1310.510555224677,1.0,0,1,mouse
SYNTHETIC DEMONSTRATION ONLY - NOT HUMAN EXPERIMENT RESULTS,1147500,C,1,1310.3846240424064,1.0,0,1,mouse
SYNTHETIC DEMONSTRATION ONLY - NOT HUMAN EXPERIMENT RESULTS,1147520,C,1,1310.2585452716414,1.0,0,1,mouse
SYNTHETIC DEMONSTRATION ONLY - NOT HUMAN EXPERIMENT RESULTS,1147540,C,1,1310.1323207042412,1.0,0,1,mouse
SYNTHETIC DEMONSTRATION ONLY - NOT HUMAN EXPERIMENT RESULTS,1147560,C,1,1310.0059521341357,1.0,0,1,mouse
SYNTHETIC DEMONSTRATION ONLY - NOT HUMAN EXPERIMENT RESULTS,1147580,C,1,1309.879441357302,1.0,0,1,mouse
SYNTHETIC DEMONSTRATION ONLY - NOT HUMAN EXPERIMENT RESULTS,1147600,C,1,1309.7527901717388,1.0,0,1,mouse
SYNTHETIC DEMONSTRATION ONLY - NOT HUMAN EXPERIMENT RESULTS,1147620,C,1,1309.6260003774391,1.0,0,1,mouse
SYNTHETIC DEMONSTRATION ONLY - NOT HUMAN EXPERIMENT RESULTS,1147640,C,1,1309.4990737763667,1.0,0,1,mouse
SYNTHETIC DEMONSTRATION ONLY - NOT HUMAN EXPERIMENT RESULTS,1147660,C,1,1309.3720121724302,1.0,0,1,mouse
SYNTHETIC DEMONSTRATION ONLY - NOT HUMAN EXPERIMENT RESULTS,1147680,C,1,1309.2448173714554,1.0,0,1,mouse
SYNTHETIC DEMONSTRATION ONLY - NOT HUMAN EXPERIMENT RESULTS,1147700,C,1,1309.1174911811622,1.0,0,1,mouse
SYNTHETIC DEMONSTRATION ONLY - NOT HUMAN EXPERIMENT RESULTS,1147720,C,1,1308.9900354111378,1.0,0,1,mouse
SYNTHETIC DEMONSTRATION ONLY - NOT HUMAN EXPERIMENT RESULTS,1147740,C,1,1308.8624518728107,1.0,0,1,mouse
SYNTHETIC DEMONSTRATION ONLY - NOT HUMAN EXPERIMENT RESULTS,1147760,C,1,1308.7347423794256,1.0,0,1,mouse
SYNTHETIC DEMONSTRATION ONLY - NOT HUMAN EXPERIMENT RESULTS,1147780,C,1,1308.6069087460166,1.0,0,1,mouse
SYNTHETIC DEMONSTRATION ONLY - NOT HUMAN EXPERIMENT RESULTS,1147800,C,1,1308.478952789383,1.0,0,1,mouse
SYNTHETIC DEMONSTRATION ONLY - NOT HUMAN EXPERIMENT RESULTS,1147820,C,1,1308.3508763280622,1.0,0,1,mouse
SYNTHETIC DEMONSTRATION ONLY - NOT HUMAN EXPERIMENT RESULTS,1147840,C,1,1308.2226811823039,1.0,0,1,mouse
SYNTHETIC DEMONSTRATION ONLY - NOT HUMAN EXPERIMENT RESULTS,1147860,C,1,1308.094369174045,1.0,0,1,mouse
SYNTHETIC DEMONSTRATION ONLY - NOT HUMAN EXPERIMENT RESULTS,1147880,C,1,1307.9659421268834,1.0,0,1,mouse
SYNTHETIC DEMONSTRATION ONLY - NOT HUMAN EXPERIMENT RESULTS,1147900,C,1,1307.8374018660513,1.0,0,1,mouse
SYNTHETIC DEMONSTRATION ONLY - NOT HUMAN EXPERIMENT RESULTS,1147920,C,1,1307.7087502183906,1.0,0,1,mouse
SYNTHETIC DEMONSTRATION ONLY - NOT HUMAN EXPERIMENT RESULTS,1147940,C,1,1307.5799890123262,1.0,0,1,mouse
SYNTHETIC DEMONSTRATION ONLY - NOT HUMAN EXPERIMENT RESULTS,1147960,C,1,1307.4511200778393,1.0,0,1,mouse
SYNTHETIC DEMONSTRATION ONLY - NOT HUMAN EXPERIMENT RESULTS,1147980,C,1,1307.3221452464434,1.0,0,1,mouse
SYNTHETIC DEMONSTRATION ONLY - NOT HUMAN EXPERIMENT RESULTS,1148000,C,1,1307.1930663511555,1.0,0,1,mouse
SYNTHETIC DEMONSTRATION ONLY - NOT HUMAN EXPERIMENT RESULTS,1148020,C,1,1307.0638852264728,1.0,0,1,mouse
SYNTHETIC DEMONSTRATION ONLY - NOT HUMAN EXPERIMENT RESULTS,1148040,C,1,1306.9346037083455,1.0,0,1,mouse
SYNTHETIC DEMONSTRATION ONLY - NOT HUMAN EXPERIMENT RESULTS,1148060,C,1,1306.8052236341493,1.0,0,1,mouse
SYNTHETIC DEMONSTRATION ONLY - NOT HUMAN EXPERIMENT RESULTS,1148080,C,1,1306.6757468426622,1.0,0,1,mouse
SYNTHETIC DEMONSTRATION ONLY - NOT HUMAN EXPERIMENT RESULTS,1148100,C,1,1306.5461751740356,1.0,0,1,mouse
SYNTHETIC DEMONSTRATION ONLY - NOT HUMAN EXPERIMENT RESULTS,1148120,C,1,1306.4165104697697,1.0,0,1,mouse
SYNTHETIC DEMONSTRATION ONLY - NOT HUMAN EXPERIMENT RESULTS,1148140,C,1,1306.286754572687,1.0,0,1,mouse
SYNTHETIC DEMONSTRATION ONLY - NOT HUMAN EXPERIMENT RESULTS,1148160,C,1,1306.156909326906,1.0,0,1,mouse
SYNTHETIC DEMONSTRATION ONLY - NOT HUMAN EXPERIMENT RESULTS,1148180,C,1,1306.0269765778153,1.0,0,1,mouse
SYNTHETIC DEMONSTRATION ONLY - NOT HUMAN EXPERIMENT RESULTS,1148200,C,1,1305.8969581720467,1.0,0,1,mouse
SYNTHETIC DEMONSTRATION ONLY - NOT HUMAN EXPERIMENT RESULTS,1148220,C,1,1305.7668559574495,1.0,0,1,mouse
SYNTHETIC DEMONSTRATION ONLY - NOT HUMAN EXPERIMENT RESULTS,1148240,C,1,1305.636671783064,1.0,0,1,mouse
SYNTHETIC DEMONSTRATION ONLY - NOT HUMAN EXPERIMENT RESULTS,1148260,C,1,1305.506407499096,1.0,0,1,mouse
SYNTHETIC DEMONSTRATION ONLY - NOT HUMAN EXPERIMENT RESULTS,1148280,C,1,1305.3760649568885,1.0,0,1,mouse
SYNTHETIC DEMONSTRATION ONLY - NOT HUMAN EXPERIMENT RESULTS,1148300,C,1,1305.2456460088983,1.0,0,1,mouse
SYNTHETIC DEMONSTRATION ONLY - NOT HUMAN EXPERIMENT RESULTS,1148320,C,1,1305.115152508667,1.0,0,1,mouse
SYNTHETIC DEMONSTRATION ONLY - NOT HUMAN EXPERIMENT RESULTS,1148340,C,1,1304.9845863107962,1.0,0,1,mouse
SYNTHETIC DEMONSTRATION ONLY - NOT HUMAN EXPERIMENT RESULTS,1148360,C,1,1304.8539492709206,1.0,0,1,mouse
SYNTHETIC DEMONSTRATION ONLY - NOT HUMAN EXPERIMENT RESULTS,1148380,C,1,1304.7232432456815,1.0,0,1,mouse
SYNTHETIC DEMONSTRATION ONLY - NOT HUMAN EXPERIMENT RESULTS,1148400,C,1,1304.5924700927008,1.0,0,1,mouse
SYNTHETIC DEMONSTRATION ONLY - NOT HUMAN EXPERIMENT RESULTS,1148420,C,1,1304.4616316705549,1.0,0,1,mouse
SYNTHETIC DEMONSTRATION ONLY - NOT HUMAN EXPERIMENT RESULTS,1148440,C,1,1304.330729838747,1.0,0,1,mouse
SYNTHETIC DEMONSTRATION ONLY - NOT HUMAN EXPERIMENT RESULTS,1148460,C,1,1304.199766457682,1.0,0,1,mouse
SYNTHETIC DEMONSTRATION ONLY - NOT HUMAN EXPERIMENT RESULTS,1148480,C,1,1304.0687433886394,1.0,0,1,mouse
SYNTHETIC DEMONSTRATION ONLY - NOT HUMAN EXPERIMENT RESULTS,1148500,C,1,1303.937662493747,1.0,0,1,mouse
SYNTHETIC DEMONSTRATION ONLY - NOT HUMAN EXPERIMENT RESULTS,1148520,C,1,1303.8065256359546,1.0,0,1,mouse
SYNTHETIC DEMONSTRATION ONLY - NOT HUMAN EXPERIMENT RESULTS,1148540,C,1,1303.6753346790072,1.0,0,1,mouse
SYNTHETIC DEMONSTRATION ONLY - NOT HUMAN EXPERIMENT RESULTS,1148560,C,1,1303.5440914874184,1.0,0,1,mouse
SYNTHETIC DEMONSTRATION ONLY - NOT HUMAN EXPERIMENT RESULTS,1148580,C,1,1303.4127979264451,1.0,0,1,mouse
SYNTHETIC DEMONSTRATION ONLY - NOT HUMAN EXPERIMENT RESULTS,1148600,C,1,1303.2814558620587,1.0,0,1,mouse
SYNTHETIC DEMONSTRATION ONLY - NOT HUMAN EXPERIMENT RESULTS,1148620,C,1,1303.1500671609213,1.0,0,1,mouse
SYNTHETIC DEMONSTRATION ONLY - NOT HUMAN EXPERIMENT RESULTS,1148640,C,1,1303.0186336903564,1.0,0,1,mouse
SYNTHETIC DEMONSTRATION ONLY - NOT HUMAN EXPERIMENT RESULTS,1148660,C,1,1302.8871573183253,1.0,0,1,mouse
SYNTHETIC DEMONSTRATION ONLY - NOT HUMAN EXPERIMENT RESULTS,1148680,C,1,1302.755639913398,1.0,0,1,mouse
SYNTHETIC DEMONSTRATION ONLY - NOT HUMAN EXPERIMENT RESULTS,1148700,C,1,1302.6240833447278,1.0,0,1,mouse
SYNTHETIC DEMONSTRATION ONLY - NOT HUMAN EXPERIMENT RESULTS,1148720,C,1,1302.492489482025,1.0,0,1,mouse
SYNTHETIC DEMONSTRATION ONLY - NOT HUMAN EXPERIMENT RESULTS,1148740,C,1,1302.3608601955293,1.0,0,1,mouse
SYNTHETIC DEMONSTRATION ONLY - NOT HUMAN EXPERIMENT RESULTS,1148760,C,1,1302.2291973559845,1.0,0,1,mouse
SYNTHETIC DEMONSTRATION ONLY - NOT HUMAN EXPERIMENT RESULTS,1148780,C,1,1302.097502834611,1.0,0,1,mouse
SYNTHETIC DEMONSTRATION ONLY - NOT HUMAN EXPERIMENT RESULTS,1148800,C,1,1301.9657785030793,1.0,0,1,mouse
SYNTHETIC DEMONSTRATION ONLY - NOT HUMAN EXPERIMENT RESULTS,1148820,C,1,1301.8340262334839,1.0,0,1,mouse
SYNTHETIC DEMONSTRATION ONLY - NOT HUMAN EXPERIMENT RESULTS,1148840,C,1,1301.702247898316,1.0,0,1,mouse
SYNTHETIC DEMONSTRATION ONLY - NOT HUMAN EXPERIMENT RESULTS,1148860,C,1,1301.5704453704375,1.0,0,1,mouse
SYNTHETIC DEMONSTRATION ONLY - NOT HUMAN EXPERIMENT RESULTS,1148880,C,1,1301.4386205230544,1.0,0,1,mouse
SYNTHETIC DEMONSTRATION ONLY - NOT HUMAN EXPERIMENT RESULTS,1148900,C,1,1301.306775229689,1.0,0,1,mouse
SYNTHETIC DEMONSTRATION ONLY - NOT HUMAN EXPERIMENT RESULTS,1148920,C,1,1301.174911364155,1.0,0,1,mouse
SYNTHETIC DEMONSTRATION ONLY - NOT HUMAN EXPERIMENT RESULTS,1148940,C,1,1301.04303080053,1.0,0,1,mouse
SYNTHETIC DEMONSTRATION ONLY - NOT HUMAN EXPERIMENT RESULTS,1148960,C,1,1300.9111354131285,1.0,0,1,mouse
SYNTHETIC DEMONSTRATION ONLY - NOT HUMAN EXPERIMENT RESULTS,1148980,C,1,1300.779227076476,1.0,0,1,mouse
SYNTHETIC DEMONSTRATION ONLY - NOT HUMAN EXPERIMENT RESULTS,1149000,C,1,1300.647307665282,1.0,0,1,mouse
SYNTHETIC DEMONSTRATION ONLY - NOT HUMAN EXPERIMENT RESULTS,1149020,C,1,1300.515379054413,1.0,0,1,mouse
SYNTHETIC DEMONSTRATION ONLY - NOT HUMAN EXPERIMENT RESULTS,1149040,C,1,1300.383443118867,1.0,0,1,mouse
SYNTHETIC DEMONSTRATION ONLY - NOT HUMAN EXPERIMENT RESULTS,1149060,C,1,1300.2515017337455,1.0,0,1,mouse
SYNTHETIC DEMONSTRATION ONLY - NOT HUMAN EXPERIMENT RESULTS,1149080,C,1,1300.1195567742277,1.0,0,1,mouse
SYNTHETIC DEMONSTRATION ONLY - NOT HUMAN EXPERIMENT RESULTS,1149100,C,1,1299.9876101155435,1.0,0,1,mouse
SYNTHETIC DEMONSTRATION ONLY - NOT HUMAN EXPERIMENT RESULTS,1149120,C,1,1299.855663632947,1.0,0,1,mouse
SYNTHETIC DEMONSTRATION ONLY - NOT HUMAN EXPERIMENT RESULTS,1149140,C,1,1299.7237192016896,1.0,0,1,mouse
SYNTHETIC DEMONSTRATION ONLY - NOT HUMAN EXPERIMENT RESULTS,1149160,C,1,1299.5917786969942,1.0,0,1,mouse
SYNTHETIC DEMONSTRATION ONLY - NOT HUMAN EXPERIMENT RESULTS,1149180,C,1,1299.4598439940269,1.0,0,1,mouse
SYNTHETIC DEMONSTRATION ONLY - NOT HUMAN EXPERIMENT RESULTS,1149200,C,1,1299.327916967872,1.0,0,1,mouse
SYNTHETIC DEMONSTRATION ONLY - NOT HUMAN EXPERIMENT RESULTS,1149220,C,1,1299.1959994935048,1.0,0,1,mouse
SYNTHETIC DEMONSTRATION ONLY - NOT HUMAN EXPERIMENT RESULTS,1149240,C,1,1299.0640934457645,1.0,0,1,mouse
SYNTHETIC DEMONSTRATION ONLY - NOT HUMAN EXPERIMENT RESULTS,1149260,C,1,1298.932200699328,1.0,0,1,mouse
SYNTHETIC DEMONSTRATION ONLY - NOT HUMAN EXPERIMENT RESULTS,1149280,C,1,1298.800323128683,1.0,0,1,mouse
SYNTHETIC DEMONSTRATION ONLY - NOT HUMAN EXPERIMENT RESULTS,1149300,C,1,1298.6684626081017,1.0,0,1,mouse
SYNTHETIC DEMONSTRATION ONLY - NOT HUMAN EXPERIMENT RESULTS,1149320,C,1,1298.5366210116144,1.0,0,1,mouse
SYNTHETIC DEMONSTRATION ONLY - NOT HUMAN EXPERIMENT RESULTS,1149340,C,1,1298.4048002129816,1.0,0,1,mouse
SYNTHETIC DEMONSTRATION ONLY - NOT HUMAN EXPERIMENT RESULTS,1149360,C,1,1298.2730020856686,1.0,0,1,mouse
SYNTHETIC DEMONSTRATION ONLY - NOT HUMAN EXPERIMENT RESULTS,1149380,C,1,1298.141228502819,1.0,0,1,mouse
SYNTHETIC DEMONSTRATION ONLY - NOT HUMAN EXPERIMENT RESULTS,1149400,C,1,1298.0094813372266,1.0,0,1,mouse
SYNTHETIC DEMONSTRATION ONLY - NOT HUMAN EXPERIMENT RESULTS,1149420,C,1,1297.8777624613103,1.0,0,1,mouse
SYNTHETIC DEMONSTRATION ONLY - NOT HUMAN EXPERIMENT RESULTS,1149440,C,1,1297.7460737470874,1.0,0,1,mouse
SYNTHETIC DEMONSTRATION ONLY - NOT HUMAN EXPERIMENT RESULTS,1149460,C,1,1297.6144170661453,1.0,0,1,mouse
SYNTHETIC DEMONSTRATION ONLY - NOT HUMAN EXPERIMENT RESULTS,1149480,C,1,1297.4827942896175,1.0,0,1,mouse
SYNTHETIC DEMONSTRATION ONLY - NOT HUMAN EXPERIMENT RESULTS,1149500,C,1,1297.3512072881542,1.0,0,1,mouse
SYNTHETIC DEMONSTRATION ONLY - NOT HUMAN EXPERIMENT RESULTS,1149520,C,1,1297.2196579318986,1.0,0,1,mouse
SYNTHETIC DEMONSTRATION ONLY - NOT HUMAN EXPERIMENT RESULTS,1149540,C,1,1297.0881480904584,1.0,0,1,mouse
SYNTHETIC DEMONSTRATION ONLY - NOT HUMAN EXPERIMENT RESULTS,1149560,C,1,1296.956679632879,1.0,0,1,mouse
SYNTHETIC DEMONSTRATION ONLY - NOT HUMAN EXPERIMENT RESULTS,1149580,C,1,1296.8252544276183,1.0,0,1,mouse
SYNTHETIC DEMONSTRATION ONLY - NOT HUMAN EXPERIMENT RESULTS,1149600,C,1,1296.6938743425198,1.0,0,1,mouse
SYNTHETIC DEMONSTRATION ONLY - NOT HUMAN EXPERIMENT RESULTS,1149620,C,1,1296.5625412447848,1.0,0,1,mouse
SYNTHETIC DEMONSTRATION ONLY - NOT HUMAN EXPERIMENT RESULTS,1149640,C,1,1296.4312570009477,1.0,0,1,mouse
SYNTHETIC DEMONSTRATION ONLY - NOT HUMAN EXPERIMENT RESULTS,1149660,C,1,1296.300023476848,1.0,0,1,mouse
SYNTHETIC DEMONSTRATION ONLY - NOT HUMAN EXPERIMENT RESULTS,1149680,C,1,1296.1688425376044,1.0,0,1,mouse
SYNTHETIC DEMONSTRATION ONLY - NOT HUMAN EXPERIMENT RESULTS,1149700,C,1,1296.037716047589,1.0,0,1,mouse
SYNTHETIC DEMONSTRATION ONLY - NOT HUMAN EXPERIMENT RESULTS,1149720,C,1,1295.906645870399,1.0,0,1,mouse
SYNTHETIC DEMONSTRATION ONLY - NOT HUMAN EXPERIMENT RESULTS,1149740,C,1,1295.7756338688316,1.0,0,1,mouse
SYNTHETIC DEMONSTRATION ONLY - NOT HUMAN EXPERIMENT RESULTS,1149760,C,1,1295.6446819048579,1.0,0,1,mouse
SYNTHETIC DEMONSTRATION ONLY - NOT HUMAN EXPERIMENT RESULTS,1149780,C,1,1295.5137918395944,1.0,0,1,mouse
SYNTHETIC DEMONSTRATION ONLY - NOT HUMAN EXPERIMENT RESULTS,1149800,C,1,1295.3829655332795,1.0,0,1,mouse
SYNTHETIC DEMONSTRATION ONLY - NOT HUMAN EXPERIMENT RESULTS,1149820,C,1,1295.2522048452443,1.0,0,1,mouse
SYNTHETIC DEMONSTRATION ONLY - NOT HUMAN EXPERIMENT RESULTS,1149840,C,1,1295.1215116338872,1.0,0,1,mouse
SYNTHETIC DEMONSTRATION ONLY - NOT HUMAN EXPERIMENT RESULTS,1149860,C,1,1294.9908877566484,1.0,0,1,mouse
SYNTHETIC DEMONSTRATION ONLY - NOT HUMAN EXPERIMENT RESULTS,1149880,C,1,1294.8603350699823,1.0,0,1,mouse
SYNTHETIC DEMONSTRATION ONLY - NOT HUMAN EXPERIMENT RESULTS,1149900,C,1,1294.7298554293316,1.0,0,1,mouse
SYNTHETIC DEMONSTRATION ONLY - NOT HUMAN EXPERIMENT RESULTS,1149920,C,1,1294.5994506891006,1.0,0,1,mouse
SYNTHETIC DEMONSTRATION ONLY - NOT HUMAN EXPERIMENT RESULTS,1149940,C,1,1294.4691227026296,1.0,0,1,mouse
SYNTHETIC DEMONSTRATION ONLY - NOT HUMAN EXPERIMENT RESULTS,1149960,C,1,1294.3388733221677,1.0,0,1,mouse
SYNTHETIC DEMONSTRATION ONLY - NOT HUMAN EXPERIMENT RESULTS,1149980,C,1,1294.2087043988467,1.0,0,1,mouse
SYNTHETIC DEMONSTRATION ONLY - NOT HUMAN EXPERIMENT RESULTS,1150000,C,1,1294.078617782655,1.0,0,1,mouse
SYNTHETIC DEMONSTRATION ONLY - NOT HUMAN EXPERIMENT RESULTS,1150020,C,1,1293.948615322412,1.0,0,1,mouse
SYNTHETIC DEMONSTRATION ONLY - NOT HUMAN EXPERIMENT RESULTS,1150040,C,1,1293.81869886574,1.0,0,1,mouse
SYNTHETIC DEMONSTRATION ONLY - NOT HUMAN EXPERIMENT RESULTS,1150060,C,1,1293.6888702590393,1.0,0,1,mouse
SYNTHETIC DEMONSTRATION ONLY - NOT HUMAN EXPERIMENT RESULTS,1150080,C,1,1293.559131347462,1.0,0,1,mouse
SYNTHETIC DEMONSTRATION ONLY - NOT HUMAN EXPERIMENT RESULTS,1150100,C,1,1293.4294839748852,1.0,0,1,mouse
SYNTHETIC DEMONSTRATION ONLY - NOT HUMAN EXPERIMENT RESULTS,1150120,C,1,1293.299929983885,1.0,0,1,mouse
SYNTHETIC DEMONSTRATION ONLY - NOT HUMAN EXPERIMENT RESULTS,1150140,C,1,1293.1704712157102,1.0,0,1,mouse
SYNTHETIC DEMONSTRATION ONLY - NOT HUMAN EXPERIMENT RESULTS,1150160,C,1,1293.041109510257,1.0,0,1,mouse
SYNTHETIC DEMONSTRATION ONLY - NOT HUMAN EXPERIMENT RESULTS,1150180,C,1,1292.9118467060407,1.0,0,1,mouse
SYNTHETIC DEMONSTRATION ONLY - NOT HUMAN EXPERIMENT RESULTS,1150200,C,1,1292.7826846401726,1.0,0,1,mouse
SYNTHETIC DEMONSTRATION ONLY - NOT HUMAN EXPERIMENT RESULTS,1150220,C,1,1292.6536251483315,1.0,0,1,mouse
SYNTHETIC DEMONSTRATION ONLY - NOT HUMAN EXPERIMENT RESULTS,1150240,C,1,1292.524670064738,1.0,0,1,mouse
SYNTHETIC DEMONSTRATION ONLY - NOT HUMAN EXPERIMENT RESULTS,1150260,C,1,1292.3958212221298,1.0,0,1,mouse
SYNTHETIC DEMONSTRATION ONLY - NOT HUMAN EXPERIMENT RESULTS,1150280,C,1,1292.2670804517338,1.0,0,1,mouse
SYNTHETIC DEMONSTRATION ONLY - NOT HUMAN EXPERIMENT RESULTS,1150300,C,1,1292.1384495832415,1.0,0,1,mouse
SYNTHETIC DEMONSTRATION ONLY - NOT HUMAN EXPERIMENT RESULTS,1150320,C,1,1292.0099304447822,1.0,0,1,mouse
SYNTHETIC DEMONSTRATION ONLY - NOT HUMAN EXPERIMENT RESULTS,1150340,C,1,1291.881524862897,1.0,0,1,mouse
SYNTHETIC DEMONSTRATION ONLY - NOT HUMAN EXPERIMENT RESULTS,1150360,C,1,1291.7532346625142,1.0,0,1,mouse
SYNTHETIC DEMONSTRATION ONLY - NOT HUMAN EXPERIMENT RESULTS,1150380,C,1,1291.625061666921,1.0,0,1,mouse
SYNTHETIC DEMONSTRATION ONLY - NOT HUMAN EXPERIMENT RESULTS,1150400,C,1,1291.4970076977395,1.0,0,1,mouse
SYNTHETIC DEMONSTRATION ONLY - NOT HUMAN EXPERIMENT RESULTS,1150420,C,1,1291.3690745749,1.0,0,1,mouse
SYNTHETIC DEMONSTRATION ONLY - NOT HUMAN EXPERIMENT RESULTS,1150440,C,1,1291.2412641166154,1.0,0,1,mouse
SYNTHETIC DEMONSTRATION ONLY - NOT HUMAN EXPERIMENT RESULTS,1150460,C,1,1291.1135781393552,1.0,0,1,mouse
SYNTHETIC DEMONSTRATION ONLY - NOT HUMAN EXPERIMENT RESULTS,1150480,C,1,1290.98601845782,1.0,0,1,mouse
SYNTHETIC DEMONSTRATION ONLY - NOT HUMAN EXPERIMENT RESULTS,1150500,C,1,1290.8585868849148,1.0,0,1,mouse
SYNTHETIC DEMONSTRATION ONLY - NOT HUMAN EXPERIMENT RESULTS,1150520,C,1,1290.7312852317243,1.0,0,1,mouse
SYNTHETIC DEMONSTRATION ONLY - NOT HUMAN EXPERIMENT RESULTS,1150540,C,1,1290.6041153074875,1.0,0,1,mouse
SYNTHETIC DEMONSTRATION ONLY - NOT HUMAN EXPERIMENT RESULTS,1150560,C,1,1290.4770789195695,1.0,0,1,mouse
SYNTHETIC DEMONSTRATION ONLY - NOT HUMAN EXPERIMENT RESULTS,1150580,C,1,1290.3501778734394,1.0,0,1,mouse
SYNTHETIC DEMONSTRATION ONLY - NOT HUMAN EXPERIMENT RESULTS,1150600,C,1,1290.2234139726418,1.0,0,1,mouse
SYNTHETIC DEMONSTRATION ONLY - NOT HUMAN EXPERIMENT RESULTS,1150620,C,1,1290.0967890187717,1.0,0,1,mouse
SYNTHETIC DEMONSTRATION ONLY - NOT HUMAN EXPERIMENT RESULTS,1150640,C,1,1289.9703048114507,1.0,0,1,mouse
SYNTHETIC DEMONSTRATION ONLY - NOT HUMAN EXPERIMENT RESULTS,1150660,C,1,1289.8439631482993,1.0,0,1,mouse
SYNTHETIC DEMONSTRATION ONLY - NOT HUMAN EXPERIMENT RESULTS,1150680,C,1,1289.7177658249118,1.0,0,1,mouse
SYNTHETIC DEMONSTRATION ONLY - NOT HUMAN EXPERIMENT RESULTS,1150700,C,1,1289.5917146348315,1.0,0,1,mouse
SYNTHETIC DEMONSTRATION ONLY - NOT HUMAN EXPERIMENT RESULTS,1150720,C,1,1289.4658113695255,1.0,0,1,mouse
SYNTHETIC DEMONSTRATION ONLY - NOT HUMAN EXPERIMENT RESULTS,1150740,C,1,1289.340057818357,1.0,0,1,mouse
SYNTHETIC DEMONSTRATION ONLY - NOT HUMAN EXPERIMENT RESULTS,1150760,C,1,1289.2144557685633,1.0,0,1,mouse
SYNTHETIC DEMONSTRATION ONLY - NOT HUMAN EXPERIMENT RESULTS,1150780,C,1,1289.0890070052264,1.0,0,1,mouse
SYNTHETIC DEMONSTRATION ONLY - NOT HUMAN EXPERIMENT RESULTS,1150800,C,1,1288.9637133112517,1.0,0,1,mouse
SYNTHETIC DEMONSTRATION ONLY - NOT HUMAN EXPERIMENT RESULTS,1150820,C,1,1288.8385764673399,1.0,0,1,mouse
SYNTHETIC DEMONSTRATION ONLY - NOT HUMAN EXPERIMENT RESULTS,1150840,C,1,1288.7135982519621,1.0,0,1,mouse
SYNTHETIC DEMONSTRATION ONLY - NOT HUMAN EXPERIMENT RESULTS,1150860,C,1,1288.5887804413358,1.0,0,1,mouse
SYNTHETIC DEMONSTRATION ONLY - NOT HUMAN EXPERIMENT RESULTS,1150880,C,1,1288.4641248093983,1.0,0,1,mouse
SYNTHETIC DEMONSTRATION ONLY - NOT HUMAN EXPERIMENT RESULTS,1150900,C,1,1288.3396331277818,1.0,0,1,mouse
SYNTHETIC DEMONSTRATION ONLY - NOT HUMAN EXPERIMENT RESULTS,1150920,C,1,1288.2153071657888,1.0,0,1,mouse
SYNTHETIC DEMONSTRATION ONLY - NOT HUMAN EXPERIMENT RESULTS,1150940,C,1,1288.0911486903667,1.0,0,1,mouse
SYNTHETIC DEMONSTRATION ONLY - NOT HUMAN EXPERIMENT RESULTS,1150960,C,1,1287.9671594660817,1.0,0,1,mouse
SYNTHETIC DEMONSTRATION ONLY - NOT HUMAN EXPERIMENT RESULTS,1150980,C,1,1287.843341255096,1.0,0,1,mouse
SYNTHETIC DEMONSTRATION ONLY - NOT HUMAN EXPERIMENT RESULTS,1151000,C,1,1287.7196958171394,1.0,0,1,mouse
SYNTHETIC DEMONSTRATION ONLY - NOT HUMAN EXPERIMENT RESULTS,1151020,C,1,1287.5962249094878,1.0,0,1,mouse
SYNTHETIC DEMONSTRATION ONLY - NOT HUMAN EXPERIMENT RESULTS,1151040,C,1,1287.4729302869362,1.0,0,1,mouse
SYNTHETIC DEMONSTRATION ONLY - NOT HUMAN EXPERIMENT RESULTS,1151060,C,1,1287.3498137017739,1.0,0,1,mouse
SYNTHETIC DEMONSTRATION ONLY - NOT HUMAN EXPERIMENT RESULTS,1151080,C,1,1287.22687690376,1.0,0,1,mouse
SYNTHETIC DEMONSTRATION ONLY - NOT HUMAN EXPERIMENT RESULTS,1151100,C,1,1287.104121640099,1.0,0,1,mouse
SYNTHETIC DEMONSTRATION ONLY - NOT HUMAN EXPERIMENT RESULTS,1151120,C,1,1286.9815496554143,1.0,0,1,mouse
SYNTHETIC DEMONSTRATION ONLY - NOT HUMAN EXPERIMENT RESULTS,1151140,C,1,1286.8591626917255,1.0,0,1,mouse
SYNTHETIC DEMONSTRATION ONLY - NOT HUMAN EXPERIMENT RESULTS,1151160,C,1,1286.7369624884223,1.0,0,1,mouse
SYNTHETIC DEMONSTRATION ONLY - NOT HUMAN EXPERIMENT RESULTS,1151180,C,1,1286.6149507822397,1.0,0,1,mouse
SYNTHETIC DEMONSTRATION ONLY - NOT HUMAN EXPERIMENT RESULTS,1151200,C,1,1286.4931293072345,1.0,0,1,mouse
SYNTHETIC DEMONSTRATION ONLY - NOT HUMAN EXPERIMENT RESULTS,1151220,C,1,1286.3714997947593,1.0,0,1,mouse
SYNTHETIC DEMONSTRATION ONLY - NOT HUMAN EXPERIMENT RESULTS,1151240,C,1,1286.2500639734387,1.0,0,1,mouse
SYNTHETIC DEMONSTRATION ONLY - NOT HUMAN EXPERIMENT RESULTS,1151260,C,1,1286.128823569145,1.0,0,1,mouse
SYNTHETIC DEMONSTRATION ONLY - NOT HUMAN EXPERIMENT RESULTS,1151280,C,1,1286.007780304972,1.0,0,1,mouse
SYNTHETIC DEMONSTRATION ONLY - NOT HUMAN EXPERIMENT RESULTS,1151300,C,1,1285.8869359012126,1.0,0,1,mouse
SYNTHETIC DEMONSTRATION ONLY - NOT HUMAN EXPERIMENT RESULTS,1151320,C,1,1285.7662920753337,1.0,0,1,mouse
SYNTHETIC DEMONSTRATION ONLY - NOT HUMAN EXPERIMENT RESULTS,1151340,C,1,1285.6458505419505,1.0,0,1,mouse
SYNTHETIC DEMONSTRATION ONLY - NOT HUMAN EXPERIMENT RESULTS,1151360,C,1,1285.5256130128041,1.0,0,1,mouse
SYNTHETIC DEMONSTRATION ONLY - NOT HUMAN EXPERIMENT RESULTS,1151380,C,1,1285.4055811967362,1.0,0,1,mouse
SYNTHETIC DEMONSTRATION ONLY - NOT HUMAN EXPERIMENT RESULTS,1151400,C,1,1285.2857567996641,1.0,0,1,mouse
SYNTHETIC DEMONSTRATION ONLY - NOT HUMAN EXPERIMENT RESULTS,1151420,C,1,1285.1661415245578,1.0,0,1,mouse
SYNTHETIC DEMONSTRATION ONLY - NOT HUMAN EXPERIMENT RESULTS,1151440,C,1,1285.0467370714157,1.0,0,1,mouse
SYNTHETIC DEMONSTRATION ONLY - NOT HUMAN EXPERIMENT RESULTS,1151460,C,1,1284.9275451372387,1.0,0,1,mouse
SYNTHETIC DEMONSTRATION ONLY - NOT HUMAN EXPERIMENT RESULTS,1151480,C,1,1284.8085674160081,1.0,0,1,mouse
SYNTHETIC DEMONSTRATION ONLY - NOT HUMAN EXPERIMENT RESULTS,1151500,C,1,1284.689805598661,1.0,0,1,mouse
SYNTHETIC DEMONSTRATION ONLY - NOT HUMAN EXPERIMENT RESULTS,1151520,C,1,1284.5712613730655,1.0,0,1,mouse
SYNTHETIC DEMONSTRATION ONLY - NOT HUMAN EXPERIMENT RESULTS,1151540,C,1,1284.4529364239975,1.0,0,1,mouse
SYNTHETIC DEMONSTRATION ONLY - NOT HUMAN EXPERIMENT RESULTS,1151560,C,1,1284.3348324331164,1.0,0,1,mouse
SYNTHETIC DEMONSTRATION ONLY - NOT HUMAN EXPERIMENT RESULTS,1151580,C,1,1284.2169510789413,1.0,0,1,mouse
SYNTHETIC DEMONSTRATION ONLY - NOT HUMAN EXPERIMENT RESULTS,1151600,C,1,1284.0992940368274,1.0,0,1,mouse
SYNTHETIC DEMONSTRATION ONLY - NOT HUMAN EXPERIMENT RESULTS,1151620,C,1,1283.9818629789415,1.0,0,1,mouse
SYNTHETIC DEMONSTRATION ONLY - NOT HUMAN EXPERIMENT RESULTS,1151640,C,1,1283.8646595742387,1.0,0,1,mouse
SYNTHETIC DEMONSTRATION ONLY - NOT HUMAN EXPERIMENT RESULTS,1151660,C,1,1283.7476854884394,1.0,0,1,mouse
SYNTHETIC DEMONSTRATION ONLY - NOT HUMAN EXPERIMENT RESULTS,1151680,C,1,1283.6309423840034,1.0,0,1,mouse
SYNTHETIC DEMONSTRATION ONLY - NOT HUMAN EXPERIMENT RESULTS,1151700,C,1,1283.5144319201095,1.0,0,1,mouse
SYNTHETIC DEMONSTRATION ONLY - NOT HUMAN EXPERIMENT RESULTS,1151720,C,1,1283.3981557526288,1.0,0,1,mouse
SYNTHETIC DEMONSTRATION ONLY - NOT HUMAN EXPERIMENT RESULTS,1151740,C,1,1283.282115534103,1.0,0,1,mouse
SYNTHETIC DEMONSTRATION ONLY - NOT HUMAN EXPERIMENT RESULTS,1151760,C,1,1283.1663129137207,1.0,0,1,mouse
SYNTHETIC DEMONSTRATION ONLY - NOT HUMAN EXPERIMENT RESULTS,1151780,C,1,1283.0507495372933,1.0,0,1,mouse
SYNTHETIC DEMONSTRATION ONLY - NOT HUMAN EXPERIMENT RESULTS,1151800,C,1,1282.9354270472322,1.0,0,1,mouse
SYNTHETIC DEMONSTRATION ONLY - NOT HUMAN EXPERIMENT RESULTS,1151820,C,1,1282.8203470825256,1.0,0,1,mouse
SYNTHETIC DEMONSTRATION ONLY - NOT HUMAN EXPERIMENT RESULTS,1151840,C,1,1282.7055112787139,1.0,0,1,mouse
SYNTHETIC DEMONSTRATION ONLY - NOT HUMAN EXPERIMENT RESULTS,1151860,C,1,1282.5909212678682,1.0,0,1,mouse
SYNTHETIC DEMONSTRATION ONLY - NOT HUMAN EXPERIMENT RESULTS,1151880,C,1,1282.4765786785667,1.0,0,1,mouse
SYNTHETIC DEMONSTRATION ONLY - NOT HUMAN EXPERIMENT RESULTS,1151900,C,1,1282.3624851358702,1.0,0,1,mouse
SYNTHETIC DEMONSTRATION ONLY - NOT HUMAN EXPERIMENT RESULTS,1151920,C,1,1282.2486422613008,1.0,0,1,mouse
SYNTHETIC DEMONSTRATION ONLY - NOT HUMAN EXPERIMENT RESULTS,1151940,C,1,1282.1350516728176,1.0,0,1,mouse
SYNTHETIC DEMONSTRATION ONLY - NOT HUMAN EXPERIMENT RESULTS,1151960,C,1,1282.021714984794,1.0,0,1,mouse
SYNTHETIC DEMONSTRATION ONLY - NOT HUMAN EXPERIMENT RESULTS,1151980,C,1,1281.908633807996,1.0,0,1,mouse
SYNTHETIC DEMONSTRATION ONLY - NOT HUMAN EXPERIMENT RESULTS,1152000,C,1,1281.7958097495564,1.0,0,1,mouse
SYNTHETIC DEMONSTRATION ONLY - NOT HUMAN EXPERIMENT RESULTS,1152020,C,1,1281.6832444129554,1.0,0,1,mouse
SYNTHETIC DEMONSTRATION ONLY - NOT HUMAN EXPERIMENT RESULTS,1152040,C,1,1281.570939397996,1.0,0,1,mouse
SYNTHETIC DEMONSTRATION ONLY - NOT HUMAN EXPERIMENT RESULTS,1152060,C,1,1281.45889630078,1.0,0,1,mouse
SYNTHETIC DEMONSTRATION ONLY - NOT HUMAN EXPERIMENT RESULTS,1152080,C,1,1281.3471167136886,1.0,0,1,mouse
SYNTHETIC DEMONSTRATION ONLY - NOT HUMAN EXPERIMENT RESULTS,1152100,C,1,1281.235602225357,1.0,0,1,mouse
SYNTHETIC DEMONSTRATION ONLY - NOT HUMAN EXPERIMENT RESULTS,1152120,C,1,1281.124354420653,1.0,0,1,mouse
SYNTHETIC DEMONSTRATION ONLY - NOT HUMAN EXPERIMENT RESULTS,1152140,C,1,1281.0133748806538,1.0,0,1,mouse
SYNTHETIC DEMONSTRATION ONLY - NOT HUMAN EXPERIMENT RESULTS,1152160,C,1,1280.9026651826248,1.0,0,1,mouse
SYNTHETIC DEMONSTRATION ONLY - NOT HUMAN EXPERIMENT RESULTS,1152180,C,1,1280.7922268999953,1.0,0,1,mouse
SYNTHETIC DEMONSTRATION ONLY - NOT HUMAN EXPERIMENT RESULTS,1152200,C,1,1280.682061602338,1.0,0,1,mouse
SYNTHETIC DEMONSTRATION ONLY - NOT HUMAN EXPERIMENT RESULTS,1152220,C,1,1280.572170855346,1.0,0,1,mouse
SYNTHETIC DEMONSTRATION ONLY - NOT HUMAN EXPERIMENT RESULTS,1152240,C,1,1280.4625562208098,1.0,0,1,mouse
SYNTHETIC DEMONSTRATION ONLY - NOT HUMAN EXPERIMENT RESULTS,1152260,C,1,1280.3532192565958,1.0,0,1,mouse
SYNTHETIC DEMONSTRATION ONLY - NOT HUMAN EXPERIMENT RESULTS,1152280,C,1,1280.2441615166242,1.0,0,1,mouse
SYNTHETIC DEMONSTRATION ONLY - NOT HUMAN EXPERIMENT RESULTS,1152300,C,1,1280.1353845508472,1.0,0,1,mouse
SYNTHETIC DEMONSTRATION ONLY - NOT HUMAN EXPERIMENT RESULTS,1152320,C,1,1280.0268899052264,1.0,0,1,mouse
SYNTHETIC DEMONSTRATION ONLY - NOT HUMAN EXPERIMENT RESULTS,1152340,C,1,1279.9186791217105,1.0,0,1,mouse
SYNTHETIC DEMONSTRATION ONLY - NOT HUMAN EXPERIMENT RESULTS,1152360,C,1,1279.8107537382143,1.0,0,1,mouse
SYNTHETIC DEMONSTRATION ONLY - NOT HUMAN EXPERIMENT RESULTS,1152380,C,1,1279.7031152885968,1.0,0,1,mouse
SYNTHETIC DEMONSTRATION ONLY - NOT HUMAN EXPERIMENT RESULTS,1152400,C,1,1279.5957653026378,1.0,0,1,mouse
SYNTHETIC DEMONSTRATION ONLY - NOT HUMAN EXPERIMENT RESULTS,1152420,C,1,1279.488705306019,1.0,0,1,mouse
SYNTHETIC DEMONSTRATION ONLY - NOT HUMAN EXPERIMENT RESULTS,1152440,C,1,1279.3819368202999,1.0,0,1,mouse
SYNTHETIC DEMONSTRATION ONLY - NOT HUMAN EXPERIMENT RESULTS,1152460,C,1,1279.2754613628963,1.0,0,1,mouse
SYNTHETIC DEMONSTRATION ONLY - NOT HUMAN EXPERIMENT RESULTS,1152480,C,1,1279.169280447061,1.0,0,1,mouse
SYNTHETIC DEMONSTRATION ONLY - NOT HUMAN EXPERIMENT RESULTS,1152500,C,1,1279.0633955818594,1.0,0,1,mouse
SYNTHETIC DEMONSTRATION ONLY - NOT HUMAN EXPERIMENT RESULTS,1152520,C,1,1278.9578082721496,1.0,0,1,mouse
SYNTHETIC DEMONSTRATION ONLY - NOT HUMAN EXPERIMENT RESULTS,1152540,C,1,1278.8525200185616,1.0,0,1,mouse
SYNTHETIC DEMONSTRATION ONLY - NOT HUMAN EXPERIMENT RESULTS,1152560,C,1,1278.7475323174738,1.0,0,1,mouse
SYNTHETIC DEMONSTRATION ONLY - NOT HUMAN EXPERIMENT RESULTS,1152580,C,1,1278.6428466609943,1.0,0,1,mouse
SYNTHETIC DEMONSTRATION ONLY - NOT HUMAN EXPERIMENT RESULTS,1152600,C,1,1278.5384645369384,1.0,0,1,mouse
SYNTHETIC DEMONSTRATION ONLY - NOT HUMAN EXPERIMENT RESULTS,1152620,C,1,1278.434387428806,1.0,0,1,mouse
SYNTHETIC DEMONSTRATION ONLY - NOT HUMAN EXPERIMENT RESULTS,1152640,C,1,1278.3306168157644,1.0,0,1,mouse
SYNTHETIC DEMONSTRATION ONLY - NOT HUMAN EXPERIMENT RESULTS,1152660,C,1,1278.227154172623,1.0,0,1,mouse
SYNTHETIC DEMONSTRATION ONLY - NOT HUMAN EXPERIMENT RESULTS,1152680,C,1,1278.1240009698147,1.0,0,1,mouse
SYNTHETIC DEMONSTRATION ONLY - NOT HUMAN EXPERIMENT RESULTS,1152700,C,1,1278.0211586733756,1.0,0,1,mouse
SYNTHETIC DEMONSTRATION ONLY - NOT HUMAN EXPERIMENT RESULTS,1152720,C,1,1277.918628744922,1.0,0,1,mouse
SYNTHETIC DEMONSTRATION ONLY - NOT HUMAN EXPERIMENT RESULTS,1152740,C,1,1277.8164126416311,1.0,0,1,mouse
SYNTHETIC DEMONSTRATION ONLY - NOT HUMAN EXPERIMENT RESULTS,1152760,C,1,1277.7145118162202,1.0,0,1,mouse
SYNTHETIC DEMONSTRATION ONLY - NOT HUMAN EXPERIMENT RESULTS,1152780,C,1,1277.6129277169252,1.0,0,1,mouse
SYNTHETIC DEMONSTRATION ONLY - NOT HUMAN EXPERIMENT RESULTS,1152800,C,1,1277.5116617874817,1.0,0,1,mouse
SYNTHETIC DEMONSTRATION ONLY - NOT HUMAN EXPERIMENT RESULTS,1152820,C,1,1277.410715467102,1.0,0,1,mouse
SYNTHETIC DEMONSTRATION ONLY - NOT HUMAN EXPERIMENT RESULTS,1152840,C,1,1277.3100901904568,1.0,0,1,mouse
SYNTHETIC DEMONSTRATION ONLY - NOT HUMAN EXPERIMENT RESULTS,1152860,C,1,1277.2097873876544,1.0,0,1,mouse
SYNTHETIC DEMONSTRATION ONLY - NOT HUMAN EXPERIMENT RESULTS,1152880,C,1,1277.1098084842195,1.0,0,1,mouse
SYNTHETIC DEMONSTRATION ONLY - NOT HUMAN EXPERIMENT RESULTS,1152900,C,1,1277.0101549010735,1.0,0,1,mouse
SYNTHETIC DEMONSTRATION ONLY - NOT HUMAN EXPERIMENT RESULTS,1152920,C,1,1276.9108280545145,1.0,0,1,mouse
SYNTHETIC DEMONSTRATION ONLY - NOT HUMAN EXPERIMENT RESULTS,1152940,C,1,1276.811829356197,1.0,0,1,mouse
SYNTHETIC DEMONSTRATION ONLY - NOT HUMAN EXPERIMENT RESULTS,1152960,C,1,1276.7131602131115,1.0,0,1,mouse
SYNTHETIC DEMONSTRATION ONLY - NOT HUMAN EXPERIMENT RESULTS,1152980,C,1,1276.6148220275647,1.0,0,1,mouse
SYNTHETIC DEMONSTRATION ONLY - NOT HUMAN EXPERIMENT RESULTS,1153000,C,1,1276.5168161971603,1.0,0,1,mouse
SYNTHETIC DEMONSTRATION ONLY - NOT HUMAN EXPERIMENT RESULTS,1153020,C,1,1276.4191441147777,1.0,0,1,mouse
SYNTHETIC DEMONSTRATION ONLY - NOT HUMAN EXPERIMENT RESULTS,1153040,C,1,1276.3218071685537,1.0,0,1,mouse
SYNTHETIC DEMONSTRATION ONLY - NOT HUMAN EXPERIMENT RESULTS,1153060,C,1,1276.2248067418616,1.0,0,1,mouse
SYNTHETIC DEMONSTRATION ONLY - NOT HUMAN EXPERIMENT RESULTS,1153080,C,1,1276.1281442132922,1.0,0,1,mouse
SYNTHETIC DEMONSTRATION ONLY - NOT HUMAN EXPERIMENT RESULTS,1153100,C,1,1276.0318209566342,1.0,0,1,mouse
SYNTHETIC DEMONSTRATION ONLY - NOT HUMAN EXPERIMENT RESULTS,1153120,C,1,1275.935838340854,1.0,0,1,mouse
SYNTHETIC DEMONSTRATION ONLY - NOT HUMAN EXPERIMENT RESULTS,1153140,C,1,1275.8401977300769,1.0,0,1,mouse
SYNTHETIC DEMONSTRATION ONLY - NOT HUMAN EXPERIMENT RESULTS,1153160,C,1,1275.7449004835682,1.0,0,1,mouse
SYNTHETIC DEMONSTRATION ONLY - NOT HUMAN EXPERIMENT RESULTS,1153180,C,1,1275.6499479557122,1.0,0,1,mouse
SYNTHETIC DEMONSTRATION ONLY - NOT HUMAN EXPERIMENT RESULTS,1153200,C,1,1275.5553414959948,1.0,0,1,mouse
SYNTHETIC DEMONSTRATION ONLY - NOT HUMAN EXPERIMENT RESULTS,1153220,C,1,1275.4610824489832,1.0,0,1,mouse
SYNTHETIC DEMONSTRATION ONLY - NOT HUMAN EXPERIMENT RESULTS,1153240,C,1,1275.367172154307,1.0,0,1,mouse
SYNTHETIC DEMONSTRATION ONLY - NOT HUMAN EXPERIMENT RESULTS,1153260,C,1,1275.2736119466394,1.0,0,1,mouse
SYNTHETIC DEMONSTRATION ONLY - NOT HUMAN EXPERIMENT RESULTS,1153280,C,1,1275.1804031556778,1.0,0,1,mouse
SYNTHETIC DEMONSTRATION ONLY - NOT HUMAN EXPERIMENT RESULTS,1153300,C,1,1275.0875471061258,1.0,0,1,mouse
SYNTHETIC DEMONSTRATION ONLY - NOT HUMAN EXPERIMENT RESULTS,1153320,C,1,1274.9950451176735,1.0,0,1,mouse
SYNTHETIC DEMONSTRATION ONLY - NOT HUMAN EXPERIMENT RESULTS,1153340,C,1,1274.9028985049783,1.0,0,1,mouse
SYNTHETIC DEMONSTRATION ONLY - NOT HUMAN EXPERIMENT RESULTS,1153360,C,1,1274.8111085776482,1.0,0,1,mouse
SYNTHETIC DEMONSTRATION ONLY - NOT HUMAN EXPERIMENT RESULTS,1153380,C,1,1274.7196766402208,1.0,0,1,mouse
SYNTHETIC DEMONSTRATION ONLY - NOT HUMAN EXPERIMENT RESULTS,1153400,C,1,1274.6286039921465,1.0,0,1,mouse
SYNTHETIC DEMONSTRATION ONLY - NOT HUMAN EXPERIMENT RESULTS,1153420,C,1,1274.5378919277691,1.0,0,1,mouse
SYNTHETIC DEMONSTRATION ONLY - NOT HUMAN EXPERIMENT RESULTS,1153440,C,1,1274.4475417363083,1.0,0,1,mouse
SYNTHETIC DEMONSTRATION ONLY - NOT HUMAN EXPERIMENT RESULTS,1153460,C,1,1274.3575547018395,1.0,0,1,mouse
SYNTHETIC DEMONSTRATION ONLY - NOT HUMAN EXPERIMENT RESULTS,1153480,C,1,1274.2679321032783,1.0,0,1,mouse
SYNTHETIC DEMONSTRATION ONLY - NOT HUMAN EXPERIMENT RESULTS,1153500,C,1,1274.1786752143598,1.0,0,1,mouse
SYNTHETIC DEMONSTRATION ONLY - NOT HUMAN EXPERIMENT RESULTS,1153520,C,1,1274.0897853036222,1.0,0,1,mouse
SYNTHETIC DEMONSTRATION ONLY - NOT HUMAN EXPERIMENT RESULTS,1153540,C,1,1274.0012636343881,1.0,0,1,mouse
SYNTHETIC DEMONSTRATION ONLY - NOT HUMAN EXPERIMENT RESULTS,1153560,C,1,1273.9131114647457,1.0,0,1,mouse
SYNTHETIC DEMONSTRATION ONLY - NOT HUMAN EXPERIMENT RESULTS,1153580,C,1,1273.825330047533,1.0,0,1,mouse
SYNTHETIC DEMONSTRATION ONLY - NOT HUMAN EXPERIMENT RESULTS,1153600,C,1,1273.7379206303183,1.0,0,1,mouse
SYNTHETIC DEMONSTRATION ONLY - NOT HUMAN EXPERIMENT RESULTS,1153620,C,1,1273.6508844553825,1.0,0,1,mouse
SYNTHETIC DEMONSTRATION ONLY - NOT HUMAN EXPERIMENT RESULTS,1153640,C,1,1273.5642227597025,1.0,0,1,mouse
SYNTHETIC DEMONSTRATION ONLY - NOT HUMAN EXPERIMENT RESULTS,1153660,C,1,1273.477936774933,1.0,0,1,mouse
SYNTHETIC DEMONSTRATION ONLY - NOT HUMAN EXPERIMENT RESULTS,1153680,C,1,1273.3920277273883,1.0,0,1,mouse
SYNTHETIC DEMONSTRATION ONLY - NOT HUMAN EXPERIMENT RESULTS,1153700,C,1,1273.3064968380268,1.0,0,1,mouse
SYNTHETIC DEMONSTRATION ONLY - NOT HUMAN EXPERIMENT RESULTS,1153720,C,1,1273.2213453224313,1.0,0,1,mouse
SYNTHETIC DEMONSTRATION ONLY - NOT HUMAN EXPERIMENT RESULTS,1153740,C,1,1273.1365743907934,1.0,0,1,mouse
SYNTHETIC DEMONSTRATION ONLY - NOT HUMAN EXPERIMENT RESULTS,1153760,C,1,1273.052185247896,1.0,0,1,mouse
SYNTHETIC DEMONSTRATION ONLY - NOT HUMAN EXPERIMENT RESULTS,1153780,C,1,1272.9681790930952,1.0,0,1,mouse
SYNTHETIC DEMONSTRATION ONLY - NOT HUMAN EXPERIMENT RESULTS,1153800,C,1,1272.8845571203044,1.0,0,1,mouse
SYNTHETIC DEMONSTRATION ONLY - NOT HUMAN EXPERIMENT RESULTS,1153820,C,1,1272.8013205179773,1.0,0,1,mouse
SYNTHETIC DEMONSTRATION ONLY - NOT HUMAN EXPERIMENT RESULTS,1153840,C,1,1272.7184704690899,1.0,0,1,mouse
SYNTHETIC DEMONSTRATION ONLY - NOT HUMAN EXPERIMENT RESULTS,1153860,C,1,1272.636008151125,1.0,0,1,mouse
SYNTHETIC DEMONSTRATION ONLY - NOT HUMAN EXPERIMENT RESULTS,1153880,C,1,1272.5539347360548,1.0,0,1,mouse
SYNTHETIC DEMONSTRATION ONLY - NOT HUMAN EXPERIMENT RESULTS,1153900,C,1,1272.472251390324,1.0,0,1,mouse
SYNTHETIC DEMONSTRATION ONLY - NOT HUMAN EXPERIMENT RESULTS,1153920,C,1,1272.3909592748334,1.0,0,1,mouse
SYNTHETIC DEMONSTRATION ONLY - NOT HUMAN EXPERIMENT RESULTS,1153940,C,1,1272.3100595449246,1.0,0,1,mouse
SYNTHETIC DEMONSTRATION ONLY - NOT HUMAN EXPERIMENT RESULTS,1153960,C,1,1272.2295533503614,1.0,0,1,mouse
SYNTHETIC DEMONSTRATION ONLY - NOT HUMAN EXPERIMENT RESULTS,1153980,C,1,1272.1494418353152,1.0,0,1,mouse
SYNTHETIC DEMONSTRATION ONLY - NOT HUMAN EXPERIMENT RESULTS,1154000,C,1,1272.0697261383477,1.0,0,1,mouse
SYNTHETIC DEMONSTRATION ONLY - NOT HUMAN EXPERIMENT RESULTS,1154020,C,1,1271.9904073923956,1.0,0,1,mouse
SYNTHETIC DEMONSTRATION ONLY - NOT HUMAN EXPERIMENT RESULTS,1154040,C,1,1271.911486724754,1.0,0,1,mouse
SYNTHETIC DEMONSTRATION ONLY - NOT HUMAN EXPERIMENT RESULTS,1154060,C,1,1271.8329652570599,1.0,0,1,mouse
SYNTHETIC DEMONSTRATION ONLY - NOT HUMAN EXPERIMENT RESULTS,1154080,C,1,1271.7548441052775,1.0,0,1,mouse
SYNTHETIC DEMONSTRATION ONLY - NOT HUMAN EXPERIMENT RESULTS,1154100,C,1,1271.6771243796811,1.0,0,1,mouse
SYNTHETIC DEMONSTRATION ONLY - NOT HUMAN EXPERIMENT RESULTS,1154120,C,1,1271.5998071848403,1.0,0,1,mouse
SYNTHETIC DEMONSTRATION ONLY - NOT HUMAN EXPERIMENT RESULTS,1154140,C,1,1271.522893619603,1.0,0,1,mouse
SYNTHETIC DEMONSTRATION ONLY - NOT HUMAN EXPERIMENT RESULTS,1154160,C,1,1271.4463847770821,1.0,0,1,mouse
SYNTHETIC DEMONSTRATION ONLY - NOT HUMAN EXPERIMENT RESULTS,1154180,C,1,1271.3702817446367,1.0,0,1,mouse
SYNTHETIC DEMONSTRATION ONLY - NOT HUMAN EXPERIMENT RESULTS,1154200,C,1,1271.29458560386,1.0,0,1,mouse
SYNTHETIC DEMONSTRATION ONLY - NOT HUMAN EXPERIMENT RESULTS,1154220,C,1,1271.2192974305613,1.0,0,1,mouse
SYNTHETIC DEMONSTRATION ONLY - NOT HUMAN EXPERIMENT RESULTS,1154240,C,1,1271.1444182947523,1.0,0,1,mouse
SYNTHETIC DEMONSTRATION ONLY - NOT HUMAN EXPERIMENT RESULTS,1154260,C,1,1271.0699492606316,1.0,0,1,mouse
SYNTHETIC DEMONSTRATION ONLY - NOT HUMAN EXPERIMENT RESULTS,1154280,C,1,1270.9958913865682,1.0,0,1,mouse
SYNTHETIC DEMONSTRATION ONLY - NOT HUMAN EXPERIMENT RESULTS,1154300,C,1,1270.9222457250894,1.0,0,1,mouse
SYNTHETIC DEMONSTRATION ONLY - NOT HUMAN EXPERIMENT RESULTS,1154320,C,1,1270.8490133228624,1.0,0,1,mouse
SYNTHETIC DEMONSTRATION ONLY - NOT HUMAN EXPERIMENT RESULTS,1154340,C,1,1270.7761952206822,1.0,0,1,mouse
SYNTHETIC DEMONSTRATION ONLY - NOT HUMAN EXPERIMENT RESULTS,1154360,C,1,1270.7037924534548,1.0,0,1,mouse
SYNTHETIC DEMONSTRATION ONLY - NOT HUMAN EXPERIMENT RESULTS,1154380,C,1,1270.6318060501837,1.0,0,1,mouse
SYNTHETIC DEMONSTRATION ONLY - NOT HUMAN EXPERIMENT RESULTS,1154400,C,1,1270.5602370339557,1.0,0,1,mouse
SYNTHETIC DEMONSTRATION ONLY - NOT HUMAN EXPERIMENT RESULTS,1154420,C,1,1270.4890864219242,1.0,0,1,mouse
SYNTHETIC DEMONSTRATION ONLY - NOT HUMAN EXPERIMENT RESULTS,1154440,C,1,1270.4183552252975,1.0,0,1,mouse
SYNTHETIC DEMONSTRATION ONLY - NOT HUMAN EXPERIMENT RESULTS,1154460,C,1,1270.3480444493218,1.0,0,1,mouse
SYNTHETIC DEMONSTRATION ONLY - NOT HUMAN EXPERIMENT RESULTS,1154480,C,1,1270.2781550932696,1.0,0,1,mouse
SYNTHETIC DEMONSTRATION ONLY - NOT HUMAN EXPERIMENT RESULTS,1154500,C,1,1270.2086881504229,1.0,0,1,mouse
SYNTHETIC DEMONSTRATION ONLY - NOT HUMAN EXPERIMENT RESULTS,1154520,C,1,1270.1396446080605,1.0,0,1,mouse
SYNTHETIC DEMONSTRATION ONLY - NOT HUMAN EXPERIMENT RESULTS,1154540,C,1,1270.0710254474448,1.0,0,1,mouse
SYNTHETIC DEMONSTRATION ONLY - NOT HUMAN EXPERIMENT RESULTS,1154560,C,1,1270.002831643805,1.0,0,1,mouse
SYNTHETIC DEMONSTRATION ONLY - NOT HUMAN EXPERIMENT RESULTS,1154580,C,1,1269.9350641663266,1.0,0,1,mouse
SYNTHETIC DEMONSTRATION ONLY - NOT HUMAN EXPERIMENT RESULTS,1154600,C,1,1269.8677239781352,1.0,0,1,mouse
SYNTHETIC DEMONSTRATION ONLY - NOT HUMAN EXPERIMENT RESULTS,1154620,C,1,1269.800812036284,1.0,0,1,mouse
SYNTHETIC DEMONSTRATION ONLY - NOT HUMAN EXPERIMENT RESULTS,1154640,C,1,1269.7343292917399,1.0,0,1,mouse
SYNTHETIC DEMONSTRATION ONLY - NOT HUMAN EXPERIMENT RESULTS,1154660,C,1,1269.66827668937,1.0,0,1,mouse
SYNTHETIC DEMONSTRATION ONLY - NOT HUMAN EXPERIMENT RESULTS,1154680,C,1,1269.6026551679274,1.0,0,1,mouse
SYNTHETIC DEMONSTRATION ONLY - NOT HUMAN EXPERIMENT RESULTS,1154700,C,1,1269.5374656600397,1.0,0,1,mouse
SYNTHETIC DEMONSTRATION ONLY - NOT HUMAN EXPERIMENT RESULTS,1154720,C,1,1269.472709092194,1.0,0,1,mouse
SYNTHETIC DEMONSTRATION ONLY - NOT HUMAN EXPERIMENT RESULTS,1154740,C,1,1269.4083863847245,1.0,0,1,mouse
SYNTHETIC DEMONSTRATION ONLY - NOT HUMAN EXPERIMENT RESULTS,1154760,C,1,1269.3444984517992,1.0,0,1,mouse
SYNTHETIC DEMONSTRATION ONLY - NOT HUMAN EXPERIMENT RESULTS,1154780,C,1,1269.2810462014068,1.0,0,1,mouse
SYNTHETIC DEMONSTRATION ONLY - NOT HUMAN EXPERIMENT RESULTS,1154800,C,1,1269.2180305353445,1.0,0,1,mouse
SYNTHETIC DEMONSTRATION ONLY - NOT HUMAN EXPERIMENT RESULTS,1154820,C,1,1269.1554523492043,1.0,0,1,mouse
SYNTHETIC DEMONSTRATION ONLY - NOT HUMAN EXPERIMENT RESULTS,1154840,C,1,1269.0933125323609,1.0,0,1,mouse
SYNTHETIC DEMONSTRATION ONLY - NOT HUMAN EXPERIMENT RESULTS,1154860,C,1,1269.0316119679585,1.0,0,1,mouse
SYNTHETIC DEMONSTRATION ONLY - NOT HUMAN EXPERIMENT RESULTS,1154880,C,1,1268.9703515328988,1.0,0,1,mouse
SYNTHETIC DEMONSTRATION ONLY - NOT HUMAN EXPERIMENT RESULTS,1154900,C,1,1268.9095320978279,1.0,0,1,mouse
SYNTHETIC DEMONSTRATION ONLY - NOT HUMAN EXPERIMENT RESULTS,1154920,C,1,1268.849154527125,1.0,0,1,mouse
SYNTHETIC DEMONSTRATION ONLY - NOT HUMAN EXPERIMENT RESULTS,1154940,C,1,1268.7892196788887,1.0,0,1,mouse
SYNTHETIC DEMONSTRATION ONLY - NOT HUMAN EXPERIMENT RESULTS,1154960,C,1,1268.729728404926,1.0,0,1,mouse
SYNTHETIC DEMONSTRATION ONLY - NOT HUMAN EXPERIMENT RESULTS,1154980,C,1,1268.6706815507398,1.0,0,1,mouse
SYNTHETIC DEMONSTRATION ONLY - NOT HUMAN EXPERIMENT RESULTS,1155000,C,1,1268.612079955516,1.0,0,1,mouse
SYNTHETIC DEMONSTRATION ONLY - NOT HUMAN EXPERIMENT RESULTS,1155020,C,1,1268.5539244521137,1.0,0,1,mouse
SYNTHETIC DEMONSTRATION ONLY - NOT HUMAN EXPERIMENT RESULTS,1155040,C,1,1268.4962158670508,1.0,0,1,mouse
SYNTHETIC DEMONSTRATION ONLY - NOT HUMAN EXPERIMENT RESULTS,1155060,C,1,1268.4389550204942,1.0,0,1,mouse
SYNTHETIC DEMONSTRATION ONLY - NOT HUMAN EXPERIMENT RESULTS,1155080,C,1,1268.3821427262474,1.0,0,1,mouse
SYNTHETIC DEMONSTRATION ONLY - NOT HUMAN EXPERIMENT RESULTS,1155100,C,1,1268.3257797917388,1.0,0,1,mouse
SYNTHETIC DEMONSTRATION ONLY - NOT HUMAN EXPERIMENT RESULTS,1155120,C,1,1268.2698670180102,1.0,0,1,mouse
SYNTHETIC DEMONSTRATION ONLY - NOT HUMAN EXPERIMENT RESULTS,1155140,C,1,1268.2144051997063,1.0,0,1,mouse
SYNTHETIC DEMONSTRATION ONLY - NOT HUMAN EXPERIMENT RESULTS,1155160,C,1,1268.159395125062,1.0,0,1,mouse
SYNTHETIC DEMONSTRATION ONLY - NOT HUMAN EXPERIMENT RESULTS,1155180,C,1,1268.1048375758924,1.0,0,1,mouse
SYNTHETIC DEMONSTRATION ONLY - NOT HUMAN EXPERIMENT RESULTS,1155200,C,1,1268.050733327581,1.0,0,1,mouse
SYNTHETIC DEMONSTRATION ONLY - NOT HUMAN EXPERIMENT RESULTS,1155220,C,1,1267.9970831490687,1.0,0,1,mouse
SYNTHETIC DEMONSTRATION ONLY - NOT HUMAN EXPERIMENT RESULTS,1155240,C,1,1267.9438878028436,1.0,0,1,mouse
SYNTHETIC DEMONSTRATION ONLY - NOT HUMAN EXPERIMENT RESULTS,1155260,C,1,1267.8911480449292,1.0,0,1,mouse
SYNTHETIC DEMONSTRATION ONLY - NOT HUMAN EXPERIMENT RESULTS,1155280,C,1,1267.838864624874,1.0,0,1,mouse
SYNTHETIC DEMONSTRATION ONLY - NOT HUMAN EXPERIMENT RESULTS,1155300,C,1,1267.7870382857416,1.0,0,1,mouse
SYNTHETIC DEMONSTRATION ONLY - NOT HUMAN EXPERIMENT RESULTS,1155320,C,1,1267.7356697640987,1.0,0,1,mouse
SYNTHETIC DEMONSTRATION ONLY - NOT HUMAN EXPERIMENT RESULTS,1155340,C,1,1267.6847597900055,1.0,0,1,mouse
SYNTHETIC DEMONSTRATION ONLY - NOT HUMAN EXPERIMENT RESULTS,1155360,C,1,1267.6343090870057,1.0,0,1,mouse
SYNTHETIC DEMONSTRATION ONLY - NOT HUMAN EXPERIMENT RESULTS,1155380,C,1,1267.5843183721156,1.0,0,1,mouse
SYNTHETIC DEMONSTRATION ONLY - NOT HUMAN EXPERIMENT RESULTS,1155400,C,1,1267.5347883558134,1.0,0,1,mouse
SYNTHETIC DEMONSTRATION ONLY - NOT HUMAN EXPERIMENT RESULTS,1155420,C,1,1267.4857197420308,1.0,0,1,mouse
SYNTHETIC DEMONSTRATION ONLY - NOT HUMAN EXPERIMENT RESULTS,1155440,C,1,1267.4371132281412,1.0,0,1,mouse
SYNTHETIC DEMONSTRATION ONLY - NOT HUMAN EXPERIMENT RESULTS,1155460,C,1,1267.3889695049506,1.0,0,1,mouse
SYNTHETIC DEMONSTRATION ONLY - NOT HUMAN EXPERIMENT RESULTS,1155480,C,1,1267.3412892566882,1.0,0,1,mouse
SYNTHETIC DEMONSTRATION ONLY - NOT HUMAN EXPERIMENT RESULTS,1155500,C,1,1267.2940731609956,1.0,0,1,mouse
SYNTHETIC DEMONSTRATION ONLY - NOT HUMAN EXPERIMENT RESULTS,1155520,C,1,1267.2473218889181,1.0,0,1,mouse
SYNTHETIC DEMONSTRATION ONLY - NOT HUMAN EXPERIMENT RESULTS,1155540,C,1,1267.201036104895,1.0,0,1,mouse
SYNTHETIC DEMONSTRATION ONLY - NOT HUMAN EXPERIMENT RESULTS,1155560,C,1,1267.1552164667492,1.0,0,1,mouse
SYNTHETIC DEMONSTRATION ONLY - NOT HUMAN EXPERIMENT RESULTS,1155580,C,1,1267.1098636256797,1.0,0,1,mouse
SYNTHETIC DEMONSTRATION ONLY - NOT HUMAN EXPERIMENT RESULTS,1155600,C,1,1267.0649782262506,1.0,0,1,mouse
SYNTHETIC DEMONSTRATION ONLY - NOT HUMAN EXPERIMENT RESULTS,1155620,C,1,1267.0205609063826,1.0,0,1,mouse
SYNTHETIC DEMONSTRATION ONLY - NOT HUMAN EXPERIMENT RESULTS,1155640,C,1,1266.9766122973444,1.0,0,1,mouse
SYNTHETIC DEMONSTRATION ONLY - NOT HUMAN EXPERIMENT RESULTS,1155660,C,1,1266.9331330237428,1.0,0,1,mouse
SYNTHETIC DEMONSTRATION ONLY - NOT HUMAN EXPERIMENT RESULTS,1155680,C,1,1266.8901237035147,1.0,0,1,mouse
SYNTHETIC DEMONSTRATION ONLY - NOT HUMAN EXPERIMENT RESULTS,1155700,C,1,1266.8475849479178,1.0,0,1,mouse
SYNTHETIC DEMONSTRATION ONLY - NOT HUMAN EXPERIMENT RESULTS,1155720,C,1,1266.8055173615217,1.0,0,1,mouse
SYNTHETIC DEMONSTRATION ONLY - NOT HUMAN EXPERIMENT RESULTS,1155740,C,1,1266.7639215422,1.0,0,1,mouse
SYNTHETIC DEMONSTRATION ONLY - NOT HUMAN EXPERIMENT RESULTS,1155760,C,1,1266.7227980811215,1.0,0,1,mouse
SYNTHETIC DEMONSTRATION ONLY - NOT HUMAN EXPERIMENT RESULTS,1155780,C,1,1266.6821475627414,1.0,0,1,mouse
SYNTHETIC DEMONSTRATION ONLY - NOT HUMAN EXPERIMENT RESULTS,1155800,C,1,1266.6419705647936,1.0,0,1,mouse
SYNTHETIC DEMONSTRATION ONLY - NOT HUMAN EXPERIMENT RESULTS,1155820,C,1,1266.6022676582825,1.0,0,1,mouse
SYNTHETIC DEMONSTRATION ONLY - NOT HUMAN EXPERIMENT RESULTS,1155840,C,1,1266.563039407474,1.0,0,1,mouse
SYNTHETIC DEMONSTRATION ONLY - NOT HUMAN EXPERIMENT RESULTS,1155860,C,1,1266.5242863698884,1.0,0,1,mouse
SYNTHETIC DEMONSTRATION ONLY - NOT HUMAN EXPERIMENT RESULTS,1155880,C,1,1266.486009096292,1.0,0,1,mouse
SYNTHETIC DEMONSTRATION ONLY - NOT HUMAN EXPERIMENT RESULTS,1155900,C,1,1266.4482081306899,1.0,0,1,mouse
SYNTHETIC DEMONSTRATION ONLY - NOT HUMAN EXPERIMENT RESULTS,1155920,C,1,1266.4108840103172,1.0,0,1,mouse
SYNTHETIC DEMONSTRATION ONLY - NOT HUMAN EXPERIMENT RESULTS,1155940,C,1,1266.3740372656325,1.0,0,1,mouse
SYNTHETIC DEMONSTRATION ONLY - NOT HUMAN EXPERIMENT RESULTS,1155960,C,1,1266.3376684203095,1.0,0,1,mouse
SYNTHETIC DEMONSTRATION ONLY - NOT HUMAN EXPERIMENT RESULTS,1155980,C,1,1266.30177799123,1.0,0,1,mouse
SYNTHETIC DEMONSTRATION ONLY - NOT HUMAN EXPERIMENT RESULTS,1156000,C,1,1266.2663664884765,1.0,0,1,mouse
SYNTHETIC DEMONSTRATION ONLY - NOT HUMAN EXPERIMENT RESULTS,1156020,C,1,1266.2314344153244,1.0,0,1,mouse
SYNTHETIC DEMONSTRATION ONLY - NOT HUMAN EXPERIMENT RESULTS,1156040,C,1,1266.1969822682365,1.0,0,1,mouse
SYNTHETIC DEMONSTRATION ONLY - NOT HUMAN EXPERIMENT RESULTS,1156060,C,1,1266.1630105368538,1.0,0,1,mouse
SYNTHETIC DEMONSTRATION ONLY - NOT HUMAN EXPERIMENT RESULTS,1156080,C,1,1266.1295197039894,1.0,0,1,mouse
SYNTHETIC DEMONSTRATION ONLY - NOT HUMAN EXPERIMENT RESULTS,1156100,C,1,1266.0965102456228,1.0,0,1,mouse
SYNTHETIC DEMONSTRATION ONLY - NOT HUMAN EXPERIMENT RESULTS,1156120,C,1,1266.0639826308911,1.0,0,1,mouse
SYNTHETIC DEMONSTRATION ONLY - NOT HUMAN EXPERIMENT RESULTS,1156140,C,1,1266.0319373220836,1.0,0,1,mouse
SYNTHETIC DEMONSTRATION ONLY - NOT HUMAN EXPERIMENT RESULTS,1156160,C,1,1266.0003747746355,1.0,0,1,mouse
SYNTHETIC DEMONSTRATION ONLY - NOT HUMAN EXPERIMENT RESULTS,1156180,C,1,1265.96929543712,1.0,0,1,mouse
SYNTHETIC DEMONSTRATION ONLY - NOT HUMAN EXPERIMENT RESULTS,1156200,C,1,1265.9386997512436,1.0,0,1,mouse
SYNTHETIC DEMONSTRATION ONLY - NOT HUMAN EXPERIMENT RESULTS,1156220,C,1,1265.9085881518386,1.0,0,1,mouse
SYNTHETIC DEMONSTRATION ONLY - NOT HUMAN EXPERIMENT RESULTS,1156240,C,1,1265.8789610668573,1.0,0,1,mouse
SYNTHETIC DEMONSTRATION ONLY - NOT HUMAN EXPERIMENT RESULTS,1156260,C,1,1265.8498189173665,1.0,0,1,mouse
SYNTHETIC DEMONSTRATION ONLY - NOT HUMAN EXPERIMENT RESULTS,1156280,C,1,1265.8211621175406,1.0,0,1,mouse
SYNTHETIC DEMONSTRATION ONLY - NOT HUMAN EXPERIMENT RESULTS,1156300,C,1,1265.7929910746557,1.0,0,1,mouse
SYNTHETIC DEMONSTRATION ONLY - NOT HUMAN EXPERIMENT RESULTS,1156320,C,1,1265.7653061890853,1.0,0,1,mouse
SYNTHETIC DEMONSTRATION ONLY - NOT HUMAN EXPERIMENT RESULTS,1156340,C,1,1265.7381078542926,1.0,0,1,mouse
SYNTHETIC DEMONSTRATION ONLY - NOT HUMAN EXPERIMENT RESULTS,1156360,C,1,1265.7113964568262,1.0,0,1,mouse
SYNTHETIC DEMONSTRATION ONLY - NOT HUMAN EXPERIMENT RESULTS,1156380,C,1,1265.6851723763139,1.0,0,1,mouse
SYNTHETIC DEMONSTRATION ONLY - NOT HUMAN EXPERIMENT RESULTS,1156400,C,1,1265.6594359854585,1.0,0,1,mouse
SYNTHETIC DEMONSTRATION ONLY - NOT HUMAN EXPERIMENT RESULTS,1156420,C,1,1265.6341876500305,1.0,0,1,mouse
SYNTHETIC DEMONSTRATION ONLY - NOT HUMAN EXPERIMENT RESULTS,1156440,C,1,1265.609427728865,1.0,0,1,mouse
SYNTHETIC DEMONSTRATION ONLY - NOT HUMAN EXPERIMENT RESULTS,1156460,C,1,1265.5851565738553,1.0,0,1,mouse
SYNTHETIC DEMONSTRATION ONLY - NOT HUMAN EXPERIMENT RESULTS,1156480,C,1,1265.5613745299481,1.0,0,1,mouse
SYNTHETIC DEMONSTRATION ONLY - NOT HUMAN EXPERIMENT RESULTS,1156500,C,1,1265.5380819351387,1.0,0,1,mouse
SYNTHETIC DEMONSTRATION ONLY - NOT HUMAN EXPERIMENT RESULTS,1156520,C,1,1265.5152791204669,1.0,0,1,mouse
SYNTHETIC DEMONSTRATION ONLY - NOT HUMAN EXPERIMENT RESULTS,1156540,C,1,1265.492966410011,1.0,0,1,mouse
SYNTHETIC DEMONSTRATION ONLY - NOT HUMAN EXPERIMENT RESULTS,1156560,C,1,1265.4711441208835,1.0,0,1,mouse
SYNTHETIC DEMONSTRATION ONLY - NOT HUMAN EXPERIMENT RESULTS,1156580,C,1,1265.449812563228,1.0,0,1,mouse
SYNTHETIC DEMONSTRATION ONLY - NOT HUMAN EXPERIMENT RESULTS,1156600,C,1,1265.4289720402132,1.0,0,1,mouse
SYNTHETIC DEMONSTRATION ONLY - NOT HUMAN EXPERIMENT RESULTS,1156620,C,1,1265.4086228480287,1.0,0,1,mouse
SYNTHETIC DEMONSTRATION ONLY - NOT HUMAN EXPERIMENT RESULTS,1156640,C,1,1265.3887652758817,1.0,0,1,mouse
SYNTHETIC DEMONSTRATION ONLY - NOT HUMAN EXPERIMENT RESULTS,1156660,C,1,1265.3693996059924,1.0,0,1,mouse
SYNTHETIC DEMONSTRATION ONLY - NOT HUMAN EXPERIMENT RESULTS,1156680,C,1,1265.3505261135897,1.0,0,1,mouse
SYNTHETIC DEMONSTRATION ONLY - NOT HUMAN EXPERIMENT RESULTS,1156700,C,1,1265.3321450669075,1.0,0,1,mouse
SYNTHETIC DEMONSTRATION ONLY - NOT HUMAN EXPERIMENT RESULTS,1156720,C,1,1265.3142567271816,1.0,0,1,mouse
SYNTHETIC DEMONSTRATION ONLY - NOT HUMAN EXPERIMENT RESULTS,1156740,C,1,1265.2968613486446,1.0,0,1,mouse
SYNTHETIC DEMONSTRATION ONLY - NOT HUMAN EXPERIMENT RESULTS,1156760,C,1,1265.2799591785235,1.0,0,1,mouse
SYNTHETIC DEMONSTRATION ONLY - NOT HUMAN EXPERIMENT RESULTS,1156780,C,1,1265.2635504570353,1.0,0,1,mouse
SYNTHETIC DEMONSTRATION ONLY - NOT HUMAN EXPERIMENT RESULTS,1156800,C,1,1265.2476354173846,1.0,0,1,mouse
SYNTHETIC DEMONSTRATION ONLY - NOT HUMAN EXPERIMENT RESULTS,1156820,C,1,1265.2322142857593,1.0,0,1,mouse
SYNTHETIC DEMONSTRATION ONLY - NOT HUMAN EXPERIMENT RESULTS,1156840,C,1,1265.2172872813273,1.0,0,1,mouse
SYNTHETIC DEMONSTRATION ONLY - NOT HUMAN EXPERIMENT RESULTS,1156860,C,1,1265.2028546162348,1.0,0,1,mouse
SYNTHETIC DEMONSTRATION ONLY - NOT HUMAN EXPERIMENT RESULTS,1156880,C,1,1265.1889164956021,1.0,0,1,mouse
SYNTHETIC DEMONSTRATION ONLY - NOT HUMAN EXPERIMENT RESULTS,1156900,C,1,1265.1754731175204,1.0,0,1,mouse
SYNTHETIC DEMONSTRATION ONLY - NOT HUMAN EXPERIMENT RESULTS,1156920,C,1,1265.16252467305,1.0,0,1,mouse
SYNTHETIC DEMONSTRATION ONLY - NOT HUMAN EXPERIMENT RESULTS,1156940,C,1,1265.150071346217,1.0,0,1,mouse
SYNTHETIC DEMONSTRATION ONLY - NOT HUMAN EXPERIMENT RESULTS,1156960,C,1,1265.1381133140105,1.0,0,1,mouse
SYNTHETIC DEMONSTRATION ONLY - NOT HUMAN EXPERIMENT RESULTS,1156980,C,1,1265.1266507463808,1.0,0,1,mouse
SYNTHETIC DEMONSTRATION ONLY - NOT HUMAN EXPERIMENT RESULTS,1157000,C,1,1265.1156838062366,1.0,0,1,mouse
SYNTHETIC DEMONSTRATION ONLY - NOT HUMAN EXPERIMENT RESULTS,1157020,C,1,1265.105212649442,1.0,0,1,mouse
SYNTHETIC DEMONSTRATION ONLY - NOT HUMAN EXPERIMENT RESULTS,1157040,C,1,1265.0952374248152,1.0,0,1,mouse
SYNTHETIC DEMONSTRATION ONLY - NOT HUMAN EXPERIMENT RESULTS,1157060,C,1,1265.0857582741266,1.0,0,1,mouse
SYNTHETIC DEMONSTRATION ONLY - NOT HUMAN EXPERIMENT RESULTS,1157080,C,1,1265.0767753320958,1.0,0,1,mouse
SYNTHETIC DEMONSTRATION ONLY - NOT HUMAN EXPERIMENT RESULTS,1157100,C,1,1265.0682887263904,1.0,0,1,mouse
SYNTHETIC DEMONSTRATION ONLY - NOT HUMAN EXPERIMENT RESULTS,1157120,C,1,1265.0602985776236,1.0,0,1,mouse
SYNTHETIC DEMONSTRATION ONLY - NOT HUMAN EXPERIMENT RESULTS,1157140,C,1,1265.0528049993532,1.0,0,1,mouse
SYNTHETIC DEMONSTRATION ONLY - NOT HUMAN EXPERIMENT RESULTS,1157160,C,1,1265.0458080980798,1.0,0,1,mouse
SYNTHETIC DEMONSTRATION ONLY - NOT HUMAN EXPERIMENT RESULTS,1157180,C,1,1265.0393079732444,1.0,0,1,mouse
SYNTHETIC DEMONSTRATION ONLY - NOT HUMAN EXPERIMENT RESULTS,1157200,C,1,1265.0333047172282,1.0,0,1,mouse
SYNTHETIC DEMONSTRATION ONLY - NOT HUMAN EXPERIMENT RESULTS,1157220,C,1,1265.0277984153513,1.0,0,1,mouse
SYNTHETIC DEMONSTRATION ONLY - NOT HUMAN EXPERIMENT RESULTS,1157240,C,1,1265.0227891458699,1.0,0,1,mouse
SYNTHETIC DEMONSTRATION ONLY - NOT HUMAN EXPERIMENT RESULTS,1157260,C,1,1265.018276979977,1.0,0,1,mouse
SYNTHETIC DEMONSTRATION ONLY - NOT HUMAN EXPERIMENT RESULTS,1157280,C,1,1265.0142619818005,1.0,0,1,mouse
SYNTHETIC DEMONSTRATION ONLY - NOT HUMAN EXPERIMENT RESULTS,1157300,C,1,1265.0107442084022,1.0,0,1,mouse
SYNTHETIC DEMONSTRATION ONLY - NOT HUMAN EXPERIMENT RESULTS,1157320,C,1,1265.0077237097776,1.0,0,1,mouse
SYNTHETIC DEMONSTRATION ONLY - NOT HUMAN EXPERIMENT RESULTS,1157340,C,1,1265.0052005288549,1.0,0,1,mouse
SYNTHETIC DEMONSTRATION ONLY - NOT HUMAN EXPERIMENT RESULTS,1157360,C,1,1265.0031747014937,1.0,0,1,mouse
SYNTHETIC DEMONSTRATION ONLY - NOT HUMAN EXPERIMENT RESULTS,1157380,C,1,1265.0016462564856,1.0,0,1,mouse
SYNTHETIC DEMONSTRATION ONLY - NOT HUMAN EXPERIMENT RESULTS,1157400,C,1,1265.0006152155534,1.0,0,1,mouse
SYNTHETIC DEMONSTRATION ONLY - NOT HUMAN EXPERIMENT RESULTS,1157420,C,1,1265.0000815933502,1.0,0,1,mouse
SYNTHETIC DEMONSTRATION ONLY - NOT HUMAN EXPERIMENT RESULTS,1157440,C,1,1265.00004539746,1.0,0,1,mouse
SYNTHETIC DEMONSTRATION ONLY - NOT HUMAN EXPERIMENT RESULTS,1157460,C,1,1265.0005066283975,1.0,0,1,mouse
SYNTHETIC DEMONSTRATION ONLY - NOT HUMAN EXPERIMENT RESULTS,1157480,C,1,1265.0014652796071,1.0,0,1,mouse
SYNTHETIC DEMONSTRATION ONLY - NOT HUMAN EXPERIMENT RESULTS,1157500,C,1,1265.0029213374646,1.0,0,1,mouse
SYNTHETIC DEMONSTRATION ONLY - NOT HUMAN EXPERIMENT RESULTS,1157520,C,1,1265.0048747812762,1.0,0,1,mouse
SYNTHETIC DEMONSTRATION ONLY - NOT HUMAN EXPERIMENT RESULTS,1157540,C,1,1265.007325583279,1.0,0,1,mouse
SYNTHETIC DEMONSTRATION ONLY - NOT HUMAN EXPERIMENT RESULTS,1157560,C,1,1265.0102737086418,1.0,0,1,mouse
SYNTHETIC DEMONSTRATION ONLY - NOT HUMAN EXPERIMENT RESULTS,1157580,C,1,1265.0137191154652,1.0,0,1,mouse
SYNTHETIC DEMONSTRATION ONLY - NOT HUMAN EXPERIMENT RESULTS,1157600,C,1,1265.0176617547822,1.0,0,1,mouse
SYNTHETIC DEMONSTRATION ONLY - NOT HUMAN EXPERIMENT RESULTS,1157620,C,1,1265.0221015705592,1.0,0,1,mouse
SYNTHETIC DEMONSTRATION ONLY - NOT HUMAN EXPERIMENT RESULTS,1157640,C,1,1265.0270384996966,1.0,0,1,mouse
SYNTHETIC DEMONSTRATION ONLY - NOT HUMAN EXPERIMENT RESULTS,1157660,C,1,1265.03247247203,1.0,0,1,mouse
SYNTHETIC DEMONSTRATION ONLY - NOT HUMAN EXPERIMENT RESULTS,1157680,C,1,1265.0384034103301,1.0,0,1,mouse
SYNTHETIC DEMONSTRATION ONLY - NOT HUMAN EXPERIMENT RESULTS,1157700,C,1,1265.0448312303056,1.0,0,1,mouse
SYNTHETIC DEMONSTRATION ONLY - NOT HUMAN EXPERIMENT RESULTS,1157720,C,1,1265.0517558406027,1.0,0,1,mouse
SYNTHETIC DEMONSTRATION ONLY - NOT HUMAN EXPERIMENT RESULTS,1157740,C,1,1265.0591771428074,1.0,0,1,mouse
SYNTHETIC DEMONSTRATION ONLY - NOT HUMAN EXPERIMENT RESULTS,1157760,C,1,1265.0670950314466,1.0,0,1,mouse
SYNTHETIC DEMONSTRATION ONLY - NOT HUMAN EXPERIMENT RESULTS,1157780,C,1,1265.0755093939897,1.0,0,1,mouse
SYNTHETIC DEMONSTRATION ONLY - NOT HUMAN EXPERIMENT RESULTS,1157800,C,1,1265.0844201108498,1.0,0,1,mouse
SYNTHETIC DEMONSTRATION ONLY - NOT HUMAN EXPERIMENT RESULTS,1157820,C,1,1265.0938270553859,1.0,0,1,mouse
SYNTHETIC DEMONSTRATION ONLY - NOT HUMAN EXPERIMENT RESULTS,1157840,C,1,1265.1037300939045,1.0,0,1,mouse
SYNTHETIC DEMONSTRATION ONLY - NOT HUMAN EXPERIMENT RESULTS,1157860,C,1,1265.1141290856615,1.0,0,1,mouse
SYNTHETIC DEMONSTRATION ONLY - NOT HUMAN EXPERIMENT RESULTS,1157880,C,1,1265.1250238828643,1.0,0,1,mouse
SYNTHETIC DEMONSTRATION ONLY - NOT HUMAN EXPERIMENT RESULTS,1157900,C,1,1265.136414330674,1.0,0,1,mouse
SYNTHETIC DEMONSTRATION ONLY - NOT HUMAN EXPERIMENT RESULTS,1157920,C,1,1265.1483002672064,1.0,0,1,mouse
SYNTHETIC DEMONSTRATION ONLY - NOT HUMAN EXPERIMENT RESULTS,1157940,C,1,1265.1606815235364,1.0,0,1,mouse
SYNTHETIC DEMONSTRATION ONLY - NOT HUMAN EXPERIMENT RESULTS,1157960,C,1,1265.173557923699,1.0,0,1,mouse
SYNTHETIC DEMONSTRATION ONLY - NOT HUMAN EXPERIMENT RESULTS,1157980,C,1,1265.1869292846923,1.0,0,1,mouse
SYNTHETIC DEMONSTRATION ONLY - NOT HUMAN EXPERIMENT RESULTS,1158000,C,1,1265.2007954164792,1.0,0,1,mouse
SYNTHETIC DEMONSTRATION ONLY - NOT HUMAN EXPERIMENT RESULTS,1158020,C,1,1265.2151561219914,1.0,0,1,mouse
SYNTHETIC DEMONSTRATION ONLY - NOT HUMAN EXPERIMENT RESULTS,1158040,C,1,1265.2300111971315,1.0,0,1,mouse
SYNTHETIC DEMONSTRATION ONLY - NOT HUMAN EXPERIMENT RESULTS,1158060,C,1,1265.2453604307761,1.0,0,1,mouse
SYNTHETIC DEMONSTRATION ONLY - NOT HUMAN EXPERIMENT RESULTS,1158080,C,1,1265.2612036047788,1.0,0,1,mouse
SYNTHETIC DEMONSTRATION ONLY - NOT HUMAN EXPERIMENT RESULTS,1158100,C,1,1265.2775404939725,1.0,0,1,mouse
SYNTHETIC DEMONSTRATION ONLY - NOT HUMAN EXPERIMENT RESULTS,1158120,C,1,1265.2943708661742,1.0,0,1,mouse
SYNTHETIC DEMONSTRATION ONLY - NOT HUMAN EXPERIMENT RESULTS,1158140,C,1,1265.311694482187,1.0,0,1,mouse
SYNTHETIC DEMONSTRATION ONLY - NOT HUMAN EXPERIMENT RESULTS,1158160,C,1,1265.3295110958038,1.0,0,1,mouse
SYNTHETIC DEMONSTRATION ONLY - NOT HUMAN EXPERIMENT RESULTS,1158180,C,1,1265.3478204538114,1.0,0,1,mouse
SYNTHETIC DEMONSTRATION ONLY - NOT HUMAN EXPERIMENT RESULTS,1158200,C,1,1265.3666222959932,1.0,0,1,mouse
SYNTHETIC DEMONSTRATION ONLY - NOT HUMAN EXPERIMENT RESULTS,1158220,C,1,1265.3859163551333,1.0,0,1,mouse
SYNTHETIC DEMONSTRATION ONLY - NOT HUMAN EXPERIMENT RESULTS,1158240,C,1,1265.4057023570203,1.0,0,1,mouse
SYNTHETIC DEMONSTRATION ONLY - NOT HUMAN EXPERIMENT RESULTS,1158260,C,1,1265.4259800204516,1.0,0,1,mouse
SYNTHETIC DEMONSTRATION ONLY - NOT HUMAN EXPERIMENT RESULTS,1158280,C,1,1265.4467490572367,1.0,0,1,mouse
SYNTHETIC DEMONSTRATION ONLY - NOT HUMAN EXPERIMENT RESULTS,1158300,C,1,1265.4680091722014,1.0,0,1,mouse
SYNTHETIC DEMONSTRATION ONLY - NOT HUMAN EXPERIMENT RESULTS,1158320,C,1,1265.4897600631923,1.0,0,1,mouse
SYNTHETIC DEMONSTRATION ONLY - NOT HUMAN EXPERIMENT RESULTS,1158340,C,1,1265.5120014210815,1.0,0,1,mouse
SYNTHETIC DEMONSTRATION ONLY - NOT HUMAN EXPERIMENT RESULTS,1158360,C,1,1265.53473292977,1.0,0,1,mouse
SYNTHETIC DEMONSTRATION ONLY - NOT HUMAN EXPERIMENT RESULTS,1158380,C,1,1265.5579542661924,1.0,0,1,mouse
SYNTHETIC DEMONSTRATION ONLY - NOT HUMAN EXPERIMENT RESULTS,1158400,C,1,1265.5816651003224,1.0,0,1,mouse
SYNTHETIC DEMONSTRATION ONLY - NOT HUMAN EXPERIMENT RESULTS,1158420,C,1,1265.6058650951763,1.0,0,1,mouse
SYNTHETIC DEMONSTRATION ONLY - NOT HUMAN EXPERIMENT RESULTS,1158440,C,1,1265.6305539068192,1.0,0,1,mouse
SYNTHETIC DEMONSTRATION ONLY - NOT HUMAN EXPERIMENT RESULTS,1158460,C,1,1265.6557311843676,1.0,0,1,mouse
SYNTHETIC DEMONSTRATION ONLY - NOT HUMAN EXPERIMENT RESULTS,1158480,C,1,1265.6813965699973,1.0,0,1,mouse
SYNTHETIC DEMONSTRATION ONLY - NOT HUMAN EXPERIMENT RESULTS,1158500,C,1,1265.7075496989462,1.0,0,1,mouse
SYNTHETIC DEMONSTRATION ONLY - NOT HUMAN EXPERIMENT RESULTS,1158520,C,1,1265.7341901995203,1.0,0,1,mouse
SYNTHETIC DEMONSTRATION ONLY - NOT HUMAN EXPERIMENT RESULTS,1158540,C,1,1265.7613176930993,1.0,0,1,mouse
SYNTHETIC DEMONSTRATION ONLY - NOT HUMAN EXPERIMENT RESULTS,1158560,C,1,1265.7889317941415,1.0,0,1,mouse
SYNTHETIC DEMONSTRATION ONLY - NOT HUMAN EXPERIMENT RESULTS,1158580,C,1,1265.817032110189,1.0,0,1,mouse
SYNTHETIC DEMONSTRATION ONLY - NOT HUMAN EXPERIMENT RESULTS,1158600,C,1,1265.8456182418745,1.0,0,1,mouse
SYNTHETIC DEMONSTRATION ONLY - NOT HUMAN EXPERIMENT RESULTS,1158620,C,1,1265.8746897829258,1.0,0,1,mouse
SYNTHETIC DEMONSTRATION ONLY - NOT HUMAN EXPERIMENT RESULTS,1158640,C,1,1265.9042463201718,1.0,0,1,mouse
SYNTHETIC DEMONSTRATION ONLY - NOT HUMAN EXPERIMENT RESULTS,1158660,C,1,1265.9342874335487,1.0,0,1,mouse
SYNTHETIC DEMONSTRATION ONLY - NOT HUMAN EXPERIMENT RESULTS,1158680,C,1,1265.9648126961058,1.0,0,1,mouse
SYNTHETIC DEMONSTRATION ONLY - NOT HUMAN EXPERIMENT RESULTS,1158700,C,1,1265.9958216740115,1.0,0,1,mouse
SYNTHETIC DEMONSTRATION ONLY - NOT HUMAN EXPERIMENT RESULTS,1158720,C,1,1266.0273139265596,1.0,0,1,mouse
SYNTHETIC DEMONSTRATION ONLY - NOT HUMAN EXPERIMENT RESULTS,1158740,C,1,1266.0592890061757,1.0,0,1,mouse
SYNTHETIC DEMONSTRATION ONLY - NOT HUMAN EXPERIMENT RESULTS,1158760,C,1,1266.091746458423,1.0,0,1,mouse
SYNTHETIC DEMONSTRATION ONLY - NOT HUMAN EXPERIMENT RESULTS,1158780,C,1,1266.1246858220088,1.0,0,1,mouse
SYNTHETIC DEMONSTRATION ONLY - NOT HUMAN EXPERIMENT RESULTS,1158800,C,1,1266.1581066287927,1.0,0,1,mouse
SYNTHETIC DEMONSTRATION ONLY - NOT HUMAN EXPERIMENT RESULTS,1158820,C,1,1266.1920084037904,1.0,0,1,mouse
SYNTHETIC DEMONSTRATION ONLY - NOT HUMAN EXPERIMENT RESULTS,1158840,C,1,1266.2263906651829,1.0,0,1,mouse
SYNTHETIC DEMONSTRATION ONLY - NOT HUMAN EXPERIMENT RESULTS,1158860,C,1,1266.2612529243222,1.0,0,1,mouse
SYNTHETIC DEMONSTRATION ONLY - NOT HUMAN EXPERIMENT RESULTS,1158880,C,1,1266.2965946857382,1.0,0,1,mouse
SYNTHETIC DEMONSTRATION ONLY - NOT HUMAN EXPERIMENT RESULTS,1158900,C,1,1266.3324154471466,1.0,0,1,mouse
SYNTHETIC DEMONSTRATION ONLY - NOT HUMAN EXPERIMENT RESULTS,1158920,C,1,1266.3687146994546,1.0,0,1,mouse
SYNTHETIC DEMONSTRATION ONLY - NOT HUMAN EXPERIMENT RESULTS,1158940,C,1,1266.4054919267699,1.0,0,1,mouse
SYNTHETIC DEMONSTRATION ONLY - NOT HUMAN EXPERIMENT RESULTS,1158960,C,1,1266.4427466064064,1.0,0,1,mouse
SYNTHETIC DEMONSTRATION ONLY - NOT HUMAN EXPERIMENT RESULTS,1158980,C,1,1266.480478208893,1.0,0,1,mouse
SYNTHETIC DEMONSTRATION ONLY - NOT HUMAN EXPERIMENT RESULTS,1159000,C,1,1266.5186861979798,1.0,0,1,mouse
SYNTHETIC DEMONSTRATION ONLY - NOT HUMAN EXPERIMENT RESULTS,1159020,C,1,1266.5573700306468,1.0,0,1,mouse
SYNTHETIC DEMONSTRATION ONLY - NOT HUMAN EXPERIMENT RESULTS,1159040,C,1,1266.596529157111,1.0,0,1,mouse
SYNTHETIC DEMONSTRATION ONLY - NOT HUMAN EXPERIMENT RESULTS,1159060,C,1,1266.6361630208348,1.0,0,1,mouse
SYNTHETIC DEMONSTRATION ONLY - NOT HUMAN EXPERIMENT RESULTS,1159080,C,1,1266.676271058533,1.0,0,1,mouse
SYNTHETIC DEMONSTRATION ONLY - NOT HUMAN EXPERIMENT RESULTS,1159100,C,1,1266.7168527001816,1.0,0,1,mouse
SYNTHETIC DEMONSTRATION ONLY - NOT HUMAN EXPERIMENT RESULTS,1159120,C,1,1266.757907369026,1.0,0,1,mouse
SYNTHETIC DEMONSTRATION ONLY - NOT HUMAN EXPERIMENT RESULTS,1159140,C,1,1266.7994344815882,1.0,0,1,mouse
SYNTHETIC DEMONSTRATION ONLY - NOT HUMAN EXPERIMENT RESULTS,1159160,C,1,1266.8414334476759,1.0,0,1,mouse
SYNTHETIC DEMONSTRATION ONLY - NOT HUMAN EXPERIMENT RESULTS,1159180,C,1,1266.883903670391,1.0,0,1,mouse
SYNTHETIC DEMONSTRATION ONLY - NOT HUMAN EXPERIMENT RESULTS,1159200,C,1,1266.9268445461375,1.0,0,1,mouse
SYNTHETIC DEMONSTRATION ONLY - NOT HUMAN EXPERIMENT RESULTS,1159220,C,1,1266.9702554646308,1.0,0,1,mouse
SYNTHETIC DEMONSTRATION ONLY - NOT HUMAN EXPERIMENT RESULTS,1159240,C,1,1267.0141358089054,1.0,0,1,mouse
SYNTHETIC DEMONSTRATION ONLY - NOT HUMAN EXPERIMENT RESULTS,1159260,C,1,1267.0584849553245,1.0,0,1,mouse
SYNTHETIC DEMONSTRATION ONLY - NOT HUMAN EXPERIMENT RESULTS,1159280,C,1,1267.1033022735887,1.0,0,1,mouse
SYNTHETIC DEMONSTRATION ONLY - NOT HUMAN EXPERIMENT RESULTS,1159300,C,1,1267.1485871267446,1.0,0,1,mouse
SYNTHETIC DEMONSTRATION ONLY - NOT HUMAN EXPERIMENT RESULTS,1159320,C,1,1267.194338871194,1.0,0,1,mouse
SYNTHETIC DEMONSTRATION ONLY - NOT HUMAN EXPERIMENT RESULTS,1159340,C,1,1267.2405568567037,1.0,0,1,mouse
SYNTHETIC DEMONSTRATION ONLY - NOT HUMAN EXPERIMENT RESULTS,1159360,C,1,1267.2872404264137,1.0,0,1,mouse
SYNTHETIC DEMONSTRATION ONLY - NOT HUMAN EXPERIMENT RESULTS,1159380,C,1,1267.334388916847,1.0,0,1,mouse
SYNTHETIC DEMONSTRATION ONLY - NOT HUMAN EXPERIMENT RESULTS,1159400,C,1,1267.3820016579193,1.0,0,1,mouse
SYNTHETIC DEMONSTRATION ONLY - NOT HUMAN EXPERIMENT RESULTS,1159420,C,1,1267.4300779729483,1.0,0,1,mouse
SYNTHETIC DEMONSTRATION ONLY - NOT HUMAN EXPERIMENT RESULTS,1159440,C,1,1267.478617178663,1.0,0,1,mouse
SYNTHETIC DEMONSTRATION ONLY - NOT HUMAN EXPERIMENT RESULTS,1159460,C,1,1267.5276185852138,1.0,0,1,mouse
SYNTHETIC DEMONSTRATION ONLY - NOT HUMAN EXPERIMENT RESULTS,1159480,C,1,1267.577081496182,1.0,0,1,mouse
SYNTHETIC DEMONSTRATION ONLY - NOT HUMAN EXPERIMENT RESULTS,1159500,C,1,1267.6270052085908,1.0,0,1,mouse
SYNTHETIC DEMONSTRATION ONLY - NOT HUMAN EXPERIMENT RESULTS,1159520,C,1,1267.6773890129132,1.0,0,1,mouse
SYNTHETIC DEMONSTRATION ONLY - NOT HUMAN EXPERIMENT RESULTS,1159540,C,1,1267.728232193084,1.0,0,1,mouse
SYNTHETIC DEMONSTRATION ONLY - NOT HUMAN EXPERIMENT RESULTS,1159560,C,1,1267.7795340265093,1.0,0,1,mouse
SYNTHETIC DEMONSTRATION ONLY - NOT HUMAN EXPERIMENT RESULTS,1159580,C,1,1267.831293784076,1.0,0,1,mouse
SYNTHETIC DEMONSTRATION ONLY - NOT HUMAN EXPERIMENT RESULTS,1159600,C,1,1267.8835107301636,1.0,0,1,mouse
SYNTHETIC DEMONSTRATION ONLY - NOT HUMAN EXPERIMENT RESULTS,1159620,C,1,1267.936184122654,1.0,0,1,mouse
SYNTHETIC DEMONSTRATION ONLY - NOT HUMAN EXPERIMENT RESULTS,1159640,C,1,1267.9893132129412,1.0,0,1,mouse
SYNTHETIC DEMONSTRATION ONLY - NOT HUMAN EXPERIMENT RESULTS,1159660,C,1,1268.0428972459435,1.0,0,1,mouse
SYNTHETIC DEMONSTRATION ONLY - NOT HUMAN EXPERIMENT RESULTS,1159680,C,1,1268.0969354601134,1.0,0,1,mouse
SYNTHETIC DEMONSTRATION ONLY - NOT HUMAN EXPERIMENT RESULTS,1159700,C,1,1268.1514270874477,1.0,0,1,mouse
SYNTHETIC DEMONSTRATION ONLY - NOT HUMAN EXPERIMENT RESULTS,1159720,C,1,1268.2063713535003,1.0,0,1,mouse
SYNTHETIC DEMONSTRATION ONLY - NOT HUMAN EXPERIMENT RESULTS,1159740,C,1,1268.2617674773912,1.0,0,1,mouse
SYNTHETIC DEMONSTRATION ONLY - NOT HUMAN EXPERIMENT RESULTS,1159760,C,1,1268.317614671819,1.0,0,1,mouse
SYNTHETIC DEMONSTRATION ONLY - NOT HUMAN EXPERIMENT RESULTS,1159780,C,1,1268.3739121430715,1.0,0,1,mouse
SYNTHETIC DEMONSTRATION ONLY - NOT HUMAN EXPERIMENT RESULTS,1159800,C,1,1268.430659091037,1.0,0,1,mouse
SYNTHETIC DEMONSTRATION ONLY - NOT HUMAN EXPERIMENT RESULTS,1159820,C,1,1268.4878547092155,1.0,0,1,mouse
SYNTHETIC DEMONSTRATION ONLY - NOT HUMAN EXPERIMENT RESULTS,1159840,C,1,1268.545498184731,1.0,0,1,mouse
SYNTHETIC DEMONSTRATION ONLY - NOT HUMAN EXPERIMENT RESULTS,1159860,C,1,1268.6035886983423,1.0,0,1,mouse
SYNTHETIC DEMONSTRATION ONLY - NOT HUMAN EXPERIMENT RESULTS,1159880,C,1,1268.662125424454,1.0,0,1,mouse
SYNTHETIC DEMONSTRATION ONLY - NOT HUMAN EXPERIMENT RESULTS,1159900,C,1,1268.72110753113,1.0,0,1,mouse
SYNTHETIC DEMONSTRATION ONLY - NOT HUMAN EXPERIMENT RESULTS,1159920,C,1,1268.780534180104,1.0,0,1,mouse
SYNTHETIC DEMONSTRATION ONLY - NOT HUMAN EXPERIMENT RESULTS,1159940,C,1,1268.8404045267916,1.0,0,1,mouse
SYNTHETIC DEMONSTRATION ONLY - NOT HUMAN EXPERIMENT RESULTS,1159960,C,1,1268.900717720303,1.0,0,1,mouse
SYNTHETIC DEMONSTRATION ONLY - NOT HUMAN EXPERIMENT RESULTS,1159980,C,1,1268.961472903454,1.0,0,1,mouse
SYNTHETIC DEMONSTRATION ONLY - NOT HUMAN EXPERIMENT RESULTS,1160000,C,1,1269.022669212779,1.0,0,1,mouse
SYNTHETIC DEMONSTRATION ONLY - NOT HUMAN EXPERIMENT RESULTS,1160020,C,1,1269.0843057785428,1.0,0,1,mouse
SYNTHETIC DEMONSTRATION ONLY - NOT HUMAN EXPERIMENT RESULTS,1160040,C,1,1269.1463817247536,1.0,0,1,mouse
SYNTHETIC DEMONSTRATION ONLY - NOT HUMAN EXPERIMENT RESULTS,1160060,C,1,1269.208896169175,1.0,0,1,mouse
SYNTHETIC DEMONSTRATION ONLY - NOT HUMAN EXPERIMENT RESULTS,1160080,C,1,1269.2718482233379,1.0,0,1,mouse
SYNTHETIC DEMONSTRATION ONLY - NOT HUMAN EXPERIMENT RESULTS,1160100,C,1,1269.3352369925544,1.0,0,1,mouse
SYNTHETIC DEMONSTRATION ONLY - NOT HUMAN EXPERIMENT RESULTS,1160120,C,1,1269.3990615759299,1.0,0,1,mouse
SYNTHETIC DEMONSTRATION ONLY - NOT HUMAN EXPERIMENT RESULTS,1160140,C,1,1269.4633210663758,1.0,0,1,mouse
SYNTHETIC DEMONSTRATION ONLY - NOT HUMAN EXPERIMENT RESULTS,1160160,C,1,1269.5280145506224,1.0,0,1,mouse
SYNTHETIC DEMONSTRATION ONLY - NOT HUMAN EXPERIMENT RESULTS,1160180,C,1,1269.5931411092322,1.0,0,1,mouse
SYNTHETIC DEMONSTRATION ONLY - NOT HUMAN EXPERIMENT RESULTS,1160200,C,1,1269.6586998166126,1.0,0,1,mouse
SYNTHETIC DEMONSTRATION ONLY - NOT HUMAN EXPERIMENT RESULTS,1160220,C,1,1269.7246897410291,1.0,0,1,mouse
SYNTHETIC DEMONSTRATION ONLY - NOT HUMAN EXPERIMENT RESULTS,1160240,C,1,1269.7911099446192,1.0,0,1,mouse
SYNTHETIC DEMONSTRATION ONLY - NOT HUMAN EXPERIMENT RESULTS,1160260,C,1,1269.857959483404,1.0,0,1,mouse
SYNTHETIC DEMONSTRATION ONLY - NOT HUMAN EXPERIMENT RESULTS,1160280,C,1,1269.9252374073046,1.0,0,1,mouse
SYNTHETIC DEMONSTRATION ONLY - NOT HUMAN EXPERIMENT RESULTS,1160300,C,1,1269.9929427601523,1.0,0,1,mouse
SYNTHETIC DEMONSTRATION ONLY - NOT HUMAN EXPERIMENT RESULTS,1160320,C,1,1270.061074579704,1.0,0,1,mouse
SYNTHETIC DEMONSTRATION ONLY - NOT HUMAN EXPERIMENT RESULTS,1160340,C,1,1270.1296318976558,1.0,0,1,mouse
SYNTHETIC DEMONSTRATION ONLY - NOT HUMAN EXPERIMENT RESULTS,1160360,C,1,1270.1986137396568,1.0,0,1,mouse
SYNTHETIC DEMONSTRATION ONLY - NOT HUMAN EXPERIMENT RESULTS,1160380,C,1,1270.2680191253216,1.0,0,1,mouse
SYNTHETIC DEMONSTRATION ONLY - NOT HUMAN EXPERIMENT RESULTS,1160400,C,1,1270.3378470682471,1.0,0,1,mouse
SYNTHETIC DEMONSTRATION ONLY - NOT HUMAN EXPERIMENT RESULTS,1160420,C,1,1270.408096576023,1.0,0,1,mouse
SYNTHETIC DEMONSTRATION ONLY - NOT HUMAN EXPERIMENT RESULTS,1160440,C,1,1270.478766650248,1.0,0,1,mouse
SYNTHETIC DEMONSTRATION ONLY - NOT HUMAN EXPERIMENT RESULTS,1160460,C,1,1270.5498562865446,1.0,0,1,mouse
SYNTHETIC DEMONSTRATION ONLY - NOT HUMAN EXPERIMENT RESULTS,1160480,C,1,1270.6213644745712,1.0,0,1,mouse
SYNTHETIC DEMONSTRATION ONLY - NOT HUMAN EXPERIMENT RESULTS,1160500,C,1,1270.6932901980388,1.0,0,1,mouse
SYNTHETIC DEMONSTRATION ONLY - NOT HUMAN EXPERIMENT RESULTS,1160520,C,1,1270.7656324347229,1.0,0,1,mouse
SYNTHETIC DEMONSTRATION ONLY - NOT HUMAN EXPERIMENT RESULTS,1160540,C,1,1270.8383901564805,1.0,0,1,mouse
SYNTHETIC DEMONSTRATION ONLY - NOT HUMAN EXPERIMENT RESULTS,1160560,C,1,1270.9115623292635,1.0,0,1,mouse
SYNTHETIC DEMONSTRATION ONLY - NOT HUMAN EXPERIMENT RESULTS,1160580,C,1,1270.9851479131332,1.0,0,1,mouse
SYNTHETIC DEMONSTRATION ONLY - NOT HUMAN EXPERIMENT RESULTS,1160600,C,1,1271.0591458622755,1.0,0,1,mouse
SYNTHETIC DEMONSTRATION ONLY - NOT HUMAN EXPERIMENT RESULTS,1160620,C,1,1271.133555125016,1.0,0,1,mouse
SYNTHETIC DEMONSTRATION ONLY - NOT HUMAN EXPERIMENT RESULTS,1160640,C,1,1271.208374643834,1.0,0,1,mouse
SYNTHETIC DEMONSTRATION ONLY - NOT HUMAN EXPERIMENT RESULTS,1160660,C,1,1271.2836033553788,1.0,0,1,mouse
SYNTHETIC DEMONSTRATION ONLY - NOT HUMAN EXPERIMENT RESULTS,1160680,C,1,1271.359240190484,1.0,0,1,mouse
SYNTHETIC DEMONSTRATION ONLY - NOT HUMAN EXPERIMENT RESULTS,1160700,C,1,1271.4352840741824,1.0,0,1,mouse
SYNTHETIC DEMONSTRATION ONLY - NOT HUMAN EXPERIMENT RESULTS,1160720,C,1,1271.5117339257222,1.0,0,1,mouse
SYNTHETIC DEMONSTRATION ONLY - NOT HUMAN EXPERIMENT RESULTS,1160740,C,1,1271.588588658582,1.0,0,1,mouse
SYNTHETIC DEMONSTRATION ONLY - NOT HUMAN EXPERIMENT RESULTS,1160760,C,1,1271.6658471804856,1.0,0,1,mouse
SYNTHETIC DEMONSTRATION ONLY - NOT HUMAN EXPERIMENT RESULTS,1160780,C,1,1271.7435083934186,1.0,0,1,mouse
SYNTHETIC DEMONSTRATION ONLY - NOT HUMAN EXPERIMENT RESULTS,1160800,C,1,1271.8215711936432,1.0,0,1,mouse
SYNTHETIC DEMONSTRATION ONLY - NOT HUMAN EXPERIMENT RESULTS,1160820,C,1,1271.9000344717142,1.0,0,1,mouse
SYNTHETIC DEMONSTRATION ONLY - NOT HUMAN EXPERIMENT RESULTS,1160840,C,1,1271.9788971124951,1.0,0,1,mouse
SYNTHETIC DEMONSTRATION ONLY - NOT HUMAN EXPERIMENT RESULTS,1160860,C,1,1272.0581579951727,1.0,0,1,mouse
SYNTHETIC DEMONSTRATION ONLY - NOT HUMAN EXPERIMENT RESULTS,1160880,C,1,1272.1378159932744,1.0,0,1,mouse
SYNTHETIC DEMONSTRATION ONLY - NOT HUMAN EXPERIMENT RESULTS,1160900,C,1,1272.2178699746842,1.0,0,1,mouse
SYNTHETIC DEMONSTRATION ONLY - NOT HUMAN EXPERIMENT RESULTS,1160920,C,1,1272.2983188016574,1.0,0,1,mouse
SYNTHETIC DEMONSTRATION ONLY - NOT HUMAN EXPERIMENT RESULTS,1160940,C,1,1272.3791613308383,1.0,0,1,mouse
SYNTHETIC DEMONSTRATION ONLY - NOT HUMAN EXPERIMENT RESULTS,1160960,C,1,1272.4603964132755,1.0,0,1,mouse
SYNTHETIC DEMONSTRATION ONLY - NOT HUMAN EXPERIMENT RESULTS,1160980,C,1,1272.5420228944388,1.0,0,1,mouse
SYNTHETIC DEMONSTRATION ONLY - NOT HUMAN EXPERIMENT RESULTS,1161000,C,1,1272.6240396142352,1.0,0,1,mouse
SYNTHETIC DEMONSTRATION ONLY - NOT HUMAN EXPERIMENT RESULTS,1161020,C,1,1272.7064454070255,1.0,0,1,mouse
SYNTHETIC DEMONSTRATION ONLY - NOT HUMAN EXPERIMENT RESULTS,1161040,C,1,1272.7892391016408,1.0,0,1,mouse
SYNTHETIC DEMONSTRATION ONLY - NOT HUMAN EXPERIMENT RESULTS,1161060,C,1,1272.8724195214,1.0,0,1,mouse
SYNTHETIC DEMONSTRATION ONLY - NOT HUMAN EXPERIMENT RESULTS,1161080,C,1,1272.9559854841245,1.0,0,1,mouse
SYNTHETIC DEMONSTRATION ONLY - NOT HUMAN EXPERIMENT RESULTS,1161100,C,1,1273.0399358021573,1.0,0,1,mouse
SYNTHETIC DEMONSTRATION ONLY - NOT HUMAN EXPERIMENT RESULTS,1161120,C,1,1273.124269282379,1.0,0,1,mouse
SYNTHETIC DEMONSTRATION ONLY - NOT HUMAN EXPERIMENT RESULTS,1161140,C,1,1273.2089847262234,1.0,0,1,mouse
SYNTHETIC DEMONSTRATION ONLY - NOT HUMAN EXPERIMENT RESULTS,1161160,C,1,1273.294080929697,1.0,0,1,mouse
SYNTHETIC DEMONSTRATION ONLY - NOT HUMAN EXPERIMENT RESULTS,1161180,C,1,1273.3795566833942,1.0,0,1,mouse
SYNTHETIC DEMONSTRATION ONLY - NOT HUMAN EXPERIMENT RESULTS,1161200,C,1,1273.4654107725155,1.0,0,1,mouse
SYNTHETIC DEMONSTRATION ONLY - NOT HUMAN EXPERIMENT RESULTS,1161220,C,1,1273.5516419768842,1.0,0,1,mouse
SYNTHETIC DEMONSTRATION ONLY - NOT HUMAN EXPERIMENT RESULTS,1161240,C,1,1273.6382490709639,1.0,0,1,mouse
SYNTHETIC DEMONSTRATION ONLY - NOT HUMAN EXPERIMENT RESULTS,1161260,C,1,1273.7252308238762,1.0,0,1,mouse
SYNTHETIC DEMONSTRATION ONLY - NOT HUMAN EXPERIMENT RESULTS,1161280,C,1,1273.8125859994182,1.0,0,1,mouse
SYNTHETIC DEMONSTRATION ONLY - NOT HUMAN EXPERIMENT RESULTS,1161300,C,1,1273.9003133560786,1.0,0,1,mouse
SYNTHETIC DEMONSTRATION ONLY - NOT HUMAN EXPERIMENT RESULTS,1161320,C,1,1273.9884116470582,1.0,0,1,mouse
SYNTHETIC DEMONSTRATION ONLY - NOT HUMAN EXPERIMENT RESULTS,1161340,C,1,1274.0768796202851,1.0,0,1,mouse
SYNTHETIC DEMONSTRATION ONLY - NOT HUMAN EXPERIMENT RESULTS,1161360,C,1,1274.1657160184336,1.0,0,1,mouse
SYNTHETIC DEMONSTRATION ONLY - NOT HUMAN EXPERIMENT RESULTS,1161380,C,1,1274.2549195789418,1.0,0,1,mouse
SYNTHETIC DEMONSTRATION ONLY - NOT HUMAN EXPERIMENT RESULTS,1161400,C,1,1274.3444890340295,1.0,0,1,mouse
SYNTHETIC DEMONSTRATION ONLY - NOT HUMAN EXPERIMENT RESULTS,1161420,C,1,1274.4344231107168,1.0,0,1,mouse
SYNTHETIC DEMONSTRATION ONLY - NOT HUMAN EXPERIMENT RESULTS,1161440,C,1,1274.5247205308413,1.0,0,1,mouse
SYNTHETIC DEMONSTRATION ONLY - NOT HUMAN EXPERIMENT RESULTS,1161460,C,1,1274.6153800110765,1.0,0,1,mouse
SYNTHETIC DEMONSTRATION ONLY - NOT HUMAN EXPERIMENT RESULTS,1161480,C,1,1274.7064002629509,1.0,0,1,mouse
SYNTHETIC DEMONSTRATION ONLY - NOT HUMAN EXPERIMENT RESULTS,1161500,C,1,1274.797779992865,1.0,0,1,mouse
SYNTHETIC DEMONSTRATION ONLY - NOT HUMAN EXPERIMENT RESULTS,1161520,C,1,1274.8895179021108,1.0,0,1,mouse
SYNTHETIC DEMONSTRATION ONLY - NOT HUMAN EXPERIMENT RESULTS,1161540,C,1,1274.981612686889,1.0,0,1,mouse
SYNTHETIC DEMONSTRATION ONLY - NOT HUMAN EXPERIMENT RESULTS,1161560,C,1,1275.0740630383298,1.0,0,1,mouse
SYNTHETIC DEMONSTRATION ONLY - NOT HUMAN EXPERIMENT RESULTS,1161580,C,1,1275.1668676425081,1.0,0,1,mouse
SYNTHETIC DEMONSTRATION ONLY - NOT HUMAN EXPERIMENT RESULTS,1161600,C,1,1275.2600251804656,1.0,0,1,mouse
SYNTHETIC DEMONSTRATION ONLY - NOT HUMAN EXPERIMENT RESULTS,1161620,C,1,1275.3535343282274,1.0,0,1,mouse
SYNTHETIC DEMONSTRATION ONLY - NOT HUMAN EXPERIMENT RESULTS,1161640,C,1,1275.4473937568216,1.0,0,1,mouse
SYNTHETIC DEMONSTRATION ONLY - NOT HUMAN EXPERIMENT RESULTS,1161660,C,1,1275.5416021322974,1.0,0,1,mouse
SYNTHETIC DEMONSTRATION ONLY - NOT HUMAN EXPERIMENT RESULTS,1161680,C,1,1275.6361581157462,1.0,0,1,mouse
SYNTHETIC DEMONSTRATION ONLY - NOT HUMAN EXPERIMENT RESULTS,1161700,C,1,1275.7310603633175,1.0,0,1,mouse
SYNTHETIC DEMONSTRATION ONLY - NOT HUMAN EXPERIMENT RESULTS,1161720,C,1,1275.8263075262403,1.0,0,1,mouse
SYNTHETIC DEMONSTRATION ONLY - NOT HUMAN EXPERIMENT RESULTS,1161740,C,1,1275.9218982508419,1.0,0,1,mouse
SYNTHETIC DEMONSTRATION ONLY - NOT HUMAN EXPERIMENT RESULTS,1161760,C,1,1276.0178311785662,1.0,0,1,mouse
SYNTHETIC DEMONSTRATION ONLY - NOT HUMAN EXPERIMENT RESULTS,1161780,C,1,1276.1141049459943,1.0,0,1,mouse
SYNTHETIC DEMONSTRATION ONLY - NOT HUMAN EXPERIMENT RESULTS,1161800,C,1,1276.2107181848626,1.0,0,1,mouse
SYNTHETIC DEMONSTRATION ONLY - NOT HUMAN EXPERIMENT RESULTS,1161820,C,1,1276.307669522083,1.0,0,1,mouse
SYNTHETIC DEMONSTRATION ONLY - NOT HUMAN EXPERIMENT RESULTS,1161840,C,1,1276.4049575797628,1.0,0,1,mouse
SYNTHETIC DEMONSTRATION ONLY - NOT HUMAN EXPERIMENT RESULTS,1161860,C,1,1276.5025809752233,1.0,0,1,mouse
SYNTHETIC DEMONSTRATION ONLY - NOT HUMAN EXPERIMENT RESULTS,1161880,C,1,1276.6005383210195,1.0,0,1,mouse
SYNTHETIC DEMONSTRATION ONLY - NOT HUMAN EXPERIMENT RESULTS,1161900,C,1,1276.698828224961,1.0,0,1,mouse
SYNTHETIC DEMONSTRATION ONLY - NOT HUMAN EXPERIMENT RESULTS,1161920,C,1,1276.797449290131,1.0,0,1,mouse
SYNTHETIC DEMONSTRATION ONLY - NOT HUMAN EXPERIMENT RESULTS,1161940,C,1,1276.8964001149052,1.0,0,1,mouse
SYNTHETIC DEMONSTRATION ONLY - NOT HUMAN EXPERIMENT RESULTS,1161960,C,1,1276.995679292974,1.0,0,1,mouse
SYNTHETIC DEMONSTRATION ONLY - NOT HUMAN EXPERIMENT RESULTS,1161980,C,1,1277.09528541336,1.0,0,1,mouse
SYNTHETIC DEMONSTRATION ONLY - NOT HUMAN EXPERIMENT RESULTS,1162000,C,1,1277.1952170604402,1.0,0,1,mouse
SYNTHETIC DEMONSTRATION ONLY - NOT HUMAN EXPERIMENT RESULTS,1162020,C,1,1277.2954728139644,1.0,0,1,mouse
SYNTHETIC DEMONSTRATION ONLY - NOT HUMAN EXPERIMENT RESULTS,1162040,C,1,1277.3960512490764,1.0,0,1,mouse
SYNTHETIC DEMONSTRATION ONLY - NOT HUMAN EXPERIMENT RESULTS,1162060,C,1,1277.496950936334,1.0,0,1,mouse
SYNTHETIC DEMONSTRATION ONLY - NOT HUMAN EXPERIMENT RESULTS,1162080,C,1,1277.5981704417297,1.0,0,1,mouse
SYNTHETIC DEMONSTRATION ONLY - NOT HUMAN EXPERIMENT RESULTS,1162100,C,1,1277.69970832671,1.0,0,1,mouse
SYNTHETIC DEMONSTRATION ONLY - NOT HUMAN EXPERIMENT RESULTS,1162120,C,1,1277.8015631481967,1.0,0,1,mouse
SYNTHETIC DEMONSTRATION ONLY - NOT HUMAN EXPERIMENT RESULTS,1162140,C,1,1277.9037334586073,1.0,0,1,mouse
SYNTHETIC DEMONSTRATION ONLY - NOT HUMAN EXPERIMENT RESULTS,1162160,C,1,1278.0062178058756,1.0,0,1,mouse
SYNTHETIC DEMONSTRATION ONLY - NOT HUMAN EXPERIMENT RESULTS,1162180,C,1,1278.1090147334726,1.0,0,1,mouse
SYNTHETIC DEMONSTRATION ONLY - NOT HUMAN EXPERIMENT RESULTS,1162200,C,1,1278.212122780426,1.0,0,1,mouse
SYNTHETIC DEMONSTRATION ONLY - NOT HUMAN EXPERIMENT RESULTS,1162220,C,1,1278.315540481342,1.0,0,1,mouse
SYNTHETIC DEMONSTRATION ONLY - NOT HUMAN EXPERIMENT RESULTS,1162240,C,1,1278.4192663664264,1.0,0,1,mouse
SYNTHETIC DEMONSTRATION ONLY - NOT HUMAN EXPERIMENT RESULTS,1162260,C,1,1278.523298961505,1.0,0,1,mouse
SYNTHETIC DEMONSTRATION ONLY - NOT HUMAN EXPERIMENT RESULTS,1162280,C,1,1278.6276367880441,1.0,0,1,mouse
SYNTHETIC DEMONSTRATION ONLY - NOT HUMAN EXPERIMENT RESULTS,1162300,C,1,1278.7322783631723,1.0,0,1,mouse
SYNTHETIC DEMONSTRATION ONLY - NOT HUMAN EXPERIMENT RESULTS,1162320,C,1,1278.837222199701,1.0,0,1,mouse
SYNTHETIC DEMONSTRATION ONLY - NOT HUMAN EXPERIMENT RESULTS,1162340,C,1,1278.9424668061463,1.0,0,1,mouse
SYNTHETIC DEMONSTRATION ONLY - NOT HUMAN EXPERIMENT RESULTS,1162360,C,1,1279.0480106867494,1.0,0,1,mouse
SYNTHETIC DEMONSTRATION ONLY - NOT HUMAN EXPERIMENT RESULTS,1162380,C,1,1279.1538523414977,1.0,0,1,mouse
SYNTHETIC DEMONSTRATION ONLY - NOT HUMAN EXPERIMENT RESULTS,1162400,C,1,1279.2599902661475,1.0,0,1,mouse
SYNTHETIC DEMONSTRATION ONLY - NOT HUMAN EXPERIMENT RESULTS,1162420,C,1,1279.3664229522437,1.0,0,1,mouse
SYNTHETIC DEMONSTRATION ONLY - NOT HUMAN EXPERIMENT RESULTS,1162440,C,1,1279.473148887142,1.0,0,1,mouse
SYNTHETIC DEMONSTRATION ONLY - NOT HUMAN EXPERIMENT RESULTS,1162460,C,1,1279.5801665540312,1.0,0,1,mouse
SYNTHETIC DEMONSTRATION ONLY - NOT HUMAN EXPERIMENT RESULTS,1162480,C,1,1279.687474431953,1.0,0,1,mouse
SYNTHETIC DEMONSTRATION ONLY - NOT HUMAN EXPERIMENT RESULTS,1162500,C,1,1279.795070995825,1.0,0,1,mouse
SYNTHETIC DEMONSTRATION ONLY - NOT HUMAN EXPERIMENT RESULTS,1162520,C,1,1279.9029547164619,1.0,0,1,mouse
SYNTHETIC DEMONSTRATION ONLY - NOT HUMAN EXPERIMENT RESULTS,1162540,C,1,1280.011124060597,1.0,0,1,mouse
SYNTHETIC DEMONSTRATION ONLY - NOT HUMAN EXPERIMENT RESULTS,1162560,C,1,1280.1195774909052,1.0,0,1,mouse
SYNTHETIC DEMONSTRATION ONLY - NOT HUMAN EXPERIMENT RESULTS,1162580,C,1,1280.2283134660222,1.0,0,1,mouse
SYNTHETIC DEMONSTRATION ONLY - NOT HUMAN EXPERIMENT RESULTS,1162600,C,1,1280.3373304405695,1.0,0,1,mouse
SYNTHETIC DEMONSTRATION ONLY - NOT HUMAN EXPERIMENT RESULTS,1162620,C,1,1280.4466268651752,1.0,0,1,mouse
SYNTHETIC DEMONSTRATION ONLY - NOT HUMAN EXPERIMENT RESULTS,1162640,C,1,1280.5562011864943,1.0,0,1,mouse
SYNTHETIC DEMONSTRATION ONLY - NOT HUMAN EXPERIMENT RESULTS,1162660,C,1,1280.6660518472333,1.0,0,1,mouse
SYNTHETIC DEMONSTRATION ONLY - NOT HUMAN EXPERIMENT RESULTS,1162680,C,1,1280.7761772861716,1.0,0,1,mouse
SYNTHETIC DEMONSTRATION ONLY - NOT HUMAN EXPERIMENT RESULTS,1162700,C,1,1280.8865759381827,1.0,0,1,mouse
SYNTHETIC DEMONSTRATION ONLY - NOT HUMAN EXPERIMENT RESULTS,1162720,C,1,1280.9972462342573,1.0,0,1,mouse
SYNTHETIC DEMONSTRATION ONLY - NOT HUMAN EXPERIMENT RESULTS,1162740,C,1,1281.1081866015256,1.0,0,1,mouse
SYNTHETIC DEMONSTRATION ONLY - NOT HUMAN EXPERIMENT RESULTS,1162760,C,1,1281.2193954632794,1.0,0,1,mouse
SYNTHETIC DEMONSTRATION ONLY - NOT HUMAN EXPERIMENT RESULTS,1162780,C,1,1281.3308712389949,1.0,0,1,mouse
SYNTHETIC DEMONSTRATION ONLY - NOT HUMAN EXPERIMENT RESULTS,1162800,C,1,1281.442612344354,1.0,0,1,mouse
SYNTHETIC DEMONSTRATION ONLY - NOT HUMAN EXPERIMENT RESULTS,1162820,C,1,1281.5546171912686,1.0,0,1,mouse
SYNTHETIC DEMONSTRATION ONLY - NOT HUMAN EXPERIMENT RESULTS,1162840,C,1,1281.666884187902,1.0,0,1,mouse
SYNTHETIC DEMONSTRATION ONLY - NOT HUMAN EXPERIMENT RESULTS,1162860,C,1,1281.7794117386916,1.0,0,1,mouse
SYNTHETIC DEMONSTRATION ONLY - NOT HUMAN EXPERIMENT RESULTS,1162880,C,1,1281.8921982443715,1.0,0,1,mouse
SYNTHETIC DEMONSTRATION ONLY - NOT HUMAN EXPERIMENT RESULTS,1162900,C,1,1282.0052421019961,1.0,0,1,mouse
SYNTHETIC DEMONSTRATION ONLY - NOT HUMAN EXPERIMENT RESULTS,1162920,C,1,1282.1185417049621,1.0,0,1,mouse
SYNTHETIC DEMONSTRATION ONLY - NOT HUMAN EXPERIMENT RESULTS,1162940,C,1,1282.232095443031,1.0,0,1,mouse
SYNTHETIC DEMONSTRATION ONLY - NOT HUMAN EXPERIMENT RESULTS,1162960,C,1,1282.345901702353,1.0,0,1,mouse
SYNTHETIC DEMONSTRATION ONLY - NOT HUMAN EXPERIMENT RESULTS,1162980,C,1,1282.4599588654896,1.0,0,1,mouse
SYNTHETIC DEMONSTRATION ONLY - NOT HUMAN EXPERIMENT RESULTS,1163000,C,1,1282.5742653114353,1.0,0,1,mouse
SYNTHETIC DEMONSTRATION ONLY - NOT HUMAN EXPERIMENT RESULTS,1163020,C,1,1282.6888194156431,1.0,0,1,mouse
SYNTHETIC DEMONSTRATION ONLY - NOT HUMAN EXPERIMENT RESULTS,1163040,C,1,1282.8036195500454,1.0,0,1,mouse
SYNTHETIC DEMONSTRATION ONLY - NOT HUMAN EXPERIMENT RESULTS,1163060,C,1,1282.918664083078,1.0,0,1,mouse
SYNTHETIC DEMONSTRATION ONLY - NOT HUMAN EXPERIMENT RESULTS,1163080,C,1,1283.0339513797037,1.0,0,1,mouse
SYNTHETIC DEMONSTRATION ONLY - NOT HUMAN EXPERIMENT RESULTS,1163100,C,1,1283.1494798014346,1.0,0,1,mouse
SYNTHETIC DEMONSTRATION ONLY - NOT HUMAN EXPERIMENT RESULTS,1163120,C,1,1283.2652477063566,1.0,0,1,mouse
SYNTHETIC DEMONSTRATION ONLY - NOT HUMAN EXPERIMENT RESULTS,1163140,C,1,1283.3812534491508,1.0,0,1,mouse
SYNTHETIC DEMONSTRATION ONLY - NOT HUMAN EXPERIMENT RESULTS,1163160,C,1,1283.4974953811193,1.0,0,1,mouse
SYNTHETIC DEMONSTRATION ONLY - NOT HUMAN EXPERIMENT RESULTS,1163180,C,1,1283.6139718502068,1.0,0,1,mouse
SYNTHETIC DEMONSTRATION ONLY - NOT HUMAN EXPERIMENT RESULTS,1163200,C,1,1283.730681201025,1.0,0,1,mouse
SYNTHETIC DEMONSTRATION ONLY - NOT HUMAN EXPERIMENT RESULTS,1163220,C,1,1283.8476217748753,1.0,0,1,mouse
SYNTHETIC DEMONSTRATION ONLY - NOT HUMAN EXPERIMENT RESULTS,1163240,C,1,1283.9647919097738,1.0,0,1,mouse
SYNTHETIC DEMONSTRATION ONLY - NOT HUMAN EXPERIMENT RESULTS,1163260,C,1,1284.082189940473,1.0,0,1,mouse
SYNTHETIC DEMONSTRATION ONLY - NOT HUMAN EXPERIMENT RESULTS,1163280,C,1,1284.1998141984875,1.0,0,1,mouse
SYNTHETIC DEMONSTRATION ONLY - NOT HUMAN EXPERIMENT RESULTS,1163300,C,1,1284.317663012116,1.0,0,1,mouse
SYNTHETIC DEMONSTRATION ONLY - NOT HUMAN EXPERIMENT RESULTS,1163320,C,1,1284.435734706466,1.0,0,1,mouse
SYNTHETIC DEMONSTRATION ONLY - NOT HUMAN EXPERIMENT RESULTS,1163340,C,1,1284.5540276034776,1.0,0,1,mouse
SYNTHETIC DEMONSTRATION ONLY - NOT HUMAN EXPERIMENT RESULTS,1163360,C,1,1284.6725400219466,1.0,0,1,mouse
SYNTHETIC DEMONSTRATION ONLY - NOT HUMAN EXPERIMENT RESULTS,1163380,C,1,1284.791270277549,1.0,0,1,mouse
SYNTHETIC DEMONSTRATION ONLY - NOT HUMAN EXPERIMENT RESULTS,1163400,C,1,1284.9102166828657,1.0,0,1,mouse
SYNTHETIC DEMONSTRATION ONLY - NOT HUMAN EXPERIMENT RESULTS,1163420,C,1,1285.0293775474047,1.0,0,1,mouse
SYNTHETIC DEMONSTRATION ONLY - NOT HUMAN EXPERIMENT RESULTS,1163440,C,1,1285.148751177626,1.0,0,1,mouse
SYNTHETIC DEMONSTRATION ONLY - NOT HUMAN EXPERIMENT RESULTS,1163460,C,1,1285.2683358769666,1.0,0,1,mouse
SYNTHETIC DEMONSTRATION ONLY - NOT HUMAN EXPERIMENT RESULTS,1163480,C,1,1285.3881299458628,1.0,0,1,mouse
SYNTHETIC DEMONSTRATION ONLY - NOT HUMAN EXPERIMENT RESULTS,1163500,C,1,1285.5081316817761,1.0,0,1,mouse
SYNTHETIC DEMONSTRATION ONLY - NOT HUMAN EXPERIMENT RESULTS,1163520,C,1,1285.6283393792162,1.0,0,1,mouse
SYNTHETIC DEMONSTRATION ONLY - NOT HUMAN EXPERIMENT RESULTS,1163540,C,1,1285.7487513297651,1.0,0,1,mouse
SYNTHETIC DEMONSTRATION ONLY - NOT HUMAN EXPERIMENT RESULTS,1163560,C,1,1285.869365822103,1.0,0,1,mouse
SYNTHETIC DEMONSTRATION ONLY - NOT HUMAN EXPERIMENT RESULTS,1163580,C,1,1285.990181142031,1.0,0,1,mouse
SYNTHETIC DEMONSTRATION ONLY - NOT HUMAN EXPERIMENT RESULTS,1163600,C,1,1286.1111955724953,1.0,0,1,mouse
SYNTHETIC DEMONSTRATION ONLY - NOT HUMAN EXPERIMENT RESULTS,1163620,C,1,1286.2324073936138,1.0,0,1,mouse
SYNTHETIC DEMONSTRATION ONLY - NOT HUMAN EXPERIMENT RESULTS,1163640,C,1,1286.3538148826979,1.0,0,1,mouse
SYNTHETIC DEMONSTRATION ONLY - NOT HUMAN EXPERIMENT RESULTS,1163660,C,1,1286.4754163142782,1.0,0,1,mouse
SYNTHETIC DEMONSTRATION ONLY - NOT HUMAN EXPERIMENT RESULTS,1163680,C,1,1286.5972099601295,1.0,0,1,mouse
SYNTHETIC DEMONSTRATION ONLY - NOT HUMAN EXPERIMENT RESULTS,1163700,C,1,1286.7191940892947,1.0,0,1,mouse
SYNTHETIC DEMONSTRATION ONLY - NOT HUMAN EXPERIMENT RESULTS,1163720,C,1,1286.8413669681086,1.0,0,1,mouse
SYNTHETIC DEMONSTRATION ONLY - NOT HUMAN EXPERIMENT RESULTS,1163740,C,1,1286.9637268602246,1.0,0,1,mouse
SYNTHETIC DEMONSTRATION ONLY - NOT HUMAN EXPERIMENT RESULTS,1163760,C,1,1287.086272026638,1.0,0,1,mouse
SYNTHETIC DEMONSTRATION ONLY - NOT HUMAN EXPERIMENT RESULTS,1163780,C,1,1287.2090007257104,1.0,0,1,mouse
SYNTHETIC DEMONSTRATION ONLY - NOT HUMAN EXPERIMENT RESULTS,1163800,C,1,1287.3319112131956,1.0,0,1,mouse
SYNTHETIC DEMONSTRATION ONLY - NOT HUMAN EXPERIMENT RESULTS,1163820,C,1,1287.455001742263,1.0,0,1,mouse
SYNTHETIC DEMONSTRATION ONLY - NOT HUMAN EXPERIMENT RESULTS,1163840,C,1,1287.5782705635243,1.0,0,1,mouse
SYNTHETIC DEMONSTRATION ONLY - NOT HUMAN EXPERIMENT RESULTS,1163860,C,1,1287.7017159250565,1.0,0,1,mouse
SYNTHETIC DEMONSTRATION ONLY - NOT HUMAN EXPERIMENT RESULTS,1163880,C,1,1287.8253360724275,1.0,0,1,mouse
SYNTHETIC DEMONSTRATION ONLY - NOT HUMAN EXPERIMENT RESULTS,1163900,C,1,1287.9491292487219,1.0,0,1,mouse
SYNTHETIC DEMONSTRATION ONLY - NOT HUMAN EXPERIMENT RESULTS,1163920,C,1,1288.0730936945642,1.0,0,1,mouse
SYNTHETIC DEMONSTRATION ONLY - NOT HUMAN EXPERIMENT RESULTS,1163940,C,1,1288.1972276481451,1.0,0,1,mouse
SYNTHETIC DEMONSTRATION ONLY - NOT HUMAN EXPERIMENT RESULTS,1163960,C,1,1288.3215293452472,1.0,0,1,mouse
SYNTHETIC DEMONSTRATION ONLY - NOT HUMAN EXPERIMENT RESULTS,1163980,C,1,1288.445997019267,1.0,0,1,mouse
SYNTHETIC DEMONSTRATION ONLY - NOT HUMAN EXPERIMENT RESULTS,1164000,C,1,1288.5706289012446,1.0,0,1,mouse
SYNTHETIC DEMONSTRATION ONLY - NOT HUMAN EXPERIMENT RESULTS,1164020,C,1,1288.695423219884,1.0,0,1,mouse
SYNTHETIC DEMONSTRATION ONLY - NOT HUMAN EXPERIMENT RESULTS,1164040,C,1,1288.8203782015826,1.0,0,1,mouse
SYNTHETIC DEMONSTRATION ONLY - NOT HUMAN EXPERIMENT RESULTS,1164060,C,1,1288.945492070453,1.0,0,1,mouse
SYNTHETIC DEMONSTRATION ONLY - NOT HUMAN EXPERIMENT RESULTS,1164080,C,1,1289.07076304835,1.0,0,1,mouse
SYNTHETIC DEMONSTRATION ONLY - NOT HUMAN EXPERIMENT RESULTS,1164100,C,1,1289.1961893548962,1.0,0,1,mouse
SYNTHETIC DEMONSTRATION ONLY - NOT HUMAN EXPERIMENT RESULTS,1164120,C,1,1289.3217692075061,1.0,0,1,mouse
SYNTHETIC DEMONSTRATION ONLY - NOT HUMAN EXPERIMENT RESULTS,1164140,C,1,1289.4475008214117,1.0,0,1,mouse
SYNTHETIC DEMONSTRATION ONLY - NOT HUMAN EXPERIMENT RESULTS,1164160,C,1,1289.5733824096887,1.0,0,1,mouse
SYNTHETIC DEMONSTRATION ONLY - NOT HUMAN EXPERIMENT RESULTS,1164180,C,1,1289.6994121832809,1.0,0,1,mouse
SYNTHETIC DEMONSTRATION ONLY - NOT HUMAN EXPERIMENT RESULTS,1164200,C,1,1289.8255883510267,1.0,0,1,mouse
SYNTHETIC DEMONSTRATION ONLY - NOT HUMAN EXPERIMENT RESULTS,1164220,C,1,1289.9519091196828,1.0,0,1,mouse
SYNTHETIC DEMONSTRATION ONLY - NOT HUMAN EXPERIMENT RESULTS,1164240,C,1,1290.078372693952,1.0,0,1,mouse
SYNTHETIC DEMONSTRATION ONLY - NOT HUMAN EXPERIMENT RESULTS,1164260,C,1,1290.2049772765067,1.0,0,1,mouse
SYNTHETIC DEMONSTRATION ONLY - NOT HUMAN EXPERIMENT RESULTS,1164280,C,1,1290.3317210680157,1.0,0,1,mouse
SYNTHETIC DEMONSTRATION ONLY - NOT HUMAN EXPERIMENT RESULTS,1164300,C,1,1290.4586022671692,1.0,0,1,mouse
SYNTHETIC DEMONSTRATION ONLY - NOT HUMAN EXPERIMENT RESULTS,1164320,C,1,1290.5856190707043,1.0,0,1,mouse
SYNTHETIC DEMONSTRATION ONLY - NOT HUMAN EXPERIMENT RESULTS,1164340,C,1,1290.7127696734312,1.0,0,1,mouse
SYNTHETIC DEMONSTRATION ONLY - NOT HUMAN EXPERIMENT RESULTS,1164360,C,1,1290.8400522682584,1.0,0,1,mouse
SYNTHETIC DEMONSTRATION ONLY - NOT HUMAN EXPERIMENT RESULTS,1164380,C,1,1290.9674650462182,1.0,0,1,mouse
SYNTHETIC DEMONSTRATION ONLY - NOT HUMAN EXPERIMENT RESULTS,1164400,C,1,1291.0950061964936,1.0,0,1,mouse
SYNTHETIC DEMONSTRATION ONLY - NOT HUMAN EXPERIMENT RESULTS,1164420,C,1,1291.2226739064422,1.0,0,1,mouse
SYNTHETIC DEMONSTRATION ONLY - NOT HUMAN EXPERIMENT RESULTS,1164440,C,1,1291.3504663616231,1.0,0,1,mouse
SYNTHETIC DEMONSTRATION ONLY - NOT HUMAN EXPERIMENT RESULTS,1164460,C,1,1291.4783817458228,1.0,0,1,mouse
SYNTHETIC DEMONSTRATION ONLY - NOT HUMAN EXPERIMENT RESULTS,1164480,C,1,1291.6064182410805,1.0,0,1,mouse
SYNTHETIC DEMONSTRATION ONLY - NOT HUMAN EXPERIMENT RESULTS,1164500,C,1,1291.7345740277144,1.0,0,1,mouse
SYNTHETIC DEMONSTRATION ONLY - NOT HUMAN EXPERIMENT RESULTS,1164520,C,1,1291.862847284347,1.0,0,1,mouse
SYNTHETIC DEMONSTRATION ONLY - NOT HUMAN EXPERIMENT RESULTS,1164540,C,1,1291.991236187931,1.0,0,1,mouse
SYNTHETIC DEMONSTRATION ONLY - NOT HUMAN EXPERIMENT RESULTS,1164560,C,1,1292.1197389137765,1.0,0,1,mouse
SYNTHETIC DEMONSTRATION ONLY - NOT HUMAN EXPERIMENT RESULTS,1164580,C,1,1292.2483536355749,1.0,0,1,mouse
SYNTHETIC DEMONSTRATION ONLY - NOT HUMAN EXPERIMENT RESULTS,1164600,C,1,1292.3770785254262,1.0,0,1,mouse
SYNTHETIC DEMONSTRATION ONLY - NOT HUMAN EXPERIMENT RESULTS,1164620,C,1,1292.5059117538653,1.0,0,1,mouse
SYNTHETIC DEMONSTRATION ONLY - NOT HUMAN EXPERIMENT RESULTS,1164640,C,1,1292.6348514898868,1.0,0,1,mouse
SYNTHETIC DEMONSTRATION ONLY - NOT HUMAN EXPERIMENT RESULTS,1164660,C,1,1292.763895900971,1.0,0,1,mouse
SYNTHETIC DEMONSTRATION ONLY - NOT HUMAN EXPERIMENT RESULTS,1164680,C,1,1292.8930431531119,1.0,0,1,mouse
SYNTHETIC DEMONSTRATION ONLY - NOT HUMAN EXPERIMENT RESULTS,1164700,C,1,1293.0222914108408,1.0,0,1,mouse
SYNTHETIC DEMONSTRATION ONLY - NOT HUMAN EXPERIMENT RESULTS,1164720,C,1,1293.1516388372538,1.0,0,1,mouse
SYNTHETIC DEMONSTRATION ONLY - NOT HUMAN EXPERIMENT RESULTS,1164740,C,1,1293.281083594038,1.0,0,1,mouse
SYNTHETIC DEMONSTRATION ONLY - NOT HUMAN EXPERIMENT RESULTS,1164760,C,1,1293.4106238414965,1.0,0,1,mouse
SYNTHETIC DEMONSTRATION ONLY - NOT HUMAN EXPERIMENT RESULTS,1164780,C,1,1293.540257738576,1.0,0,1,mouse
SYNTHETIC DEMONSTRATION ONLY - NOT HUMAN EXPERIMENT RESULTS,1164800,C,1,1293.6699834428916,1.0,0,1,mouse
SYNTHETIC DEMONSTRATION ONLY - NOT HUMAN EXPERIMENT RESULTS,1164820,C,1,1293.799799110754,1.0,0,1,mouse
SYNTHETIC DEMONSTRATION ONLY - NOT HUMAN EXPERIMENT RESULTS,1164840,C,1,1293.9297028971953,1.0,0,1,mouse
SYNTHETIC DEMONSTRATION ONLY - NOT HUMAN EXPERIMENT RESULTS,1164860,C,1,1294.0596929559952,1.0,0,1,mouse
SYNTHETIC DEMONSTRATION ONLY - NOT HUMAN EXPERIMENT RESULTS,1164880,C,1,1294.1897674397067,1.0,0,1,mouse
SYNTHETIC DEMONSTRATION ONLY - NOT HUMAN EXPERIMENT RESULTS,1164900,C,1,1294.3199244996842,1.0,0,1,mouse
SYNTHETIC DEMONSTRATION ONLY - NOT HUMAN EXPERIMENT RESULTS,1164920,C,1,1294.4501622861073,1.0,0,1,mouse
SYNTHETIC DEMONSTRATION ONLY - NOT HUMAN EXPERIMENT RESULTS,1164940,C,1,1294.580478948009,1.0,0,1,mouse
SYNTHETIC DEMONSTRATION ONLY - NOT HUMAN EXPERIMENT RESULTS,1164960,C,1,1294.7108726333008,1.0,0,1,mouse
SYNTHETIC DEMONSTRATION ONLY - NOT HUMAN EXPERIMENT RESULTS,1164980,C,1,1294.8413414888,1.0,0,1,mouse
SYNTHETIC DEMONSTRATION ONLY - NOT HUMAN EXPERIMENT RESULTS,1165000,C,1,1294.9718836602556,1.0,0,1,mouse
SYNTHETIC DEMONSTRATION ONLY - NOT HUMAN EXPERIMENT RESULTS,1165020,C,1,1295.1024972923742,1.0,0,1,mouse
SYNTHETIC DEMONSTRATION ONLY - NOT HUMAN EXPERIMENT RESULTS,1165040,C,1,1295.2331805288466,1.0,0,1,mouse
SYNTHETIC DEMONSTRATION ONLY - NOT HUMAN EXPERIMENT RESULTS,1165060,C,1,1295.3639315123753,1.0,0,1,mouse
SYNTHETIC DEMONSTRATION ONLY - NOT HUMAN EXPERIMENT RESULTS,1165080,C,1,1295.494748384699,1.0,0,1,mouse
SYNTHETIC DEMONSTRATION ONLY - NOT HUMAN EXPERIMENT RESULTS,1165100,C,1,1295.6256292866206,1.0,0,1,mouse
SYNTHETIC DEMONSTRATION ONLY - NOT HUMAN EXPERIMENT RESULTS,1165120,C,1,1295.7565723580328,1.0,0,1,mouse
SYNTHETIC DEMONSTRATION ONLY - NOT HUMAN EXPERIMENT RESULTS,1165140,C,1,1295.8875757379446,1.0,0,1,mouse
SYNTHETIC DEMONSTRATION ONLY - NOT HUMAN EXPERIMENT RESULTS,1165160,C,1,1296.018637564508,1.0,0,1,mouse
SYNTHETIC DEMONSTRATION ONLY - NOT HUMAN EXPERIMENT RESULTS,1165180,C,1,1296.1497559750446,1.0,0,1,mouse
SYNTHETIC DEMONSTRATION ONLY - NOT HUMAN EXPERIMENT RESULTS,1165200,C,1,1296.2809291060712,1.0,0,1,mouse
SYNTHETIC DEMONSTRATION ONLY - NOT HUMAN EXPERIMENT RESULTS,1165220,C,1,1296.412155093327,1.0,0,1,mouse
SYNTHETIC DEMONSTRATION ONLY - NOT HUMAN EXPERIMENT RESULTS,1165240,C,1,1296.5434320718011,1.0,0,1,mouse
SYNTHETIC DEMONSTRATION ONLY - NOT HUMAN EXPERIMENT RESULTS,1165260,C,1,1296.6747581757563,1.0,0,1,mouse
SYNTHETIC DEMONSTRATION ONLY - NOT HUMAN EXPERIMENT RESULTS,1165280,C,1,1296.8061315387586,1.0,0,1,mouse
SYNTHETIC DEMONSTRATION ONLY - NOT HUMAN EXPERIMENT RESULTS,1165300,C,1,1296.9375502937014,1.0,0,1,mouse
SYNTHETIC DEMONSTRATION ONLY - NOT HUMAN EXPERIMENT RESULTS,1165320,C,1,1297.069012572833,1.0,0,1,mouse
SYNTHETIC DEMONSTRATION ONLY - NOT HUMAN EXPERIMENT RESULTS,1165340,C,1,1297.2005165077837,1.0,0,1,mouse
SYNTHETIC DEMONSTRATION ONLY - NOT HUMAN EXPERIMENT RESULTS,1165360,C,1,1297.3320602295917,1.0,0,1,mouse
SYNTHETIC DEMONSTRATION ONLY - NOT HUMAN EXPERIMENT RESULTS,1165380,C,1,1297.463641868729,1.0,0,1,mouse
SYNTHETIC DEMONSTRATION ONLY - NOT HUMAN EXPERIMENT RESULTS,1165400,C,1,1297.5952595551298,1.0,0,1,mouse
SYNTHETIC DEMONSTRATION ONLY - NOT HUMAN EXPERIMENT RESULTS,1165420,C,1,1297.7269114182154,1.0,0,1,mouse
SYNTHETIC DEMONSTRATION ONLY - NOT HUMAN EXPERIMENT RESULTS,1165440,C,1,1297.858595586921,1.0,0,1,mouse
SYNTHETIC DEMONSTRATION ONLY - NOT HUMAN EXPERIMENT RESULTS,1165460,C,1,1297.9903101897235,1.0,0,1,mouse
SYNTHETIC DEMONSTRATION ONLY - NOT HUMAN EXPERIMENT RESULTS,1165480,C,1,1298.1220533546664,1.0,0,1,mouse
SYNTHETIC DEMONSTRATION ONLY - NOT HUMAN EXPERIMENT RESULTS,1165500,C,1,1298.2538232093882,1.0,0,1,mouse
SYNTHETIC DEMONSTRATION ONLY - NOT HUMAN EXPERIMENT RESULTS,1165520,C,1,1298.3856178811473,1.0,0,1,mouse
SYNTHETIC DEMONSTRATION ONLY - NOT HUMAN EXPERIMENT RESULTS,1165540,C,1,1298.5174354968497,1.0,0,1,mouse
SYNTHETIC DEMONSTRATION ONLY - NOT HUMAN EXPERIMENT RESULTS,1165560,C,1,1298.6492741830752,1.0,0,1,mouse
SYNTHETIC DEMONSTRATION ONLY - NOT HUMAN EXPERIMENT RESULTS,1165580,C,1,1298.7811320661046,1.0,0,1,mouse
SYNTHETIC DEMONSTRATION ONLY - NOT HUMAN EXPERIMENT RESULTS,1165600,C,1,1298.9130072719454,1.0,0,1,mouse
SYNTHETIC DEMONSTRATION ONLY - NOT HUMAN EXPERIMENT RESULTS,1165620,C,1,1299.0448979263588,1.0,0,1,mouse
SYNTHETIC DEMONSTRATION ONLY - NOT HUMAN EXPERIMENT RESULTS,1165640,C,1,1299.176802154887,1.0,0,1,mouse
SYNTHETIC DEMONSTRATION ONLY - NOT HUMAN EXPERIMENT RESULTS,1165660,C,1,1299.3087180828784,1.0,0,1,mouse
SYNTHETIC DEMONSTRATION ONLY - NOT HUMAN EXPERIMENT RESULTS,1165680,C,1,1299.440643835516,1.0,0,1,mouse
SYNTHETIC DEMONSTRATION ONLY - NOT HUMAN EXPERIMENT RESULTS,1165700,C,1,1299.5725775378432,1.0,0,1,mouse
SYNTHETIC DEMONSTRATION ONLY - NOT HUMAN EXPERIMENT RESULTS,1165720,C,1,1299.7045173147894,1.0,0,1,mouse
SYNTHETIC DEMONSTRATION ONLY - NOT HUMAN EXPERIMENT RESULTS,1165740,C,1,1299.8364612911987,1.0,0,1,mouse
SYNTHETIC DEMONSTRATION ONLY - NOT HUMAN EXPERIMENT RESULTS,1165760,C,1,1299.968407591855,1.0,0,1,mouse
SYNTHETIC DEMONSTRATION ONLY - NOT HUMAN EXPERIMENT RESULTS,1165780,C,1,1300.1003543415093,1.0,0,1,mouse
SYNTHETIC DEMONSTRATION ONLY - NOT HUMAN EXPERIMENT RESULTS,1165800,C,1,1300.2322996649066,1.0,0,1,mouse
SYNTHETIC DEMONSTRATION ONLY - NOT HUMAN EXPERIMENT RESULTS,1165820,C,1,1300.364241686811,1.0,0,1,mouse
SYNTHETIC DEMONSTRATION ONLY - NOT HUMAN EXPERIMENT RESULTS,1165840,C,1,1300.496178532035,1.0,0,1,mouse
SYNTHETIC DEMONSTRATION ONLY - NOT HUMAN EXPERIMENT RESULTS,1165860,C,1,1300.628108325464,1.0,0,1,mouse
SYNTHETIC DEMONSTRATION ONLY - NOT HUMAN EXPERIMENT RESULTS,1165880,C,1,1300.7600291920828,1.0,0,1,mouse
SYNTHETIC DEMONSTRATION ONLY - NOT HUMAN EXPERIMENT RESULTS,1165900,C,1,1300.8919392570049,1.0,0,1,mouse
SYNTHETIC DEMONSTRATION ONLY - NOT HUMAN EXPERIMENT RESULTS,1165920,C,1,1301.023836645496,1.0,0,1,mouse
SYNTHETIC DEMONSTRATION ONLY - NOT HUMAN EXPERIMENT RESULTS,1165940,C,1,1301.1557194830016,1.0,0,1,mouse
SYNTHETIC DEMONSTRATION ONLY - NOT HUMAN EXPERIMENT RESULTS,1165960,C,1,1301.2875858951754,1.0,0,1,mouse
SYNTHETIC DEMONSTRATION ONLY - NOT HUMAN EXPERIMENT RESULTS,1165980,C,1,1301.4194340079034,1.0,0,1,mouse
SYNTHETIC DEMONSTRATION ONLY - NOT HUMAN EXPERIMENT RESULTS,1166000,C,1,1301.5512619473325,1.0,0,1,mouse
SYNTHETIC DEMONSTRATION ONLY - NOT HUMAN EXPERIMENT RESULTS,1166020,C,1,1301.6830678398956,1.0,0,1,mouse
SYNTHETIC DEMONSTRATION ONLY - NOT HUMAN EXPERIMENT RESULTS,1166040,C,1,1301.814849812339,1.0,0,1,mouse
SYNTHETIC DEMONSTRATION ONLY - NOT HUMAN EXPERIMENT RESULTS,1166060,C,1,1301.9466059917495,1.0,0,1,mouse
SYNTHETIC DEMONSTRATION ONLY - NOT HUMAN EXPERIMENT RESULTS,1166080,C,1,1302.07833450558,1.0,0,1,mouse
SYNTHETIC DEMONSTRATION ONLY - NOT HUMAN EXPERIMENT RESULTS,1166100,C,1,1302.2100334816766,1.0,0,1,mouse
SYNTHETIC DEMONSTRATION ONLY - NOT HUMAN EXPERIMENT RESULTS,1166120,C,1,1302.3417010483058,1.0,0,1,mouse
SYNTHETIC DEMONSTRATION ONLY - NOT HUMAN EXPERIMENT RESULTS,1166140,C,1,1302.4733353341796,1.0,0,1,mouse
SYNTHETIC DEMONSTRATION ONLY - NOT HUMAN EXPERIMENT RESULTS,1166160,C,1,1302.6049344684836,1.0,0,1,mouse
SYNTHETIC DEMONSTRATION ONLY - NOT HUMAN EXPERIMENT RESULTS,1166180,C,1,1302.736496580903,1.0,0,1,mouse
SYNTHETIC DEMONSTRATION ONLY - NOT HUMAN EXPERIMENT RESULTS,1166200,C,1,1302.8680198016484,1.0,0,1,mouse
SYNTHETIC DEMONSTRATION ONLY - NOT HUMAN EXPERIMENT RESULTS,1166220,C,1,1302.999502261484,1.0,0,1,mouse
SYNTHETIC DEMONSTRATION ONLY - NOT HUMAN EXPERIMENT RESULTS,1166240,C,1,1303.1309420917532,1.0,0,1,mouse
SYNTHETIC DEMONSTRATION ONLY - NOT HUMAN EXPERIMENT RESULTS,1166260,C,1,1303.2623374244047,1.0,0,1,mouse
SYNTHETIC DEMONSTRATION ONLY - NOT HUMAN EXPERIMENT RESULTS,1166280,C,1,1303.3936863920205,1.0,0,1,mouse
SYNTHETIC DEMONSTRATION ONLY - NOT HUMAN EXPERIMENT RESULTS,1166300,C,1,1303.5249871278406,1.0,0,1,mouse
SYNTHETIC DEMONSTRATION ONLY - NOT HUMAN EXPERIMENT RESULTS,1166320,C,1,1303.656237765791,1.0,0,1,mouse
SYNTHETIC DEMONSTRATION ONLY - NOT HUMAN EXPERIMENT RESULTS,1166340,C,1,1303.7874364405097,1.0,0,1,mouse
SYNTHETIC DEMONSTRATION ONLY - NOT HUMAN EXPERIMENT RESULTS,1166360,C,1,1303.9185812873732,1.0,0,1,mouse
SYNTHETIC DEMONSTRATION ONLY - NOT HUMAN EXPERIMENT RESULTS,1166380,C,1,1304.0496704425225,1.0,0,1,mouse
SYNTHETIC DEMONSTRATION ONLY - NOT HUMAN EXPERIMENT RESULTS,1166400,C,1,1304.1807020428912,1.0,0,1,mouse
SYNTHETIC DEMONSTRATION ONLY - NOT HUMAN EXPERIMENT RESULTS,1166420,C,1,1304.3116742262298,1.0,0,1,mouse
SYNTHETIC DEMONSTRATION ONLY - NOT HUMAN EXPERIMENT RESULTS,1166440,C,1,1304.4425851311335,1.0,0,1,mouse
SYNTHETIC DEMONSTRATION ONLY - NOT HUMAN EXPERIMENT RESULTS,1166460,C,1,1304.5734328970689,1.0,0,1,mouse
SYNTHETIC DEMONSTRATION ONLY - NOT HUMAN EXPERIMENT RESULTS,1166480,C,1,1304.7042156643993,1.0,0,1,mouse
SYNTHETIC DEMONSTRATION ONLY - NOT HUMAN EXPERIMENT RESULTS,1166500,C,1,1304.8349315744126,1.0,0,1,mouse
SYNTHETIC DEMONSTRATION ONLY - NOT HUMAN EXPERIMENT RESULTS,1166520,C,1,1304.9655787693462,1.0,0,1,mouse
SYNTHETIC DEMONSTRATION ONLY - NOT HUMAN EXPERIMENT RESULTS,1166540,C,1,1305.0961553924137,1.0,0,1,mouse
SYNTHETIC DEMONSTRATION ONLY - NOT HUMAN EXPERIMENT RESULTS,1166560,C,1,1305.2266595878332,1.0,0,1,mouse
SYNTHETIC DEMONSTRATION ONLY - NOT HUMAN EXPERIMENT RESULTS,1166580,C,1,1305.3570895008506,1.0,0,1,mouse
SYNTHETIC DEMONSTRATION ONLY - NOT HUMAN EXPERIMENT RESULTS,1166600,C,1,1305.4874432777679,1.0,0,1,mouse
SYNTHETIC DEMONSTRATION ONLY - NOT HUMAN EXPERIMENT RESULTS,1166620,C,1,1305.61771906597,1.0,0,1,mouse
SYNTHETIC DEMONSTRATION ONLY - NOT HUMAN EXPERIMENT RESULTS,1166640,C,1,1305.7479150139495,1.0,0,1,mouse
SYNTHETIC DEMONSTRATION ONLY - NOT HUMAN EXPERIMENT RESULTS,1166660,C,1,1305.8780292713332,1.0,0,1,mouse
SYNTHETIC DEMONSTRATION ONLY - NOT HUMAN EXPERIMENT RESULTS,1166680,C,1,1306.0080599889102,1.0,0,1,mouse
SYNTHETIC DEMONSTRATION ONLY - NOT HUMAN EXPERIMENT RESULTS,1166700,C,1,1306.1380053186558,1.0,0,1,mouse
SYNTHETIC DEMONSTRATION ONLY - NOT HUMAN EXPERIMENT RESULTS,1166720,C,1,1306.2678634137594,1.0,0,1,mouse
SYNTHETIC DEMONSTRATION ONLY - NOT HUMAN EXPERIMENT RESULTS,1166740,C,1,1306.3976324286498,1.0,0,1,mouse
SYNTHETIC DEMONSTRATION ONLY - NOT HUMAN EXPERIMENT RESULTS,1166760,C,1,1306.5273105190222,1.0,0,1,mouse
SYNTHETIC DEMONSTRATION ONLY - NOT HUMAN EXPERIMENT RESULTS,1166780,C,1,1306.656895841864,1.0,0,1,mouse
SYNTHETIC DEMONSTRATION ONLY - NOT HUMAN EXPERIMENT RESULTS,1166800,C,1,1306.786386555481,1.0,0,1,mouse
SYNTHETIC DEMONSTRATION ONLY - NOT HUMAN EXPERIMENT RESULTS,1166820,C,1,1306.9157808195228,1.0,0,1,mouse
SYNTHETIC DEMONSTRATION ONLY - NOT HUMAN EXPERIMENT RESULTS,1166840,C,1,1307.0450767950115,1.0,0,1,mouse
SYNTHETIC DEMONSTRATION ONLY - NOT HUMAN EXPERIMENT RESULTS,1166860,C,1,1307.1742726443642,1.0,0,1,mouse
SYNTHETIC DEMONSTRATION ONLY - NOT HUMAN EXPERIMENT RESULTS,1166880,C,1,1307.3033665314226,1.0,0,1,mouse
SYNTHETIC DEMONSTRATION ONLY - NOT HUMAN EXPERIMENT RESULTS,1166900,C,1,1307.4323566214766,1.0,0,1,mouse
SYNTHETIC DEMONSTRATION ONLY - NOT HUMAN EXPERIMENT RESULTS,1166920,C,1,1307.5612410812914,1.0,0,1,mouse
SYNTHETIC DEMONSTRATION ONLY - NOT HUMAN EXPERIMENT RESULTS,1166940,C,1,1307.6900180791336,1.0,0,1,mouse
SYNTHETIC DEMONSTRATION ONLY - NOT HUMAN EXPERIMENT RESULTS,1166960,C,1,1307.818685784797,1.0,0,1,mouse
SYNTHETIC DEMONSTRATION ONLY - NOT HUMAN EXPERIMENT RESULTS,1166980,C,1,1307.9472423696286,1.0,0,1,mouse
SYNTHETIC DEMONSTRATION ONLY - NOT HUMAN EXPERIMENT RESULTS,1167000,C,1,1308.075686006555,1.0,0,1,mouse
SYNTHETIC DEMONSTRATION ONLY - NOT HUMAN EXPERIMENT RESULTS,1167020,C,1,1308.2040148701076,1.0,0,1,mouse
SYNTHETIC DEMONSTRATION ONLY - NOT HUMAN EXPERIMENT RESULTS,1167040,C,1,1308.3322271364493,1.0,0,1,mouse
SYNTHETIC DEMONSTRATION ONLY - NOT HUMAN EXPERIMENT RESULTS,1167060,C,1,1308.4603209834,1.0,0,1,mouse
SYNTHETIC DEMONSTRATION ONLY - NOT HUMAN EXPERIMENT RESULTS,1167080,C,1,1308.5882945904625,1.0,0,1,mouse
SYNTHETIC DEMONSTRATION ONLY - NOT HUMAN EXPERIMENT RESULTS,1167100,C,1,1308.7161461388487,1.0,0,1,mouse
SYNTHETIC DEMONSTRATION ONLY - NOT HUMAN EXPERIMENT RESULTS,1167120,C,1,1308.8438738115049,1.0,0,1,mouse
SYNTHETIC DEMONSTRATION ONLY - NOT HUMAN EXPERIMENT RESULTS,1167140,C,1,1308.9714757931383,1.0,0,1,mouse
SYNTHETIC DEMONSTRATION ONLY - NOT HUMAN EXPERIMENT RESULTS,1167160,C,1,1309.0989502702423,1.0,0,1,mouse
SYNTHETIC DEMONSTRATION ONLY - NOT HUMAN EXPERIMENT RESULTS,1167180,C,1,1309.2262954311225,1.0,0,1,mouse
SYNTHETIC DEMONSTRATION ONLY - NOT HUMAN EXPERIMENT RESULTS,1167200,C,1,1309.3535094659221,1.0,0,1,mouse
SYNTHETIC DEMONSTRATION ONLY - NOT HUMAN EXPERIMENT RESULTS,1167220,C,1,1309.4805905666478,1.0,0,1,mouse
SYNTHETIC DEMONSTRATION ONLY - NOT HUMAN EXPERIMENT RESULTS,1167240,C,1,1309.6075369271966,1.0,0,1,mouse
SYNTHETIC DEMONSTRATION ONLY - NOT HUMAN EXPERIMENT RESULTS,1167260,C,1,1309.7343467433793,1.0,0,1,mouse
SYNTHETIC DEMONSTRATION ONLY - NOT HUMAN EXPERIMENT RESULTS,1167280,C,1,1309.8610182129478,1.0,0,1,mouse
SYNTHETIC DEMONSTRATION ONLY - NOT HUMAN EXPERIMENT RESULTS,1167300,C,1,1309.98754953562,1.0,0,1,mouse
SYNTHETIC DEMONSTRATION ONLY - NOT HUMAN EXPERIMENT RESULTS,1167320,C,1,1310.1139389131056,1.0,0,1,mouse
SYNTHETIC DEMONSTRATION ONLY - NOT HUMAN EXPERIMENT RESULTS,1167340,C,1,1310.2401845491322,1.0,0,1,mouse
SYNTHETIC DEMONSTRATION ONLY - NOT HUMAN EXPERIMENT RESULTS,1167360,C,1,1310.36628464947,1.0,0,1,mouse
SYNTHETIC DEMONSTRATION ONLY - NOT HUMAN EXPERIMENT RESULTS,1167380,C,1,1310.4922374219564,1.0,0,1,mouse
SYNTHETIC DEMONSTRATION ONLY - NOT HUMAN EXPERIMENT RESULTS,1167400,C,1,1310.6180410765248,1.0,0,1,mouse
SYNTHETIC DEMONSTRATION ONLY - NOT HUMAN EXPERIMENT RESULTS,1167420,C,1,1310.7436938252265,1.0,0,1,mouse
SYNTHETIC DEMONSTRATION ONLY - NOT HUMAN EXPERIMENT RESULTS,1167440,C,1,1310.8691938822574,1.0,0,1,mouse
SYNTHETIC DEMONSTRATION ONLY - NOT HUMAN EXPERIMENT RESULTS,1167460,C,1,1310.9945394639844,1.0,0,1,mouse
SYNTHETIC DEMONSTRATION ONLY - NOT HUMAN EXPERIMENT RESULTS,1167480,C,1,1311.119728788969,1.0,0,1,mouse
SYNTHETIC DEMONSTRATION ONLY - NOT HUMAN EXPERIMENT RESULTS,1167500,C,1,1311.2447600779942,1.0,0,1,mouse
SYNTHETIC DEMONSTRATION ONLY - NOT HUMAN EXPERIMENT RESULTS,1167520,C,1,1311.3696315540883,1.0,0,1,mouse
SYNTHETIC DEMONSTRATION ONLY - NOT HUMAN EXPERIMENT RESULTS,1167540,C,1,1311.494341442551,1.0,0,1,mouse
SYNTHETIC DEMONSTRATION ONLY - NOT HUMAN EXPERIMENT RESULTS,1167560,C,1,1311.6188879709794,1.0,0,1,mouse
SYNTHETIC DEMONSTRATION ONLY - NOT HUMAN EXPERIMENT RESULTS,1167580,C,1,1311.7432693692913,1.0,0,1,mouse
SYNTHETIC DEMONSTRATION ONLY - NOT HUMAN EXPERIMENT RESULTS,1167600,C,1,1311.8674838697511,1.0,0,1,mouse
SYNTHETIC DEMONSTRATION ONLY - NOT HUMAN EXPERIMENT RESULTS,1167620,C,1,1311.991529706997,1.0,0,1,mouse
SYNTHETIC DEMONSTRATION ONLY - NOT HUMAN EXPERIMENT RESULTS,1167640,C,1,1312.1154051180622,1.0,0,1,mouse
SYNTHETIC DEMONSTRATION ONLY - NOT HUMAN EXPERIMENT RESULTS,1167660,C,1,1312.239108342403,1.0,0,1,mouse
SYNTHETIC DEMONSTRATION ONLY - NOT HUMAN EXPERIMENT RESULTS,1167680,C,1,1312.362637621923,1.0,0,1,mouse
SYNTHETIC DEMONSTRATION ONLY - NOT HUMAN EXPERIMENT RESULTS,1167700,C,1,1312.485991200998,1.0,0,1,mouse
SYNTHETIC DEMONSTRATION ONLY - NOT HUMAN EXPERIMENT RESULTS,1167720,C,1,1312.6091673264996,1.0,0,1,mouse
SYNTHETIC DEMONSTRATION ONLY - NOT HUMAN EXPERIMENT RESULTS,1167740,C,1,1312.7321642478234,1.0,0,1,mouse
SYNTHETIC DEMONSTRATION ONLY - NOT HUMAN EXPERIMENT RESULTS,1167760,C,1,1312.8549802169105,1.0,0,1,mouse
SYNTHETIC DEMONSTRATION ONLY - NOT HUMAN EXPERIMENT RESULTS,1167780,C,1,1312.977613488274,1.0,0,1,mouse
SYNTHETIC DEMONSTRATION ONLY - NOT HUMAN EXPERIMENT RESULTS,1167800,C,1,1313.1000623190241,1.0,0,1,mouse
SYNTHETIC DEMONSTRATION ONLY - NOT HUMAN EXPERIMENT RESULTS,1167820,C,1,1313.2223249688914,1.0,0,1,mouse
SYNTHETIC DEMONSTRATION ONLY - NOT HUMAN EXPERIMENT RESULTS,1167840,C,1,1313.3443997002532,1.0,0,1,mouse
SYNTHETIC DEMONSTRATION ONLY - NOT HUMAN EXPERIMENT RESULTS,1167860,C,1,1313.4662847781576,1.0,0,1,mouse
SYNTHETIC DEMONSTRATION ONLY - NOT HUMAN EXPERIMENT RESULTS,1167880,C,1,1313.5879784703473,1.0,0,1,mouse
SYNTHETIC DEMONSTRATION ONLY - NOT HUMAN EXPERIMENT RESULTS,1167900,C,1,1313.7094790472859,1.0,0,1,mouse
SYNTHETIC DEMONSTRATION ONLY - NOT HUMAN EXPERIMENT RESULTS,1167920,C,1,1313.8307847821814,1.0,0,1,mouse
SYNTHETIC DEMONSTRATION ONLY - NOT HUMAN EXPERIMENT RESULTS,1167940,C,1,1313.9518939510106,1.0,0,1,mouse
SYNTHETIC DEMONSTRATION ONLY - NOT HUMAN EXPERIMENT RESULTS,1167960,C,1,1314.072804832544,1.0,0,1,mouse
SYNTHETIC DEMONSTRATION ONLY - NOT HUMAN EXPERIMENT RESULTS,1167980,C,1,1314.1935157083706,1.0,0,1,mouse
SYNTHETIC DEMONSTRATION ONLY - NOT HUMAN EXPERIMENT RESULTS,1168000,C,1,1314.3140248629215,1.0,0,1,mouse
SYNTHETIC DEMONSTRATION ONLY - NOT HUMAN EXPERIMENT RESULTS,1168020,C,1,1314.4343305834952,1.0,0,1,mouse
SYNTHETIC DEMONSTRATION ONLY - NOT HUMAN EXPERIMENT RESULTS,1168040,C,1,1314.5544311602805,1.0,0,1,mouse
SYNTHETIC DEMONSTRATION ONLY - NOT HUMAN EXPERIMENT RESULTS,1168060,C,1,1314.674324886383,1.0,0,1,mouse
SYNTHETIC DEMONSTRATION ONLY - NOT HUMAN EXPERIMENT RESULTS,1168080,C,1,1314.794010057847,1.0,0,1,mouse
SYNTHETIC DEMONSTRATION ONLY - NOT HUMAN EXPERIMENT RESULTS,1168100,C,1,1314.9134849736813,1.0,0,1,mouse
SYNTHETIC DEMONSTRATION ONLY - NOT HUMAN EXPERIMENT RESULTS,1168120,C,1,1315.0327479358832,1.0,0,1,mouse
SYNTHETIC DEMONSTRATION ONLY - NOT HUMAN EXPERIMENT RESULTS,1168140,C,1,1315.151797249462,1.0,0,1,mouse
SYNTHETIC DEMONSTRATION ONLY - NOT HUMAN EXPERIMENT RESULTS,1168160,C,1,1315.2706312224632,1.0,0,1,mouse
SYNTHETIC DEMONSTRATION ONLY - NOT HUMAN EXPERIMENT RESULTS,1168180,C,1,1315.389248165993,1.0,0,1,mouse
SYNTHETIC DEMONSTRATION ONLY - NOT HUMAN EXPERIMENT RESULTS,1168200,C,1,1315.5076463942423,1.0,0,1,mouse
SYNTHETIC DEMONSTRATION ONLY - NOT HUMAN EXPERIMENT RESULTS,1168220,C,1,1315.62582422451,1.0,0,1,mouse
SYNTHETIC DEMONSTRATION ONLY - NOT HUMAN EXPERIMENT RESULTS,1168240,C,1,1315.7437799772279,1.0,0,1,mouse
SYNTHETIC DEMONSTRATION ONLY - NOT HUMAN EXPERIMENT RESULTS,1168260,C,1,1315.861511975983,1.0,0,1,mouse
SYNTHETIC DEMONSTRATION ONLY - NOT HUMAN EXPERIMENT RESULTS,1168280,C,1,1315.9790185475435,1.0,0,1,mouse
SYNTHETIC DEMONSTRATION ONLY - NOT HUMAN EXPERIMENT RESULTS,1168300,C,1,1316.0962980218808,1.0,0,1,mouse
SYNTHETIC DEMONSTRATION ONLY - NOT HUMAN EXPERIMENT RESULTS,1168320,C,1,1316.213348732194,1.0,0,1,mouse
SYNTHETIC DEMONSTRATION ONLY - NOT HUMAN EXPERIMENT RESULTS,1168340,C,1,1316.3301690149335,1.0,0,1,mouse
SYNTHETIC DEMONSTRATION ONLY - NOT HUMAN EXPERIMENT RESULTS,1168360,C,1,1316.4467572098242,1.0,0,1,mouse
SYNTHETIC DEMONSTRATION ONLY - NOT HUMAN EXPERIMENT RESULTS,1168380,C,1,1316.56311165989,1.0,0,1,mouse
SYNTHETIC DEMONSTRATION ONLY - NOT HUMAN EXPERIMENT RESULTS,1168400,C,1,1316.6792307114765,1.0,0,1,mouse
SYNTHETIC DEMONSTRATION ONLY - NOT HUMAN EXPERIMENT RESULTS,1168420,C,1,1316.7951127142753,1.0,0,1,mouse
SYNTHETIC DEMONSTRATION ONLY - NOT HUMAN EXPERIMENT RESULTS,1168440,C,1,1316.910756021346,1.0,0,1,mouse
SYNTHETIC DEMONSTRATION ONLY - NOT HUMAN EXPERIMENT RESULTS,1168460,C,1,1317.026158989142,1.0,0,1,mouse
SYNTHETIC DEMONSTRATION ONLY - NOT HUMAN EXPERIMENT RESULTS,1168480,C,1,1317.1413199775309,1.0,0,1,mouse
SYNTHETIC DEMONSTRATION ONLY - NOT HUMAN EXPERIMENT RESULTS,1168500,C,1,1317.2562373498208,1.0,0,1,mouse
SYNTHETIC DEMONSTRATION ONLY - NOT HUMAN EXPERIMENT RESULTS,1168520,C,1,1317.370909472781,1.0,0,1,mouse
SYNTHETIC DEMONSTRATION ONLY - NOT HUMAN EXPERIMENT RESULTS,1168540,C,1,1317.485334716667,1.0,0,1,mouse
SYNTHETIC DEMONSTRATION ONLY - NOT HUMAN EXPERIMENT RESULTS,1168560,C,1,1317.599511455243,1.0,0,1,mouse
SYNTHETIC DEMONSTRATION ONLY - NOT HUMAN EXPERIMENT RESULTS,1168580,C,1,1317.7134380658044,1.0,0,1,mouse
SYNTHETIC DEMONSTRATION ONLY - NOT HUMAN EXPERIMENT RESULTS,1168600,C,1,1317.827112929202,1.0,0,1,mouse
SYNTHETIC DEMONSTRATION ONLY - NOT HUMAN EXPERIMENT RESULTS,1168620,C,1,1317.9405344298648,1.0,0,1,mouse
SYNTHETIC DEMONSTRATION ONLY - NOT HUMAN EXPERIMENT RESULTS,1168640,C,1,1318.0537009558216,1.0,0,1,mouse
SYNTHETIC DEMONSTRATION ONLY - NOT HUMAN EXPERIMENT RESULTS,1168660,C,1,1318.1666108987258,1.0,0,1,mouse
SYNTHETIC DEMONSTRATION ONLY - NOT HUMAN EXPERIMENT RESULTS,1168680,C,1,1318.2792626538776,1.0,0,1,mouse
SYNTHETIC DEMONSTRATION ONLY - NOT HUMAN EXPERIMENT RESULTS,1168700,C,1,1318.3916546202456,1.0,0,1,mouse
SYNTHETIC DEMONSTRATION ONLY - NOT HUMAN EXPERIMENT RESULTS,1168720,C,1,1318.5037852004914,1.0,0,1,mouse
SYNTHETIC DEMONSTRATION ONLY - NOT HUMAN EXPERIMENT RESULTS,1168740,C,1,1318.6156528009915,1.0,0,1,mouse
SYNTHETIC DEMONSTRATION ONLY - NOT HUMAN EXPERIMENT RESULTS,1168760,C,1,1318.727255831859,1.0,0,1,mouse
SYNTHETIC DEMONSTRATION ONLY - NOT HUMAN EXPERIMENT RESULTS,1168780,C,1,1318.8385927069687,1.0,0,1,mouse
SYNTHETIC DEMONSTRATION ONLY - NOT HUMAN EXPERIMENT RESULTS,1168800,C,1,1318.9496618439766,1.0,0,1,mouse
SYNTHETIC DEMONSTRATION ONLY - NOT HUMAN EXPERIMENT RESULTS,1168820,C,1,1319.0604616643443,1.0,0,1,mouse
SYNTHETIC DEMONSTRATION ONLY - NOT HUMAN EXPERIMENT RESULTS,1168840,C,1,1319.1709905933617,1.0,0,1,mouse
SYNTHETIC DEMONSTRATION ONLY - NOT HUMAN EXPERIMENT RESULTS,1168860,C,1,1319.2812470601675,1.0,0,1,mouse
SYNTHETIC DEMONSTRATION ONLY - NOT HUMAN EXPERIMENT RESULTS,1168880,C,1,1319.391229497773,1.0,0,1,mouse
SYNTHETIC DEMONSTRATION ONLY - NOT HUMAN EXPERIMENT RESULTS,1168900,C,1,1319.5009363430854,1.0,0,1,mouse
SYNTHETIC DEMONSTRATION ONLY - NOT HUMAN EXPERIMENT RESULTS,1168920,C,1,1319.6103660369267,1.0,0,1,mouse
SYNTHETIC DEMONSTRATION ONLY - NOT HUMAN EXPERIMENT RESULTS,1168940,C,1,1319.7195170240589,1.0,0,1,mouse
SYNTHETIC DEMONSTRATION ONLY - NOT HUMAN EXPERIMENT RESULTS,1168960,C,1,1319.8283877532049,1.0,0,1,mouse
SYNTHETIC DEMONSTRATION ONLY - NOT HUMAN EXPERIMENT RESULTS,1168980,C,1,1319.9369766770708,1.0,0,1,mouse
SYNTHETIC DEMONSTRATION ONLY - NOT HUMAN EXPERIMENT RESULTS,1169000,C,1,1320.0452822523675,1.0,0,1,mouse
SYNTHETIC DEMONSTRATION ONLY - NOT HUMAN EXPERIMENT RESULTS,1169020,C,1,1320.153302939833,1.0,0,1,mouse
SYNTHETIC DEMONSTRATION ONLY - NOT HUMAN EXPERIMENT RESULTS,1169040,C,1,1320.2610372042543,1.0,0,1,mouse
SYNTHETIC DEMONSTRATION ONLY - NOT HUMAN EXPERIMENT RESULTS,1169060,C,1,1320.3684835144893,1.0,0,1,mouse
SYNTHETIC DEMONSTRATION ONLY - NOT HUMAN EXPERIMENT RESULTS,1169080,C,1,1320.4756403434874,1.0,0,1,mouse
SYNTHETIC DEMONSTRATION ONLY - NOT HUMAN EXPERIMENT RESULTS,1169100,C,1,1320.5825061683136,1.0,0,1,mouse
SYNTHETIC DEMONSTRATION ONLY - NOT HUMAN EXPERIMENT RESULTS,1169120,C,1,1320.6890794701674,1.0,0,1,mouse
SYNTHETIC DEMONSTRATION ONLY - NOT HUMAN EXPERIMENT RESULTS,1169140,C,1,1320.7953587344068,1.0,0,1,mouse
SYNTHETIC DEMONSTRATION ONLY - NOT HUMAN EXPERIMENT RESULTS,1169160,C,1,1320.9013424505674,1.0,0,1,mouse
SYNTHETIC DEMONSTRATION ONLY - NOT HUMAN EXPERIMENT RESULTS,1169180,C,1,1321.0070291123873,1.0,0,1,mouse
SYNTHETIC DEMONSTRATION ONLY - NOT HUMAN EXPERIMENT RESULTS,1169200,C,1,1321.1124172178238,1.0,0,1,mouse
SYNTHETIC DEMONSTRATION ONLY - NOT HUMAN EXPERIMENT RESULTS,1169220,C,1,1321.2175052690793,1.0,0,1,mouse
SYNTHETIC DEMONSTRATION ONLY - NOT HUMAN EXPERIMENT RESULTS,1169240,C,1,1321.32229177262,1.0,0,1,mouse
SYNTHETIC DEMONSTRATION ONLY - NOT HUMAN EXPERIMENT RESULTS,1169260,C,1,1321.4267752391975,1.0,0,1,mouse
SYNTHETIC DEMONSTRATION ONLY - NOT HUMAN EXPERIMENT RESULTS,1169280,C,1,1321.5309541838706,1.0,0,1,mouse
SYNTHETIC DEMONSTRATION ONLY - NOT HUMAN EXPERIMENT RESULTS,1169300,C,1,1321.634827126026,1.0,0,1,mouse
SYNTHETIC DEMONSTRATION ONLY - NOT HUMAN EXPERIMENT RESULTS,1169320,C,1,1321.7383925893987,1.0,0,1,mouse
SYNTHETIC DEMONSTRATION ONLY - NOT HUMAN EXPERIMENT RESULTS,1169340,C,1,1321.8416491020953,1.0,0,1,mouse
SYNTHETIC DEMONSTRATION ONLY - NOT HUMAN EXPERIMENT RESULTS,1169360,C,1,1321.944595196611,1.0,0,1,mouse
SYNTHETIC DEMONSTRATION ONLY - NOT HUMAN EXPERIMENT RESULTS,1169380,C,1,1322.0472294098547,1.0,0,1,mouse
SYNTHETIC DEMONSTRATION ONLY - NOT HUMAN EXPERIMENT RESULTS,1169400,C,1,1322.149550283167,1.0,0,1,mouse
SYNTHETIC DEMONSTRATION ONLY - NOT HUMAN EXPERIMENT RESULTS,1169420,C,1,1322.2515563623415,1.0,0,1,mouse
SYNTHETIC DEMONSTRATION ONLY - NOT HUMAN EXPERIMENT RESULTS,1169440,C,1,1322.3532461976458,1.0,0,1,mouse
SYNTHETIC DEMONSTRATION ONLY - NOT HUMAN EXPERIMENT RESULTS,1169460,C,1,1322.454618343843,1.0,0,1,mouse
SYNTHETIC DEMONSTRATION ONLY - NOT HUMAN EXPERIMENT RESULTS,1169480,C,1,1322.55567136021,1.0,0,1,mouse
SYNTHETIC DEMONSTRATION ONLY - NOT HUMAN EXPERIMENT RESULTS,1169500,C,1,1322.65640381056,1.0,0,1,mouse
SYNTHETIC DEMONSTRATION ONLY - NOT HUMAN EXPERIMENT RESULTS,1169520,C,1,1322.7568142632617,1.0,0,1,mouse
SYNTHETIC DEMONSTRATION ONLY - NOT HUMAN EXPERIMENT RESULTS,1169540,C,1,1322.8569012912603,1.0,0,1,mouse
SYNTHETIC DEMONSTRATION ONLY - NOT HUMAN EXPERIMENT RESULTS,1169560,C,1,1322.9566634720977,1.0,0,1,mouse
SYNTHETIC DEMONSTRATION ONLY - NOT HUMAN EXPERIMENT RESULTS,1169580,C,1,1323.0560993879326,1.0,0,1,mouse
SYNTHETIC DEMONSTRATION ONLY - NOT HUMAN EXPERIMENT RESULTS,1169600,C,1,1323.1552076255603,1.0,0,1,mouse
SYNTHETIC DEMONSTRATION ONLY - NOT HUMAN EXPERIMENT RESULTS,1169620,C,1,1323.2539867764335,1.0,0,1,mouse
SYNTHETIC DEMONSTRATION ONLY - NOT HUMAN EXPERIMENT RESULTS,1169640,C,1,1323.3524354366818,1.0,0,1,mouse
SYNTHETIC DEMONSTRATION ONLY - NOT HUMAN EXPERIMENT RESULTS,1169660,C,1,1323.4505522071318,1.0,0,1,mouse
SYNTHETIC DEMONSTRATION ONLY - NOT HUMAN EXPERIMENT RESULTS,1169680,C,1,1323.5483356933269,1.0,0,1,mouse
SYNTHETIC DEMONSTRATION ONLY - NOT HUMAN EXPERIMENT RESULTS,1169700,C,1,1323.6457845055475,1.0,0,1,mouse
SYNTHETIC DEMONSTRATION ONLY - NOT HUMAN EXPERIMENT RESULTS,1169720,C,1,1323.7428972588302,1.0,0,1,mouse
SYNTHETIC DEMONSTRATION ONLY - NOT HUMAN EXPERIMENT RESULTS,1169740,C,1,1323.8396725729879,1.0,0,1,mouse
SYNTHETIC DEMONSTRATION ONLY - NOT HUMAN EXPERIMENT RESULTS,1169760,C,1,1323.9361090726288,1.0,0,1,mouse
SYNTHETIC DEMONSTRATION ONLY - NOT HUMAN EXPERIMENT RESULTS,1169780,C,1,1324.0322053871776,1.0,0,1,mouse
SYNTHETIC DEMONSTRATION ONLY - NOT HUMAN EXPERIMENT RESULTS,1169800,C,1,1324.1279601508922,1.0,0,1,mouse
SYNTHETIC DEMONSTRATION ONLY - NOT HUMAN EXPERIMENT RESULTS,1169820,C,1,1324.2233720028855,1.0,0,1,mouse
SYNTHETIC DEMONSTRATION ONLY - NOT HUMAN EXPERIMENT RESULTS,1169840,C,1,1324.3184395871442,1.0,0,1,mouse
SYNTHETIC DEMONSTRATION ONLY - NOT HUMAN EXPERIMENT RESULTS,1169860,C,1,1324.4131615525475,1.0,0,1,mouse
SYNTHETIC DEMONSTRATION ONLY - NOT HUMAN EXPERIMENT RESULTS,1169880,C,1,1324.5075365528862,1.0,0,1,mouse
SYNTHETIC DEMONSTRATION ONLY - NOT HUMAN EXPERIMENT RESULTS,1169900,C,1,1324.6015632468834,1.0,0,1,mouse
SYNTHETIC DEMONSTRATION ONLY - NOT HUMAN EXPERIMENT RESULTS,1169920,C,1,1324.6952402982108,1.0,0,1,mouse
SYNTHETIC DEMONSTRATION ONLY - NOT HUMAN EXPERIMENT RESULTS,1169940,C,1,1324.7885663755105,1.0,0,1,mouse
SYNTHETIC DEMONSTRATION ONLY - NOT HUMAN EXPERIMENT RESULTS,1169960,C,1,1324.8815401524125,1.0,0,1,mouse
SYNTHETIC DEMONSTRATION ONLY - NOT HUMAN EXPERIMENT RESULTS,1169980,C,1,1324.9741603075533,1.0,0,1,mouse
SYNTHETIC DEMONSTRATION ONLY - NOT HUMAN EXPERIMENT RESULTS,1170000,C,1,1325.0664255245958,1.0,0,1,mouse
SYNTHETIC DEMONSTRATION ONLY - NOT HUMAN EXPERIMENT RESULTS,1170020,C,1,1325.1583344922474,1.0,0,1,mouse
SYNTHETIC DEMONSTRATION ONLY - NOT HUMAN EXPERIMENT RESULTS,1170040,C,1,1325.249885904277,1.0,0,1,mouse
SYNTHETIC DEMONSTRATION ONLY - NOT HUMAN EXPERIMENT RESULTS,1170060,C,1,1325.3410784595376,1.0,0,1,mouse
SYNTHETIC DEMONSTRATION ONLY - NOT HUMAN EXPERIMENT RESULTS,1170080,C,1,1325.4319108619807,1.0,0,1,mouse
SYNTHETIC DEMONSTRATION ONLY - NOT HUMAN EXPERIMENT RESULTS,1170100,C,1,1325.5223818206766,1.0,0,1,mouse
SYNTHETIC DEMONSTRATION ONLY - NOT HUMAN EXPERIMENT RESULTS,1170120,C,1,1325.612490049833,1.0,0,1,mouse
SYNTHETIC DEMONSTRATION ONLY - NOT HUMAN EXPERIMENT RESULTS,1170140,C,1,1325.7022342688124,1.0,0,1,mouse
SYNTHETIC DEMONSTRATION ONLY - NOT HUMAN EXPERIMENT RESULTS,1170160,C,1,1325.7916132021505,1.0,0,1,mouse
SYNTHETIC DEMONSTRATION ONLY - NOT HUMAN EXPERIMENT RESULTS,1170180,C,1,1325.8806255795757,1.0,0,1,mouse
SYNTHETIC DEMONSTRATION ONLY - NOT HUMAN EXPERIMENT RESULTS,1170200,C,1,1325.969270136024,1.0,0,1,mouse
SYNTHETIC DEMONSTRATION ONLY - NOT HUMAN EXPERIMENT RESULTS,1170220,C,1,1326.057545611661,1.0,0,1,mouse
SYNTHETIC DEMONSTRATION ONLY - NOT HUMAN EXPERIMENT RESULTS,1170240,C,1,1326.145450751896,1.0,0,1,mouse
SYNTHETIC DEMONSTRATION ONLY - NOT HUMAN EXPERIMENT RESULTS,1170260,C,1,1326.2329843074028,1.0,0,1,mouse
SYNTHETIC DEMONSTRATION ONLY - NOT HUMAN EXPERIMENT RESULTS,1170280,C,1,1326.3201450341357,1.0,0,1,mouse
SYNTHETIC DEMONSTRATION ONLY - NOT HUMAN EXPERIMENT RESULTS,1170300,C,1,1326.4069316933483,1.0,0,1,mouse
SYNTHETIC DEMONSTRATION ONLY - NOT HUMAN EXPERIMENT RESULTS,1170320,C,1,1326.493343051609,1.0,0,1,mouse
SYNTHETIC DEMONSTRATION ONLY - NOT HUMAN EXPERIMENT RESULTS,1170340,C,1,1326.5793778808222,1.0,0,1,mouse
SYNTHETIC DEMONSTRATION ONLY - NOT HUMAN EXPERIMENT RESULTS,1170360,C,1,1326.6650349582421,1.0,0,1,mouse
SYNTHETIC DEMONSTRATION ONLY - NOT HUMAN EXPERIMENT RESULTS,1170380,C,1,1326.7503130664918,1.0,0,1,mouse
SYNTHETIC DEMONSTRATION ONLY - NOT HUMAN EXPERIMENT RESULTS,1170400,C,1,1326.835210993581,1.0,0,1,mouse
SYNTHETIC DEMONSTRATION ONLY - NOT HUMAN EXPERIMENT RESULTS,1170420,C,1,1326.9197275329223,1.0,0,1,mouse
SYNTHETIC DEMONSTRATION ONLY - NOT HUMAN EXPERIMENT RESULTS,1170440,C,1,1327.0038614833481,1.0,0,1,mouse
SYNTHETIC DEMONSTRATION ONLY - NOT HUMAN EXPERIMENT RESULTS,1170460,C,1,1327.0876116491293,1.0,0,1,mouse
SYNTHETIC DEMONSTRATION ONLY - NOT HUMAN EXPERIMENT RESULTS,1170480,C,1,1327.17097683999,1.0,0,1,mouse
SYNTHETIC DEMONSTRATION ONLY - NOT HUMAN EXPERIMENT RESULTS,1170500,C,1,1327.2539558711271,1.0,0,1,mouse
SYNTHETIC DEMONSTRATION ONLY - NOT HUMAN EXPERIMENT RESULTS,1170520,C,1,1327.3365475632245,1.0,0,1,mouse
SYNTHETIC DEMONSTRATION ONLY - NOT HUMAN EXPERIMENT RESULTS,1170540,C,1,1327.4187507424713,1.0,0,1,mouse
SYNTHETIC DEMONSTRATION ONLY - NOT HUMAN EXPERIMENT RESULTS,1170560,C,1,1327.5005642405783,1.0,0,1,mouse
SYNTHETIC DEMONSTRATION ONLY - NOT HUMAN EXPERIMENT RESULTS,1170580,C,1,1327.5819868947951,1.0,0,1,mouse
SYNTHETIC DEMONSTRATION ONLY - NOT HUMAN EXPERIMENT RESULTS,1170600,C,1,1327.6630175479252,1.0,0,1,mouse
SYNTHETIC DEMONSTRATION ONLY - NOT HUMAN EXPERIMENT RESULTS,1170620,C,1,1327.7436550483435,1.0,0,1,mouse
SYNTHETIC DEMONSTRATION ONLY - NOT HUMAN EXPERIMENT RESULTS,1170640,C,1,1327.8238982500131,1.0,0,1,mouse
SYNTHETIC DEMONSTRATION ONLY - NOT HUMAN EXPERIMENT RESULTS,1170660,C,1,1327.9037460125,1.0,0,1,mouse
SYNTHETIC DEMONSTRATION ONLY - NOT HUMAN EXPERIMENT RESULTS,1170680,C,1,1327.983197200991,1.0,0,1,mouse
SYNTHETIC DEMONSTRATION ONLY - NOT HUMAN EXPERIMENT RESULTS,1170700,C,1,1328.062250686309,1.0,0,1,mouse
SYNTHETIC DEMONSTRATION ONLY - NOT HUMAN EXPERIMENT RESULTS,1170720,C,1,1328.1409053449288,1.0,0,1,mouse
SYNTHETIC DEMONSTRATION ONLY - NOT HUMAN EXPERIMENT RESULTS,1170740,C,1,1328.2191600589933,1.0,0,1,mouse
SYNTHETIC DEMONSTRATION ONLY - NOT HUMAN EXPERIMENT RESULTS,1170760,C,1,1328.2970137163304,1.0,0,1,mouse
SYNTHETIC DEMONSTRATION ONLY - NOT HUMAN EXPERIMENT RESULTS,1170780,C,1,1328.374465210467,1.0,0,1,mouse
SYNTHETIC DEMONSTRATION ONLY - NOT HUMAN EXPERIMENT RESULTS,1170800,C,1,1328.4515134406458,1.0,0,1,mouse
SYNTHETIC DEMONSTRATION ONLY - NOT HUMAN EXPERIMENT RESULTS,1170820,C,1,1328.5281573118411,1.0,0,1,mouse
SYNTHETIC DEMONSTRATION ONLY - NOT HUMAN EXPERIMENT RESULTS,1170840,C,1,1328.6043957347738,1.0,0,1,mouse
SYNTHETIC DEMONSTRATION ONLY - NOT HUMAN EXPERIMENT RESULTS,1170860,C,1,1328.680227625927,1.0,0,1,mouse
SYNTHETIC DEMONSTRATION ONLY - NOT HUMAN EXPERIMENT RESULTS,1170880,C,1,1328.7556519075617,1.0,0,1,mouse
SYNTHETIC DEMONSTRATION ONLY - NOT HUMAN EXPERIMENT RESULTS,1170900,C,1,1328.8306675077322,1.0,0,1,mouse
SYNTHETIC DEMONSTRATION ONLY - NOT HUMAN EXPERIMENT RESULTS,1170920,C,1,1328.9052733603007,1.0,0,1,mouse
SYNTHETIC DEMONSTRATION ONLY - NOT HUMAN EXPERIMENT RESULTS,1170940,C,1,1328.9794684049525,1.0,0,1,mouse
SYNTHETIC DEMONSTRATION ONLY - NOT HUMAN EXPERIMENT RESULTS,1170960,C,1,1329.0532515872123,1.0,0,1,mouse
SYNTHETIC DEMONSTRATION ONLY - NOT HUMAN EXPERIMENT RESULTS,1170980,C,1,1329.1266218584574,1.0,0,1,mouse
SYNTHETIC DEMONSTRATION ONLY - NOT HUMAN EXPERIMENT RESULTS,1171000,C,1,1329.199578175934,1.0,0,1,mouse
SYNTHETIC DEMONSTRATION ONLY - NOT HUMAN EXPERIMENT RESULTS,1171020,C,1,1329.2721195027714,1.0,0,1,mouse
SYNTHETIC DEMONSTRATION ONLY - NOT HUMAN EXPERIMENT RESULTS,1171040,C,1,1329.3442448079963,1.0,0,1,mouse
SYNTHETIC DEMONSTRATION ONLY - NOT HUMAN EXPERIMENT RESULTS,1171060,C,1,1329.4159530665493,1.0,0,1,mouse
SYNTHETIC DEMONSTRATION ONLY - NOT HUMAN EXPERIMENT RESULTS,1171080,C,1,1329.4872432592965,1.0,0,1,mouse
SYNTHETIC DEMONSTRATION ONLY - NOT HUMAN EXPERIMENT RESULTS,1171100,C,1,1329.558114373047,1.0,0,1,mouse
SYNTHETIC DEMONSTRATION ONLY - NOT HUMAN EXPERIMENT RESULTS,1171120,C,1,1329.6285654005653,1.0,0,1,mouse
SYNTHETIC DEMONSTRATION ONLY - NOT HUMAN EXPERIMENT RESULTS,1171140,C,1,1329.698595340586,1.0,0,1,mouse
SYNTHETIC DEMONSTRATION ONLY - NOT HUMAN EXPERIMENT RESULTS,1171160,C,1,1329.768203197829,1.0,0,1,mouse
SYNTHETIC DEMONSTRATION ONLY - NOT HUMAN EXPERIMENT RESULTS,1171180,C,1,1329.8373879830126,1.0,0,1,mouse
SYNTHETIC DEMONSTRATION ONLY - NOT HUMAN EXPERIMENT RESULTS,1171200,C,1,1329.906148712868,1.0,0,1,mouse
SYNTHETIC DEMONSTRATION ONLY - NOT HUMAN EXPERIMENT RESULTS,1171220,C,1,1329.9744844101522,1.0,0,1,mouse
SYNTHETIC DEMONSTRATION ONLY - NOT HUMAN EXPERIMENT RESULTS,1171240,C,1,1330.0423941036645,1.0,0,1,mouse
SYNTHETIC DEMONSTRATION ONLY - NOT HUMAN EXPERIMENT RESULTS,1171260,C,1,1330.1098768282575,1.0,0,1,mouse
SYNTHETIC DEMONSTRATION ONLY - NOT HUMAN EXPERIMENT RESULTS,1171280,C,1,1330.1769316248526,1.0,0,1,mouse
SYNTHETIC DEMONSTRATION ONLY - NOT HUMAN EXPERIMENT RESULTS,1171300,C,1,1330.2435575404525,1.0,0,1,mouse
SYNTHETIC DEMONSTRATION ONLY - NOT HUMAN EXPERIMENT RESULTS,1171320,C,1,1330.3097536281552,1.0,0,1,mouse
SYNTHETIC DEMONSTRATION ONLY - NOT HUMAN EXPERIMENT RESULTS,1171340,C,1,1330.3755189471683,1.0,0,1,mouse
SYNTHETIC DEMONSTRATION ONLY - NOT HUMAN EXPERIMENT RESULTS,1171360,C,1,1330.4408525628207,1.0,0,1,mouse
SYNTHETIC DEMONSTRATION ONLY - NOT HUMAN EXPERIMENT RESULTS,1171380,C,1,1330.5057535465771,1.0,0,1,mouse
SYNTHETIC DEMONSTRATION ONLY - NOT HUMAN EXPERIMENT RESULTS,1171400,C,1,1330.5702209760514,1.0,0,1,mouse
SYNTHETIC DEMONSTRATION ONLY - NOT HUMAN EXPERIMENT RESULTS,1171420,C,1,1330.6342539350178,1.0,0,1,mouse
SYNTHETIC DEMONSTRATION ONLY - NOT HUMAN EXPERIMENT RESULTS,1171440,C,1,1330.697851513427,1.0,0,1,mouse
SYNTHETIC DEMONSTRATION ONLY - NOT HUMAN EXPERIMENT RESULTS,1171460,C,1,1330.7610128074161,1.0,0,1,mouse
SYNTHETIC DEMONSTRATION ONLY - NOT HUMAN EXPERIMENT RESULTS,1171480,C,1,1330.8237369193237,1.0,0,1,mouse
SYNTHETIC DEMONSTRATION ONLY - NOT HUMAN EXPERIMENT RESULTS,1171500,C,1,1330.886022957701,1.0,0,1,mouse
SYNTHETIC DEMONSTRATION ONLY - NOT HUMAN EXPERIMENT RESULTS,1171520,C,1,1330.9478700373259,1.0,0,1,mouse
SYNTHETIC DEMONSTRATION ONLY - NOT HUMAN EXPERIMENT RESULTS,1171540,C,1,1331.009277279214,1.0,0,1,mouse
SYNTHETIC DEMONSTRATION ONLY - NOT HUMAN EXPERIMENT RESULTS,1171560,C,1,1331.0702438106332,1.0,0,1,mouse
SYNTHETIC DEMONSTRATION ONLY - NOT HUMAN EXPERIMENT RESULTS,1171580,C,1,1331.1307687651133,1.0,0,1,mouse
SYNTHETIC DEMONSTRATION ONLY - NOT HUMAN EXPERIMENT RESULTS,1171600,C,1,1331.1908512824614,1.0,0,1,mouse
SYNTHETIC DEMONSTRATION ONLY - NOT HUMAN EXPERIMENT RESULTS,1171620,C,1,1331.2504905087715,1.0,0,1,mouse
SYNTHETIC DEMONSTRATION ONLY - NOT HUMAN EXPERIMENT RESULTS,1171640,C,1,1331.3096855964384,1.0,0,1,mouse
SYNTHETIC DEMONSTRATION ONLY - NOT HUMAN EXPERIMENT RESULTS,1171660,C,1,1331.3684357041689,1.0,0,1,mouse
SYNTHETIC DEMONSTRATION ONLY - NOT HUMAN EXPERIMENT RESULTS,1171680,C,1,1331.4267399969938,1.0,0,1,mouse
SYNTHETIC DEMONSTRATION ONLY - NOT HUMAN EXPERIMENT RESULTS,1171700,C,1,1331.48459764628,1.0,0,1,mouse
SYNTHETIC DEMONSTRATION ONLY - NOT HUMAN EXPERIMENT RESULTS,1171720,C,1,1331.5420078297423,1.0,0,1,mouse
SYNTHETIC DEMONSTRATION ONLY - NOT HUMAN EXPERIMENT RESULTS,1171740,C,1,1331.598969731455,1.0,0,1,mouse
SYNTHETIC DEMONSTRATION ONLY - NOT HUMAN EXPERIMENT RESULTS,1171760,C,1,1331.6554825418634,1.0,0,1,mouse
SYNTHETIC DEMONSTRATION ONLY - NOT HUMAN EXPERIMENT RESULTS,1171780,C,1,1331.7115454577952,1.0,0,1,mouse
SYNTHETIC DEMONSTRATION ONLY - NOT HUMAN EXPERIMENT RESULTS,1171800,C,1,1331.7671576824725,1.0,0,1,mouse
SYNTHETIC DEMONSTRATION ONLY - NOT HUMAN EXPERIMENT RESULTS,1171820,C,1,1331.822318425522,1.0,0,1,mouse
SYNTHETIC DEMONSTRATION ONLY - NOT HUMAN EXPERIMENT RESULTS,1171840,C,1,1331.8770269029883,1.0,0,1,mouse
SYNTHETIC DEMONSTRATION ONLY - NOT HUMAN EXPERIMENT RESULTS,1171860,C,1,1331.931282337342,1.0,0,1,mouse
SYNTHETIC DEMONSTRATION ONLY - NOT HUMAN EXPERIMENT RESULTS,1171880,C,1,1331.9850839574938,1.0,0,1,mouse
SYNTHETIC DEMONSTRATION ONLY - NOT HUMAN EXPERIMENT RESULTS,1171900,C,1,1332.0384309988035,1.0,0,1,mouse
SYNTHETIC DEMONSTRATION ONLY - NOT HUMAN EXPERIMENT RESULTS,1171920,C,1,1332.0913227030912,1.0,0,1,mouse
SYNTHETIC DEMONSTRATION ONLY - NOT HUMAN EXPERIMENT RESULTS,1171940,C,1,1332.1437583186491,1.0,0,1,mouse
SYNTHETIC DEMONSTRATION ONLY - NOT HUMAN EXPERIMENT RESULTS,1171960,C,1,1332.1957371002509,1.0,0,1,mouse
SYNTHETIC DEMONSTRATION ONLY - NOT HUMAN EXPERIMENT RESULTS,1171980,C,1,1332.247258309163,1.0,0,1,mouse
SYNTHETIC DEMONSTRATION ONLY - NOT HUMAN EXPERIMENT RESULTS,1172000,C,1,1332.2983212131553,1.0,0,1,mouse
SYNTHETIC DEMONSTRATION ONLY - NOT HUMAN EXPERIMENT RESULTS,1172020,C,1,1332.3489250865105,1.0,0,1,mouse
SYNTHETIC DEMONSTRATION ONLY - NOT HUMAN EXPERIMENT RESULTS,1172040,C,1,1332.3990692100356,1.0,0,1,mouse
SYNTHETIC DEMONSTRATION ONLY - NOT HUMAN EXPERIMENT RESULTS,1172060,C,1,1332.448752871072,1.0,0,1,mouse
SYNTHETIC DEMONSTRATION ONLY - NOT HUMAN EXPERIMENT RESULTS,1172080,C,1,1332.4979753635043,1.0,0,1,mouse
SYNTHETIC DEMONSTRATION ONLY - NOT HUMAN EXPERIMENT RESULTS,1172100,C,1,1332.5467359877723,1.0,0,1,mouse
SYNTHETIC DEMONSTRATION ONLY - NOT HUMAN EXPERIMENT RESULTS,1172120,C,1,1332.5950340508796,1.0,0,1,mouse
SYNTHETIC DEMONSTRATION ONLY - NOT HUMAN EXPERIMENT RESULTS,1172140,C,1,1332.642868866404,1.0,0,1,mouse
SYNTHETIC DEMONSTRATION ONLY - NOT HUMAN EXPERIMENT RESULTS,1172160,C,1,1332.6902397545064,1.0,0,1,mouse
SYNTHETIC DEMONSTRATION ONLY - NOT HUMAN EXPERIMENT RESULTS,1172180,C,1,1332.7371460419417,1.0,0,1,mouse
SYNTHETIC DEMONSTRATION ONLY - NOT HUMAN EXPERIMENT RESULTS,1172200,C,1,1332.7835870620681,1.0,0,1,mouse
SYNTHETIC DEMONSTRATION ONLY - NOT HUMAN EXPERIMENT RESULTS,1172220,C,1,1332.8295621548557,1.0,0,1,mouse
SYNTHETIC DEMONSTRATION ONLY - NOT HUMAN EXPERIMENT RESULTS,1172240,C,1,1332.8750706668968,1.0,0,1,mouse
SYNTHETIC DEMONSTRATION ONLY - NOT HUMAN EXPERIMENT RESULTS,1172260,C,1,1332.9201119514144,1.0,0,1,mouse
SYNTHETIC DEMONSTRATION ONLY - NOT HUMAN EXPERIMENT RESULTS,1172280,C,1,1332.9646853682723,1.0,0,1,mouse
SYNTHETIC DEMONSTRATION ONLY - NOT HUMAN EXPERIMENT RESULTS,1172300,C,1,1333.0087902839837,1.0,0,1,mouse
SYNTHETIC DEMONSTRATION ONLY - NOT HUMAN EXPERIMENT RESULTS,1172320,C,1,1333.05242607172,1.0,0,1,mouse
SYNTHETIC DEMONSTRATION ONLY - NOT HUMAN EXPERIMENT RESULTS,1172340,C,1,1333.0955921113202,1.0,0,1,mouse
SYNTHETIC DEMONSTRATION ONLY - NOT HUMAN EXPERIMENT RESULTS,1172360,C,1,1333.138287789299,1.0,0,1,mouse
SYNTHETIC DEMONSTRATION ONLY - NOT HUMAN EXPERIMENT RESULTS,1172380,C,1,1333.1805124988568,1.0,0,1,mouse
SYNTHETIC DEMONSTRATION ONLY - NOT HUMAN EXPERIMENT RESULTS,1172400,C,1,1333.2222656398867,1.0,0,1,mouse
SYNTHETIC DEMONSTRATION ONLY - NOT HUMAN EXPERIMENT RESULTS,1172420,C,1,1333.263546618984,1.0,0,1,mouse
SYNTHETIC DEMONSTRATION ONLY - NOT HUMAN EXPERIMENT RESULTS,1172440,C,1,1333.304354849455,1.0,0,1,mouse
SYNTHETIC DEMONSTRATION ONLY - NOT HUMAN EXPERIMENT RESULTS,1172460,C,1,1333.3446897513243,1.0,0,1,mouse
SYNTHETIC DEMONSTRATION ONLY - NOT HUMAN EXPERIMENT RESULTS,1172480,C,1,1333.3845507513433,1.0,0,1,mouse
SYNTHETIC DEMONSTRATION ONLY - NOT HUMAN EXPERIMENT RESULTS,1172500,C,1,1333.4239372829993,1.0,0,1,mouse
SYNTHETIC DEMONSTRATION ONLY - NOT HUMAN EXPERIMENT RESULTS,1172520,C,1,1333.4628487865227,1.0,0,1,mouse
SYNTHETIC DEMONSTRATION ONLY - NOT HUMAN EXPERIMENT RESULTS,1172540,C,1,1333.5012847088944,1.0,0,1,mouse
SYNTHETIC DEMONSTRATION ONLY - NOT HUMAN EXPERIMENT RESULTS,1172560,C,1,1333.5392445038551,1.0,0,1,mouse
SYNTHETIC DEMONSTRATION ONLY - NOT HUMAN EXPERIMENT RESULTS,1172580,C,1,1333.5767276319125,1.0,0,1,mouse
SYNTHETIC DEMONSTRATION ONLY - NOT HUMAN EXPERIMENT RESULTS,1172600,C,1,1333.6137335603476,1.0,0,1,mouse
SYNTHETIC DEMONSTRATION ONLY - NOT HUMAN EXPERIMENT RESULTS,1172620,C,1,1333.6502617632248,1.0,0,1,mouse
SYNTHETIC DEMONSTRATION ONLY - NOT HUMAN EXPERIMENT RESULTS,1172640,C,1,1333.6863117213973,1.0,0,1,mouse
SYNTHETIC DEMONSTRATION ONLY - NOT HUMAN EXPERIMENT RESULTS,1172660,C,1,1333.7218829225153,1.0,0,1,mouse
SYNTHETIC DEMONSTRATION ONLY - NOT HUMAN EXPERIMENT RESULTS,1172680,C,1,1333.7569748610333,1.0,0,1,mouse
SYNTHETIC DEMONSTRATION ONLY - NOT HUMAN EXPERIMENT RESULTS,1172700,C,1,1333.7915870382176,1.0,0,1,mouse
SYNTHETIC DEMONSTRATION ONLY - NOT HUMAN EXPERIMENT RESULTS,1172720,C,1,1333.825718962152,1.0,0,1,mouse
SYNTHETIC DEMONSTRATION ONLY - NOT HUMAN EXPERIMENT RESULTS,1172740,C,1,1333.8593701477466,1.0,0,1,mouse
SYNTHETIC DEMONSTRATION ONLY - NOT HUMAN EXPERIMENT RESULTS,1172760,C,1,1333.8925401167435,1.0,0,1,mouse
SYNTHETIC DEMONSTRATION ONLY - NOT HUMAN EXPERIMENT RESULTS,1172780,C,1,1333.9252283977241,1.0,0,1,mouse
SYNTHETIC DEMONSTRATION ONLY - NOT HUMAN EXPERIMENT RESULTS,1172800,C,1,1333.9574345261153,1.0,0,1,mouse
SYNTHETIC DEMONSTRATION ONLY - NOT HUMAN EXPERIMENT RESULTS,1172820,C,1,1333.9891580441972,1.0,0,1,mouse
SYNTHETIC DEMONSTRATION ONLY - NOT HUMAN EXPERIMENT RESULTS,1172840,C,1,1334.0203985011078,1.0,0,1,mouse
SYNTHETIC DEMONSTRATION ONLY - NOT HUMAN EXPERIMENT RESULTS,1172860,C,1,1334.0511554528516,1.0,0,1,mouse
SYNTHETIC DEMONSTRATION ONLY - NOT HUMAN EXPERIMENT RESULTS,1172880,C,1,1334.0814284623038,1.0,0,1,mouse
SYNTHETIC DEMONSTRATION ONLY - NOT HUMAN EXPERIMENT RESULTS,1172900,C,1,1334.1112170992185,1.0,0,1,mouse
SYNTHETIC DEMONSTRATION ONLY - NOT HUMAN EXPERIMENT RESULTS,1172920,C,1,1334.1405209402326,1.0,0,1,mouse
SYNTHETIC DEMONSTRATION ONLY - NOT HUMAN EXPERIMENT RESULTS,1172940,C,1,1334.169339568874,1.0,0,1,mouse
SYNTHETIC DEMONSTRATION ONLY - NOT HUMAN EXPERIMENT RESULTS,1172960,C,1,1334.197672575566,1.0,0,1,mouse
SYNTHETIC DEMONSTRATION ONLY - NOT HUMAN EXPERIMENT RESULTS,1172980,C,1,1334.225519557634,1.0,0,1,mouse
SYNTHETIC DEMONSTRATION ONLY - NOT HUMAN EXPERIMENT RESULTS,1173000,C,1,1334.2528801193107,1.0,0,1,mouse
SYNTHETIC DEMONSTRATION ONLY - NOT HUMAN EXPERIMENT RESULTS,1173020,C,1,1334.279753871742,1.0,0,1,mouse
SYNTHETIC DEMONSTRATION ONLY - NOT HUMAN EXPERIMENT RESULTS,1173040,C,1,1334.3061404329924,1.0,0,1,mouse
SYNTHETIC DEMONSTRATION ONLY - NOT HUMAN EXPERIMENT RESULTS,1173060,C,1,1334.3320394280504,1.0,0,1,mouse
SYNTHETIC DEMONSTRATION ONLY - NOT HUMAN EXPERIMENT RESULTS,1173080,C,1,1334.357450488834,1.0,0,1,mouse
SYNTHETIC DEMONSTRATION ONLY - NOT HUMAN EXPERIMENT RESULTS,1173100,C,1,1334.3823732541957,1.0,0,1,mouse
SYNTHETIC DEMONSTRATION ONLY - NOT HUMAN EXPERIMENT RESULTS,1173120,C,1,1334.4068073699282,1.0,0,1,mouse
SYNTHETIC DEMONSTRATION ONLY - NOT HUMAN EXPERIMENT RESULTS,1173140,C,1,1334.430752488768,1.0,0,1,mouse
SYNTHETIC DEMONSTRATION ONLY - NOT HUMAN EXPERIMENT RESULTS,1173160,C,1,1334.4542082704022,1.0,0,1,mouse
SYNTHETIC DEMONSTRATION ONLY - NOT HUMAN EXPERIMENT RESULTS,1173180,C,1,1334.4771743814727,1.0,0,1,mouse
SYNTHETIC DEMONSTRATION ONLY - NOT HUMAN EXPERIMENT RESULTS,1173200,C,1,1334.4996504955793,1.0,0,1,mouse
SYNTHETIC DEMONSTRATION ONLY - NOT HUMAN EXPERIMENT RESULTS,1173220,C,1,1334.5216362932877,1.0,0,1,mouse
SYNTHETIC DEMONSTRATION ONLY - NOT HUMAN EXPERIMENT RESULTS,1173240,C,1,1334.5431314621303,1.0,0,1,mouse
SYNTHETIC DEMONSTRATION ONLY - NOT HUMAN EXPERIMENT RESULTS,1173260,C,1,1334.5641356966134,1.0,0,1,mouse
SYNTHETIC DEMONSTRATION ONLY - NOT HUMAN EXPERIMENT RESULTS,1173280,C,1,1334.5846486982202,1.0,0,1,mouse
SYNTHETIC DEMONSTRATION ONLY - NOT HUMAN EXPERIMENT RESULTS,1173300,C,1,1334.604670175416,1.0,0,1,mouse
SYNTHETIC DEMONSTRATION ONLY - NOT HUMAN EXPERIMENT RESULTS,1173320,C,1,1334.624199843651,1.0,0,1,mouse
SYNTHETIC DEMONSTRATION ONLY - NOT HUMAN EXPERIMENT RESULTS,1173340,C,1,1334.6432374253652,1.0,0,1,mouse
SYNTHETIC DEMONSTRATION ONLY - NOT HUMAN EXPERIMENT RESULTS,1173360,C,1,1334.6617826499926,1.0,0,1,mouse
SYNTHETIC DEMONSTRATION ONLY - NOT HUMAN EXPERIMENT RESULTS,1173380,C,1,1334.6798352539645,1.0,0,1,mouse
SYNTHETIC DEMONSTRATION ONLY - NOT HUMAN EXPERIMENT RESULTS,1173400,C,1,1334.6973949807136,1.0,0,1,mouse
SYNTHETIC DEMONSTRATION ONLY - NOT HUMAN EXPERIMENT RESULTS,1173420,C,1,1334.714461580677,1.0,0,1,mouse
SYNTHETIC DEMONSTRATION ONLY - NOT HUMAN EXPERIMENT RESULTS,1173440,C,1,1334.7310348113008,1.0,0,1,mouse
SYNTHETIC DEMONSTRATION ONLY - NOT HUMAN EXPERIMENT RESULTS,1173460,C,1,1334.7471144370425,1.0,0,1,mouse
SYNTHETIC DEMONSTRATION ONLY - NOT HUMAN EXPERIMENT RESULTS,1173480,C,1,1334.7627002293752,1.0,0,1,mouse
SYNTHETIC DEMONSTRATION ONLY - NOT HUMAN EXPERIMENT RESULTS,1173500,C,1,1334.7777919667901,1.0,0,1,mouse
SYNTHETIC DEMONSTRATION ONLY - NOT HUMAN EXPERIMENT RESULTS,1173520,C,1,1334.7923894348005,1.0,0,1,mouse
SYNTHETIC DEMONSTRATION ONLY - NOT HUMAN EXPERIMENT RESULTS,1173540,C,1,1334.8064924259438,1.0,0,1,mouse
SYNTHETIC DEMONSTRATION ONLY - NOT HUMAN EXPERIMENT RESULTS,1173560,C,1,1334.8201007397854,1.0,0,1,mouse
SYNTHETIC DEMONSTRATION ONLY - NOT HUMAN EXPERIMENT RESULTS,1173580,C,1,1334.833214182921,1.0,0,1,mouse
SYNTHETIC DEMONSTRATION ONLY - NOT HUMAN EXPERIMENT RESULTS,1173600,C,1,1334.8458325689796,1.0,0,1,mouse
SYNTHETIC DEMONSTRATION ONLY - NOT HUMAN EXPERIMENT RESULTS,1173620,C,1,1334.8579557186258,1.0,0,1,mouse
SYNTHETIC DEMONSTRATION ONLY - NOT HUMAN EXPERIMENT RESULTS,1173640,C,1,1334.8695834595633,1.0,0,1,mouse
SYNTHETIC DEMONSTRATION ONLY - NOT HUMAN EXPERIMENT RESULTS,1173660,C,1,1334.8807156265354,1.0,0,1,mouse
SYNTHETIC DEMONSTRATION ONLY - NOT HUMAN EXPERIMENT RESULTS,1173680,C,1,1334.89135206133,1.0,0,1,mouse
SYNTHETIC DEMONSTRATION ONLY - NOT HUMAN EXPERIMENT RESULTS,1173700,C,1,1334.9014926127797,1.0,0,1,mouse
SYNTHETIC DEMONSTRATION ONLY - NOT HUMAN EXPERIMENT RESULTS,1173720,C,1,1334.9111371367649,1.0,0,1,mouse
SYNTHETIC DEMONSTRATION ONLY - NOT HUMAN EXPERIMENT RESULTS,1173740,C,1,1334.920285496215,1.0,0,1,mouse
SYNTHETIC DEMONSTRATION ONLY - NOT HUMAN EXPERIMENT RESULTS,1173760,C,1,1334.9289375611122,1.0,0,1,mouse
SYNTHETIC DEMONSTRATION ONLY - NOT HUMAN EXPERIMENT RESULTS,1173780,C,1,1334.9370932084912,1.0,0,1,mouse
SYNTHETIC DEMONSTRATION ONLY - NOT HUMAN EXPERIMENT RESULTS,1173800,C,1,1334.9447523224421,1.0,0,1,mouse
SYNTHETIC DEMONSTRATION ONLY - NOT HUMAN EXPERIMENT RESULTS,1173820,C,1,1334.9519147941123,1.0,0,1,mouse
SYNTHETIC DEMONSTRATION ONLY - NOT HUMAN EXPERIMENT RESULTS,1173840,C,1,1334.958580521707,1.0,0,1,mouse
SYNTHETIC DEMONSTRATION ONLY - NOT HUMAN EXPERIMENT RESULTS,1173860,C,1,1334.9647494104915,1.0,0,1,mouse
SYNTHETIC DEMONSTRATION ONLY - NOT HUMAN EXPERIMENT RESULTS,1173880,C,1,1334.9704213727923,1.0,0,1,mouse
SYNTHETIC DEMONSTRATION ONLY - NOT HUMAN EXPERIMENT RESULTS,1173900,C,1,1334.9755963279981,1.0,0,1,mouse
SYNTHETIC DEMONSTRATION ONLY - NOT HUMAN EXPERIMENT RESULTS,1173920,C,1,1334.9802742025613,1.0,0,1,mouse
SYNTHETIC DEMONSTRATION ONLY - NOT HUMAN EXPERIMENT RESULTS,1173940,C,1,1334.9844549299992,1.0,0,1,mouse
SYNTHETIC DEMONSTRATION ONLY - NOT HUMAN EXPERIMENT RESULTS,1173960,C,1,1334.9881384508942,1.0,0,1,mouse
SYNTHETIC DEMONSTRATION ONLY - NOT HUMAN EXPERIMENT RESULTS,1173980,C,1,1334.9913247128954,1.0,0,1,mouse
SYNTHETIC DEMONSTRATION ONLY - NOT HUMAN EXPERIMENT RESULTS,1174000,C,1,1334.994013670719,1.0,0,1,mouse
SYNTHETIC DEMONSTRATION ONLY - NOT HUMAN EXPERIMENT RESULTS,1174020,C,1,1334.9962052861488,1.0,0,1,mouse
SYNTHETIC DEMONSTRATION ONLY - NOT HUMAN EXPERIMENT RESULTS,1174040,C,1,1334.9978995280374,1.0,0,1,mouse
SYNTHETIC DEMONSTRATION ONLY - NOT HUMAN EXPERIMENT RESULTS,1174060,C,1,1334.9990963723055,1.0,0,1,mouse
SYNTHETIC DEMONSTRATION ONLY - NOT HUMAN EXPERIMENT RESULTS,1174080,C,1,1334.9997958019435,1.0,0,1,mouse
SYNTHETIC DEMONSTRATION ONLY - NOT HUMAN EXPERIMENT RESULTS,1174100,C,1,1334.999997807011,1.0,0,1,mouse
SYNTHETIC DEMONSTRATION ONLY - NOT HUMAN EXPERIMENT RESULTS,1174120,C,1,1334.9997023846367,1.0,0,1,mouse
SYNTHETIC DEMONSTRATION ONLY - NOT HUMAN EXPERIMENT RESULTS,1174140,C,1,1334.9989095390197,1.0,0,1,mouse
SYNTHETIC DEMONSTRATION ONLY - NOT HUMAN EXPERIMENT RESULTS,1174160,C,1,1334.997619281428,1.0,0,1,mouse
SYNTHETIC DEMONSTRATION ONLY - NOT HUMAN EXPERIMENT RESULTS,1174180,C,1,1334.9958316301986,1.0,0,1,mouse
SYNTHETIC DEMONSTRATION ONLY - NOT HUMAN EXPERIMENT RESULTS,1174200,C,1,1334.9935466107386,1.0,0,1,mouse
SYNTHETIC DEMONSTRATION ONLY - NOT HUMAN EXPERIMENT RESULTS,1174220,C,1,1334.9907642555227,1.0,0,1,mouse
SYNTHETIC DEMONSTRATION ONLY - NOT HUMAN EXPERIMENT RESULTS,1174240,C,1,1334.9874846040943,1.0,0,1,mouse
SYNTHETIC DEMONSTRATION ONLY - NOT HUMAN EXPERIMENT RESULTS,1174260,C,1,1334.983707703065,1.0,0,1,mouse
SYNTHETIC DEMONSTRATION ONLY - NOT HUMAN EXPERIMENT RESULTS,1174280,C,1,1334.9794336061125,1.0,0,1,mouse
SYNTHETIC DEMONSTRATION ONLY - NOT HUMAN EXPERIMENT RESULTS,1174300,C,1,1334.9746623739811,1.0,0,1,mouse
SYNTHETIC DEMONSTRATION ONLY - NOT HUMAN EXPERIMENT RESULTS,1174320,C,1,1334.969394074481,1.0,0,1,mouse
SYNTHETIC DEMONSTRATION ONLY - NOT HUMAN EXPERIMENT RESULTS,1174340,C,1,1334.9636287824862,1.0,0,1,mouse
SYNTHETIC DEMONSTRATION ONLY - NOT HUMAN EXPERIMENT RESULTS,1174360,C,1,1334.9573665799342,1.0,0,1,mouse
SYNTHETIC DEMONSTRATION ONLY - NOT HUMAN EXPERIMENT RESULTS,1174380,C,1,1334.9506075558247,1.0,0,1,mouse
SYNTHETIC DEMONSTRATION ONLY - NOT HUMAN EXPERIMENT RESULTS,1174400,C,1,1334.9433518062185,1.0,0,1,mouse
SYNTHETIC DEMONSTRATION ONLY - NOT HUMAN EXPERIMENT RESULTS,1174420,C,1,1334.9355994342359,1.0,0,1,mouse
SYNTHETIC DEMONSTRATION ONLY - NOT HUMAN EXPERIMENT RESULTS,1174440,C,1,1334.927350550055,1.0,0,1,mouse
SYNTHETIC DEMONSTRATION ONLY - NOT HUMAN EXPERIMENT RESULTS,1174460,C,1,1334.918605270911,1.0,0,1,mouse
SYNTHETIC DEMONSTRATION ONLY - NOT HUMAN EXPERIMENT RESULTS,1174480,C,1,1334.9093637210938,1.0,0,1,mouse
SYNTHETIC DEMONSTRATION ONLY - NOT HUMAN EXPERIMENT RESULTS,1174500,C,1,1334.899626031946,1.0,0,1,mouse
SYNTHETIC DEMONSTRATION ONLY - NOT HUMAN EXPERIMENT RESULTS,1174520,C,1,1334.8893923418616,1.0,0,1,mouse
SYNTHETIC DEMONSTRATION ONLY - NOT HUMAN EXPERIMENT RESULTS,1174540,C,1,1334.8786627962843,1.0,0,1,mouse
SYNTHETIC DEMONSTRATION ONLY - NOT HUMAN EXPERIMENT RESULTS,1174560,C,1,1334.8674375477044,1.0,0,1,mouse
SYNTHETIC DEMONSTRATION ONLY - NOT HUMAN EXPERIMENT RESULTS,1174580,C,1,1334.8557167556578,1.0,0,1,mouse
SYNTHETIC DEMONSTRATION ONLY - NOT HUMAN EXPERIMENT RESULTS,1174600,C,1,1334.8435005867227,1.0,0,1,mouse
SYNTHETIC DEMONSTRATION ONLY - NOT HUMAN EXPERIMENT RESULTS,1174620,C,1,1334.830789214518,1.0,0,1,mouse
SYNTHETIC DEMONSTRATION ONLY - NOT HUMAN EXPERIMENT RESULTS,1174640,C,1,1334.8175828197006,1.0,0,1,mouse
SYNTHETIC DEMONSTRATION ONLY - NOT HUMAN EXPERIMENT RESULTS,1174660,C,1,1334.8038815899624,1.0,0,1,mouse
SYNTHETIC DEMONSTRATION ONLY - NOT HUMAN EXPERIMENT RESULTS,1174680,C,1,1334.789685720028,1.0,0,1,mouse
SYNTHETIC DEMONSTRATION ONLY - NOT HUMAN EXPERIMENT RESULTS,1174700,C,1,1334.7749954116528,1.0,0,1,mouse
SYNTHETIC DEMONSTRATION ONLY - NOT HUMAN EXPERIMENT RESULTS,1174720,C,1,1334.7598108736179,1.0,0,1,mouse
SYNTHETIC DEMONSTRATION ONLY - NOT HUMAN EXPERIMENT RESULTS,1174740,C,1,1334.7441323217292,1.0,0,1,mouse
SYNTHETIC DEMONSTRATION ONLY - NOT HUMAN EXPERIMENT RESULTS,1174760,C,1,1334.7279599788144,1.0,0,1,mouse
SYNTHETIC DEMONSTRATION ONLY - NOT HUMAN EXPERIMENT RESULTS,1174780,C,1,1334.7112940747174,1.0,0,1,mouse
SYNTHETIC DEMONSTRATION ONLY - NOT HUMAN EXPERIMENT RESULTS,1174800,C,1,1334.694134846298,1.0,0,1,mouse
SYNTHETIC DEMONSTRATION ONLY - NOT HUMAN EXPERIMENT RESULTS,1174820,C,1,1334.6764825374269,1.0,0,1,mouse
SYNTHETIC DEMONSTRATION ONLY - NOT HUMAN EXPERIMENT RESULTS,1174840,C,1,1334.6583373989824,1.0,0,1,mouse
SYNTHETIC DEMONSTRATION ONLY - NOT HUMAN EXPERIMENT RESULTS,1174860,C,1,1334.639699688847,1.0,0,1,mouse
SYNTHETIC DEMONSTRATION ONLY - NOT HUMAN EXPERIMENT RESULTS,1174880,C,1,1334.620569671904,1.0,0,1,mouse
SYNTHETIC DEMONSTRATION ONLY - NOT HUMAN EXPERIMENT RESULTS,1174900,C,1,1334.600947620033,1.0,0,1,mouse
SYNTHETIC DEMONSTRATION ONLY - NOT HUMAN EXPERIMENT RESULTS,1174920,C,1,1334.5808338121067,1.0,0,1,mouse
SYNTHETIC DEMONSTRATION ONLY - NOT HUMAN EXPERIMENT RESULTS,1174940,C,1,1334.5602285339874,1.0,0,1,mouse
SYNTHETIC DEMONSTRATION ONLY - NOT HUMAN EXPERIMENT RESULTS,1174960,C,1,1334.5391320785213,1.0,0,1,mouse
SYNTHETIC DEMONSTRATION ONLY - NOT HUMAN EXPERIMENT RESULTS,1174980,C,1,1334.5175447455358,1.0,0,1,mouse
SYNTHETIC DEMONSTRATION ONLY - NOT HUMAN EXPERIMENT RESULTS,1175000,C,1,1334.4954668418347,1.0,0,1,mouse
SYNTHETIC DEMONSTRATION ONLY - NOT HUMAN EXPERIMENT RESULTS,1175020,C,1,1334.4728986811938,1.0,0,1,mouse
SYNTHETIC DEMONSTRATION ONLY - NOT HUMAN EXPERIMENT RESULTS,1175040,C,1,1334.4498405843567,1.0,0,1,mouse
SYNTHETIC DEMONSTRATION ONLY - NOT HUMAN EXPERIMENT RESULTS,1175060,C,1,1334.4262928790301,1.0,0,1,mouse
SYNTHETIC DEMONSTRATION ONLY - NOT HUMAN EXPERIMENT RESULTS,1175080,C,1,1334.402255899879,1.0,0,1,mouse
SYNTHETIC DEMONSTRATION ONLY - NOT HUMAN EXPERIMENT RESULTS,1175100,C,1,1334.3777299885219,1.0,0,1,mouse
SYNTHETIC DEMONSTRATION ONLY - NOT HUMAN EXPERIMENT RESULTS,1175120,C,1,1334.3527154935261,1.0,0,1,mouse
SYNTHETIC DEMONSTRATION ONLY - NOT HUMAN EXPERIMENT RESULTS,1175140,C,1,1334.3272127704035,1.0,0,1,mouse
SYNTHETIC DEMONSTRATION ONLY - NOT HUMAN EXPERIMENT RESULTS,1175160,C,1,1334.301222181604,1.0,0,1,mouse
SYNTHETIC DEMONSTRATION ONLY - NOT HUMAN EXPERIMENT RESULTS,1175180,C,1,1334.2747440965113,1.0,0,1,mouse
SYNTHETIC DEMONSTRATION ONLY - NOT HUMAN EXPERIMENT RESULTS,1175200,C,1,1334.2477788914375,1.0,0,1,mouse
SYNTHETIC DEMONSTRATION ONLY - NOT HUMAN EXPERIMENT RESULTS,1175220,C,1,1334.2203269496183,1.0,0,1,mouse
SYNTHETIC DEMONSTRATION ONLY - NOT HUMAN EXPERIMENT RESULTS,1175240,C,1,1334.1923886612062,1.0,0,1,mouse
SYNTHETIC DEMONSTRATION ONLY - NOT HUMAN EXPERIMENT RESULTS,1175260,C,1,1334.163964423266,1.0,0,1,mouse
SYNTHETIC DEMONSTRATION ONLY - NOT HUMAN EXPERIMENT RESULTS,1175280,C,1,1334.1350546397694,1.0,0,1,mouse
SYNTHETIC DEMONSTRATION ONLY - NOT HUMAN EXPERIMENT RESULTS,1175300,C,1,1334.1056597215882,1.0,0,1,mouse
SYNTHETIC DEMONSTRATION ONLY - NOT HUMAN EXPERIMENT RESULTS,1175320,C,1,1334.0757800864894,1.0,0,1,mouse
SYNTHETIC DEMONSTRATION ONLY - NOT HUMAN EXPERIMENT RESULTS,1175340,C,1,1334.0454161591285,1.0,0,1,mouse
SYNTHETIC DEMONSTRATION ONLY - NOT HUMAN EXPERIMENT RESULTS,1175360,C,1,1334.0145683710443,1.0,0,1,mouse
SYNTHETIC DEMONSTRATION ONLY - NOT HUMAN EXPERIMENT RESULTS,1175380,C,1,1333.9832371606522,1.0,0,1,mouse
SYNTHETIC DEMONSTRATION ONLY - NOT HUMAN EXPERIMENT RESULTS,1175400,C,1,1333.9514229732379,1.0,0,1,mouse
SYNTHETIC DEMONSTRATION ONLY - NOT HUMAN EXPERIMENT RESULTS,1175420,C,1,1333.9191262609513,1.0,0,1,mouse
SYNTHETIC DEMONSTRATION ONLY - NOT HUMAN EXPERIMENT RESULTS,1175440,C,1,1333.8863474828006,1.0,0,1,mouse
SYNTHETIC DEMONSTRATION ONLY - NOT HUMAN EXPERIMENT RESULTS,1175460,C,1,1333.8530871046446,1.0,0,1,mouse
SYNTHETIC DEMONSTRATION ONLY - NOT HUMAN EXPERIMENT RESULTS,1175480,C,1,1333.8193455991868,1.0,0,1,mouse
SYNTHETIC DEMONSTRATION ONLY - NOT HUMAN EXPERIMENT RESULTS,1175500,C,1,1333.7851234459688,1.0,0,1,mouse
SYNTHETIC DEMONSTRATION ONLY - NOT HUMAN EXPERIMENT RESULTS,1175520,C,1,1333.7504211313628,1.0,0,1,mouse
SYNTHETIC DEMONSTRATION ONLY - NOT HUMAN EXPERIMENT RESULTS,1175540,C,1,1333.715239148566,1.0,0,1,mouse
SYNTHETIC DEMONSTRATION ONLY - NOT HUMAN EXPERIMENT RESULTS,1175560,C,1,1333.679577997592,1.0,0,1,mouse
SYNTHETIC DEMONSTRATION ONLY - NOT HUMAN EXPERIMENT RESULTS,1175580,C,1,1333.6434381852648,1.0,0,1,mouse
SYNTHETIC DEMONSTRATION ONLY - NOT HUMAN EXPERIMENT RESULTS,1175600,C,1,1333.606820225211,1.0,0,1,mouse
SYNTHETIC DEMONSTRATION ONLY - NOT HUMAN EXPERIMENT RESULTS,1175620,C,1,1333.5697246378531,1.0,0,1,mouse
SYNTHETIC DEMONSTRATION ONLY - NOT HUMAN EXPERIMENT RESULTS,1175640,C,1,1333.5321519504012,1.0,0,1,mouse
SYNTHETIC DEMONSTRATION ONLY - NOT HUMAN EXPERIMENT RESULTS,1175660,C,1,1333.4941026968465,1.0,0,1,mouse
SYNTHETIC DEMONSTRATION ONLY - NOT HUMAN EXPERIMENT RESULTS,1175680,C,1,1333.455577417953,1.0,0,1,mouse
SYNTHETIC DEMONSTRATION ONLY - NOT HUMAN EXPERIMENT RESULTS,1175700,C,1,1333.4165766612502,1.0,0,1,mouse
SYNTHETIC DEMONSTRATION ONLY - NOT HUMAN EXPERIMENT RESULTS,1175720,C,1,1333.3771009810257,1.0,0,1,mouse
SYNTHETIC DEMONSTRATION ONLY - NOT HUMAN EXPERIMENT RESULTS,1175740,C,1,1333.3371509383155,1.0,0,1,mouse
SYNTHETIC DEMONSTRATION ONLY - NOT HUMAN EXPERIMENT RESULTS,1175760,C,1,1333.2967271008988,1.0,0,1,mouse
SYNTHETIC DEMONSTRATION ONLY - NOT HUMAN EXPERIMENT RESULTS,1175780,C,1,1333.2558300432872,1.0,0,1,mouse
SYNTHETIC DEMONSTRATION ONLY - NOT HUMAN EXPERIMENT RESULTS,1175800,C,1,1333.2144603467189,1.0,0,1,mouse
SYNTHETIC DEMONSTRATION ONLY - NOT HUMAN EXPERIMENT RESULTS,1175820,C,1,1333.1726185991486,1.0,0,1,mouse
SYNTHETIC DEMONSTRATION ONLY - NOT HUMAN EXPERIMENT RESULTS,1175840,C,1,1333.1303053952404,1.0,0,1,mouse
SYNTHETIC DEMONSTRATION ONLY - NOT HUMAN EXPERIMENT RESULTS,1175860,C,1,1333.0875213363581,1.0,0,1,mouse
SYNTHETIC DEMONSTRATION ONLY - NOT HUMAN EXPERIMENT RESULTS,1175880,C,1,1333.0442670305586,1.0,0,1,mouse
SYNTHETIC DEMONSTRATION ONLY - NOT HUMAN EXPERIMENT RESULTS,1175900,C,1,1333.0005430925808,1.0,0,1,mouse
SYNTHETIC DEMONSTRATION ONLY - NOT HUMAN EXPERIMENT RESULTS,1175920,C,1,1332.9563501438386,1.0,0,1,mouse
SYNTHETIC DEMONSTRATION ONLY - NOT HUMAN EXPERIMENT RESULTS,1175940,C,1,1332.911688812412,1.0,0,1,mouse
SYNTHETIC DEMONSTRATION ONLY - NOT HUMAN EXPERIMENT RESULTS,1175960,C,1,1332.866559733037,1.0,0,1,mouse
SYNTHETIC DEMONSTRATION ONLY - NOT HUMAN EXPERIMENT RESULTS,1175980,C,1,1332.8209635470982,1.0,0,1,mouse
SYNTHETIC DEMONSTRATION ONLY - NOT HUMAN EXPERIMENT RESULTS,1176000,C,1,1332.774900902618,1.0,0,1,mouse
SYNTHETIC DEMONSTRATION ONLY - NOT HUMAN EXPERIMENT RESULTS,1176020,C,1,1332.728372454248,1.0,0,1,mouse
SYNTHETIC DEMONSTRATION ONLY - NOT HUMAN EXPERIMENT RESULTS,1176040,C,1,1332.6813788632617,1.0,0,1,mouse
SYNTHETIC DEMONSTRATION ONLY - NOT HUMAN EXPERIMENT RESULTS,1176060,C,1,1332.633920797541,1.0,0,1,mouse
SYNTHETIC DEMONSTRATION ONLY - NOT HUMAN EXPERIMENT RESULTS,1176080,C,1,1332.5859989315702,1.0,0,1,mouse
SYNTHETIC DEMONSTRATION ONLY - NOT HUMAN EXPERIMENT RESULTS,1176100,C,1,1332.5376139464256,1.0,0,1,mouse
SYNTHETIC DEMONSTRATION ONLY - NOT HUMAN EXPERIMENT RESULTS,1176120,C,1,1332.4887665297647,1.0,0,1,mouse
SYNTHETIC DEMONSTRATION ONLY - NOT HUMAN EXPERIMENT RESULTS,1176140,C,1,1332.4394573758173,1.0,0,1,mouse
SYNTHETIC DEMONSTRATION ONLY - NOT HUMAN EXPERIMENT RESULTS,1176160,C,1,1332.3896871853756,1.0,0,1,mouse
SYNTHETIC DEMONSTRATION ONLY - NOT HUMAN EXPERIMENT RESULTS,1176180,C,1,1332.3394566657842,1.0,0,1,mouse
SYNTHETIC DEMONSTRATION ONLY - NOT HUMAN EXPERIMENT RESULTS,1176200,C,1,1332.2887665309302,1.0,0,1,mouse
SYNTHETIC DEMONSTRATION ONLY - NOT HUMAN EXPERIMENT RESULTS,1176220,C,1,1332.2376175012323,1.0,0,1,mouse
SYNTHETIC DEMONSTRATION ONLY - NOT HUMAN EXPERIMENT RESULTS,1176240,C,1,1332.1860103036315,1.0,0,1,mouse
SYNTHETIC DEMONSTRATION ONLY - NOT HUMAN EXPERIMENT RESULTS,1176260,C,1,1332.1339456715805,1.0,0,1,mouse
SYNTHETIC DEMONSTRATION ONLY - NOT HUMAN EXPERIMENT RESULTS,1176280,C,1,1332.081424345033,1.0,0,1,mouse
SYNTHETIC DEMONSTRATION ONLY - NOT HUMAN EXPERIMENT RESULTS,1176300,C,1,1332.0284470704328,1.0,0,1,mouse
SYNTHETIC DEMONSTRATION ONLY - NOT HUMAN EXPERIMENT RESULTS,1176320,C,1,1331.975014600705,1.0,0,1,mouse
SYNTHETIC DEMONSTRATION ONLY - NOT HUMAN EXPERIMENT RESULTS,1176340,C,1,1331.9211276952426,1.0,0,1,mouse
SYNTHETIC DEMONSTRATION ONLY - NOT HUMAN EXPERIMENT RESULTS,1176360,C,1,1331.866787119898,1.0,0,1,mouse
SYNTHETIC DEMONSTRATION ONLY - NOT HUMAN EXPERIMENT RESULTS,1176380,C,1,1331.8119936469711,1.0,0,1,mouse
SYNTHETIC DEMONSTRATION ONLY - NOT HUMAN EXPERIMENT RESULTS,1176400,C,1,1331.7567480551986,1.0,0,1,mouse
SYNTHETIC DEMONSTRATION ONLY - NOT HUMAN EXPERIMENT RESULTS,1176420,C,1,1331.7010511297426,1.0,0,1,mouse
SYNTHETIC DEMONSTRATION ONLY - NOT HUMAN EXPERIMENT RESULTS,1176440,C,1,1331.6449036621796,1.0,0,1,mouse
SYNTHETIC DEMONSTRATION ONLY - NOT HUMAN EXPERIMENT RESULTS,1176460,C,1,1331.5883064504892,1.0,0,1,mouse
SYNTHETIC DEMONSTRATION ONLY - NOT HUMAN EXPERIMENT RESULTS,1176480,C,1,1331.5312602990434,1.0,0,1,mouse
SYNTHETIC DEMONSTRATION ONLY - NOT HUMAN EXPERIMENT RESULTS,1176500,C,1,1331.4737660185942,1.0,0,1,mouse
SYNTHETIC DEMONSTRATION ONLY - NOT HUMAN EXPERIMENT RESULTS,1176520,C,1,1331.4158244262624,1.0,0,1,mouse
SYNTHETIC DEMONSTRATION ONLY - NOT HUMAN EXPERIMENT RESULTS,1176540,C,1,1331.3574363455264,1.0,0,1,mouse
SYNTHETIC DEMONSTRATION ONLY - NOT HUMAN EXPERIMENT RESULTS,1176560,C,1,1331.2986026062101,1.0,0,1,mouse
SYNTHETIC DEMONSTRATION ONLY - NOT HUMAN EXPERIMENT RESULTS,1176580,C,1,1331.2393240444712,1.0,0,1,mouse
SYNTHETIC DEMONSTRATION ONLY - NOT HUMAN EXPERIMENT RESULTS,1176600,C,1,1331.1796015027892,1.0,0,1,mouse
SYNTHETIC DEMONSTRATION ONLY - NOT HUMAN EXPERIMENT RESULTS,1176620,C,1,1331.1194358299535,1.0,0,1,mouse
SYNTHETIC DEMONSTRATION ONLY - NOT HUMAN EXPERIMENT RESULTS,1176640,C,1,1331.0588278810517,1.0,0,1,mouse
SYNTHETIC DEMONSTRATION ONLY - NOT HUMAN EXPERIMENT RESULTS,1176660,C,1,1330.997778517457,1.0,0,1,mouse
SYNTHETIC DEMONSTRATION ONLY - NOT HUMAN EXPERIMENT RESULTS,1176680,C,1,1330.9362886068157,1.0,0,1,mouse
SYNTHETIC DEMONSTRATION ONLY - NOT HUMAN EXPERIMENT RESULTS,1176700,C,1,1330.8743590230356,1.0,0,1,mouse
SYNTHETIC DEMONSTRATION ONLY - NOT HUMAN EXPERIMENT RESULTS,1176720,C,1,1330.8119906462732,1.0,0,1,mouse
SYNTHETIC DEMONSTRATION ONLY - NOT HUMAN EXPERIMENT RESULTS,1176740,C,1,1330.7491843629214,1.0,0,1,mouse
SYNTHETIC DEMONSTRATION ONLY - NOT HUMAN EXPERIMENT RESULTS,1176760,C,1,1330.6859410655961,1.0,0,1,mouse
SYNTHETIC DEMONSTRATION ONLY - NOT HUMAN EXPERIMENT RESULTS,1176780,C,1,1330.622261653125,1.0,0,1,mouse
SYNTHETIC DEMONSTRATION ONLY - NOT HUMAN EXPERIMENT RESULTS,1176800,C,1,1330.5581470305328,1.0,0,1,mouse
SYNTHETIC DEMONSTRATION ONLY - NOT HUMAN EXPERIMENT RESULTS,1176820,C,1,1330.4935981090312,1.0,0,1,mouse
SYNTHETIC DEMONSTRATION ONLY - NOT HUMAN EXPERIMENT RESULTS,1176840,C,1,1330.4286158060024,1.0,0,1,mouse
SYNTHETIC DEMONSTRATION ONLY - NOT HUMAN EXPERIMENT RESULTS,1176860,C,1,1330.3632010449894,1.0,0,1,mouse
SYNTHETIC DEMONSTRATION ONLY - NOT HUMAN EXPERIMENT RESULTS,1176880,C,1,1330.2973547556803,1.0,0,1,mouse
SYNTHETIC DEMONSTRATION ONLY - NOT HUMAN EXPERIMENT RESULTS,1176900,C,1,1330.2310778738968,1.0,0,1,mouse
SYNTHETIC DEMONSTRATION ONLY - NOT HUMAN EXPERIMENT RESULTS,1176920,C,1,1330.1643713415797,1.0,0,1,mouse
SYNTHETIC DEMONSTRATION ONLY - NOT HUMAN EXPERIMENT RESULTS,1176940,C,1,1330.0972361067775,1.0,0,1,mouse
SYNTHETIC DEMONSTRATION ONLY - NOT HUMAN EXPERIMENT RESULTS,1176960,C,1,1330.0296731236292,1.0,0,1,mouse
SYNTHETIC DEMONSTRATION ONLY - NOT HUMAN EXPERIMENT RESULTS,1176980,C,1,1329.9616833523555,1.0,0,1,mouse
SYNTHETIC DEMONSTRATION ONLY - NOT HUMAN EXPERIMENT RESULTS,1177000,C,1,1329.8932677592406,1.0,0,1,mouse
SYNTHETIC DEMONSTRATION ONLY - NOT HUMAN EXPERIMENT RESULTS,1177020,C,1,1329.8244273166222,1.0,0,1,mouse
SYNTHETIC DEMONSTRATION ONLY - NOT HUMAN EXPERIMENT RESULTS,1177040,C,1,1329.755163002875,1.0,0,1,mouse
SYNTHETIC DEMONSTRATION ONLY - NOT HUMAN EXPERIMENT RESULTS,1177060,C,1,1329.6854758023983,1.0,0,1,mouse
SYNTHETIC DEMONSTRATION ONLY - NOT HUMAN EXPERIMENT RESULTS,1177080,C,1,1329.6153667056014,1.0,0,1,mouse
SYNTHETIC DEMONSTRATION ONLY - NOT HUMAN EXPERIMENT RESULTS,1177100,C,1,1329.5448367088902,1.0,0,1,mouse
SYNTHETIC DEMONSTRATION ONLY - NOT HUMAN EXPERIMENT RESULTS,1177120,C,1,1329.4738868146512,1.0,0,1,mouse
SYNTHETIC DEMONSTRATION ONLY - NOT HUMAN EXPERIMENT RESULTS,1177140,C,1,1329.4025180312403,1.0,0,1,mouse
SYNTHETIC DEMONSTRATION ONLY - NOT HUMAN EXPERIMENT RESULTS,1177160,C,1,1329.3307313729656,1.0,0,1,mouse
SYNTHETIC DEMONSTRATION ONLY - NOT HUMAN EXPERIMENT RESULTS,1177180,C,1,1329.2585278600743,1.0,0,1,mouse
SYNTHETIC DEMONSTRATION ONLY - NOT HUMAN EXPERIMENT RESULTS,1177200,C,1,1329.185908518738,1.0,0,1,mouse
SYNTHETIC DEMONSTRATION ONLY - NOT HUMAN EXPERIMENT RESULTS,1177220,C,1,1329.1128743810386,1.0,0,1,mouse
SYNTHETIC DEMONSTRATION ONLY - NOT HUMAN EXPERIMENT RESULTS,1177240,C,1,1329.0394264849529,1.0,0,1,mouse
SYNTHETIC DEMONSTRATION ONLY - NOT HUMAN EXPERIMENT RESULTS,1177260,C,1,1328.965565874338,1.0,0,1,mouse
SYNTHETIC DEMONSTRATION ONLY - NOT HUMAN EXPERIMENT RESULTS,1177280,C,1,1328.891293598916,1.0,0,1,mouse
SYNTHETIC DEMONSTRATION ONLY - NOT HUMAN EXPERIMENT RESULTS,1177300,C,1,1328.8166107142615,1.0,0,1,mouse
SYNTHETIC DEMONSTRATION ONLY - NOT HUMAN EXPERIMENT RESULTS,1177320,C,1,1328.7415182817829,1.0,0,1,mouse
SYNTHETIC DEMONSTRATION ONLY - NOT HUMAN EXPERIMENT RESULTS,1177340,C,1,1328.6660173687098,1.0,0,1,mouse
SYNTHETIC DEMONSTRATION ONLY - NOT HUMAN EXPERIMENT RESULTS,1177360,C,1,1328.5901090480777,1.0,0,1,mouse
SYNTHETIC DEMONSTRATION ONLY - NOT HUMAN EXPERIMENT RESULTS,1177380,C,1,1328.5137943987118,1.0,0,1,mouse
SYNTHETIC DEMONSTRATION ONLY - NOT HUMAN EXPERIMENT RESULTS,1177400,C,1,1328.4370745052117,1.0,0,1,mouse
SYNTHETIC DEMONSTRATION ONLY - NOT HUMAN EXPERIMENT RESULTS,1177420,C,1,1328.3599504579374,1.0,0,1,mouse
SYNTHETIC DEMONSTRATION ONLY - NOT HUMAN EXPERIMENT RESULTS,1177440,C,1,1328.2824233529925,1.0,0,1,mouse
SYNTHETIC DEMONSTRATION ONLY - NOT HUMAN EXPERIMENT RESULTS,1177460,C,1,1328.2044942922082,1.0,0,1,mouse
SYNTHETIC DEMONSTRATION ONLY - NOT HUMAN EXPERIMENT RESULTS,1177480,C,1,1328.1261643831292,1.0,0,1,mouse
SYNTHETIC DEMONSTRATION ONLY - NOT HUMAN EXPERIMENT RESULTS,1177500,C,1,1328.047434738997,1.0,0,1,mouse
SYNTHETIC DEMONSTRATION ONLY - NOT HUMAN EXPERIMENT RESULTS,1177520,C,1,1327.9683064787337,1.0,0,1,mouse
SYNTHETIC DEMONSTRATION ONLY - NOT HUMAN EXPERIMENT RESULTS,1177540,C,1,1327.8887807269277,1.0,0,1,mouse
SYNTHETIC DEMONSTRATION ONLY - NOT HUMAN EXPERIMENT RESULTS,1177560,C,1,1327.8088586138156,1.0,0,1,mouse
SYNTHETIC DEMONSTRATION ONLY - NOT HUMAN EXPERIMENT RESULTS,1177580,C,1,1327.7285412752674,1.0,0,1,mouse
SYNTHETIC DEMONSTRATION ONLY - NOT HUMAN EXPERIMENT RESULTS,1177600,C,1,1327.6478298527704,1.0,0,1,mouse
SYNTHETIC DEMONSTRATION ONLY - NOT HUMAN EXPERIMENT RESULTS,1177620,C,1,1327.5667254934126,1.0,0,1,mouse
SYNTHETIC DEMONSTRATION ONLY - NOT HUMAN EXPERIMENT RESULTS,1177640,C,1,1327.4852293498666,1.0,0,1,mouse
SYNTHETIC DEMONSTRATION ONLY - NOT HUMAN EXPERIMENT RESULTS,1177660,C,1,1327.4033425803727,1.0,0,1,mouse
SYNTHETIC DEMONSTRATION ONLY - NOT HUMAN EXPERIMENT RESULTS,1177680,C,1,1327.3210663487232,1.0,0,1,mouse
SYNTHETIC DEMONSTRATION ONLY - NOT HUMAN EXPERIMENT RESULTS,1177700,C,1,1327.2384018242456,1.0,0,1,mouse
SYNTHETIC DEMONSTRATION ONLY - NOT HUMAN EXPERIMENT RESULTS,1177720,C,1,1327.155350181786,1.0,0,1,mouse
SYNTHETIC DEMONSTRATION ONLY - NOT HUMAN EXPERIMENT RESULTS,1177740,C,1,1327.0719126016913,1.0,0,1,mouse
SYNTHETIC DEMONSTRATION ONLY - NOT HUMAN EXPERIMENT RESULTS,1177760,C,1,1326.988090269795,1.0,0,1,mouse
SYNTHETIC DEMONSTRATION ONLY - NOT HUMAN EXPERIMENT RESULTS,1177780,C,1,1326.9038843773978,1.0,0,1,mouse
SYNTHETIC DEMONSTRATION ONLY - NOT HUMAN EXPERIMENT RESULTS,1177800,C,1,1326.8192961212517,1.0,0,1,mouse
SYNTHETIC DEMONSTRATION ONLY - NOT HUMAN EXPERIMENT RESULTS,1177820,C,1,1326.734326703543,1.0,0,1,mouse
SYNTHETIC DEMONSTRATION ONLY - NOT HUMAN EXPERIMENT RESULTS,1177840,C,1,1326.6489773318751,1.0,0,1,mouse
SYNTHETIC DEMONSTRATION ONLY - NOT HUMAN EXPERIMENT RESULTS,1177860,C,1,1326.5632492192517,1.0,0,1,mouse
SYNTHETIC DEMONSTRATION ONLY - NOT HUMAN EXPERIMENT RESULTS,1177880,C,1,1326.4771435840591,1.0,0,1,mouse
SYNTHETIC DEMONSTRATION ONLY - NOT HUMAN EXPERIMENT RESULTS,1177900,C,1,1326.390661650049,1.0,0,1,mouse
SYNTHETIC DEMONSTRATION ONLY - NOT HUMAN EXPERIMENT RESULTS,1177920,C,1,1326.3038046463207,1.0,0,1,mouse
SYNTHETIC DEMONSTRATION ONLY - NOT HUMAN EXPERIMENT RESULTS,1177940,C,1,1326.216573807305,1.0,0,1,mouse
SYNTHETIC DEMONSTRATION ONLY - NOT HUMAN EXPERIMENT RESULTS,1177960,C,1,1326.128970372745,1.0,0,1,mouse
SYNTHETIC DEMONSTRATION ONLY - NOT HUMAN EXPERIMENT RESULTS,1177980,C,1,1326.0409955876792,1.0,0,1,mouse
SYNTHETIC DEMONSTRATION ONLY - NOT HUMAN EXPERIMENT RESULTS,1178000,C,1,1325.9526507024243,1.0,0,1,mouse
SYNTHETIC DEMONSTRATION ONLY - NOT HUMAN EXPERIMENT RESULTS,1178020,C,1,1325.8639369725565,1.0,0,1,mouse
SYNTHETIC DEMONSTRATION ONLY - NOT HUMAN EXPERIMENT RESULTS,1178040,C,1,1325.7748556588947,1.0,0,1,mouse
SYNTHETIC DEMONSTRATION ONLY - NOT HUMAN EXPERIMENT RESULTS,1178060,C,1,1325.6854080274807,1.0,0,1,mouse
SYNTHETIC DEMONSTRATION ONLY - NOT HUMAN EXPERIMENT RESULTS,1178080,C,1,1325.595595349564,1.0,0,1,mouse
SYNTHETIC DEMONSTRATION ONLY - NOT HUMAN EXPERIMENT RESULTS,1178100,C,1,1325.5054189015816,1.0,0,1,mouse
SYNTHETIC DEMONSTRATION ONLY - NOT HUMAN EXPERIMENT RESULTS,1178120,C,1,1325.4148799651402,1.0,0,1,mouse
SYNTHETIC DEMONSTRATION ONLY - NOT HUMAN EXPERIMENT RESULTS,1178140,C,1,1325.3239798269983,1.0,0,1,mouse
SYNTHETIC DEMONSTRATION ONLY - NOT HUMAN EXPERIMENT RESULTS,1178160,C,1,1325.2327197790487,1.0,0,1,mouse
SYNTHETIC DEMONSTRATION ONLY - NOT HUMAN EXPERIMENT RESULTS,1178180,C,1,1325.1411011182977,1.0,0,1,mouse
SYNTHETIC DEMONSTRATION ONLY - NOT HUMAN EXPERIMENT RESULTS,1178200,C,1,1325.0491251468502,1.0,0,1,mouse
SYNTHETIC DEMONSTRATION ONLY - NOT HUMAN EXPERIMENT RESULTS,1178220,C,1,1324.956793171888,1.0,0,1,mouse
SYNTHETIC DEMONSTRATION ONLY - NOT HUMAN EXPERIMENT RESULTS,1178240,C,1,1324.864106505653,1.0,0,1,mouse
SYNTHETIC DEMONSTRATION ONLY - NOT HUMAN EXPERIMENT RESULTS,1178260,C,1,1324.7710664654273,1.0,0,1,mouse
SYNTHETIC DEMONSTRATION ONLY - NOT HUMAN EXPERIMENT RESULTS,1178280,C,1,1324.6776743735165,1.0,0,1,mouse
SYNTHETIC DEMONSTRATION ONLY - NOT HUMAN EXPERIMENT RESULTS,1178300,C,1,1324.5839315572287,1.0,0,1,mouse
SYNTHETIC DEMONSTRATION ONLY - NOT HUMAN EXPERIMENT RESULTS,1178320,C,1,1324.4898393488568,1.0,0,1,mouse
SYNTHETIC DEMONSTRATION ONLY - NOT HUMAN EXPERIMENT RESULTS,1178340,C,1,1324.3953990856592,1.0,0,1,mouse
SYNTHETIC DEMONSTRATION ONLY - NOT HUMAN EXPERIMENT RESULTS,1178360,C,1,1324.3006121098415,1.0,0,1,mouse
SYNTHETIC DEMONSTRATION ONLY - NOT HUMAN EXPERIMENT RESULTS,1178380,C,1,1324.205479768536,1.0,0,1,mouse
SYNTHETIC DEMONSTRATION ONLY - NOT HUMAN EXPERIMENT RESULTS,1178400,C,1,1324.1100034137842,1.0,0,1,mouse
SYNTHETIC DEMONSTRATION ONLY - NOT HUMAN EXPERIMENT RESULTS,1178420,C,1,1324.0141844025159,1.0,0,1,mouse
SYNTHETIC DEMONSTRATION ONLY - NOT HUMAN EXPERIMENT RESULTS,1178440,C,1,1323.9180240965322,1.0,0,1,mouse
SYNTHETIC DEMONSTRATION ONLY - NOT HUMAN EXPERIMENT RESULTS,1178460,C,1,1323.821523862483,1.0,0,1,mouse
SYNTHETIC DEMONSTRATION ONLY - NOT HUMAN EXPERIMENT RESULTS,1178480,C,1,1323.724685071851,1.0,0,1,mouse
SYNTHETIC DEMONSTRATION ONLY - NOT HUMAN EXPERIMENT RESULTS,1178500,C,1,1323.627509100929,1.0,0,1,mouse
SYNTHETIC DEMONSTRATION ONLY - NOT HUMAN EXPERIMENT RESULTS,1178520,C,1,1323.5299973308033,1.0,0,1,mouse
SYNTHETIC DEMONSTRATION ONLY - NOT HUMAN EXPERIMENT RESULTS,1178540,C,1,1323.432151147332,1.0,0,1,mouse
SYNTHETIC DEMONSTRATION ONLY - NOT HUMAN EXPERIMENT RESULTS,1178560,C,1,1323.3339719411254,1.0,0,1,mouse
SYNTHETIC DEMONSTRATION ONLY - NOT HUMAN EXPERIMENT RESULTS,1178580,C,1,1323.2354611075275,1.0,0,1,mouse
SYNTHETIC DEMONSTRATION ONLY - NOT HUMAN EXPERIMENT RESULTS,1178600,C,1,1323.136620046596,1.0,0,1,mouse
SYNTHETIC DEMONSTRATION ONLY - NOT HUMAN EXPERIMENT RESULTS,1178620,C,1,1323.03745016308,1.0,0,1,mouse
SYNTHETIC DEMONSTRATION ONLY - NOT HUMAN EXPERIMENT RESULTS,1178640,C,1,1322.937952866404,1.0,0,1,mouse
SYNTHETIC DEMONSTRATION ONLY - NOT HUMAN EXPERIMENT RESULTS,1178660,C,1,1322.8381295706445,1.0,0,1,mouse
SYNTHETIC DEMONSTRATION ONLY - NOT HUMAN EXPERIMENT RESULTS,1178680,C,1,1322.7379816945113,1.0,0,1,mouse
SYNTHETIC DEMONSTRATION ONLY - NOT HUMAN EXPERIMENT RESULTS,1178700,C,1,1322.6375106613275,1.0,0,1,mouse
SYNTHETIC DEMONSTRATION ONLY - NOT HUMAN EXPERIMENT RESULTS,1178720,C,1,1322.5367178990093,1.0,0,1,mouse
SYNTHETIC DEMONSTRATION ONLY - NOT HUMAN EXPERIMENT RESULTS,1178740,C,1,1322.4356048400443,1.0,0,1,mouse
SYNTHETIC DEMONSTRATION ONLY - NOT HUMAN EXPERIMENT RESULTS,1178760,C,1,1322.3341729214735,1.0,0,1,mouse
SYNTHETIC DEMONSTRATION ONLY - NOT HUMAN EXPERIMENT RESULTS,1178780,C,1,1322.2324235848685,1.0,0,1,mouse
SYNTHETIC DEMONSTRATION ONLY - NOT HUMAN EXPERIMENT RESULTS,1178800,C,1,1322.1303582763128,1.0,0,1,mouse
SYNTHETIC DEMONSTRATION ONLY - NOT HUMAN EXPERIMENT RESULTS,1178820,C,1,1322.0279784463803,1.0,0,1,mouse
SYNTHETIC DEMONSTRATION ONLY - NOT HUMAN EXPERIMENT RESULTS,1178840,C,1,1321.925285550115,1.0,0,1,mouse
SYNTHETIC DEMONSTRATION ONLY - NOT HUMAN EXPERIMENT RESULTS,1178860,C,1,1321.8222810470102,1.0,0,1,mouse
SYNTHETIC DEMONSTRATION ONLY - NOT HUMAN EXPERIMENT RESULTS,1178880,C,1,1321.7189664009884,1.0,0,1,mouse
SYNTHETIC DEMONSTRATION ONLY - NOT HUMAN EXPERIMENT RESULTS,1178900,C,1,1321.6153430803786,1.0,0,1,mouse
SYNTHETIC DEMONSTRATION ONLY - NOT HUMAN EXPERIMENT RESULTS,1178920,C,1,1321.511412557898,1.0,0,1,mouse
SYNTHETIC DEMONSTRATION ONLY - NOT HUMAN EXPERIMENT RESULTS,1178940,C,1,1321.4071763106294,1.0,0,1,mouse
SYNTHETIC DEMONSTRATION ONLY - NOT HUMAN EXPERIMENT RESULTS,1178960,C,1,1321.3026358200007,1.0,0,1,mouse
SYNTHETIC DEMONSTRATION ONLY - NOT HUMAN EXPERIMENT RESULTS,1178980,C,1,1321.1977925717633,1.0,0,1,mouse
SYNTHETIC DEMONSTRATION ONLY - NOT HUMAN EXPERIMENT RESULTS,1179000,C,1,1321.092648055972,1.0,0,1,mouse
SYNTHETIC DEMONSTRATION ONLY - NOT HUMAN EXPERIMENT RESULTS,1179020,C,1,1320.9872037669631,1.0,0,1,mouse
SYNTHETIC DEMONSTRATION ONLY - NOT HUMAN EXPERIMENT RESULTS,1179040,C,1,1320.8814612033336,1.0,0,1,mouse
SYNTHETIC DEMONSTRATION ONLY - NOT HUMAN EXPERIMENT RESULTS,1179060,C,1,1320.775421867919,1.0,0,1,mouse
SYNTHETIC DEMONSTRATION ONLY - NOT HUMAN EXPERIMENT RESULTS,1179080,C,1,1320.6690872677732,1.0,0,1,mouse
SYNTHETIC DEMONSTRATION ONLY - NOT HUMAN EXPERIMENT RESULTS,1179100,C,1,1320.5624589141462,1.0,0,1,mouse
SYNTHETIC DEMONSTRATION ONLY - NOT HUMAN EXPERIMENT RESULTS,1179120,C,1,1320.4555383224629,1.0,0,1,mouse
SYNTHETIC DEMONSTRATION ONLY - NOT HUMAN EXPERIMENT RESULTS,1179140,C,1,1320.3483270123018,1.0,0,1,mouse
SYNTHETIC DEMONSTRATION ONLY - NOT HUMAN EXPERIMENT RESULTS,1179160,C,1,1320.2408265073725,1.0,0,1,mouse
SYNTHETIC DEMONSTRATION ONLY - NOT HUMAN EXPERIMENT RESULTS,1179180,C,1,1320.1330383354953,1.0,0,1,mouse
SYNTHETIC DEMONSTRATION ONLY - NOT HUMAN EXPERIMENT RESULTS,1179200,C,1,1320.0249640285788,1.0,0,1,mouse
SYNTHETIC DEMONSTRATION ONLY - NOT HUMAN EXPERIMENT RESULTS,1179220,C,1,1319.9166051225982,1.0,0,1,mouse
SYNTHETIC DEMONSTRATION ONLY - NOT HUMAN EXPERIMENT RESULTS,1179240,C,1,1319.807963157573,1.0,0,1,mouse
SYNTHETIC DEMONSTRATION ONLY - NOT HUMAN EXPERIMENT RESULTS,1179260,C,1,1319.6990396775468,1.0,0,1,mouse
SYNTHETIC DEMONSTRATION ONLY - NOT HUMAN EXPERIMENT RESULTS,1179280,C,1,1319.5898362305625,1.0,0,1,mouse
SYNTHETIC DEMONSTRATION ONLY - NOT HUMAN EXPERIMENT RESULTS,1179300,C,1,1319.4803543686432,1.0,0,1,mouse
SYNTHETIC DEMONSTRATION ONLY - NOT HUMAN EXPERIMENT RESULTS,1179320,C,1,1319.3705956477686,1.0,0,1,mouse
SYNTHETIC DEMONSTRATION ONLY - NOT HUMAN EXPERIMENT RESULTS,1179340,C,1,1319.260561627853,1.0,0,1,mouse
SYNTHETIC DEMONSTRATION ONLY - NOT HUMAN EXPERIMENT RESULTS,1179360,C,1,1319.150253872723,1.0,0,1,mouse
SYNTHETIC DEMONSTRATION ONLY - NOT HUMAN EXPERIMENT RESULTS,1179380,C,1,1319.0396739500966,1.0,0,1,mouse
SYNTHETIC DEMONSTRATION ONLY - NOT HUMAN EXPERIMENT RESULTS,1179400,C,1,1318.9288234315586,1.0,0,1,mouse
SYNTHETIC DEMONSTRATION ONLY - NOT HUMAN EXPERIMENT RESULTS,1179420,C,1,1318.8177038925407,1.0,0,1,mouse
SYNTHETIC DEMONSTRATION ONLY - NOT HUMAN EXPERIMENT RESULTS,1179440,C,1,1318.7063169122976,1.0,0,1,mouse
SYNTHETIC DEMONSTRATION ONLY - NOT HUMAN EXPERIMENT RESULTS,1179460,C,1,1318.5946640738846,1.0,0,1,mouse
SYNTHETIC DEMONSTRATION ONLY - NOT HUMAN EXPERIMENT RESULTS,1179480,C,1,1318.4827469641357,1.0,0,1,mouse
SYNTHETIC DEMONSTRATION ONLY - NOT HUMAN EXPERIMENT RESULTS,1179500,C,1,1318.3705671736407,1.0,0,1,mouse
SYNTHETIC DEMONSTRATION ONLY - NOT HUMAN EXPERIMENT RESULTS,1179520,C,1,1318.2581262967226,1.0,0,1,mouse
SYNTHETIC DEMONSTRATION ONLY - NOT HUMAN EXPERIMENT RESULTS,1179540,C,1,1318.1454259314157,1.0,0,1,mouse
SYNTHETIC DEMONSTRATION ONLY - NOT HUMAN EXPERIMENT RESULTS,1179560,C,1,1318.0324676794412,1.0,0,1,mouse
SYNTHETIC DEMONSTRATION ONLY - NOT HUMAN EXPERIMENT RESULTS,1179580,C,1,1317.919253146186,1.0,0,1,mouse
SYNTHETIC DEMONSTRATION ONLY - NOT HUMAN EXPERIMENT RESULTS,1179600,C,1,1317.8057839406792,1.0,0,1,mouse
SYNTHETIC DEMONSTRATION ONLY - NOT HUMAN EXPERIMENT RESULTS,1179620,C,1,1317.6920616755697,1.0,0,1,mouse
SYNTHETIC DEMONSTRATION ONLY - NOT HUMAN EXPERIMENT RESULTS,1179640,C,1,1317.5780879671017,1.0,0,1,mouse
SYNTHETIC DEMONSTRATION ONLY - NOT HUMAN EXPERIMENT RESULTS,1179660,C,1,1317.4638644350953,1.0,0,1,mouse
SYNTHETIC DEMONSTRATION ONLY - NOT HUMAN EXPERIMENT RESULTS,1179680,C,1,1317.3493927029183,1.0,0,1,mouse
SYNTHETIC DEMONSTRATION ONLY - NOT HUMAN EXPERIMENT RESULTS,1179700,C,1,1317.234674397468,1.0,0,1,mouse
SYNTHETIC DEMONSTRATION ONLY - NOT HUMAN EXPERIMENT RESULTS,1179720,C,1,1317.1197111491458,1.0,0,1,mouse
SYNTHETIC DEMONSTRATION ONLY - NOT HUMAN EXPERIMENT RESULTS,1179740,C,1,1317.0045045918337,1.0,0,1,mouse
SYNTHETIC DEMONSTRATION ONLY - NOT HUMAN EXPERIMENT RESULTS,1179760,C,1,1316.8890563628715,1.0,0,1,mouse
SYNTHETIC DEMONSTRATION ONLY - NOT HUMAN EXPERIMENT RESULTS,1179780,C,1,1316.7733681030345,1.0,0,1,mouse
SYNTHETIC DEMONSTRATION ONLY - NOT HUMAN EXPERIMENT RESULTS,1179800,C,1,1316.6574414565086,1.0,0,1,mouse
SYNTHETIC DEMONSTRATION ONLY - NOT HUMAN EXPERIMENT RESULTS,1179820,C,1,1316.5412780708687,1.0,0,1,mouse
SYNTHETIC DEMONSTRATION ONLY - NOT HUMAN EXPERIMENT RESULTS,1179840,C,1,1316.4248795970527,1.0,0,1,mouse
SYNTHETIC DEMONSTRATION ONLY - NOT HUMAN EXPERIMENT RESULTS,1179860,C,1,1316.3082476893414,1.0,0,1,mouse
SYNTHETIC DEMONSTRATION ONLY - NOT HUMAN EXPERIMENT RESULTS,1179880,C,1,1316.1913840053319,1.0,0,1,mouse
SYNTHETIC DEMONSTRATION ONLY - NOT HUMAN EXPERIMENT RESULTS,1179900,C,1,1316.074290205916,1.0,0,1,mouse
SYNTHETIC DEMONSTRATION ONLY - NOT HUMAN EXPERIMENT RESULTS,1179920,C,1,1315.9569679552555,1.0,0,1,mouse
SYNTHETIC DEMONSTRATION ONLY - NOT HUMAN EXPERIMENT RESULTS,1179940,C,1,1315.8394189207602,1.0,0,1,mouse
SYNTHETIC DEMONSTRATION ONLY - NOT HUMAN EXPERIMENT RESULTS,1179960,C,1,1315.7216447730607,1.0,0,1,mouse
SYNTHETIC DEMONSTRATION ONLY - NOT HUMAN EXPERIMENT RESULTS,1179980,C,1,1315.6036471859895,1.0,0,1,mouse
