data_status,device_ms,condition,support_level,fsr_raw_adc,discomfort_nrs,safety_symptom_flag,user_continues,task_phase
SYNTHETIC DEMONSTRATION ONLY - NOT HUMAN EXPERIMENT RESULTS,1000000,A,0,905.9213822173449,1.0,0,1,typing
SYNTHETIC DEMONSTRATION ONLY - NOT HUMAN EXPERIMENT RESULTS,1000020,A,0,906.051384677588,1.0,0,1,typing
SYNTHETIC DEMONSTRATION ONLY - NOT HUMAN EXPERIMENT RESULTS,1000040,A,0,906.18130113426,1.0,0,1,typing
SYNTHETIC DEMONSTRATION ONLY - NOT HUMAN EXPERIMENT RESULTS,1000060,A,0,906.3111297409607,1.0,0,1,typing
SYNTHETIC DEMONSTRATION ONLY - NOT HUMAN EXPERIMENT RESULTS,1000080,A,0,906.440868652538,1.0,0,1,typing
SYNTHETIC DEMONSTRATION ONLY - NOT HUMAN EXPERIMENT RESULTS,1000100,A,0,906.5705160251148,1.0,0,1,typing
SYNTHETIC DEMONSTRATION ONLY - NOT HUMAN EXPERIMENT RESULTS,1000120,A,0,906.7000700161151,1.0,0,1,typing
SYNTHETIC DEMONSTRATION ONLY - NOT HUMAN EXPERIMENT RESULTS,1000140,A,0,906.8295287842898,1.0,0,1,typing
SYNTHETIC DEMONSTRATION ONLY - NOT HUMAN EXPERIMENT RESULTS,1000160,A,0,906.9588904897432,1.0,0,1,typing
SYNTHETIC DEMONSTRATION ONLY - NOT HUMAN EXPERIMENT RESULTS,1000180,A,0,907.0881532939593,1.0,0,1,typing
SYNTHETIC DEMONSTRATION ONLY - NOT HUMAN EXPERIMENT RESULTS,1000200,A,0,907.2173153598274,1.0,0,1,typing
SYNTHETIC DEMONSTRATION ONLY - NOT HUMAN EXPERIMENT RESULTS,1000220,A,0,907.3463748516685,1.0,0,1,typing
SYNTHETIC DEMONSTRATION ONLY - NOT HUMAN EXPERIMENT RESULTS,1000240,A,0,907.4753299352619,1.0,0,1,typing
SYNTHETIC DEMONSTRATION ONLY - NOT HUMAN EXPERIMENT RESULTS,1000260,A,0,907.6041787778703,1.0,0,1,typing
SYNTHETIC DEMONSTRATION ONLY - NOT HUMAN EXPERIMENT RESULTS,1000280,A,0,907.7329195482663,1.0,0,1,typing
SYNTHETIC DEMONSTRATION ONLY - NOT HUMAN EXPERIMENT RESULTS,1000300,A,0,907.8615504167586,1.0,0,1,typing
SYNTHETIC DEMONSTRATION ONLY - NOT HUMAN EXPERIMENT RESULTS,1000320,A,0,907.9900695552179,1.0,0,1,typing
SYNTHETIC DEMONSTRATION ONLY - NOT HUMAN EXPERIMENT RESULTS,1000340,A,0,908.1184751371028,1.0,0,1,typing
SYNTHETIC DEMONSTRATION ONLY - NOT HUMAN EXPERIMENT RESULTS,1000360,A,0,908.2467653374857,1.0,0,1,typing
SYNTHETIC DEMONSTRATION ONLY - NOT HUMAN EXPERIMENT RESULTS,1000380,A,0,908.374938333079,1.0,0,1,typing
SYNTHETIC DEMONSTRATION ONLY - NOT HUMAN EXPERIMENT RESULTS,1000400,A,0,908.5029923022605,1.0,0,1,typing
SYNTHETIC DEMONSTRATION ONLY - NOT HUMAN EXPERIMENT RESULTS,1000420,A,0,908.6309254251,1.0,0,1,typing
SYNTHETIC DEMONSTRATION ONLY - NOT HUMAN EXPERIMENT RESULTS,1000440,A,0,908.7587358833846,1.0,0,1,typing
SYNTHETIC DEMONSTRATION ONLY - NOT HUMAN EXPERIMENT RESULTS,1000460,A,0,908.8864218606448,1.0,0,1,typing
SYNTHETIC DEMONSTRATION ONLY - NOT HUMAN EXPERIMENT RESULTS,1000480,A,0,909.0139815421802,1.0,0,1,typing
SYNTHETIC DEMONSTRATION ONLY - NOT HUMAN EXPERIMENT RESULTS,1000500,A,0,909.1414131150854,1.0,0,1,typing
SYNTHETIC DEMONSTRATION ONLY - NOT HUMAN EXPERIMENT RESULTS,1000520,A,0,909.2687147682757,1.0,0,1,typing
SYNTHETIC DEMONSTRATION ONLY - NOT HUMAN EXPERIMENT RESULTS,1000540,A,0,909.3958846925127,1.0,0,1,typing
SYNTHETIC DEMONSTRATION ONLY - NOT HUMAN EXPERIMENT RESULTS,1000560,A,0,909.5229210804305,1.0,0,1,typing
SYNTHETIC DEMONSTRATION ONLY - NOT HUMAN EXPERIMENT RESULTS,1000580,A,0,909.6498221265606,1.0,0,1,typing
SYNTHETIC DEMONSTRATION ONLY - NOT HUMAN EXPERIMENT RESULTS,1000600,A,0,909.7765860273585,1.0,0,1,typing
SYNTHETIC DEMONSTRATION ONLY - NOT HUMAN EXPERIMENT RESULTS,1000620,A,0,909.9032109812282,1.0,0,1,typing
SYNTHETIC DEMONSTRATION ONLY - NOT HUMAN EXPERIMENT RESULTS,1000640,A,0,910.0296951885492,1.0,0,1,typing
SYNTHETIC DEMONSTRATION ONLY - NOT HUMAN EXPERIMENT RESULTS,1000660,A,0,910.1560368517008,1.0,0,1,typing
SYNTHETIC DEMONSTRATION ONLY - NOT HUMAN EXPERIMENT RESULTS,1000680,A,0,910.2822341750882,1.0,0,1,typing
SYNTHETIC DEMONSTRATION ONLY - NOT HUMAN EXPERIMENT RESULTS,1000700,A,0,910.4082853651682,1.0,0,1,typing
SYNTHETIC DEMONSTRATION ONLY - NOT HUMAN EXPERIMENT RESULTS,1000720,A,0,910.5341886304745,1.0,0,1,typing
SYNTHETIC DEMONSTRATION ONLY - NOT HUMAN EXPERIMENT RESULTS,1000740,A,0,910.6599421816428,1.0,0,1,typing
SYNTHETIC DEMONSTRATION ONLY - NOT HUMAN EXPERIMENT RESULTS,1000760,A,0,910.7855442314369,1.0,0,1,typing
SYNTHETIC DEMONSTRATION ONLY - NOT HUMAN EXPERIMENT RESULTS,1000780,A,0,910.9109929947736,1.0,0,1,typing
SYNTHETIC DEMONSTRATION ONLY - NOT HUMAN EXPERIMENT RESULTS,1000800,A,0,911.0362866887482,1.0,0,1,typing
SYNTHETIC DEMONSTRATION ONLY - NOT HUMAN EXPERIMENT RESULTS,1000820,A,0,911.1614235326601,1.0,0,1,typing
SYNTHETIC DEMONSTRATION ONLY - NOT HUMAN EXPERIMENT RESULTS,1000840,A,0,911.2864017480379,1.0,0,1,typing
SYNTHETIC DEMONSTRATION ONLY - NOT HUMAN EXPERIMENT RESULTS,1000860,A,0,911.4112195586641,1.0,0,1,typing
SYNTHETIC DEMONSTRATION ONLY - NOT HUMAN EXPERIMENT RESULTS,1000880,A,0,911.5358751906017,1.0,0,1,typing
SYNTHETIC DEMONSTRATION ONLY - NOT HUMAN EXPERIMENT RESULTS,1000900,A,0,911.6603668722182,1.0,0,1,typing
SYNTHETIC DEMONSTRATION ONLY - NOT HUMAN EXPERIMENT RESULTS,1000920,A,0,911.7846928342111,1.0,0,1,typing
SYNTHETIC DEMONSTRATION ONLY - NOT HUMAN EXPERIMENT RESULTS,1000940,A,0,911.9088513096333,1.0,0,1,typing
SYNTHETIC DEMONSTRATION ONLY - NOT HUMAN EXPERIMENT RESULTS,1000960,A,0,912.0328405339181,1.0,0,1,typing
SYNTHETIC DEMONSTRATION ONLY - NOT HUMAN EXPERIMENT RESULTS,1000980,A,0,912.1566587449042,1.0,0,1,typing
SYNTHETIC DEMONSTRATION ONLY - NOT HUMAN EXPERIMENT RESULTS,1001000,A,0,912.2803041828606,1.0,0,1,typing
SYNTHETIC DEMONSTRATION ONLY - NOT HUMAN EXPERIMENT RESULTS,1001020,A,0,912.4037750905122,1.0,0,1,typing
SYNTHETIC DEMONSTRATION ONLY - NOT HUMAN EXPERIMENT RESULTS,1001040,A,0,912.5270697130638,1.0,0,1,typing
SYNTHETIC DEMONSTRATION ONLY - NOT HUMAN EXPERIMENT RESULTS,1001060,A,0,912.6501862982262,1.0,0,1,typing
SYNTHETIC DEMONSTRATION ONLY - NOT HUMAN EXPERIMENT RESULTS,1001080,A,0,912.7731230962399,1.0,0,1,typing
SYNTHETIC DEMONSTRATION ONLY - NOT HUMAN EXPERIMENT RESULTS,1001100,A,0,912.8958783599011,1.0,0,1,typing
SYNTHETIC DEMONSTRATION ONLY - NOT HUMAN EXPERIMENT RESULTS,1001120,A,0,913.0184503445857,1.0,0,1,typing
SYNTHETIC DEMONSTRATION ONLY - NOT HUMAN EXPERIMENT RESULTS,1001140,A,0,913.1408373082745,1.0,0,1,typing
SYNTHETIC DEMONSTRATION ONLY - NOT HUMAN EXPERIMENT RESULTS,1001160,A,0,913.2630375115779,1.0,0,1,typing
SYNTHETIC DEMONSTRATION ONLY - NOT HUMAN EXPERIMENT RESULTS,1001180,A,0,913.3850492177603,1.0,0,1,typing
SYNTHETIC DEMONSTRATION ONLY - NOT HUMAN EXPERIMENT RESULTS,1001200,A,0,913.5068706927656,1.0,0,1,typing
SYNTHETIC DEMONSTRATION ONLY - NOT HUMAN EXPERIMENT RESULTS,1001220,A,0,913.6285002052407,1.0,0,1,typing
SYNTHETIC DEMONSTRATION ONLY - NOT HUMAN EXPERIMENT RESULTS,1001240,A,0,913.7499360265612,1.0,0,1,typing
SYNTHETIC DEMONSTRATION ONLY - NOT HUMAN EXPERIMENT RESULTS,1001260,A,0,913.8711764308551,1.0,0,1,typing
SYNTHETIC DEMONSTRATION ONLY - NOT HUMAN EXPERIMENT RESULTS,1001280,A,0,913.9922196950281,1.0,0,1,typing
SYNTHETIC DEMONSTRATION ONLY - NOT HUMAN EXPERIMENT RESULTS,1001300,A,0,914.1130640987874,1.0,0,1,typing
SYNTHETIC DEMONSTRATION ONLY - NOT HUMAN EXPERIMENT RESULTS,1001320,A,0,914.2337079246664,1.0,0,1,typing
SYNTHETIC DEMONSTRATION ONLY - NOT HUMAN EXPERIMENT RESULTS,1001340,A,0,914.3541494580495,1.0,0,1,typing
SYNTHETIC DEMONSTRATION ONLY - NOT HUMAN EXPERIMENT RESULTS,1001360,A,0,914.4743869871958,1.0,0,1,typing
SYNTHETIC DEMONSTRATION ONLY - NOT HUMAN EXPERIMENT RESULTS,1001380,A,0,914.5944188032639,1.0,0,1,typing
SYNTHETIC DEMONSTRATION ONLY - NOT HUMAN EXPERIMENT RESULTS,1001400,A,0,914.7142432003359,1.0,0,1,typing
SYNTHETIC DEMONSTRATION ONLY - NOT HUMAN EXPERIMENT RESULTS,1001420,A,0,914.8338584754421,1.0,0,1,typing
SYNTHETIC DEMONSTRATION ONLY - NOT HUMAN EXPERIMENT RESULTS,1001440,A,0,914.9532629285844,1.0,0,1,typing
SYNTHETIC DEMONSTRATION ONLY - NOT HUMAN EXPERIMENT RESULTS,1001460,A,0,915.0724548627614,1.0,0,1,typing
SYNTHETIC DEMONSTRATION ONLY - NOT HUMAN EXPERIMENT RESULTS,1001480,A,0,915.1914325839919,1.0,0,1,typing
SYNTHETIC DEMONSTRATION ONLY - NOT HUMAN EXPERIMENT RESULTS,1001500,A,0,915.310194401339,1.0,0,1,typing
SYNTHETIC DEMONSTRATION ONLY - NOT HUMAN EXPERIMENT RESULTS,1001520,A,0,915.4287386269345,1.0,0,1,typing
SYNTHETIC DEMONSTRATION ONLY - NOT HUMAN EXPERIMENT RESULTS,1001540,A,0,915.5470635760025,1.0,0,1,typing
SYNTHETIC DEMONSTRATION ONLY - NOT HUMAN EXPERIMENT RESULTS,1001560,A,0,915.6651675668836,1.0,0,1,typing
SYNTHETIC DEMONSTRATION ONLY - NOT HUMAN EXPERIMENT RESULTS,1001580,A,0,915.7830489210586,1.0,0,1,typing
SYNTHETIC DEMONSTRATION ONLY - NOT HUMAN EXPERIMENT RESULTS,1001600,A,0,915.9007059631726,1.0,0,1,typing
SYNTHETIC DEMONSTRATION ONLY - NOT HUMAN EXPERIMENT RESULTS,1001620,A,0,916.0181370210586,1.0,0,1,typing
SYNTHETIC DEMONSTRATION ONLY - NOT HUMAN EXPERIMENT RESULTS,1001640,A,0,916.1353404257612,1.0,0,1,typing
SYNTHETIC DEMONSTRATION ONLY - NOT HUMAN EXPERIMENT RESULTS,1001660,A,0,916.2523145115607,1.0,0,1,typing
SYNTHETIC DEMONSTRATION ONLY - NOT HUMAN EXPERIMENT RESULTS,1001680,A,0,916.3690576159966,1.0,0,1,typing
SYNTHETIC DEMONSTRATION ONLY - NOT HUMAN EXPERIMENT RESULTS,1001700,A,0,916.4855680798905,1.0,0,1,typing
SYNTHETIC DEMONSTRATION ONLY - NOT HUMAN EXPERIMENT RESULTS,1001720,A,0,916.6018442473712,1.0,0,1,typing
SYNTHETIC DEMONSTRATION ONLY - NOT HUMAN EXPERIMENT RESULTS,1001740,A,0,916.717884465897,1.0,0,1,typing
SYNTHETIC DEMONSTRATION ONLY - NOT HUMAN EXPERIMENT RESULTS,1001760,A,0,916.8336870862793,1.0,0,1,typing
SYNTHETIC DEMONSTRATION ONLY - NOT HUMAN EXPERIMENT RESULTS,1001780,A,0,916.9492504627067,1.0,0,1,typing
SYNTHETIC DEMONSTRATION ONLY - NOT HUMAN EXPERIMENT RESULTS,1001800,A,0,917.0645729527677,1.0,0,1,typing
SYNTHETIC DEMONSTRATION ONLY - NOT HUMAN EXPERIMENT RESULTS,1001820,A,0,917.1796529174745,1.0,0,1,typing
SYNTHETIC DEMONSTRATION ONLY - NOT HUMAN EXPERIMENT RESULTS,1001840,A,0,917.2944887212861,1.0,0,1,typing
SYNTHETIC DEMONSTRATION ONLY - NOT HUMAN EXPERIMENT RESULTS,1001860,A,0,917.4090787321317,1.0,0,1,typing
SYNTHETIC DEMONSTRATION ONLY - NOT HUMAN EXPERIMENT RESULTS,1001880,A,0,917.5234213214333,1.0,0,1,typing
SYNTHETIC DEMONSTRATION ONLY - NOT HUMAN EXPERIMENT RESULTS,1001900,A,0,917.6375148641297,1.0,0,1,typing
SYNTHETIC DEMONSTRATION ONLY - NOT HUMAN EXPERIMENT RESULTS,1001920,A,0,917.7513577386992,1.0,0,1,typing
SYNTHETIC DEMONSTRATION ONLY - NOT HUMAN EXPERIMENT RESULTS,1001940,A,0,917.8649483271824,1.0,0,1,typing
SYNTHETIC DEMONSTRATION ONLY - NOT HUMAN EXPERIMENT RESULTS,1001960,A,0,917.9782850152059,1.0,0,1,typing
SYNTHETIC DEMONSTRATION ONLY - NOT HUMAN EXPERIMENT RESULTS,1001980,A,0,918.0913661920042,1.0,0,1,typing
SYNTHETIC DEMONSTRATION ONLY - NOT HUMAN EXPERIMENT RESULTS,1002000,A,0,918.2041902504436,1.0,0,1,typing
SYNTHETIC DEMONSTRATION ONLY - NOT HUMAN EXPERIMENT RESULTS,1002020,A,0,918.3167555870444,1.0,0,1,typing
SYNTHETIC DEMONSTRATION ONLY - NOT HUMAN EXPERIMENT RESULTS,1002040,A,0,918.4290606020041,1.0,0,1,typing
SYNTHETIC DEMONSTRATION ONLY - NOT HUMAN EXPERIMENT RESULTS,1002060,A,0,918.54110369922,1.0,0,1,typing
SYNTHETIC DEMONSTRATION ONLY - NOT HUMAN EXPERIMENT RESULTS,1002080,A,0,918.6528832863113,1.0,0,1,typing
SYNTHETIC DEMONSTRATION ONLY - NOT HUMAN EXPERIMENT RESULTS,1002100,A,0,918.7643977746429,1.0,0,1,typing
SYNTHETIC DEMONSTRATION ONLY - NOT HUMAN EXPERIMENT RESULTS,1002120,A,0,918.8756455793471,1.0,0,1,typing
SYNTHETIC DEMONSTRATION ONLY - NOT HUMAN EXPERIMENT RESULTS,1002140,A,0,918.9866251193462,1.0,0,1,typing
SYNTHETIC DEMONSTRATION ONLY - NOT HUMAN EXPERIMENT RESULTS,1002160,A,0,919.0973348173753,1.0,0,1,typing
SYNTHETIC DEMONSTRATION ONLY - NOT HUMAN EXPERIMENT RESULTS,1002180,A,0,919.2077731000047,1.0,0,1,typing
SYNTHETIC DEMONSTRATION ONLY - NOT HUMAN EXPERIMENT RESULTS,1002200,A,0,919.3179383976618,1.0,0,1,typing
SYNTHETIC DEMONSTRATION ONLY - NOT HUMAN EXPERIMENT RESULTS,1002220,A,0,919.4278291446539,1.0,0,1,typing
SYNTHETIC DEMONSTRATION ONLY - NOT HUMAN EXPERIMENT RESULTS,1002240,A,0,919.5374437791903,1.0,0,1,typing
SYNTHETIC DEMONSTRATION ONLY - NOT HUMAN EXPERIMENT RESULTS,1002260,A,0,919.6467807434043,1.0,0,1,typing
SYNTHETIC DEMONSTRATION ONLY - NOT HUMAN EXPERIMENT RESULTS,1002280,A,0,919.7558384833757,1.0,0,1,typing
SYNTHETIC DEMONSTRATION ONLY - NOT HUMAN EXPERIMENT RESULTS,1002300,A,0,919.8646154491527,1.0,0,1,typing
SYNTHETIC DEMONSTRATION ONLY - NOT HUMAN EXPERIMENT RESULTS,1002320,A,0,919.9731100947736,1.0,0,1,typing
SYNTHETIC DEMONSTRATION ONLY - NOT HUMAN EXPERIMENT RESULTS,1002340,A,0,920.0813208782895,1.0,0,1,typing
SYNTHETIC DEMONSTRATION ONLY - NOT HUMAN EXPERIMENT RESULTS,1002360,A,0,920.1892462617856,1.0,0,1,typing
SYNTHETIC DEMONSTRATION ONLY - NOT HUMAN EXPERIMENT RESULTS,1002380,A,0,920.2968847114033,1.0,0,1,typing
SYNTHETIC DEMONSTRATION ONLY - NOT HUMAN EXPERIMENT RESULTS,1002400,A,0,920.4042346973621,1.0,0,1,typing
SYNTHETIC DEMONSTRATION ONLY - NOT HUMAN EXPERIMENT RESULTS,1002420,A,0,920.5112946939809,1.0,0,1,typing
SYNTHETIC DEMONSTRATION ONLY - NOT HUMAN EXPERIMENT RESULTS,1002440,A,0,920.6180631797002,1.0,0,1,typing
SYNTHETIC DEMONSTRATION ONLY - NOT HUMAN EXPERIMENT RESULTS,1002460,A,0,920.7245386371036,1.0,0,1,typing
SYNTHETIC DEMONSTRATION ONLY - NOT HUMAN EXPERIMENT RESULTS,1002480,A,0,920.8307195529391,1.0,0,1,typing
SYNTHETIC DEMONSTRATION ONLY - NOT HUMAN EXPERIMENT RESULTS,1002500,A,0,920.9366044181407,1.0,0,1,typing
SYNTHETIC DEMONSTRATION ONLY - NOT HUMAN EXPERIMENT RESULTS,1002520,A,0,921.0421917278503,1.0,0,1,typing
SYNTHETIC DEMONSTRATION ONLY - NOT HUMAN EXPERIMENT RESULTS,1002540,A,0,921.1474799814386,1.0,0,1,typing
SYNTHETIC DEMONSTRATION ONLY - NOT HUMAN EXPERIMENT RESULTS,1002560,A,0,921.2524676825261,1.0,0,1,typing
SYNTHETIC DEMONSTRATION ONLY - NOT HUMAN EXPERIMENT RESULTS,1002580,A,0,921.3571533390054,1.0,0,1,typing
SYNTHETIC DEMONSTRATION ONLY - NOT HUMAN EXPERIMENT RESULTS,1002600,A,0,921.4615354630618,1.0,0,1,typing
SYNTHETIC DEMONSTRATION ONLY - NOT HUMAN EXPERIMENT RESULTS,1002620,A,0,921.5656125711938,1.0,0,1,typing
SYNTHETIC DEMONSTRATION ONLY - NOT HUMAN EXPERIMENT RESULTS,1002640,A,0,921.6693831842357,1.0,0,1,typing
SYNTHETIC DEMONSTRATION ONLY - NOT HUMAN EXPERIMENT RESULTS,1002660,A,0,921.7728458273772,1.0,0,1,typing
SYNTHETIC DEMONSTRATION ONLY - NOT HUMAN EXPERIMENT RESULTS,1002680,A,0,921.8759990301852,1.0,0,1,typing
SYNTHETIC DEMONSTRATION ONLY - NOT HUMAN EXPERIMENT RESULTS,1002700,A,0,921.9788413266243,1.0,0,1,typing
SYNTHETIC DEMONSTRATION ONLY - NOT HUMAN EXPERIMENT RESULTS,1002720,A,0,922.0813712550779,1.0,0,1,typing
SYNTHETIC DEMONSTRATION ONLY - NOT HUMAN EXPERIMENT RESULTS,1002740,A,0,922.1835873583688,1.0,0,1,typing
SYNTHETIC DEMONSTRATION ONLY - NOT HUMAN EXPERIMENT RESULTS,1002760,A,0,922.2854881837798,1.0,0,1,typing
SYNTHETIC DEMONSTRATION ONLY - NOT HUMAN EXPERIMENT RESULTS,1002780,A,0,922.3870722830746,1.0,0,1,typing
SYNTHETIC DEMONSTRATION ONLY - NOT HUMAN EXPERIMENT RESULTS,1002800,A,0,922.4883382125184,1.0,0,1,typing
SYNTHETIC DEMONSTRATION ONLY - NOT HUMAN EXPERIMENT RESULTS,1002820,A,0,922.5892845328982,1.0,0,1,typing
SYNTHETIC DEMONSTRATION ONLY - NOT HUMAN EXPERIMENT RESULTS,1002840,A,0,922.6899098095432,1.0,0,1,typing
SYNTHETIC DEMONSTRATION ONLY - NOT HUMAN EXPERIMENT RESULTS,1002860,A,0,922.7902126123456,1.0,0,1,typing
SYNTHETIC DEMONSTRATION ONLY - NOT HUMAN EXPERIMENT RESULTS,1002880,A,0,922.8901915157805,1.0,0,1,typing
SYNTHETIC DEMONSTRATION ONLY - NOT HUMAN EXPERIMENT RESULTS,1002900,A,0,922.9898450989265,1.0,0,1,typing
SYNTHETIC DEMONSTRATION ONLY - NOT HUMAN EXPERIMENT RESULTS,1002920,A,0,923.0891719454854,1.0,0,1,typing
SYNTHETIC DEMONSTRATION ONLY - NOT HUMAN EXPERIMENT RESULTS,1002940,A,0,923.188170643803,1.0,0,1,typing
SYNTHETIC DEMONSTRATION ONLY - NOT HUMAN EXPERIMENT RESULTS,1002960,A,0,923.2868397868887,1.0,0,1,typing
SYNTHETIC DEMONSTRATION ONLY - NOT HUMAN EXPERIMENT RESULTS,1002980,A,0,923.3851779724354,1.0,0,1,typing
SYNTHETIC DEMONSTRATION ONLY - NOT HUMAN EXPERIMENT RESULTS,1003000,A,0,923.4831838028398,1.0,0,1,typing
SYNTHETIC DEMONSTRATION ONLY - NOT HUMAN EXPERIMENT RESULTS,1003020,A,0,923.5808558852223,1.0,0,1,typing
SYNTHETIC DEMONSTRATION ONLY - NOT HUMAN EXPERIMENT RESULTS,1003040,A,0,923.6781928314463,1.0,0,1,typing
SYNTHETIC DEMONSTRATION ONLY - NOT HUMAN EXPERIMENT RESULTS,1003060,A,0,923.7751932581384,1.0,0,1,typing
SYNTHETIC DEMONSTRATION ONLY - NOT HUMAN EXPERIMENT RESULTS,1003080,A,0,923.8718557867078,1.0,0,1,typing
SYNTHETIC DEMONSTRATION ONLY - NOT HUMAN EXPERIMENT RESULTS,1003100,A,0,923.9681790433659,1.0,0,1,typing
SYNTHETIC DEMONSTRATION ONLY - NOT HUMAN EXPERIMENT RESULTS,1003120,A,0,924.0641616591462,1.0,0,1,typing
SYNTHETIC DEMONSTRATION ONLY - NOT HUMAN EXPERIMENT RESULTS,1003140,A,0,924.159802269923,1.0,0,1,typing
SYNTHETIC DEMONSTRATION ONLY - NOT HUMAN EXPERIMENT RESULTS,1003160,A,0,924.2550995164319,1.0,0,1,typing
SYNTHETIC DEMONSTRATION ONLY - NOT HUMAN EXPERIMENT RESULTS,1003180,A,0,924.3500520442878,1.0,0,1,typing
SYNTHETIC DEMONSTRATION ONLY - NOT HUMAN EXPERIMENT RESULTS,1003200,A,0,924.4446585040052,1.0,0,1,typing
SYNTHETIC DEMONSTRATION ONLY - NOT HUMAN EXPERIMENT RESULTS,1003220,A,0,924.5389175510169,1.0,0,1,typing
SYNTHETIC DEMONSTRATION ONLY - NOT HUMAN EXPERIMENT RESULTS,1003240,A,0,924.6328278456931,1.0,0,1,typing
SYNTHETIC DEMONSTRATION ONLY - NOT HUMAN EXPERIMENT RESULTS,1003260,A,0,924.7263880533608,1.0,0,1,typing
SYNTHETIC DEMONSTRATION ONLY - NOT HUMAN EXPERIMENT RESULTS,1003280,A,0,924.8195968443222,1.0,0,1,typing
SYNTHETIC DEMONSTRATION ONLY - NOT HUMAN EXPERIMENT RESULTS,1003300,A,0,924.9124528938742,1.0,0,1,typing
SYNTHETIC DEMONSTRATION ONLY - NOT HUMAN EXPERIMENT RESULTS,1003320,A,0,925.0049548823266,1.0,0,1,typing
SYNTHETIC DEMONSTRATION ONLY - NOT HUMAN EXPERIMENT RESULTS,1003340,A,0,925.0971014950217,1.0,0,1,typing
SYNTHETIC DEMONSTRATION ONLY - NOT HUMAN EXPERIMENT RESULTS,1003360,A,0,925.1888914223518,1.0,0,1,typing
SYNTHETIC DEMONSTRATION ONLY - NOT HUMAN EXPERIMENT RESULTS,1003380,A,0,925.2803233597792,1.0,0,1,typing
SYNTHETIC DEMONSTRATION ONLY - NOT HUMAN EXPERIMENT RESULTS,1003400,A,0,925.3713960078535,1.0,0,1,typing
SYNTHETIC DEMONSTRATION ONLY - NOT HUMAN EXPERIMENT RESULTS,1003420,A,0,925.4621080722308,1.0,0,1,typing
SYNTHETIC DEMONSTRATION ONLY - NOT HUMAN EXPERIMENT RESULTS,1003440,A,0,925.5524582636918,1.0,0,1,typing
SYNTHETIC DEMONSTRATION ONLY - NOT HUMAN EXPERIMENT RESULTS,1003460,A,0,925.6424452981605,1.0,0,1,typing
SYNTHETIC DEMONSTRATION ONLY - NOT HUMAN EXPERIMENT RESULTS,1003480,A,0,925.7320678967218,1.0,0,1,typing
SYNTHETIC DEMONSTRATION ONLY - NOT HUMAN EXPERIMENT RESULTS,1003500,A,0,925.8213247856402,1.0,0,1,typing
SYNTHETIC DEMONSTRATION ONLY - NOT HUMAN EXPERIMENT RESULTS,1003520,A,0,925.9102146963777,1.0,0,1,typing
SYNTHETIC DEMONSTRATION ONLY - NOT HUMAN EXPERIMENT RESULTS,1003540,A,0,925.998736365612,1.0,0,1,typing
SYNTHETIC DEMONSTRATION ONLY - NOT HUMAN EXPERIMENT RESULTS,1003560,A,0,926.0868885352542,1.0,0,1,typing
SYNTHETIC DEMONSTRATION ONLY - NOT HUMAN EXPERIMENT RESULTS,1003580,A,0,926.1746699524668,1.0,0,1,typing
SYNTHETIC DEMONSTRATION ONLY - NOT HUMAN EXPERIMENT RESULTS,1003600,A,0,926.2620793696817,1.0,0,1,typing
SYNTHETIC DEMONSTRATION ONLY - NOT HUMAN EXPERIMENT RESULTS,1003620,A,0,926.3491155446175,1.0,0,1,typing
SYNTHETIC DEMONSTRATION ONLY - NOT HUMAN EXPERIMENT RESULTS,1003640,A,0,926.4357772402975,1.0,0,1,typing
SYNTHETIC DEMONSTRATION ONLY - NOT HUMAN EXPERIMENT RESULTS,1003660,A,0,926.5220632250671,1.0,0,1,typing
SYNTHETIC DEMONSTRATION ONLY - NOT HUMAN EXPERIMENT RESULTS,1003680,A,0,926.6079722726116,1.0,0,1,typing
SYNTHETIC DEMONSTRATION ONLY - NOT HUMAN EXPERIMENT RESULTS,1003700,A,0,926.6935031619732,1.0,0,1,typing
SYNTHETIC DEMONSTRATION ONLY - NOT HUMAN EXPERIMENT RESULTS,1003720,A,0,926.7786546775687,1.0,0,1,typing
SYNTHETIC DEMONSTRATION ONLY - NOT HUMAN EXPERIMENT RESULTS,1003740,A,0,926.8634256092066,1.0,0,1,typing
SYNTHETIC DEMONSTRATION ONLY - NOT HUMAN EXPERIMENT RESULTS,1003760,A,0,926.9478147521041,1.0,0,1,typing
SYNTHETIC DEMONSTRATION ONLY - NOT HUMAN EXPERIMENT RESULTS,1003780,A,0,927.031820906905,1.0,0,1,typing
SYNTHETIC DEMONSTRATION ONLY - NOT HUMAN EXPERIMENT RESULTS,1003800,A,0,927.1154428796956,1.0,0,1,typing
SYNTHETIC DEMONSTRATION ONLY - NOT HUMAN EXPERIMENT RESULTS,1003820,A,0,927.1986794820227,1.0,0,1,typing
SYNTHETIC DEMONSTRATION ONLY - NOT HUMAN EXPERIMENT RESULTS,1003840,A,0,927.2815295309101,1.0,0,1,typing
SYNTHETIC DEMONSTRATION ONLY - NOT HUMAN EXPERIMENT RESULTS,1003860,A,0,927.3639918488749,1.0,0,1,typing
SYNTHETIC DEMONSTRATION ONLY - NOT HUMAN EXPERIMENT RESULTS,1003880,A,0,927.4460652639452,1.0,0,1,typing
SYNTHETIC DEMONSTRATION ONLY - NOT HUMAN EXPERIMENT RESULTS,1003900,A,0,927.5277486096762,1.0,0,1,typing
SYNTHETIC DEMONSTRATION ONLY - NOT HUMAN EXPERIMENT RESULTS,1003920,A,0,927.6090407251666,1.0,0,1,typing
SYNTHETIC DEMONSTRATION ONLY - NOT HUMAN EXPERIMENT RESULTS,1003940,A,0,927.6899404550754,1.0,0,1,typing
SYNTHETIC DEMONSTRATION ONLY - NOT HUMAN EXPERIMENT RESULTS,1003960,A,0,927.7704466496386,1.0,0,1,typing
SYNTHETIC DEMONSTRATION ONLY - NOT HUMAN EXPERIMENT RESULTS,1003980,A,0,927.8505581646849,1.0,0,1,typing
SYNTHETIC DEMONSTRATION ONLY - NOT HUMAN EXPERIMENT RESULTS,1004000,A,0,927.9302738616524,1.0,0,1,typing
SYNTHETIC DEMONSTRATION ONLY - NOT HUMAN EXPERIMENT RESULTS,1004020,A,0,928.0095926076044,1.0,0,1,typing
SYNTHETIC DEMONSTRATION ONLY - NOT HUMAN EXPERIMENT RESULTS,1004040,A,0,928.0885132752461,1.0,0,1,typing
SYNTHETIC DEMONSTRATION ONLY - NOT HUMAN EXPERIMENT RESULTS,1004060,A,0,928.16703474294,1.0,0,1,typing
SYNTHETIC DEMONSTRATION ONLY - NOT HUMAN EXPERIMENT RESULTS,1004080,A,0,928.2451558947224,1.0,0,1,typing
SYNTHETIC DEMONSTRATION ONLY - NOT HUMAN EXPERIMENT RESULTS,1004100,A,0,928.3228756203188,1.0,0,1,typing
SYNTHETIC DEMONSTRATION ONLY - NOT HUMAN EXPERIMENT RESULTS,1004120,A,0,928.4001928151597,1.0,0,1,typing
SYNTHETIC DEMONSTRATION ONLY - NOT HUMAN EXPERIMENT RESULTS,1004140,A,0,928.4771063803968,1.0,0,1,typing
SYNTHETIC DEMONSTRATION ONLY - NOT HUMAN EXPERIMENT RESULTS,1004160,A,0,928.553615222918,1.0,0,1,typing
SYNTHETIC DEMONSTRATION ONLY - NOT HUMAN EXPERIMENT RESULTS,1004180,A,0,928.6297182553633,1.0,0,1,typing
SYNTHETIC DEMONSTRATION ONLY - NOT HUMAN EXPERIMENT RESULTS,1004200,A,0,928.7054143961401,1.0,0,1,typing
SYNTHETIC DEMONSTRATION ONLY - NOT HUMAN EXPERIMENT RESULTS,1004220,A,0,928.7807025694387,1.0,0,1,typing
SYNTHETIC DEMONSTRATION ONLY - NOT HUMAN EXPERIMENT RESULTS,1004240,A,0,928.8555817052477,1.0,0,1,typing
SYNTHETIC DEMONSTRATION ONLY - NOT HUMAN EXPERIMENT RESULTS,1004260,A,0,928.9300507393685,1.0,0,1,typing
SYNTHETIC DEMONSTRATION ONLY - NOT HUMAN EXPERIMENT RESULTS,1004280,A,0,929.0041086134316,1.0,0,1,typing
SYNTHETIC DEMONSTRATION ONLY - NOT HUMAN EXPERIMENT RESULTS,1004300,A,0,929.0777542749106,1.0,0,1,typing
SYNTHETIC DEMONSTRATION ONLY - NOT HUMAN EXPERIMENT RESULTS,1004320,A,0,929.1509866771376,1.0,0,1,typing
SYNTHETIC DEMONSTRATION ONLY - NOT HUMAN EXPERIMENT RESULTS,1004340,A,0,929.2238047793179,1.0,0,1,typing
SYNTHETIC DEMONSTRATION ONLY - NOT HUMAN EXPERIMENT RESULTS,1004360,A,0,929.2962075465454,1.0,0,1,typing
SYNTHETIC DEMONSTRATION ONLY - NOT HUMAN EXPERIMENT RESULTS,1004380,A,0,929.3681939498161,1.0,0,1,typing
SYNTHETIC DEMONSTRATION ONLY - NOT HUMAN EXPERIMENT RESULTS,1004400,A,0,929.4397629660443,1.0,0,1,typing
SYNTHETIC DEMONSTRATION ONLY - NOT HUMAN EXPERIMENT RESULTS,1004420,A,0,929.5109135780757,1.0,0,1,typing
SYNTHETIC DEMONSTRATION ONLY - NOT HUMAN EXPERIMENT RESULTS,1004440,A,0,929.5816447747027,1.0,0,1,typing
SYNTHETIC DEMONSTRATION ONLY - NOT HUMAN EXPERIMENT RESULTS,1004460,A,0,929.6519555506782,1.0,0,1,typing
SYNTHETIC DEMONSTRATION ONLY - NOT HUMAN EXPERIMENT RESULTS,1004480,A,0,929.7218449067304,1.0,0,1,typing
SYNTHETIC DEMONSTRATION ONLY - NOT HUMAN EXPERIMENT RESULTS,1004500,A,0,929.7913118495773,1.0,0,1,typing
SYNTHETIC DEMONSTRATION ONLY - NOT HUMAN EXPERIMENT RESULTS,1004520,A,0,929.8603553919394,1.0,0,1,typing
SYNTHETIC DEMONSTRATION ONLY - NOT HUMAN EXPERIMENT RESULTS,1004540,A,0,929.9289745525554,1.0,0,1,typing
SYNTHETIC DEMONSTRATION ONLY - NOT HUMAN EXPERIMENT RESULTS,1004560,A,0,929.9971683561951,1.0,0,1,typing
SYNTHETIC DEMONSTRATION ONLY - NOT HUMAN EXPERIMENT RESULTS,1004580,A,0,930.0649358336735,1.0,0,1,typing
SYNTHETIC DEMONSTRATION ONLY - NOT HUMAN EXPERIMENT RESULTS,1004600,A,0,930.1322760218649,1.0,0,1,typing
SYNTHETIC DEMONSTRATION ONLY - NOT HUMAN EXPERIMENT RESULTS,1004620,A,0,930.1991879637159,1.0,0,1,typing
SYNTHETIC DEMONSTRATION ONLY - NOT HUMAN EXPERIMENT RESULTS,1004640,A,0,930.26567070826,1.0,0,1,typing
SYNTHETIC DEMONSTRATION ONLY - NOT HUMAN EXPERIMENT RESULTS,1004660,A,0,930.3317233106301,1.0,0,1,typing
SYNTHETIC DEMONSTRATION ONLY - NOT HUMAN EXPERIMENT RESULTS,1004680,A,0,930.3973448320726,1.0,0,1,typing
SYNTHETIC DEMONSTRATION ONLY - NOT HUMAN EXPERIMENT RESULTS,1004700,A,0,930.4625343399603,1.0,0,1,typing
SYNTHETIC DEMONSTRATION ONLY - NOT HUMAN EXPERIMENT RESULTS,1004720,A,0,930.5272909078059,1.0,0,1,typing
SYNTHETIC DEMONSTRATION ONLY - NOT HUMAN EXPERIMENT RESULTS,1004740,A,0,930.5916136152755,1.0,0,1,typing
SYNTHETIC DEMONSTRATION ONLY - NOT HUMAN EXPERIMENT RESULTS,1004760,A,0,930.655501548201,1.0,0,1,typing
SYNTHETIC DEMONSTRATION ONLY - NOT HUMAN EXPERIMENT RESULTS,1004780,A,0,930.7189537985932,1.0,0,1,typing
SYNTHETIC DEMONSTRATION ONLY - NOT HUMAN EXPERIMENT RESULTS,1004800,A,0,930.7819694646555,1.0,0,1,typing
SYNTHETIC DEMONSTRATION ONLY - NOT HUMAN EXPERIMENT RESULTS,1004820,A,0,930.8445476507957,1.0,0,1,typing
SYNTHETIC DEMONSTRATION ONLY - NOT HUMAN EXPERIMENT RESULTS,1004840,A,0,930.9066874676391,1.0,0,1,typing
SYNTHETIC DEMONSTRATION ONLY - NOT HUMAN EXPERIMENT RESULTS,1004860,A,0,930.9683880320415,1.0,0,1,typing
SYNTHETIC DEMONSTRATION ONLY - NOT HUMAN EXPERIMENT RESULTS,1004880,A,0,931.0296484671013,1.0,0,1,typing
SYNTHETIC DEMONSTRATION ONLY - NOT HUMAN EXPERIMENT RESULTS,1004900,A,0,931.0904679021721,1.0,0,1,typing
SYNTHETIC DEMONSTRATION ONLY - NOT HUMAN EXPERIMENT RESULTS,1004920,A,0,931.1508454728751,1.0,0,1,typing
SYNTHETIC DEMONSTRATION ONLY - NOT HUMAN EXPERIMENT RESULTS,1004940,A,0,931.2107803211113,1.0,0,1,typing
SYNTHETIC DEMONSTRATION ONLY - NOT HUMAN EXPERIMENT RESULTS,1004960,A,0,931.270271595074,1.0,0,1,typing
SYNTHETIC DEMONSTRATION ONLY - NOT HUMAN EXPERIMENT RESULTS,1004980,A,0,931.3293184492603,1.0,0,1,typing
SYNTHETIC DEMONSTRATION ONLY - NOT HUMAN EXPERIMENT RESULTS,1005000,A,0,931.387920044484,1.0,0,1,typing
SYNTHETIC DEMONSTRATION ONLY - NOT HUMAN EXPERIMENT RESULTS,1005020,A,0,931.4460755478864,1.0,0,1,typing
SYNTHETIC DEMONSTRATION ONLY - NOT HUMAN EXPERIMENT RESULTS,1005040,A,0,931.5037841329492,1.0,0,1,typing
SYNTHETIC DEMONSTRATION ONLY - NOT HUMAN EXPERIMENT RESULTS,1005060,A,0,931.5610449795057,1.0,0,1,typing
SYNTHETIC DEMONSTRATION ONLY - NOT HUMAN EXPERIMENT RESULTS,1005080,A,0,931.6178572737525,1.0,0,1,typing
SYNTHETIC DEMONSTRATION ONLY - NOT HUMAN EXPERIMENT RESULTS,1005100,A,0,931.6742202082612,1.0,0,1,typing
SYNTHETIC DEMONSTRATION ONLY - NOT HUMAN EXPERIMENT RESULTS,1005120,A,0,931.7301329819896,1.0,0,1,typing
SYNTHETIC DEMONSTRATION ONLY - NOT HUMAN EXPERIMENT RESULTS,1005140,A,0,931.7855948002937,1.0,0,1,typing
SYNTHETIC DEMONSTRATION ONLY - NOT HUMAN EXPERIMENT RESULTS,1005160,A,0,931.840604874938,1.0,0,1,typing
SYNTHETIC DEMONSTRATION ONLY - NOT HUMAN EXPERIMENT RESULTS,1005180,A,0,931.8951624241076,1.0,0,1,typing
SYNTHETIC DEMONSTRATION ONLY - NOT HUMAN EXPERIMENT RESULTS,1005200,A,0,931.9492666724191,1.0,0,1,typing
SYNTHETIC DEMONSTRATION ONLY - NOT HUMAN EXPERIMENT RESULTS,1005220,A,0,932.0029168509313,1.0,0,1,typing
SYNTHETIC DEMONSTRATION ONLY - NOT HUMAN EXPERIMENT RESULTS,1005240,A,0,932.0561121971564,1.0,0,1,typing
SYNTHETIC DEMONSTRATION ONLY - NOT HUMAN EXPERIMENT RESULTS,1005260,A,0,932.1088519550708,1.0,0,1,typing
SYNTHETIC DEMONSTRATION ONLY - NOT HUMAN EXPERIMENT RESULTS,1005280,A,0,932.1611353751259,1.0,0,1,typing
SYNTHETIC DEMONSTRATION ONLY - NOT HUMAN EXPERIMENT RESULTS,1005300,A,0,932.2129617142584,1.0,0,1,typing
SYNTHETIC DEMONSTRATION ONLY - NOT HUMAN EXPERIMENT RESULTS,1005320,A,0,932.2643302359014,1.0,0,1,typing
SYNTHETIC DEMONSTRATION ONLY - NOT HUMAN EXPERIMENT RESULTS,1005340,A,0,932.3152402099945,1.0,0,1,typing
SYNTHETIC DEMONSTRATION ONLY - NOT HUMAN EXPERIMENT RESULTS,1005360,A,0,932.3656909129943,1.0,0,1,typing
SYNTHETIC DEMONSTRATION ONLY - NOT HUMAN EXPERIMENT RESULTS,1005380,A,0,932.4156816278845,1.0,0,1,typing
SYNTHETIC DEMONSTRATION ONLY - NOT HUMAN EXPERIMENT RESULTS,1005400,A,0,932.4652116441865,1.0,0,1,typing
SYNTHETIC DEMONSTRATION ONLY - NOT HUMAN EXPERIMENT RESULTS,1005420,A,0,932.5142802579692,1.0,0,1,typing
SYNTHETIC DEMONSTRATION ONLY - NOT HUMAN EXPERIMENT RESULTS,1005440,A,0,932.5628867718588,1.0,0,1,typing
SYNTHETIC DEMONSTRATION ONLY - NOT HUMAN EXPERIMENT RESULTS,1005460,A,0,932.6110304950494,1.0,0,1,typing
SYNTHETIC DEMONSTRATION ONLY - NOT HUMAN EXPERIMENT RESULTS,1005480,A,0,932.6587107433118,1.0,0,1,typing
SYNTHETIC DEMONSTRATION ONLY - NOT HUMAN EXPERIMENT RESULTS,1005500,A,0,932.7059268390044,1.0,0,1,typing
SYNTHETIC DEMONSTRATION ONLY - NOT HUMAN EXPERIMENT RESULTS,1005520,A,0,932.7526781110819,1.0,0,1,typing
SYNTHETIC DEMONSTRATION ONLY - NOT HUMAN EXPERIMENT RESULTS,1005540,A,0,932.7989638951051,1.0,0,1,typing
SYNTHETIC DEMONSTRATION ONLY - NOT HUMAN EXPERIMENT RESULTS,1005560,A,0,932.8447835332507,1.0,0,1,typing
SYNTHETIC DEMONSTRATION ONLY - NOT HUMAN EXPERIMENT RESULTS,1005580,A,0,932.8901363743203,1.0,0,1,typing
SYNTHETIC DEMONSTRATION ONLY - NOT HUMAN EXPERIMENT RESULTS,1005600,A,0,932.9350217737494,1.0,0,1,typing
SYNTHETIC DEMONSTRATION ONLY - NOT HUMAN EXPERIMENT RESULTS,1005620,A,0,932.9794390936173,1.0,0,1,typing
SYNTHETIC DEMONSTRATION ONLY - NOT HUMAN EXPERIMENT RESULTS,1005640,A,0,933.0233877026556,1.0,0,1,typing
SYNTHETIC DEMONSTRATION ONLY - NOT HUMAN EXPERIMENT RESULTS,1005660,A,0,933.0668669762571,1.0,0,1,typing
SYNTHETIC DEMONSTRATION ONLY - NOT HUMAN EXPERIMENT RESULTS,1005680,A,0,933.1098762964853,1.0,0,1,typing
SYNTHETIC DEMONSTRATION ONLY - NOT HUMAN EXPERIMENT RESULTS,1005700,A,0,933.1524150520823,1.0,0,1,typing
SYNTHETIC DEMONSTRATION ONLY - NOT HUMAN EXPERIMENT RESULTS,1005720,A,0,933.1944826384785,1.0,0,1,typing
SYNTHETIC DEMONSTRATION ONLY - NOT HUMAN EXPERIMENT RESULTS,1005740,A,0,933.2360784578001,1.0,0,1,typing
SYNTHETIC DEMONSTRATION ONLY - NOT HUMAN EXPERIMENT RESULTS,1005760,A,0,933.2772019188786,1.0,0,1,typing
SYNTHETIC DEMONSTRATION ONLY - NOT HUMAN EXPERIMENT RESULTS,1005780,A,0,933.3178524372587,1.0,0,1,typing
SYNTHETIC DEMONSTRATION ONLY - NOT HUMAN EXPERIMENT RESULTS,1005800,A,0,933.3580294352063,1.0,0,1,typing
SYNTHETIC DEMONSTRATION ONLY - NOT HUMAN EXPERIMENT RESULTS,1005820,A,0,933.3977323417175,1.0,0,1,typing
SYNTHETIC DEMONSTRATION ONLY - NOT HUMAN EXPERIMENT RESULTS,1005840,A,0,933.436960592526,1.0,0,1,typing
SYNTHETIC DEMONSTRATION ONLY - NOT HUMAN EXPERIMENT RESULTS,1005860,A,0,933.4757136301117,1.0,0,1,typing
SYNTHETIC DEMONSTRATION ONLY - NOT HUMAN EXPERIMENT RESULTS,1005880,A,0,933.513990903708,1.0,0,1,typing
SYNTHETIC DEMONSTRATION ONLY - NOT HUMAN EXPERIMENT RESULTS,1005900,A,0,933.5517918693101,1.0,0,1,typing
SYNTHETIC DEMONSTRATION ONLY - NOT HUMAN EXPERIMENT RESULTS,1005920,A,0,933.5891159896828,1.0,0,1,typing
SYNTHETIC DEMONSTRATION ONLY - NOT HUMAN EXPERIMENT RESULTS,1005940,A,0,933.6259627343675,1.0,0,1,typing
SYNTHETIC DEMONSTRATION ONLY - NOT HUMAN EXPERIMENT RESULTS,1005960,A,0,933.6623315796905,1.0,0,1,typing
SYNTHETIC DEMONSTRATION ONLY - NOT HUMAN EXPERIMENT RESULTS,1005980,A,0,933.69822200877,1.0,0,1,typing
SYNTHETIC DEMONSTRATION ONLY - NOT HUMAN EXPERIMENT RESULTS,1006000,A,0,933.7336335115236,1.0,0,1,typing
SYNTHETIC DEMONSTRATION ONLY - NOT HUMAN EXPERIMENT RESULTS,1006020,A,0,933.7685655846755,1.0,0,1,typing
SYNTHETIC DEMONSTRATION ONLY - NOT HUMAN EXPERIMENT RESULTS,1006040,A,0,933.8030177317635,1.0,0,1,typing
SYNTHETIC DEMONSTRATION ONLY - NOT HUMAN EXPERIMENT RESULTS,1006060,A,0,933.8369894631462,1.0,0,1,typing
SYNTHETIC DEMONSTRATION ONLY - NOT HUMAN EXPERIMENT RESULTS,1006080,A,0,933.8704802960104,1.0,0,1,typing
SYNTHETIC DEMONSTRATION ONLY - NOT HUMAN EXPERIMENT RESULTS,1006100,A,0,933.9034897543772,1.0,0,1,typing
SYNTHETIC DEMONSTRATION ONLY - NOT HUMAN EXPERIMENT RESULTS,1006120,A,0,933.936017369109,1.0,0,1,typing
SYNTHETIC DEMONSTRATION ONLY - NOT HUMAN EXPERIMENT RESULTS,1006140,A,0,933.9680626779164,1.0,0,1,typing
SYNTHETIC DEMONSTRATION ONLY - NOT HUMAN EXPERIMENT RESULTS,1006160,A,0,933.9996252253645,1.0,0,1,typing
SYNTHETIC DEMONSTRATION ONLY - NOT HUMAN EXPERIMENT RESULTS,1006180,A,0,934.03070456288,1.0,0,1,typing
SYNTHETIC DEMONSTRATION ONLY - NOT HUMAN EXPERIMENT RESULTS,1006200,A,0,934.0613002487564,1.0,0,1,typing
SYNTHETIC DEMONSTRATION ONLY - NOT HUMAN EXPERIMENT RESULTS,1006220,A,0,934.0914118481616,1.0,0,1,typing
SYNTHETIC DEMONSTRATION ONLY - NOT HUMAN EXPERIMENT RESULTS,1006240,A,0,934.1210389331427,1.0,0,1,typing
SYNTHETIC DEMONSTRATION ONLY - NOT HUMAN EXPERIMENT RESULTS,1006260,A,0,934.1501810826335,1.0,0,1,typing
SYNTHETIC DEMONSTRATION ONLY - NOT HUMAN EXPERIMENT RESULTS,1006280,A,0,934.1788378824596,1.0,0,1,typing
SYNTHETIC DEMONSTRATION ONLY - NOT HUMAN EXPERIMENT RESULTS,1006300,A,0,934.2070089253442,1.0,0,1,typing
SYNTHETIC DEMONSTRATION ONLY - NOT HUMAN EXPERIMENT RESULTS,1006320,A,0,934.2346938109147,1.0,0,1,typing
SYNTHETIC DEMONSTRATION ONLY - NOT HUMAN EXPERIMENT RESULTS,1006340,A,0,934.2618921457075,1.0,0,1,typing
SYNTHETIC DEMONSTRATION ONLY - NOT HUMAN EXPERIMENT RESULTS,1006360,A,0,934.288603543174,1.0,0,1,typing
SYNTHETIC DEMONSTRATION ONLY - NOT HUMAN EXPERIMENT RESULTS,1006380,A,0,934.314827623686,1.0,0,1,typing
SYNTHETIC DEMONSTRATION ONLY - NOT HUMAN EXPERIMENT RESULTS,1006400,A,0,934.3405640145415,1.0,0,1,typing
SYNTHETIC DEMONSTRATION ONLY - NOT HUMAN EXPERIMENT RESULTS,1006420,A,0,934.3658123499695,1.0,0,1,typing
SYNTHETIC DEMONSTRATION ONLY - NOT HUMAN EXPERIMENT RESULTS,1006440,A,0,934.3905722711349,1.0,0,1,typing
SYNTHETIC DEMONSTRATION ONLY - NOT HUMAN EXPERIMENT RESULTS,1006460,A,0,934.4148434261447,1.0,0,1,typing
SYNTHETIC DEMONSTRATION ONLY - NOT HUMAN EXPERIMENT RESULTS,1006480,A,0,934.438625470052,1.0,0,1,typing
SYNTHETIC DEMONSTRATION ONLY - NOT HUMAN EXPERIMENT RESULTS,1006500,A,0,934.4619180648612,1.0,0,1,typing
SYNTHETIC DEMONSTRATION ONLY - NOT HUMAN EXPERIMENT RESULTS,1006520,A,0,934.4847208795331,1.0,0,1,typing
SYNTHETIC DEMONSTRATION ONLY - NOT HUMAN EXPERIMENT RESULTS,1006540,A,0,934.5070335899892,1.0,0,1,typing
SYNTHETIC DEMONSTRATION ONLY - NOT HUMAN EXPERIMENT RESULTS,1006560,A,0,934.5288558791165,1.0,0,1,typing
SYNTHETIC DEMONSTRATION ONLY - NOT HUMAN EXPERIMENT RESULTS,1006580,A,0,934.5501874367719,1.0,0,1,typing
SYNTHETIC DEMONSTRATION ONLY - NOT HUMAN EXPERIMENT RESULTS,1006600,A,0,934.5710279597869,1.0,0,1,typing
SYNTHETIC DEMONSTRATION ONLY - NOT HUMAN EXPERIMENT RESULTS,1006620,A,0,934.5913771519713,1.0,0,1,typing
SYNTHETIC DEMONSTRATION ONLY - NOT HUMAN EXPERIMENT RESULTS,1006640,A,0,934.6112347241183,1.0,0,1,typing
SYNTHETIC DEMONSTRATION ONLY - NOT HUMAN EXPERIMENT RESULTS,1006660,A,0,934.6306003940076,1.0,0,1,typing
SYNTHETIC DEMONSTRATION ONLY - NOT HUMAN EXPERIMENT RESULTS,1006680,A,0,934.6494738864104,1.0,0,1,typing
SYNTHETIC DEMONSTRATION ONLY - NOT HUMAN EXPERIMENT RESULTS,1006700,A,0,934.6678549330925,1.0,0,1,typing
SYNTHETIC DEMONSTRATION ONLY - NOT HUMAN EXPERIMENT RESULTS,1006720,A,0,934.6857432728184,1.0,0,1,typing
SYNTHETIC DEMONSTRATION ONLY - NOT HUMAN EXPERIMENT RESULTS,1006740,A,0,934.7031386513554,1.0,0,1,typing
SYNTHETIC DEMONSTRATION ONLY - NOT HUMAN EXPERIMENT RESULTS,1006760,A,0,934.7200408214765,1.0,0,1,typing
SYNTHETIC DEMONSTRATION ONLY - NOT HUMAN EXPERIMENT RESULTS,1006780,A,0,934.7364495429646,1.0,0,1,typing
SYNTHETIC DEMONSTRATION ONLY - NOT HUMAN EXPERIMENT RESULTS,1006800,A,0,934.7523645826153,1.0,0,1,typing
SYNTHETIC DEMONSTRATION ONLY - NOT HUMAN EXPERIMENT RESULTS,1006820,A,0,934.7677857142409,1.0,0,1,typing
SYNTHETIC DEMONSTRATION ONLY - NOT HUMAN EXPERIMENT RESULTS,1006840,A,0,934.7827127186727,1.0,0,1,typing
SYNTHETIC DEMONSTRATION ONLY - NOT HUMAN EXPERIMENT RESULTS,1006860,A,0,934.797145383765,1.0,0,1,typing
SYNTHETIC DEMONSTRATION ONLY - NOT HUMAN EXPERIMENT RESULTS,1006880,A,0,934.8110835043979,1.0,0,1,typing
SYNTHETIC DEMONSTRATION ONLY - NOT HUMAN EXPERIMENT RESULTS,1006900,A,0,934.8245268824795,1.0,0,1,typing
SYNTHETIC DEMONSTRATION ONLY - NOT HUMAN EXPERIMENT RESULTS,1006920,A,0,934.83747532695,1.0,0,1,typing
SYNTHETIC DEMONSTRATION ONLY - NOT HUMAN EXPERIMENT RESULTS,1006940,A,0,934.8499286537831,1.0,0,1,typing
SYNTHETIC DEMONSTRATION ONLY - NOT HUMAN EXPERIMENT RESULTS,1006960,A,0,934.8618866859895,1.0,0,1,typing
SYNTHETIC DEMONSTRATION ONLY - NOT HUMAN EXPERIMENT RESULTS,1006980,A,0,934.8733492536192,1.0,0,1,typing
SYNTHETIC DEMONSTRATION ONLY - NOT HUMAN EXPERIMENT RESULTS,1007000,A,0,934.8843161937635,1.0,0,1,typing
SYNTHETIC DEMONSTRATION ONLY - NOT HUMAN EXPERIMENT RESULTS,1007020,A,0,934.8947873505582,1.0,0,1,typing
SYNTHETIC DEMONSTRATION ONLY - NOT HUMAN EXPERIMENT RESULTS,1007040,A,0,934.9047625751848,1.0,0,1,typing
SYNTHETIC DEMONSTRATION ONLY - NOT HUMAN EXPERIMENT RESULTS,1007060,A,0,934.9142417258734,1.0,0,1,typing
SYNTHETIC DEMONSTRATION ONLY - NOT HUMAN EXPERIMENT RESULTS,1007080,A,0,934.9232246679042,1.0,0,1,typing
SYNTHETIC DEMONSTRATION ONLY - NOT HUMAN EXPERIMENT RESULTS,1007100,A,0,934.9317112736096,1.0,0,1,typing
SYNTHETIC DEMONSTRATION ONLY - NOT HUMAN EXPERIMENT RESULTS,1007120,A,0,934.9397014223764,1.0,0,1,typing
SYNTHETIC DEMONSTRATION ONLY - NOT HUMAN EXPERIMENT RESULTS,1007140,A,0,934.9471950006467,1.0,0,1,typing
SYNTHETIC DEMONSTRATION ONLY - NOT HUMAN EXPERIMENT RESULTS,1007160,A,0,934.9541919019204,1.0,0,1,typing
SYNTHETIC DEMONSTRATION ONLY - NOT HUMAN EXPERIMENT RESULTS,1007180,A,0,934.9606920267557,1.0,0,1,typing
SYNTHETIC DEMONSTRATION ONLY - NOT HUMAN EXPERIMENT RESULTS,1007200,A,0,934.9666952827716,1.0,0,1,typing
SYNTHETIC DEMONSTRATION ONLY - NOT HUMAN EXPERIMENT RESULTS,1007220,A,0,934.9722015846487,1.0,0,1,typing
SYNTHETIC DEMONSTRATION ONLY - NOT HUMAN EXPERIMENT RESULTS,1007240,A,0,934.9772108541301,1.0,0,1,typing
SYNTHETIC DEMONSTRATION ONLY - NOT HUMAN EXPERIMENT RESULTS,1007260,A,0,934.9817230200231,1.0,0,1,typing
SYNTHETIC DEMONSTRATION ONLY - NOT HUMAN EXPERIMENT RESULTS,1007280,A,0,934.9857380181996,1.0,0,1,typing
SYNTHETIC DEMONSTRATION ONLY - NOT HUMAN EXPERIMENT RESULTS,1007300,A,0,934.9892557915978,1.0,0,1,typing
SYNTHETIC DEMONSTRATION ONLY - NOT HUMAN EXPERIMENT RESULTS,1007320,A,0,934.9922762902223,1.0,0,1,typing
SYNTHETIC DEMONSTRATION ONLY - NOT HUMAN EXPERIMENT RESULTS,1007340,A,0,934.9947994711451,1.0,0,1,typing
SYNTHETIC DEMONSTRATION ONLY - NOT HUMAN EXPERIMENT RESULTS,1007360,A,0,934.9968252985063,1.0,0,1,typing
SYNTHETIC DEMONSTRATION ONLY - NOT HUMAN EXPERIMENT RESULTS,1007380,A,0,934.9983537435144,1.0,0,1,typing
SYNTHETIC DEMONSTRATION ONLY - NOT HUMAN EXPERIMENT RESULTS,1007400,A,0,934.9993847844466,1.0,0,1,typing
SYNTHETIC DEMONSTRATION ONLY - NOT HUMAN EXPERIMENT RESULTS,1007420,A,0,934.9999184066498,1.0,0,1,typing
SYNTHETIC DEMONSTRATION ONLY - NOT HUMAN EXPERIMENT RESULTS,1007440,A,0,934.99995460254,1.0,0,1,typing
SYNTHETIC DEMONSTRATION ONLY - NOT HUMAN EXPERIMENT RESULTS,1007460,A,0,934.9994933716026,1.0,0,1,typing
SYNTHETIC DEMONSTRATION ONLY - NOT HUMAN EXPERIMENT RESULTS,1007480,A,0,934.9985347203929,1.0,0,1,typing
SYNTHETIC DEMONSTRATION ONLY - NOT HUMAN EXPERIMENT RESULTS,1007500,A,0,934.9970786625353,1.0,0,1,typing
SYNTHETIC DEMONSTRATION ONLY - NOT HUMAN EXPERIMENT RESULTS,1007520,A,0,934.9951252187237,1.0,0,1,typing
SYNTHETIC DEMONSTRATION ONLY - NOT HUMAN EXPERIMENT RESULTS,1007540,A,0,934.9926744167209,1.0,0,1,typing
SYNTHETIC DEMONSTRATION ONLY - NOT HUMAN EXPERIMENT RESULTS,1007560,A,0,934.9897262913581,1.0,0,1,typing
SYNTHETIC DEMONSTRATION ONLY - NOT HUMAN EXPERIMENT RESULTS,1007580,A,0,934.9862808845348,1.0,0,1,typing
SYNTHETIC DEMONSTRATION ONLY - NOT HUMAN EXPERIMENT RESULTS,1007600,A,0,934.9823382452179,1.0,0,1,typing
SYNTHETIC DEMONSTRATION ONLY - NOT HUMAN EXPERIMENT RESULTS,1007620,A,0,934.9778984294409,1.0,0,1,typing
SYNTHETIC DEMONSTRATION ONLY - NOT HUMAN EXPERIMENT RESULTS,1007640,A,0,934.9729615003033,1.0,0,1,typing
SYNTHETIC DEMONSTRATION ONLY - NOT HUMAN EXPERIMENT RESULTS,1007660,A,0,934.9675275279701,1.0,0,1,typing
SYNTHETIC DEMONSTRATION ONLY - NOT HUMAN EXPERIMENT RESULTS,1007680,A,0,934.9615965896699,1.0,0,1,typing
SYNTHETIC DEMONSTRATION ONLY - NOT HUMAN EXPERIMENT RESULTS,1007700,A,0,934.9551687696944,1.0,0,1,typing
SYNTHETIC DEMONSTRATION ONLY - NOT HUMAN EXPERIMENT RESULTS,1007720,A,0,934.9482441593973,1.0,0,1,typing
SYNTHETIC DEMONSTRATION ONLY - NOT HUMAN EXPERIMENT RESULTS,1007740,A,0,934.9408228571926,1.0,0,1,typing
SYNTHETIC DEMONSTRATION ONLY - NOT HUMAN EXPERIMENT RESULTS,1007760,A,0,934.9329049685533,1.0,0,1,typing
SYNTHETIC DEMONSTRATION ONLY - NOT HUMAN EXPERIMENT RESULTS,1007780,A,0,934.9244906060104,1.0,0,1,typing
SYNTHETIC DEMONSTRATION ONLY - NOT HUMAN EXPERIMENT RESULTS,1007800,A,0,934.9155798891503,1.0,0,1,typing
SYNTHETIC DEMONSTRATION ONLY - NOT HUMAN EXPERIMENT RESULTS,1007820,A,0,934.9061729446142,1.0,0,1,typing
SYNTHETIC DEMONSTRATION ONLY - NOT HUMAN EXPERIMENT RESULTS,1007840,A,0,934.8962699060955,1.0,0,1,typing
SYNTHETIC DEMONSTRATION ONLY - NOT HUMAN EXPERIMENT RESULTS,1007860,A,0,934.8858709143385,1.0,0,1,typing
SYNTHETIC DEMONSTRATION ONLY - NOT HUMAN EXPERIMENT RESULTS,1007880,A,0,934.8749761171356,1.0,0,1,typing
SYNTHETIC DEMONSTRATION ONLY - NOT HUMAN EXPERIMENT RESULTS,1007900,A,0,934.8635856693262,1.0,0,1,typing
SYNTHETIC DEMONSTRATION ONLY - NOT HUMAN EXPERIMENT RESULTS,1007920,A,0,934.8516997327937,1.0,0,1,typing
SYNTHETIC DEMONSTRATION ONLY - NOT HUMAN EXPERIMENT RESULTS,1007940,A,0,934.8393184764635,1.0,0,1,typing
SYNTHETIC DEMONSTRATION ONLY - NOT HUMAN EXPERIMENT RESULTS,1007960,A,0,934.8264420763009,1.0,0,1,typing
SYNTHETIC DEMONSTRATION ONLY - NOT HUMAN EXPERIMENT RESULTS,1007980,A,0,934.8130707153077,1.0,0,1,typing
SYNTHETIC DEMONSTRATION ONLY - NOT HUMAN EXPERIMENT RESULTS,1008000,A,0,934.7992045835208,1.0,0,1,typing
SYNTHETIC DEMONSTRATION ONLY - NOT HUMAN EXPERIMENT RESULTS,1008020,A,0,934.7848438780086,1.0,0,1,typing
SYNTHETIC DEMONSTRATION ONLY - NOT HUMAN EXPERIMENT RESULTS,1008040,A,0,934.7699888028684,1.0,0,1,typing
SYNTHETIC DEMONSTRATION ONLY - NOT HUMAN EXPERIMENT RESULTS,1008060,A,0,934.7546395692237,1.0,0,1,typing
SYNTHETIC DEMONSTRATION ONLY - NOT HUMAN EXPERIMENT RESULTS,1008080,A,0,934.7387963952212,1.0,0,1,typing
SYNTHETIC DEMONSTRATION ONLY - NOT HUMAN EXPERIMENT RESULTS,1008100,A,0,934.7224595060275,1.0,0,1,typing
SYNTHETIC DEMONSTRATION ONLY - NOT HUMAN EXPERIMENT RESULTS,1008120,A,0,934.7056291338258,1.0,0,1,typing
SYNTHETIC DEMONSTRATION ONLY - NOT HUMAN EXPERIMENT RESULTS,1008140,A,0,934.688305517813,1.0,0,1,typing
SYNTHETIC DEMONSTRATION ONLY - NOT HUMAN EXPERIMENT RESULTS,1008160,A,0,934.6704889041961,1.0,0,1,typing
SYNTHETIC DEMONSTRATION ONLY - NOT HUMAN EXPERIMENT RESULTS,1008180,A,0,934.6521795461884,1.0,0,1,typing
SYNTHETIC DEMONSTRATION ONLY - NOT HUMAN EXPERIMENT RESULTS,1008200,A,0,934.6333777040068,1.0,0,1,typing
SYNTHETIC DEMONSTRATION ONLY - NOT HUMAN EXPERIMENT RESULTS,1008220,A,0,934.6140836448667,1.0,0,1,typing
SYNTHETIC DEMONSTRATION ONLY - NOT HUMAN EXPERIMENT RESULTS,1008240,A,0,934.5942976429795,1.0,0,1,typing
SYNTHETIC DEMONSTRATION ONLY - NOT HUMAN EXPERIMENT RESULTS,1008260,A,0,934.5740199795483,1.0,0,1,typing
SYNTHETIC DEMONSTRATION ONLY - NOT HUMAN EXPERIMENT RESULTS,1008280,A,0,934.5532509427634,1.0,0,1,typing
SYNTHETIC DEMONSTRATION ONLY - NOT HUMAN EXPERIMENT RESULTS,1008300,A,0,934.5319908277987,1.0,0,1,typing
SYNTHETIC DEMONSTRATION ONLY - NOT HUMAN EXPERIMENT RESULTS,1008320,A,0,934.5102399368076,1.0,0,1,typing
SYNTHETIC DEMONSTRATION ONLY - NOT HUMAN EXPERIMENT RESULTS,1008340,A,0,934.4879985789185,1.0,0,1,typing
SYNTHETIC DEMONSTRATION ONLY - NOT HUMAN EXPERIMENT RESULTS,1008360,A,0,934.4652670702301,1.0,0,1,typing
SYNTHETIC DEMONSTRATION ONLY - NOT HUMAN EXPERIMENT RESULTS,1008380,A,0,934.4420457338076,1.0,0,1,typing
SYNTHETIC DEMONSTRATION ONLY - NOT HUMAN EXPERIMENT RESULTS,1008400,A,0,934.4183348996777,1.0,0,1,typing
SYNTHETIC DEMONSTRATION ONLY - NOT HUMAN EXPERIMENT RESULTS,1008420,A,0,934.3941349048235,1.0,0,1,typing
SYNTHETIC DEMONSTRATION ONLY - NOT HUMAN EXPERIMENT RESULTS,1008440,A,0,934.369446093181,1.0,0,1,typing
SYNTHETIC DEMONSTRATION ONLY - NOT HUMAN EXPERIMENT RESULTS,1008460,A,0,934.3442688156323,1.0,0,1,typing
SYNTHETIC DEMONSTRATION ONLY - NOT HUMAN EXPERIMENT RESULTS,1008480,A,0,934.3186034300026,1.0,0,1,typing
SYNTHETIC DEMONSTRATION ONLY - NOT HUMAN EXPERIMENT RESULTS,1008500,A,0,934.2924503010537,1.0,0,1,typing
SYNTHETIC DEMONSTRATION ONLY - NOT HUMAN EXPERIMENT RESULTS,1008520,A,0,934.2658098004796,1.0,0,1,typing
SYNTHETIC DEMONSTRATION ONLY - NOT HUMAN EXPERIMENT RESULTS,1008540,A,0,934.2386823069006,1.0,0,1,typing
SYNTHETIC DEMONSTRATION ONLY - NOT HUMAN EXPERIMENT RESULTS,1008560,A,0,934.2110682058585,1.0,0,1,typing
SYNTHETIC DEMONSTRATION ONLY - NOT HUMAN EXPERIMENT RESULTS,1008580,A,0,934.1829678898109,1.0,0,1,typing
SYNTHETIC DEMONSTRATION ONLY - NOT HUMAN EXPERIMENT RESULTS,1008600,A,0,934.1543817581254,1.0,0,1,typing
SYNTHETIC DEMONSTRATION ONLY - NOT HUMAN EXPERIMENT RESULTS,1008620,A,0,934.1253102170742,1.0,0,1,typing
SYNTHETIC DEMONSTRATION ONLY - NOT HUMAN EXPERIMENT RESULTS,1008640,A,0,934.0957536798282,1.0,0,1,typing
SYNTHETIC DEMONSTRATION ONLY - NOT HUMAN EXPERIMENT RESULTS,1008660,A,0,934.0657125664513,1.0,0,1,typing
SYNTHETIC DEMONSTRATION ONLY - NOT HUMAN EXPERIMENT RESULTS,1008680,A,0,934.0351873038943,1.0,0,1,typing
SYNTHETIC DEMONSTRATION ONLY - NOT HUMAN EXPERIMENT RESULTS,1008700,A,0,934.0041783259885,1.0,0,1,typing
SYNTHETIC DEMONSTRATION ONLY - NOT HUMAN EXPERIMENT RESULTS,1008720,A,0,933.9726860734403,1.0,0,1,typing
SYNTHETIC DEMONSTRATION ONLY - NOT HUMAN EXPERIMENT RESULTS,1008740,A,0,933.9407109938244,1.0,0,1,typing
SYNTHETIC DEMONSTRATION ONLY - NOT HUMAN EXPERIMENT RESULTS,1008760,A,0,933.9082535415772,1.0,0,1,typing
SYNTHETIC DEMONSTRATION ONLY - NOT HUMAN EXPERIMENT RESULTS,1008780,A,0,933.8753141779911,1.0,0,1,typing
SYNTHETIC DEMONSTRATION ONLY - NOT HUMAN EXPERIMENT RESULTS,1008800,A,0,933.8418933712073,1.0,0,1,typing
SYNTHETIC DEMONSTRATION ONLY - NOT HUMAN EXPERIMENT RESULTS,1008820,A,0,933.8079915962096,1.0,0,1,typing
SYNTHETIC DEMONSTRATION ONLY - NOT HUMAN EXPERIMENT RESULTS,1008840,A,0,933.773609334817,1.0,0,1,typing
SYNTHETIC DEMONSTRATION ONLY - NOT HUMAN EXPERIMENT RESULTS,1008860,A,0,933.7387470756778,1.0,0,1,typing
SYNTHETIC DEMONSTRATION ONLY - NOT HUMAN EXPERIMENT RESULTS,1008880,A,0,933.7034053142618,1.0,0,1,typing
SYNTHETIC DEMONSTRATION ONLY - NOT HUMAN EXPERIMENT RESULTS,1008900,A,0,933.6675845528534,1.0,0,1,typing
SYNTHETIC DEMONSTRATION ONLY - NOT HUMAN EXPERIMENT RESULTS,1008920,A,0,933.6312853005454,1.0,0,1,typing
SYNTHETIC DEMONSTRATION ONLY - NOT HUMAN EXPERIMENT RESULTS,1008940,A,0,933.5945080732301,1.0,0,1,typing
SYNTHETIC DEMONSTRATION ONLY - NOT HUMAN EXPERIMENT RESULTS,1008960,A,0,933.5572533935936,1.0,0,1,typing
SYNTHETIC DEMONSTRATION ONLY - NOT HUMAN EXPERIMENT RESULTS,1008980,A,0,933.519521791107,1.0,0,1,typing
SYNTHETIC DEMONSTRATION ONLY - NOT HUMAN EXPERIMENT RESULTS,1009000,A,0,933.4813138020203,1.0,0,1,typing
SYNTHETIC DEMONSTRATION ONLY - NOT HUMAN EXPERIMENT RESULTS,1009020,A,0,933.4426299693532,1.0,0,1,typing
SYNTHETIC DEMONSTRATION ONLY - NOT HUMAN EXPERIMENT RESULTS,1009040,A,0,933.403470842889,1.0,0,1,typing
SYNTHETIC DEMONSTRATION ONLY - NOT HUMAN EXPERIMENT RESULTS,1009060,A,0,933.3638369791653,1.0,0,1,typing
SYNTHETIC DEMONSTRATION ONLY - NOT HUMAN EXPERIMENT RESULTS,1009080,A,0,933.323728941467,1.0,0,1,typing
SYNTHETIC DEMONSTRATION ONLY - NOT HUMAN EXPERIMENT RESULTS,1009100,A,0,933.2831472998183,1.0,0,1,typing
SYNTHETIC DEMONSTRATION ONLY - NOT HUMAN EXPERIMENT RESULTS,1009120,A,0,933.2420926309741,1.0,0,1,typing
SYNTHETIC DEMONSTRATION ONLY - NOT HUMAN EXPERIMENT RESULTS,1009140,A,0,933.200565518412,1.0,0,1,typing
SYNTHETIC DEMONSTRATION ONLY - NOT HUMAN EXPERIMENT RESULTS,1009160,A,0,933.1585665523241,1.0,0,1,typing
SYNTHETIC DEMONSTRATION ONLY - NOT HUMAN EXPERIMENT RESULTS,1009180,A,0,933.116096329609,1.0,0,1,typing
SYNTHETIC DEMONSTRATION ONLY - NOT HUMAN EXPERIMENT RESULTS,1009200,A,0,933.0731554538625,1.0,0,1,typing
SYNTHETIC DEMONSTRATION ONLY - NOT HUMAN EXPERIMENT RESULTS,1009220,A,0,933.0297445353692,1.0,0,1,typing
SYNTHETIC DEMONSTRATION ONLY - NOT HUMAN EXPERIMENT RESULTS,1009240,A,0,932.9858641910946,1.0,0,1,typing
SYNTHETIC DEMONSTRATION ONLY - NOT HUMAN EXPERIMENT RESULTS,1009260,A,0,932.9415150446755,1.0,0,1,typing
SYNTHETIC DEMONSTRATION ONLY - NOT HUMAN EXPERIMENT RESULTS,1009280,A,0,932.8966977264114,1.0,0,1,typing
SYNTHETIC DEMONSTRATION ONLY - NOT HUMAN EXPERIMENT RESULTS,1009300,A,0,932.8514128732555,1.0,0,1,typing
SYNTHETIC DEMONSTRATION ONLY - NOT HUMAN EXPERIMENT RESULTS,1009320,A,0,932.8056611288059,1.0,0,1,typing
SYNTHETIC DEMONSTRATION ONLY - NOT HUMAN EXPERIMENT RESULTS,1009340,A,0,932.7594431432963,1.0,0,1,typing
SYNTHETIC DEMONSTRATION ONLY - NOT HUMAN EXPERIMENT RESULTS,1009360,A,0,932.7127595735864,1.0,0,1,typing
SYNTHETIC DEMONSTRATION ONLY - NOT HUMAN EXPERIMENT RESULTS,1009380,A,0,932.665611083153,1.0,0,1,typing
SYNTHETIC DEMONSTRATION ONLY - NOT HUMAN EXPERIMENT RESULTS,1009400,A,0,932.6179983420806,1.0,0,1,typing
SYNTHETIC DEMONSTRATION ONLY - NOT HUMAN EXPERIMENT RESULTS,1009420,A,0,932.5699220270517,1.0,0,1,typing
SYNTHETIC DEMONSTRATION ONLY - NOT HUMAN EXPERIMENT RESULTS,1009440,A,0,932.521382821337,1.0,0,1,typing
SYNTHETIC DEMONSTRATION ONLY - NOT HUMAN EXPERIMENT RESULTS,1009460,A,0,932.4723814147864,1.0,0,1,typing
SYNTHETIC DEMONSTRATION ONLY - NOT HUMAN EXPERIMENT RESULTS,1009480,A,0,932.4229185038179,1.0,0,1,typing
SYNTHETIC DEMONSTRATION ONLY - NOT HUMAN EXPERIMENT RESULTS,1009500,A,0,932.3729947914093,1.0,0,1,typing
SYNTHETIC DEMONSTRATION ONLY - NOT HUMAN EXPERIMENT RESULTS,1009520,A,0,932.3226109870868,1.0,0,1,typing
SYNTHETIC DEMONSTRATION ONLY - NOT HUMAN EXPERIMENT RESULTS,1009540,A,0,932.2717678069159,1.0,0,1,typing
SYNTHETIC DEMONSTRATION ONLY - NOT HUMAN EXPERIMENT RESULTS,1009560,A,0,932.2204659734907,1.0,0,1,typing
SYNTHETIC DEMONSTRATION ONLY - NOT HUMAN EXPERIMENT RESULTS,1009580,A,0,932.168706215924,1.0,0,1,typing
SYNTHETIC DEMONSTRATION ONLY - NOT HUMAN EXPERIMENT RESULTS,1009600,A,0,932.1164892698363,1.0,0,1,typing
SYNTHETIC DEMONSTRATION ONLY - NOT HUMAN EXPERIMENT RESULTS,1009620,A,0,932.063815877346,1.0,0,1,typing
SYNTHETIC DEMONSTRATION ONLY - NOT HUMAN EXPERIMENT RESULTS,1009640,A,0,932.0106867870587,1.0,0,1,typing
SYNTHETIC DEMONSTRATION ONLY - NOT HUMAN EXPERIMENT RESULTS,1009660,A,0,931.9571027540563,1.0,0,1,typing
SYNTHETIC DEMONSTRATION ONLY - NOT HUMAN EXPERIMENT RESULTS,1009680,A,0,931.9030645398866,1.0,0,1,typing
SYNTHETIC DEMONSTRATION ONLY - NOT HUMAN EXPERIMENT RESULTS,1009700,A,0,931.8485729125522,1.0,0,1,typing
SYNTHETIC DEMONSTRATION ONLY - NOT HUMAN EXPERIMENT RESULTS,1009720,A,0,931.7936286464997,1.0,0,1,typing
SYNTHETIC DEMONSTRATION ONLY - NOT HUMAN EXPERIMENT RESULTS,1009740,A,0,931.7382325226088,1.0,0,1,typing
SYNTHETIC DEMONSTRATION ONLY - NOT HUMAN EXPERIMENT RESULTS,1009760,A,0,931.682385328181,1.0,0,1,typing
SYNTHETIC DEMONSTRATION ONLY - NOT HUMAN EXPERIMENT RESULTS,1009780,A,0,931.6260878569285,1.0,0,1,typing
SYNTHETIC DEMONSTRATION ONLY - NOT HUMAN EXPERIMENT RESULTS,1009800,A,0,931.569340908963,1.0,0,1,typing
SYNTHETIC DEMONSTRATION ONLY - NOT HUMAN EXPERIMENT RESULTS,1009820,A,0,931.5121452907844,1.0,0,1,typing
SYNTHETIC DEMONSTRATION ONLY - NOT HUMAN EXPERIMENT RESULTS,1009840,A,0,931.4545018152688,1.0,0,1,typing
SYNTHETIC DEMONSTRATION ONLY - NOT HUMAN EXPERIMENT RESULTS,1009860,A,0,931.3964113016578,1.0,0,1,typing
SYNTHETIC DEMONSTRATION ONLY - NOT HUMAN EXPERIMENT RESULTS,1009880,A,0,931.337874575546,1.0,0,1,typing
SYNTHETIC DEMONSTRATION ONLY - NOT HUMAN EXPERIMENT RESULTS,1009900,A,0,931.27889246887,1.0,0,1,typing
SYNTHETIC DEMONSTRATION ONLY - NOT HUMAN EXPERIMENT RESULTS,1009920,A,0,931.2194658198961,1.0,0,1,typing
SYNTHETIC DEMONSTRATION ONLY - NOT HUMAN EXPERIMENT RESULTS,1009940,A,0,931.1595954732084,1.0,0,1,typing
SYNTHETIC DEMONSTRATION ONLY - NOT HUMAN EXPERIMENT RESULTS,1009960,A,0,931.099282279697,1.0,0,1,typing
SYNTHETIC DEMONSTRATION ONLY - NOT HUMAN EXPERIMENT RESULTS,1009980,A,0,931.038527096546,1.0,0,1,typing
SYNTHETIC DEMONSTRATION ONLY - NOT HUMAN EXPERIMENT RESULTS,1010000,A,0,930.977330787221,1.0,0,1,typing
SYNTHETIC DEMONSTRATION ONLY - NOT HUMAN EXPERIMENT RESULTS,1010020,A,0,930.9156942214571,1.0,0,1,typing
SYNTHETIC DEMONSTRATION ONLY - NOT HUMAN EXPERIMENT RESULTS,1010040,A,0,930.8536182752463,1.0,0,1,typing
SYNTHETIC DEMONSTRATION ONLY - NOT HUMAN EXPERIMENT RESULTS,1010060,A,0,930.791103830825,1.0,0,1,typing
SYNTHETIC DEMONSTRATION ONLY - NOT HUMAN EXPERIMENT RESULTS,1010080,A,0,930.7281517766621,1.0,0,1,typing
SYNTHETIC DEMONSTRATION ONLY - NOT HUMAN EXPERIMENT RESULTS,1010100,A,0,930.6647630074456,1.0,0,1,typing
SYNTHETIC DEMONSTRATION ONLY - NOT HUMAN EXPERIMENT RESULTS,1010120,A,0,930.60093842407,1.0,0,1,typing
SYNTHETIC DEMONSTRATION ONLY - NOT HUMAN EXPERIMENT RESULTS,1010140,A,0,930.5366789336241,1.0,0,1,typing
SYNTHETIC DEMONSTRATION ONLY - NOT HUMAN EXPERIMENT RESULTS,1010160,A,0,930.4719854493775,1.0,0,1,typing
SYNTHETIC DEMONSTRATION ONLY - NOT HUMAN EXPERIMENT RESULTS,1010180,A,0,930.4068588907677,1.0,0,1,typing
SYNTHETIC DEMONSTRATION ONLY - NOT HUMAN EXPERIMENT RESULTS,1010200,A,0,930.3413001833874,1.0,0,1,typing
SYNTHETIC DEMONSTRATION ONLY - NOT HUMAN EXPERIMENT RESULTS,1010220,A,0,930.2753102589708,1.0,0,1,typing
SYNTHETIC DEMONSTRATION ONLY - NOT HUMAN EXPERIMENT RESULTS,1010240,A,0,930.2088900553808,1.0,0,1,typing
SYNTHETIC DEMONSTRATION ONLY - NOT HUMAN EXPERIMENT RESULTS,1010260,A,0,930.1420405165958,1.0,0,1,typing
SYNTHETIC DEMONSTRATION ONLY - NOT HUMAN EXPERIMENT RESULTS,1010280,A,0,930.0747625926953,1.0,0,1,typing
SYNTHETIC DEMONSTRATION ONLY - NOT HUMAN EXPERIMENT RESULTS,1010300,A,0,930.0070572398478,1.0,0,1,typing
SYNTHETIC DEMONSTRATION ONLY - NOT HUMAN EXPERIMENT RESULTS,1010320,A,0,929.9389254202961,1.0,0,1,typing
SYNTHETIC DEMONSTRATION ONLY - NOT HUMAN EXPERIMENT RESULTS,1010340,A,0,929.8703681023442,1.0,0,1,typing
SYNTHETIC DEMONSTRATION ONLY - NOT HUMAN EXPERIMENT RESULTS,1010360,A,0,929.8013862603433,1.0,0,1,typing
SYNTHETIC DEMONSTRATION ONLY - NOT HUMAN EXPERIMENT RESULTS,1010380,A,0,929.7319808746781,1.0,0,1,typing
SYNTHETIC DEMONSTRATION ONLY - NOT HUMAN EXPERIMENT RESULTS,1010400,A,0,929.6621529317529,1.0,0,1,typing
SYNTHETIC DEMONSTRATION ONLY - NOT HUMAN EXPERIMENT RESULTS,1010420,A,0,929.5919034239772,1.0,0,1,typing
SYNTHETIC DEMONSTRATION ONLY - NOT HUMAN EXPERIMENT RESULTS,1010440,A,0,929.5212333497519,1.0,0,1,typing
SYNTHETIC DEMONSTRATION ONLY - NOT HUMAN EXPERIMENT RESULTS,1010460,A,0,929.4501437134554,1.0,0,1,typing
SYNTHETIC DEMONSTRATION ONLY - NOT HUMAN EXPERIMENT RESULTS,1010480,A,0,929.3786355254286,1.0,0,1,typing
SYNTHETIC DEMONSTRATION ONLY - NOT HUMAN EXPERIMENT RESULTS,1010500,A,0,929.3067098019613,1.0,0,1,typing
SYNTHETIC DEMONSTRATION ONLY - NOT HUMAN EXPERIMENT RESULTS,1010520,A,0,929.2343675652771,1.0,0,1,typing
SYNTHETIC DEMONSTRATION ONLY - NOT HUMAN EXPERIMENT RESULTS,1010540,A,0,929.1616098435194,1.0,0,1,typing
SYNTHETIC DEMONSTRATION ONLY - NOT HUMAN EXPERIMENT RESULTS,1010560,A,0,929.0884376707364,1.0,0,1,typing
SYNTHETIC DEMONSTRATION ONLY - NOT HUMAN EXPERIMENT RESULTS,1010580,A,0,929.0148520868668,1.0,0,1,typing
SYNTHETIC DEMONSTRATION ONLY - NOT HUMAN EXPERIMENT RESULTS,1010600,A,0,928.9408541377244,1.0,0,1,typing
SYNTHETIC DEMONSTRATION ONLY - NOT HUMAN EXPERIMENT RESULTS,1010620,A,0,928.866444874984,1.0,0,1,typing
SYNTHETIC DEMONSTRATION ONLY - NOT HUMAN EXPERIMENT RESULTS,1010640,A,0,928.7916253561659,1.0,0,1,typing
SYNTHETIC DEMONSTRATION ONLY - NOT HUMAN EXPERIMENT RESULTS,1010660,A,0,928.7163966446211,1.0,0,1,typing
SYNTHETIC DEMONSTRATION ONLY - NOT HUMAN EXPERIMENT RESULTS,1010680,A,0,928.6407598095161,1.0,0,1,typing
SYNTHETIC DEMONSTRATION ONLY - NOT HUMAN EXPERIMENT RESULTS,1010700,A,0,928.5647159258176,1.0,0,1,typing
SYNTHETIC DEMONSTRATION ONLY - NOT HUMAN EXPERIMENT RESULTS,1010720,A,0,928.4882660742778,1.0,0,1,typing
SYNTHETIC DEMONSTRATION ONLY - NOT HUMAN EXPERIMENT RESULTS,1010740,A,0,928.4114113414181,1.0,0,1,typing
SYNTHETIC DEMONSTRATION ONLY - NOT HUMAN EXPERIMENT RESULTS,1010760,A,0,928.3341528195144,1.0,0,1,typing
SYNTHETIC DEMONSTRATION ONLY - NOT HUMAN EXPERIMENT RESULTS,1010780,A,0,928.2564916065814,1.0,0,1,typing
SYNTHETIC DEMONSTRATION ONLY - NOT HUMAN EXPERIMENT RESULTS,1010800,A,0,928.1784288063568,1.0,0,1,typing
SYNTHETIC DEMONSTRATION ONLY - NOT HUMAN EXPERIMENT RESULTS,1010820,A,0,928.0999655282857,1.0,0,1,typing
SYNTHETIC DEMONSTRATION ONLY - NOT HUMAN EXPERIMENT RESULTS,1010840,A,0,928.021102887505,1.0,0,1,typing
SYNTHETIC DEMONSTRATION ONLY - NOT HUMAN EXPERIMENT RESULTS,1010860,A,0,927.9418420048274,1.0,0,1,typing
SYNTHETIC DEMONSTRATION ONLY - NOT HUMAN EXPERIMENT RESULTS,1010880,A,0,927.8621840067256,1.0,0,1,typing
SYNTHETIC DEMONSTRATION ONLY - NOT HUMAN EXPERIMENT RESULTS,1010900,A,0,927.7821300253158,1.0,0,1,typing
SYNTHETIC DEMONSTRATION ONLY - NOT HUMAN EXPERIMENT RESULTS,1010920,A,0,927.7016811983426,1.0,0,1,typing
SYNTHETIC DEMONSTRATION ONLY - NOT HUMAN EXPERIMENT RESULTS,1010940,A,0,927.6208386691617,1.0,0,1,typing
SYNTHETIC DEMONSTRATION ONLY - NOT HUMAN EXPERIMENT RESULTS,1010960,A,0,927.5396035867244,1.0,0,1,typing
SYNTHETIC DEMONSTRATION ONLY - NOT HUMAN EXPERIMENT RESULTS,1010980,A,0,927.4579771055612,1.0,0,1,typing
SYNTHETIC DEMONSTRATION ONLY - NOT HUMAN EXPERIMENT RESULTS,1011000,A,0,927.3759603857649,1.0,0,1,typing
SYNTHETIC DEMONSTRATION ONLY - NOT HUMAN EXPERIMENT RESULTS,1011020,A,0,927.2935545929746,1.0,0,1,typing
SYNTHETIC DEMONSTRATION ONLY - NOT HUMAN EXPERIMENT RESULTS,1011040,A,0,927.2107608983591,1.0,0,1,typing
SYNTHETIC DEMONSTRATION ONLY - NOT HUMAN EXPERIMENT RESULTS,1011060,A,0,927.1275804786002,1.0,0,1,typing
SYNTHETIC DEMONSTRATION ONLY - NOT HUMAN EXPERIMENT RESULTS,1011080,A,0,927.0440145158756,1.0,0,1,typing
SYNTHETIC DEMONSTRATION ONLY - NOT HUMAN EXPERIMENT RESULTS,1011100,A,0,926.9600641978426,1.0,0,1,typing
SYNTHETIC DEMONSTRATION ONLY - NOT HUMAN EXPERIMENT RESULTS,1011120,A,0,926.8757307176212,1.0,0,1,typing
SYNTHETIC DEMONSTRATION ONLY - NOT HUMAN EXPERIMENT RESULTS,1011140,A,0,926.7910152737767,1.0,0,1,typing
SYNTHETIC DEMONSTRATION ONLY - NOT HUMAN EXPERIMENT RESULTS,1011160,A,0,926.705919070303,1.0,0,1,typing
SYNTHETIC DEMONSTRATION ONLY - NOT HUMAN EXPERIMENT RESULTS,1011180,A,0,926.6204433166058,1.0,0,1,typing
SYNTHETIC DEMONSTRATION ONLY - NOT HUMAN EXPERIMENT RESULTS,1011200,A,0,926.5345892274845,1.0,0,1,typing
SYNTHETIC DEMONSTRATION ONLY - NOT HUMAN EXPERIMENT RESULTS,1011220,A,0,926.4483580231158,1.0,0,1,typing
SYNTHETIC DEMONSTRATION ONLY - NOT HUMAN EXPERIMENT RESULTS,1011240,A,0,926.361750929036,1.0,0,1,typing
SYNTHETIC DEMONSTRATION ONLY - NOT HUMAN EXPERIMENT RESULTS,1011260,A,0,926.2747691761236,1.0,0,1,typing
SYNTHETIC DEMONSTRATION ONLY - NOT HUMAN EXPERIMENT RESULTS,1011280,A,0,926.187414000582,1.0,0,1,typing
SYNTHETIC DEMONSTRATION ONLY - NOT HUMAN EXPERIMENT RESULTS,1011300,A,0,926.0996866439214,1.0,0,1,typing
SYNTHETIC DEMONSTRATION ONLY - NOT HUMAN EXPERIMENT RESULTS,1011320,A,0,926.0115883529418,1.0,0,1,typing
SYNTHETIC DEMONSTRATION ONLY - NOT HUMAN EXPERIMENT RESULTS,1011340,A,0,925.9231203797149,1.0,0,1,typing
SYNTHETIC DEMONSTRATION ONLY - NOT HUMAN EXPERIMENT RESULTS,1011360,A,0,925.8342839815664,1.0,0,1,typing
SYNTHETIC DEMONSTRATION ONLY - NOT HUMAN EXPERIMENT RESULTS,1011380,A,0,925.7450804210582,1.0,0,1,typing
SYNTHETIC DEMONSTRATION ONLY - NOT HUMAN EXPERIMENT RESULTS,1011400,A,0,925.6555109659704,1.0,0,1,typing
SYNTHETIC DEMONSTRATION ONLY - NOT HUMAN EXPERIMENT RESULTS,1011420,A,0,925.5655768892831,1.0,0,1,typing
SYNTHETIC DEMONSTRATION ONLY - NOT HUMAN EXPERIMENT RESULTS,1011440,A,0,925.4752794691587,1.0,0,1,typing
SYNTHETIC DEMONSTRATION ONLY - NOT HUMAN EXPERIMENT RESULTS,1011460,A,0,925.3846199889234,1.0,0,1,typing
SYNTHETIC DEMONSTRATION ONLY - NOT HUMAN EXPERIMENT RESULTS,1011480,A,0,925.2935997370491,1.0,0,1,typing
SYNTHETIC DEMONSTRATION ONLY - NOT HUMAN EXPERIMENT RESULTS,1011500,A,0,925.202220007135,1.0,0,1,typing
SYNTHETIC DEMONSTRATION ONLY - NOT HUMAN EXPERIMENT RESULTS,1011520,A,0,925.1104820978893,1.0,0,1,typing
SYNTHETIC DEMONSTRATION ONLY - NOT HUMAN EXPERIMENT RESULTS,1011540,A,0,925.0183873131108,1.0,0,1,typing
SYNTHETIC DEMONSTRATION ONLY - NOT HUMAN EXPERIMENT RESULTS,1011560,A,0,924.9259369616702,1.0,0,1,typing
SYNTHETIC DEMONSTRATION ONLY - NOT HUMAN EXPERIMENT RESULTS,1011580,A,0,924.8331323574919,1.0,0,1,typing
SYNTHETIC DEMONSTRATION ONLY - NOT HUMAN EXPERIMENT RESULTS,1011600,A,0,924.7399748195344,1.0,0,1,typing
SYNTHETIC DEMONSTRATION ONLY - NOT HUMAN EXPERIMENT RESULTS,1011620,A,0,924.6464656717726,1.0,0,1,typing
SYNTHETIC DEMONSTRATION ONLY - NOT HUMAN EXPERIMENT RESULTS,1011640,A,0,924.5526062431785,1.0,0,1,typing
SYNTHETIC DEMONSTRATION ONLY - NOT HUMAN EXPERIMENT RESULTS,1011660,A,0,924.4583978677025,1.0,0,1,typing
SYNTHETIC DEMONSTRATION ONLY - NOT HUMAN EXPERIMENT RESULTS,1011680,A,0,924.3638418842539,1.0,0,1,typing
SYNTHETIC DEMONSTRATION ONLY - NOT HUMAN EXPERIMENT RESULTS,1011700,A,0,924.2689396366826,1.0,0,1,typing
SYNTHETIC DEMONSTRATION ONLY - NOT HUMAN EXPERIMENT RESULTS,1011720,A,0,924.1736924737597,1.0,0,1,typing
SYNTHETIC DEMONSTRATION ONLY - NOT HUMAN EXPERIMENT RESULTS,1011740,A,0,924.0781017491582,1.0,0,1,typing
SYNTHETIC DEMONSTRATION ONLY - NOT HUMAN EXPERIMENT RESULTS,1011760,A,0,923.9821688214338,1.0,0,1,typing
SYNTHETIC DEMONSTRATION ONLY - NOT HUMAN EXPERIMENT RESULTS,1011780,A,0,923.8858950540058,1.0,0,1,typing
SYNTHETIC DEMONSTRATION ONLY - NOT HUMAN EXPERIMENT RESULTS,1011800,A,0,923.7892818151374,1.0,0,1,typing
SYNTHETIC DEMONSTRATION ONLY - NOT HUMAN EXPERIMENT RESULTS,1011820,A,0,923.6923304779169,1.0,0,1,typing
SYNTHETIC DEMONSTRATION ONLY - NOT HUMAN EXPERIMENT RESULTS,1011840,A,0,923.5950424202371,1.0,0,1,typing
SYNTHETIC DEMONSTRATION ONLY - NOT HUMAN EXPERIMENT RESULTS,1011860,A,0,923.4974190247768,1.0,0,1,typing
SYNTHETIC DEMONSTRATION ONLY - NOT HUMAN EXPERIMENT RESULTS,1011880,A,0,923.3994616789804,1.0,0,1,typing
SYNTHETIC DEMONSTRATION ONLY - NOT HUMAN EXPERIMENT RESULTS,1011900,A,0,923.3011717750388,1.0,0,1,typing
SYNTHETIC DEMONSTRATION ONLY - NOT HUMAN EXPERIMENT RESULTS,1011920,A,0,923.202550709869,1.0,0,1,typing
SYNTHETIC DEMONSTRATION ONLY - NOT HUMAN EXPERIMENT RESULTS,1011940,A,0,923.1035998850947,1.0,0,1,typing
SYNTHETIC DEMONSTRATION ONLY - NOT HUMAN EXPERIMENT RESULTS,1011960,A,0,923.004320707026,1.0,0,1,typing
SYNTHETIC DEMONSTRATION ONLY - NOT HUMAN EXPERIMENT RESULTS,1011980,A,0,922.9047145866399,1.0,0,1,typing
SYNTHETIC DEMONSTRATION ONLY - NOT HUMAN EXPERIMENT RESULTS,1012000,A,0,922.8047829395598,1.0,0,1,typing
SYNTHETIC DEMONSTRATION ONLY - NOT HUMAN EXPERIMENT RESULTS,1012020,A,0,922.7045271860356,1.0,0,1,typing
SYNTHETIC DEMONSTRATION ONLY - NOT HUMAN EXPERIMENT RESULTS,1012040,A,0,922.6039487509236,1.0,0,1,typing
SYNTHETIC DEMONSTRATION ONLY - NOT HUMAN EXPERIMENT RESULTS,1012060,A,0,922.5030490636658,1.0,0,1,typing
SYNTHETIC DEMONSTRATION ONLY - NOT HUMAN EXPERIMENT RESULTS,1012080,A,0,922.4018295582703,1.0,0,1,typing
SYNTHETIC DEMONSTRATION ONLY - NOT HUMAN EXPERIMENT RESULTS,1012100,A,0,922.3002916732901,1.0,0,1,typing
SYNTHETIC DEMONSTRATION ONLY - NOT HUMAN EXPERIMENT RESULTS,1012120,A,0,922.1984368518033,1.0,0,1,typing
SYNTHETIC DEMONSTRATION ONLY - NOT HUMAN EXPERIMENT RESULTS,1012140,A,0,922.0962665413927,1.0,0,1,typing
SYNTHETIC DEMONSTRATION ONLY - NOT HUMAN EXPERIMENT RESULTS,1012160,A,0,921.9937821941243,1.0,0,1,typing
SYNTHETIC DEMONSTRATION ONLY - NOT HUMAN EXPERIMENT RESULTS,1012180,A,0,921.8909852665274,1.0,0,1,typing
SYNTHETIC DEMONSTRATION ONLY - NOT HUMAN EXPERIMENT RESULTS,1012200,A,0,921.7878772195742,1.0,0,1,typing
SYNTHETIC DEMONSTRATION ONLY - NOT HUMAN EXPERIMENT RESULTS,1012220,A,0,921.6844595186581,1.0,0,1,typing
SYNTHETIC DEMONSTRATION ONLY - NOT HUMAN EXPERIMENT RESULTS,1012240,A,0,921.5807336335736,1.0,0,1,typing
SYNTHETIC DEMONSTRATION ONLY - NOT HUMAN EXPERIMENT RESULTS,1012260,A,0,921.4767010384951,1.0,0,1,typing
SYNTHETIC DEMONSTRATION ONLY - NOT HUMAN EXPERIMENT RESULTS,1012280,A,0,921.372363211956,1.0,0,1,typing
SYNTHETIC DEMONSTRATION ONLY - NOT HUMAN EXPERIMENT RESULTS,1012300,A,0,921.2677216368278,1.0,0,1,typing
SYNTHETIC DEMONSTRATION ONLY - NOT HUMAN EXPERIMENT RESULTS,1012320,A,0,921.162777800299,1.0,0,1,typing
SYNTHETIC DEMONSTRATION ONLY - NOT HUMAN EXPERIMENT RESULTS,1012340,A,0,921.0575331938537,1.0,0,1,typing
SYNTHETIC DEMONSTRATION ONLY - NOT HUMAN EXPERIMENT RESULTS,1012360,A,0,920.9519893132507,1.0,0,1,typing
SYNTHETIC DEMONSTRATION ONLY - NOT HUMAN EXPERIMENT RESULTS,1012380,A,0,920.8461476585023,1.0,0,1,typing
SYNTHETIC DEMONSTRATION ONLY - NOT HUMAN EXPERIMENT RESULTS,1012400,A,0,920.7400097338526,1.0,0,1,typing
SYNTHETIC DEMONSTRATION ONLY - NOT HUMAN EXPERIMENT RESULTS,1012420,A,0,920.6335770477565,1.0,0,1,typing
SYNTHETIC DEMONSTRATION ONLY - NOT HUMAN EXPERIMENT RESULTS,1012440,A,0,920.5268511128579,1.0,0,1,typing
SYNTHETIC DEMONSTRATION ONLY - NOT HUMAN EXPERIMENT RESULTS,1012460,A,0,920.4198334459688,1.0,0,1,typing
SYNTHETIC DEMONSTRATION ONLY - NOT HUMAN EXPERIMENT RESULTS,1012480,A,0,920.312525568047,1.0,0,1,typing
SYNTHETIC DEMONSTRATION ONLY - NOT HUMAN EXPERIMENT RESULTS,1012500,A,0,920.204929004175,1.0,0,1,typing
SYNTHETIC DEMONSTRATION ONLY - NOT HUMAN EXPERIMENT RESULTS,1012520,A,0,920.0970452835381,1.0,0,1,typing
SYNTHETIC DEMONSTRATION ONLY - NOT HUMAN EXPERIMENT RESULTS,1012540,A,0,919.9888759394029,1.0,0,1,typing
SYNTHETIC DEMONSTRATION ONLY - NOT HUMAN EXPERIMENT RESULTS,1012560,A,0,919.880422509095,1.0,0,1,typing
SYNTHETIC DEMONSTRATION ONLY - NOT HUMAN EXPERIMENT RESULTS,1012580,A,0,919.7716865339778,1.0,0,1,typing
SYNTHETIC DEMONSTRATION ONLY - NOT HUMAN EXPERIMENT RESULTS,1012600,A,0,919.6626695594304,1.0,0,1,typing
SYNTHETIC DEMONSTRATION ONLY - NOT HUMAN EXPERIMENT RESULTS,1012620,A,0,919.5533731348249,1.0,0,1,typing
SYNTHETIC DEMONSTRATION ONLY - NOT HUMAN EXPERIMENT RESULTS,1012640,A,0,919.4437988135059,1.0,0,1,typing
SYNTHETIC DEMONSTRATION ONLY - NOT HUMAN EXPERIMENT RESULTS,1012660,A,0,919.3339481527667,1.0,0,1,typing
SYNTHETIC DEMONSTRATION ONLY - NOT HUMAN EXPERIMENT RESULTS,1012680,A,0,919.2238227138283,1.0,0,1,typing
SYNTHETIC DEMONSTRATION ONLY - NOT HUMAN EXPERIMENT RESULTS,1012700,A,0,919.1134240618173,1.0,0,1,typing
SYNTHETIC DEMONSTRATION ONLY - NOT HUMAN EXPERIMENT RESULTS,1012720,A,0,919.0027537657427,1.0,0,1,typing
SYNTHETIC DEMONSTRATION ONLY - NOT HUMAN EXPERIMENT RESULTS,1012740,A,0,918.8918133984744,1.0,0,1,typing
SYNTHETIC DEMONSTRATION ONLY - NOT HUMAN EXPERIMENT RESULTS,1012760,A,0,918.7806045367205,1.0,0,1,typing
SYNTHETIC DEMONSTRATION ONLY - NOT HUMAN EXPERIMENT RESULTS,1012780,A,0,918.6691287610051,1.0,0,1,typing
SYNTHETIC DEMONSTRATION ONLY - NOT HUMAN EXPERIMENT RESULTS,1012800,A,0,918.5573876556459,1.0,0,1,typing
SYNTHETIC DEMONSTRATION ONLY - NOT HUMAN EXPERIMENT RESULTS,1012820,A,0,918.4453828087313,1.0,0,1,typing
SYNTHETIC DEMONSTRATION ONLY - NOT HUMAN EXPERIMENT RESULTS,1012840,A,0,918.333115812098,1.0,0,1,typing
SYNTHETIC DEMONSTRATION ONLY - NOT HUMAN EXPERIMENT RESULTS,1012860,A,0,918.2205882613085,1.0,0,1,typing
SYNTHETIC DEMONSTRATION ONLY - NOT HUMAN EXPERIMENT RESULTS,1012880,A,0,918.1078017556284,1.0,0,1,typing
SYNTHETIC DEMONSTRATION ONLY - NOT HUMAN EXPERIMENT RESULTS,1012900,A,0,917.9947578980037,1.0,0,1,typing
SYNTHETIC DEMONSTRATION ONLY - NOT HUMAN EXPERIMENT RESULTS,1012920,A,0,917.8814582950379,1.0,0,1,typing
SYNTHETIC DEMONSTRATION ONLY - NOT HUMAN EXPERIMENT RESULTS,1012940,A,0,917.7679045569689,1.0,0,1,typing
SYNTHETIC DEMONSTRATION ONLY - NOT HUMAN EXPERIMENT RESULTS,1012960,A,0,917.6540982976468,1.0,0,1,typing
SYNTHETIC DEMONSTRATION ONLY - NOT HUMAN EXPERIMENT RESULTS,1012980,A,0,917.5400411345104,1.0,0,1,typing
SYNTHETIC DEMONSTRATION ONLY - NOT HUMAN EXPERIMENT RESULTS,1013000,A,0,917.4257346885646,1.0,0,1,typing
SYNTHETIC DEMONSTRATION ONLY - NOT HUMAN EXPERIMENT RESULTS,1013020,A,0,917.3111805843569,1.0,0,1,typing
SYNTHETIC DEMONSTRATION ONLY - NOT HUMAN EXPERIMENT RESULTS,1013040,A,0,917.1963804499546,1.0,0,1,typing
SYNTHETIC DEMONSTRATION ONLY - NOT HUMAN EXPERIMENT RESULTS,1013060,A,0,917.081335916922,1.0,0,1,typing
SYNTHETIC DEMONSTRATION ONLY - NOT HUMAN EXPERIMENT RESULTS,1013080,A,0,916.9660486202963,1.0,0,1,typing
SYNTHETIC DEMONSTRATION ONLY - NOT HUMAN EXPERIMENT RESULTS,1013100,A,0,916.8505201985653,1.0,0,1,typing
SYNTHETIC DEMONSTRATION ONLY - NOT HUMAN EXPERIMENT RESULTS,1013120,A,0,916.7347522936435,1.0,0,1,typing
SYNTHETIC DEMONSTRATION ONLY - NOT HUMAN EXPERIMENT RESULTS,1013140,A,0,916.6187465508491,1.0,0,1,typing
SYNTHETIC DEMONSTRATION ONLY - NOT HUMAN EXPERIMENT RESULTS,1013160,A,0,916.5025046188806,1.0,0,1,typing
SYNTHETIC DEMONSTRATION ONLY - NOT HUMAN EXPERIMENT RESULTS,1013180,A,0,916.3860281497931,1.0,0,1,typing
SYNTHETIC DEMONSTRATION ONLY - NOT HUMAN EXPERIMENT RESULTS,1013200,A,0,916.2693187989751,1.0,0,1,typing
SYNTHETIC DEMONSTRATION ONLY - NOT HUMAN EXPERIMENT RESULTS,1013220,A,0,916.1523782251246,1.0,0,1,typing
SYNTHETIC DEMONSTRATION ONLY - NOT HUMAN EXPERIMENT RESULTS,1013240,A,0,916.0352080902262,1.0,0,1,typing
SYNTHETIC DEMONSTRATION ONLY - NOT HUMAN EXPERIMENT RESULTS,1013260,A,0,915.9178100595269,1.0,0,1,typing
SYNTHETIC DEMONSTRATION ONLY - NOT HUMAN EXPERIMENT RESULTS,1013280,A,0,915.8001858015124,1.0,0,1,typing
SYNTHETIC DEMONSTRATION ONLY - NOT HUMAN EXPERIMENT RESULTS,1013300,A,0,915.6823369878839,1.0,0,1,typing
SYNTHETIC DEMONSTRATION ONLY - NOT HUMAN EXPERIMENT RESULTS,1013320,A,0,915.5642652935339,1.0,0,1,typing
SYNTHETIC DEMONSTRATION ONLY - NOT HUMAN EXPERIMENT RESULTS,1013340,A,0,915.4459723965224,1.0,0,1,typing
SYNTHETIC DEMONSTRATION ONLY - NOT HUMAN EXPERIMENT RESULTS,1013360,A,0,915.3274599780535,1.0,0,1,typing
SYNTHETIC DEMONSTRATION ONLY - NOT HUMAN EXPERIMENT RESULTS,1013380,A,0,915.2087297224508,1.0,0,1,typing
SYNTHETIC DEMONSTRATION ONLY - NOT HUMAN EXPERIMENT RESULTS,1013400,A,0,915.0897833171342,1.0,0,1,typing
SYNTHETIC DEMONSTRATION ONLY - NOT HUMAN EXPERIMENT RESULTS,1013420,A,0,914.9706224525954,1.0,0,1,typing
SYNTHETIC DEMONSTRATION ONLY - NOT HUMAN EXPERIMENT RESULTS,1013440,A,0,914.8512488223739,1.0,0,1,typing
SYNTHETIC DEMONSTRATION ONLY - NOT HUMAN EXPERIMENT RESULTS,1013460,A,0,914.7316641230334,1.0,0,1,typing
SYNTHETIC DEMONSTRATION ONLY - NOT HUMAN EXPERIMENT RESULTS,1013480,A,0,914.6118700541371,1.0,0,1,typing
SYNTHETIC DEMONSTRATION ONLY - NOT HUMAN EXPERIMENT RESULTS,1013500,A,0,914.4918683182239,1.0,0,1,typing
SYNTHETIC DEMONSTRATION ONLY - NOT HUMAN EXPERIMENT RESULTS,1013520,A,0,914.3716606207839,1.0,0,1,typing
SYNTHETIC DEMONSTRATION ONLY - NOT HUMAN EXPERIMENT RESULTS,1013540,A,0,914.2512486702349,1.0,0,1,typing
SYNTHETIC DEMONSTRATION ONLY - NOT HUMAN EXPERIMENT RESULTS,1013560,A,0,914.130634177897,1.0,0,1,typing
SYNTHETIC DEMONSTRATION ONLY - NOT HUMAN EXPERIMENT RESULTS,1013580,A,0,914.0098188579692,1.0,0,1,typing
SYNTHETIC DEMONSTRATION ONLY - NOT HUMAN EXPERIMENT RESULTS,1013600,A,0,913.8888044275046,1.0,0,1,typing
SYNTHETIC DEMONSTRATION ONLY - NOT HUMAN EXPERIMENT RESULTS,1013620,A,0,913.7675926063862,1.0,0,1,typing
SYNTHETIC DEMONSTRATION ONLY - NOT HUMAN EXPERIMENT RESULTS,1013640,A,0,913.6461851173023,1.0,0,1,typing
SYNTHETIC DEMONSTRATION ONLY - NOT HUMAN EXPERIMENT RESULTS,1013660,A,0,913.5245836857218,1.0,0,1,typing
SYNTHETIC DEMONSTRATION ONLY - NOT HUMAN EXPERIMENT RESULTS,1013680,A,0,913.4027900398705,1.0,0,1,typing
SYNTHETIC DEMONSTRATION ONLY - NOT HUMAN EXPERIMENT RESULTS,1013700,A,0,913.2808059107056,1.0,0,1,typing
SYNTHETIC DEMONSTRATION ONLY - NOT HUMAN EXPERIMENT RESULTS,1013720,A,0,913.1586330318914,1.0,0,1,typing
SYNTHETIC DEMONSTRATION ONLY - NOT HUMAN EXPERIMENT RESULTS,1013740,A,0,913.0362731397754,1.0,0,1,typing
SYNTHETIC DEMONSTRATION ONLY - NOT HUMAN EXPERIMENT RESULTS,1013760,A,0,912.913727973362,1.0,0,1,typing
SYNTHETIC DEMONSTRATION ONLY - NOT HUMAN EXPERIMENT RESULTS,1013780,A,0,912.7909992742896,1.0,0,1,typing
SYNTHETIC DEMONSTRATION ONLY - NOT HUMAN EXPERIMENT RESULTS,1013800,A,0,912.6680887868046,1.0,0,1,typing
SYNTHETIC DEMONSTRATION ONLY - NOT HUMAN EXPERIMENT RESULTS,1013820,A,0,912.5449982577369,1.0,0,1,typing
SYNTHETIC DEMONSTRATION ONLY - NOT HUMAN EXPERIMENT RESULTS,1013840,A,0,912.4217294364756,1.0,0,1,typing
SYNTHETIC DEMONSTRATION ONLY - NOT HUMAN EXPERIMENT RESULTS,1013860,A,0,912.2982840749436,1.0,0,1,typing
SYNTHETIC DEMONSTRATION ONLY - NOT HUMAN EXPERIMENT RESULTS,1013880,A,0,912.1746639275724,1.0,0,1,typing
SYNTHETIC DEMONSTRATION ONLY - NOT HUMAN EXPERIMENT RESULTS,1013900,A,0,912.0508707512781,1.0,0,1,typing
SYNTHETIC DEMONSTRATION ONLY - NOT HUMAN EXPERIMENT RESULTS,1013920,A,0,911.9269063054359,1.0,0,1,typing
SYNTHETIC DEMONSTRATION ONLY - NOT HUMAN EXPERIMENT RESULTS,1013940,A,0,911.8027723518547,1.0,0,1,typing
SYNTHETIC DEMONSTRATION ONLY - NOT HUMAN EXPERIMENT RESULTS,1013960,A,0,911.6784706547529,1.0,0,1,typing
SYNTHETIC DEMONSTRATION ONLY - NOT HUMAN EXPERIMENT RESULTS,1013980,A,0,911.5540029807328,1.0,0,1,typing
SYNTHETIC DEMONSTRATION ONLY - NOT HUMAN EXPERIMENT RESULTS,1014000,A,0,911.4293710987555,1.0,0,1,typing
SYNTHETIC DEMONSTRATION ONLY - NOT HUMAN EXPERIMENT RESULTS,1014020,A,0,911.3045767801159,1.0,0,1,typing
SYNTHETIC DEMONSTRATION ONLY - NOT HUMAN EXPERIMENT RESULTS,1014040,A,0,911.1796217984174,1.0,0,1,typing
SYNTHETIC DEMONSTRATION ONLY - NOT HUMAN EXPERIMENT RESULTS,1014060,A,0,911.0545079295472,1.0,0,1,typing
SYNTHETIC DEMONSTRATION ONLY - NOT HUMAN EXPERIMENT RESULTS,1014080,A,0,910.92923695165,1.0,0,1,typing
SYNTHETIC DEMONSTRATION ONLY - NOT HUMAN EXPERIMENT RESULTS,1014100,A,0,910.8038106451037,1.0,0,1,typing
SYNTHETIC DEMONSTRATION ONLY - NOT HUMAN EXPERIMENT RESULTS,1014120,A,0,910.678230792494,1.0,0,1,typing
SYNTHETIC DEMONSTRATION ONLY - NOT HUMAN EXPERIMENT RESULTS,1014140,A,0,910.5524991785883,1.0,0,1,typing
SYNTHETIC DEMONSTRATION ONLY - NOT HUMAN EXPERIMENT RESULTS,1014160,A,0,910.4266175903114,1.0,0,1,typing
SYNTHETIC DEMONSTRATION ONLY - NOT HUMAN EXPERIMENT RESULTS,1014180,A,0,910.300587816719,1.0,0,1,typing
SYNTHETIC DEMONSTRATION ONLY - NOT HUMAN EXPERIMENT RESULTS,1014200,A,0,910.1744116489734,1.0,0,1,typing
SYNTHETIC DEMONSTRATION ONLY - NOT HUMAN EXPERIMENT RESULTS,1014220,A,0,910.0480908803171,1.0,0,1,typing
SYNTHETIC DEMONSTRATION ONLY - NOT HUMAN EXPERIMENT RESULTS,1014240,A,0,909.921627306048,1.0,0,1,typing
SYNTHETIC DEMONSTRATION ONLY - NOT HUMAN EXPERIMENT RESULTS,1014260,A,0,909.7950227234933,1.0,0,1,typing
SYNTHETIC DEMONSTRATION ONLY - NOT HUMAN EXPERIMENT RESULTS,1014280,A,0,909.6682789319842,1.0,0,1,typing
SYNTHETIC DEMONSTRATION ONLY - NOT HUMAN EXPERIMENT RESULTS,1014300,A,0,909.5413977328309,1.0,0,1,typing
SYNTHETIC DEMONSTRATION ONLY - NOT HUMAN EXPERIMENT RESULTS,1014320,A,0,909.4143809292957,1.0,0,1,typing
SYNTHETIC DEMONSTRATION ONLY - NOT HUMAN EXPERIMENT RESULTS,1014340,A,0,909.2872303265688,1.0,0,1,typing
SYNTHETIC DEMONSTRATION ONLY - NOT HUMAN EXPERIMENT RESULTS,1014360,A,0,909.1599477317417,1.0,0,1,typing
SYNTHETIC DEMONSTRATION ONLY - NOT HUMAN EXPERIMENT RESULTS,1014380,A,0,909.0325349537816,1.0,0,1,typing
SYNTHETIC DEMONSTRATION ONLY - NOT HUMAN EXPERIMENT RESULTS,1014400,A,0,908.9049938035063,1.0,0,1,typing
SYNTHETIC DEMONSTRATION ONLY - NOT HUMAN EXPERIMENT RESULTS,1014420,A,0,908.7773260935578,1.0,0,1,typing
SYNTHETIC DEMONSTRATION ONLY - NOT HUMAN EXPERIMENT RESULTS,1014440,A,0,908.6495336383769,1.0,0,1,typing
SYNTHETIC DEMONSTRATION ONLY - NOT HUMAN EXPERIMENT RESULTS,1014460,A,0,908.5216182541772,1.0,0,1,typing
SYNTHETIC DEMONSTRATION ONLY - NOT HUMAN EXPERIMENT RESULTS,1014480,A,0,908.3935817589194,1.0,0,1,typing
SYNTHETIC DEMONSTRATION ONLY - NOT HUMAN EXPERIMENT RESULTS,1014500,A,0,908.2654259722856,1.0,0,1,typing
SYNTHETIC DEMONSTRATION ONLY - NOT HUMAN EXPERIMENT RESULTS,1014520,A,0,908.1371527156531,1.0,0,1,typing
SYNTHETIC DEMONSTRATION ONLY - NOT HUMAN EXPERIMENT RESULTS,1014540,A,0,908.008763812069,1.0,0,1,typing
SYNTHETIC DEMONSTRATION ONLY - NOT HUMAN EXPERIMENT RESULTS,1014560,A,0,907.8802610862235,1.0,0,1,typing
SYNTHETIC DEMONSTRATION ONLY - NOT HUMAN EXPERIMENT RESULTS,1014580,A,0,907.7516463644251,1.0,0,1,typing
SYNTHETIC DEMONSTRATION ONLY - NOT HUMAN EXPERIMENT RESULTS,1014600,A,0,907.6229214745737,1.0,0,1,typing
SYNTHETIC DEMONSTRATION ONLY - NOT HUMAN EXPERIMENT RESULTS,1014620,A,0,907.4940882461345,1.0,0,1,typing
SYNTHETIC DEMONSTRATION ONLY - NOT HUMAN EXPERIMENT RESULTS,1014640,A,0,907.3651485101133,1.0,0,1,typing
SYNTHETIC DEMONSTRATION ONLY - NOT HUMAN EXPERIMENT RESULTS,1014660,A,0,907.2361040990289,1.0,0,1,typing
SYNTHETIC DEMONSTRATION ONLY - NOT HUMAN EXPERIMENT RESULTS,1014680,A,0,907.1069568468881,1.0,0,1,typing
SYNTHETIC DEMONSTRATION ONLY - NOT HUMAN EXPERIMENT RESULTS,1014700,A,0,906.9777085891593,1.0,0,1,typing
SYNTHETIC DEMONSTRATION ONLY - NOT HUMAN EXPERIMENT RESULTS,1014720,A,0,906.8483611627462,1.0,0,1,typing
SYNTHETIC DEMONSTRATION ONLY - NOT HUMAN EXPERIMENT RESULTS,1014740,A,0,906.718916405962,1.0,0,1,typing
SYNTHETIC DEMONSTRATION ONLY - NOT HUMAN EXPERIMENT RESULTS,1014760,A,0,906.5893761585035,1.0,0,1,typing
SYNTHETIC DEMONSTRATION ONLY - NOT HUMAN EXPERIMENT RESULTS,1014780,A,0,906.4597422614239,1.0,0,1,typing
SYNTHETIC DEMONSTRATION ONLY - NOT HUMAN EXPERIMENT RESULTS,1014800,A,0,906.3300165571084,1.0,0,1,typing
SYNTHETIC DEMONSTRATION ONLY - NOT HUMAN EXPERIMENT RESULTS,1014820,A,0,906.2002008892458,1.0,0,1,typing
SYNTHETIC DEMONSTRATION ONLY - NOT HUMAN EXPERIMENT RESULTS,1014840,A,0,906.0702971028046,1.0,0,1,typing
SYNTHETIC DEMONSTRATION ONLY - NOT HUMAN EXPERIMENT RESULTS,1014860,A,0,905.940307044005,1.0,0,1,typing
SYNTHETIC DEMONSTRATION ONLY - NOT HUMAN EXPERIMENT RESULTS,1014880,A,0,905.8102325602931,1.0,0,1,typing
SYNTHETIC DEMONSTRATION ONLY - NOT HUMAN EXPERIMENT RESULTS,1014900,A,0,905.6800755003158,1.0,0,1,typing
SYNTHETIC DEMONSTRATION ONLY - NOT HUMAN EXPERIMENT RESULTS,1014920,A,0,905.5498377138927,1.0,0,1,typing
SYNTHETIC DEMONSTRATION ONLY - NOT HUMAN EXPERIMENT RESULTS,1014940,A,0,905.4195210519911,1.0,0,1,typing
SYNTHETIC DEMONSTRATION ONLY - NOT HUMAN EXPERIMENT RESULTS,1014960,A,0,905.2891273666991,1.0,0,1,typing
SYNTHETIC DEMONSTRATION ONLY - NOT HUMAN EXPERIMENT RESULTS,1014980,A,0,905.1586585111997,1.0,0,1,typing
SYNTHETIC DEMONSTRATION ONLY - NOT HUMAN EXPERIMENT RESULTS,1015000,A,0,905.0281163397443,1.0,0,1,typing
SYNTHETIC DEMONSTRATION ONLY - NOT HUMAN EXPERIMENT RESULTS,1015020,A,0,904.8975027076259,1.0,0,1,typing
SYNTHETIC DEMONSTRATION ONLY - NOT HUMAN EXPERIMENT RESULTS,1015040,A,0,904.7668194711533,1.0,0,1,typing
SYNTHETIC DEMONSTRATION ONLY - NOT HUMAN EXPERIMENT RESULTS,1015060,A,0,904.6360684876247,1.0,0,1,typing
SYNTHETIC DEMONSTRATION ONLY - NOT HUMAN EXPERIMENT RESULTS,1015080,A,0,904.505251615301,1.0,0,1,typing
SYNTHETIC DEMONSTRATION ONLY - NOT HUMAN EXPERIMENT RESULTS,1015100,A,0,904.3743707133793,1.0,0,1,typing
SYNTHETIC DEMONSTRATION ONLY - NOT HUMAN EXPERIMENT RESULTS,1015120,A,0,904.2434276419672,1.0,0,1,typing
SYNTHETIC DEMONSTRATION ONLY - NOT HUMAN EXPERIMENT RESULTS,1015140,A,0,904.1124242620554,1.0,0,1,typing
SYNTHETIC DEMONSTRATION ONLY - NOT HUMAN EXPERIMENT RESULTS,1015160,A,0,903.981362435492,1.0,0,1,typing
SYNTHETIC DEMONSTRATION ONLY - NOT HUMAN EXPERIMENT RESULTS,1015180,A,0,903.8502440249555,1.0,0,1,typing
SYNTHETIC DEMONSTRATION ONLY - NOT HUMAN EXPERIMENT RESULTS,1015200,A,0,903.7190708939289,1.0,0,1,typing
SYNTHETIC DEMONSTRATION ONLY - NOT HUMAN EXPERIMENT RESULTS,1015220,A,0,903.5878449066728,1.0,0,1,typing
SYNTHETIC DEMONSTRATION ONLY - NOT HUMAN EXPERIMENT RESULTS,1015240,A,0,903.4565679281989,1.0,0,1,typing
SYNTHETIC DEMONSTRATION ONLY - NOT HUMAN EXPERIMENT RESULTS,1015260,A,0,903.3252418242434,1.0,0,1,typing
SYNTHETIC DEMONSTRATION ONLY - NOT HUMAN EXPERIMENT RESULTS,1015280,A,0,903.1938684612413,1.0,0,1,typing
SYNTHETIC DEMONSTRATION ONLY - NOT HUMAN EXPERIMENT RESULTS,1015300,A,0,903.0624497062987,1.0,0,1,typing
SYNTHETIC DEMONSTRATION ONLY - NOT HUMAN EXPERIMENT RESULTS,1015320,A,0,902.9309874271671,1.0,0,1,typing
SYNTHETIC DEMONSTRATION ONLY - NOT HUMAN EXPERIMENT RESULTS,1015340,A,0,902.7994834922163,1.0,0,1,typing
SYNTHETIC DEMONSTRATION ONLY - NOT HUMAN EXPERIMENT RESULTS,1015360,A,0,902.6679397704085,1.0,0,1,typing
SYNTHETIC DEMONSTRATION ONLY - NOT HUMAN EXPERIMENT RESULTS,1015380,A,0,902.536358131271,1.0,0,1,typing
SYNTHETIC DEMONSTRATION ONLY - NOT HUMAN EXPERIMENT RESULTS,1015400,A,0,902.4047404448702,1.0,0,1,typing
SYNTHETIC DEMONSTRATION ONLY - NOT HUMAN EXPERIMENT RESULTS,1015420,A,0,902.2730885817847,1.0,0,1,typing
SYNTHETIC DEMONSTRATION ONLY - NOT HUMAN EXPERIMENT RESULTS,1015440,A,0,902.141404413079,1.0,0,1,typing
SYNTHETIC DEMONSTRATION ONLY - NOT HUMAN EXPERIMENT RESULTS,1015460,A,0,902.0096898102767,1.0,0,1,typing
SYNTHETIC DEMONSTRATION ONLY - NOT HUMAN EXPERIMENT RESULTS,1015480,A,0,901.8779466453336,1.0,0,1,typing
SYNTHETIC DEMONSTRATION ONLY - NOT HUMAN EXPERIMENT RESULTS,1015500,A,0,901.7461767906119,1.0,0,1,typing
SYNTHETIC DEMONSTRATION ONLY - NOT HUMAN EXPERIMENT RESULTS,1015520,A,0,901.6143821188529,1.0,0,1,typing
SYNTHETIC DEMONSTRATION ONLY - NOT HUMAN EXPERIMENT RESULTS,1015540,A,0,901.4825645031503,1.0,0,1,typing
SYNTHETIC DEMONSTRATION ONLY - NOT HUMAN EXPERIMENT RESULTS,1015560,A,0,901.3507258169246,1.0,0,1,typing
SYNTHETIC DEMONSTRATION ONLY - NOT HUMAN EXPERIMENT RESULTS,1015580,A,0,901.2188679338952,1.0,0,1,typing
SYNTHETIC DEMONSTRATION ONLY - NOT HUMAN EXPERIMENT RESULTS,1015600,A,0,901.0869927280546,1.0,0,1,typing
SYNTHETIC DEMONSTRATION ONLY - NOT HUMAN EXPERIMENT RESULTS,1015620,A,0,900.9551020736411,1.0,0,1,typing
SYNTHETIC DEMONSTRATION ONLY - NOT HUMAN EXPERIMENT RESULTS,1015640,A,0,900.8231978451131,1.0,0,1,typing
SYNTHETIC DEMONSTRATION ONLY - NOT HUMAN EXPERIMENT RESULTS,1015660,A,0,900.6912819171216,1.0,0,1,typing
SYNTHETIC DEMONSTRATION ONLY - NOT HUMAN EXPERIMENT RESULTS,1015680,A,0,900.5593561644838,1.0,0,1,typing
SYNTHETIC DEMONSTRATION ONLY - NOT HUMAN EXPERIMENT RESULTS,1015700,A,0,900.4274224621569,1.0,0,1,typing
SYNTHETIC DEMONSTRATION ONLY - NOT HUMAN EXPERIMENT RESULTS,1015720,A,0,900.2954826852106,1.0,0,1,typing
SYNTHETIC DEMONSTRATION ONLY - NOT HUMAN EXPERIMENT RESULTS,1015740,A,0,900.1635387088013,1.0,0,1,typing
SYNTHETIC DEMONSTRATION ONLY - NOT HUMAN EXPERIMENT RESULTS,1015760,A,0,900.031592408145,1.0,0,1,typing
SYNTHETIC DEMONSTRATION ONLY - NOT HUMAN EXPERIMENT RESULTS,1015780,A,0,899.8996456584905,1.0,0,1,typing
SYNTHETIC DEMONSTRATION ONLY - NOT HUMAN EXPERIMENT RESULTS,1015800,A,0,899.7677003350935,1.0,0,1,typing
SYNTHETIC DEMONSTRATION ONLY - NOT HUMAN EXPERIMENT RESULTS,1015820,A,0,899.6357583131888,1.0,0,1,typing
SYNTHETIC DEMONSTRATION ONLY - NOT HUMAN EXPERIMENT RESULTS,1015840,A,0,899.5038214679649,1.0,0,1,typing
SYNTHETIC DEMONSTRATION ONLY - NOT HUMAN EXPERIMENT RESULTS,1015860,A,0,899.3718916745361,1.0,0,1,typing
SYNTHETIC DEMONSTRATION ONLY - NOT HUMAN EXPERIMENT RESULTS,1015880,A,0,899.239970807917,1.0,0,1,typing
SYNTHETIC DEMONSTRATION ONLY - NOT HUMAN EXPERIMENT RESULTS,1015900,A,0,899.108060742995,1.0,0,1,typing
SYNTHETIC DEMONSTRATION ONLY - NOT HUMAN EXPERIMENT RESULTS,1015920,A,0,898.9761633545041,1.0,0,1,typing
SYNTHETIC DEMONSTRATION ONLY - NOT HUMAN EXPERIMENT RESULTS,1015940,A,0,898.8442805169983,1.0,0,1,typing
SYNTHETIC DEMONSTRATION ONLY - NOT HUMAN EXPERIMENT RESULTS,1015960,A,0,898.7124141048246,1.0,0,1,typing
SYNTHETIC DEMONSTRATION ONLY - NOT HUMAN EXPERIMENT RESULTS,1015980,A,0,898.5805659920964,1.0,0,1,typing
SYNTHETIC DEMONSTRATION ONLY - NOT HUMAN EXPERIMENT RESULTS,1016000,A,0,898.4487380526674,1.0,0,1,typing
SYNTHETIC DEMONSTRATION ONLY - NOT HUMAN EXPERIMENT RESULTS,1016020,A,0,898.3169321601044,1.0,0,1,typing
SYNTHETIC DEMONSTRATION ONLY - NOT HUMAN EXPERIMENT RESULTS,1016040,A,0,898.185150187661,1.0,0,1,typing
SYNTHETIC DEMONSTRATION ONLY - NOT HUMAN EXPERIMENT RESULTS,1016060,A,0,898.0533940082505,1.0,0,1,typing
SYNTHETIC DEMONSTRATION ONLY - NOT HUMAN EXPERIMENT RESULTS,1016080,A,0,897.92166549442,1.0,0,1,typing
SYNTHETIC DEMONSTRATION ONLY - NOT HUMAN EXPERIMENT RESULTS,1016100,A,0,897.7899665183232,1.0,0,1,typing
SYNTHETIC DEMONSTRATION ONLY - NOT HUMAN EXPERIMENT RESULTS,1016120,A,0,897.6582989516942,1.0,0,1,typing
SYNTHETIC DEMONSTRATION ONLY - NOT HUMAN EXPERIMENT RESULTS,1016140,A,0,897.5266646658204,1.0,0,1,typing
SYNTHETIC DEMONSTRATION ONLY - NOT HUMAN EXPERIMENT RESULTS,1016160,A,0,897.3950655315164,1.0,0,1,typing
SYNTHETIC DEMONSTRATION ONLY - NOT HUMAN EXPERIMENT RESULTS,1016180,A,0,897.2635034190972,1.0,0,1,typing
SYNTHETIC DEMONSTRATION ONLY - NOT HUMAN EXPERIMENT RESULTS,1016200,A,0,897.1319801983517,1.0,0,1,typing
SYNTHETIC DEMONSTRATION ONLY - NOT HUMAN EXPERIMENT RESULTS,1016220,A,0,897.0004977385161,1.0,0,1,typing
SYNTHETIC DEMONSTRATION ONLY - NOT HUMAN EXPERIMENT RESULTS,1016240,A,0,896.8690579082469,1.0,0,1,typing
SYNTHETIC DEMONSTRATION ONLY - NOT HUMAN EXPERIMENT RESULTS,1016260,A,0,896.7376625755951,1.0,0,1,typing
SYNTHETIC DEMONSTRATION ONLY - NOT HUMAN EXPERIMENT RESULTS,1016280,A,0,896.6063136079795,1.0,0,1,typing
SYNTHETIC DEMONSTRATION ONLY - NOT HUMAN EXPERIMENT RESULTS,1016300,A,0,896.4750128721594,1.0,0,1,typing
SYNTHETIC DEMONSTRATION ONLY - NOT HUMAN EXPERIMENT RESULTS,1016320,A,0,896.343762234209,1.0,0,1,typing
SYNTHETIC DEMONSTRATION ONLY - NOT HUMAN EXPERIMENT RESULTS,1016340,A,0,896.2125635594901,1.0,0,1,typing
SYNTHETIC DEMONSTRATION ONLY - NOT HUMAN EXPERIMENT RESULTS,1016360,A,0,896.0814187126268,1.0,0,1,typing
SYNTHETIC DEMONSTRATION ONLY - NOT HUMAN EXPERIMENT RESULTS,1016380,A,0,895.9503295574774,1.0,0,1,typing
SYNTHETIC DEMONSTRATION ONLY - NOT HUMAN EXPERIMENT RESULTS,1016400,A,0,895.8192979571088,1.0,0,1,typing
SYNTHETIC DEMONSTRATION ONLY - NOT HUMAN EXPERIMENT RESULTS,1016420,A,0,895.6883257737703,1.0,0,1,typing
SYNTHETIC DEMONSTRATION ONLY - NOT HUMAN EXPERIMENT RESULTS,1016440,A,0,895.5574148688665,1.0,0,1,typing
SYNTHETIC DEMONSTRATION ONLY - NOT HUMAN EXPERIMENT RESULTS,1016460,A,0,895.4265671029311,1.0,0,1,typing
SYNTHETIC DEMONSTRATION ONLY - NOT HUMAN EXPERIMENT RESULTS,1016480,A,0,895.2957843356005,1.0,0,1,typing
SYNTHETIC DEMONSTRATION ONLY - NOT HUMAN EXPERIMENT RESULTS,1016500,A,0,895.1650684255873,1.0,0,1,typing
SYNTHETIC DEMONSTRATION ONLY - NOT HUMAN EXPERIMENT RESULTS,1016520,A,0,895.0344212306538,1.0,0,1,typing
SYNTHETIC DEMONSTRATION ONLY - NOT HUMAN EXPERIMENT RESULTS,1016540,A,0,894.903844607586,1.0,0,1,typing
SYNTHETIC DEMONSTRATION ONLY - NOT HUMAN EXPERIMENT RESULTS,1016560,A,0,894.7733404121668,1.0,0,1,typing
SYNTHETIC DEMONSTRATION ONLY - NOT HUMAN EXPERIMENT RESULTS,1016580,A,0,894.6429104991495,1.0,0,1,typing
SYNTHETIC DEMONSTRATION ONLY - NOT HUMAN EXPERIMENT RESULTS,1016600,A,0,894.512556722232,1.0,0,1,typing
SYNTHETIC DEMONSTRATION ONLY - NOT HUMAN EXPERIMENT RESULTS,1016620,A,0,894.38228093403,1.0,0,1,typing
SYNTHETIC DEMONSTRATION ONLY - NOT HUMAN EXPERIMENT RESULTS,1016640,A,0,894.2520849860506,1.0,0,1,typing
SYNTHETIC DEMONSTRATION ONLY - NOT HUMAN EXPERIMENT RESULTS,1016660,A,0,894.1219707286667,1.0,0,1,typing
SYNTHETIC DEMONSTRATION ONLY - NOT HUMAN EXPERIMENT RESULTS,1016680,A,0,893.9919400110898,1.0,0,1,typing
SYNTHETIC DEMONSTRATION ONLY - NOT HUMAN EXPERIMENT RESULTS,1016700,A,0,893.8619946813442,1.0,0,1,typing
SYNTHETIC DEMONSTRATION ONLY - NOT HUMAN EXPERIMENT RESULTS,1016720,A,0,893.7321365862407,1.0,0,1,typing
SYNTHETIC DEMONSTRATION ONLY - NOT HUMAN EXPERIMENT RESULTS,1016740,A,0,893.6023675713502,1.0,0,1,typing
SYNTHETIC DEMONSTRATION ONLY - NOT HUMAN EXPERIMENT RESULTS,1016760,A,0,893.4726894809778,1.0,0,1,typing
SYNTHETIC DEMONSTRATION ONLY - NOT HUMAN EXPERIMENT RESULTS,1016780,A,0,893.343104158136,1.0,0,1,typing
SYNTHETIC DEMONSTRATION ONLY - NOT HUMAN EXPERIMENT RESULTS,1016800,A,0,893.2136134445193,1.0,0,1,typing
SYNTHETIC DEMONSTRATION ONLY - NOT HUMAN EXPERIMENT RESULTS,1016820,A,0,893.0842191804771,1.0,0,1,typing
SYNTHETIC DEMONSTRATION ONLY - NOT HUMAN EXPERIMENT RESULTS,1016840,A,0,892.9549232049886,1.0,0,1,typing
SYNTHETIC DEMONSTRATION ONLY - NOT HUMAN EXPERIMENT RESULTS,1016860,A,0,892.8257273556356,1.0,0,1,typing
SYNTHETIC DEMONSTRATION ONLY - NOT HUMAN EXPERIMENT RESULTS,1016880,A,0,892.6966334685773,1.0,0,1,typing
SYNTHETIC DEMONSTRATION ONLY - NOT HUMAN EXPERIMENT RESULTS,1016900,A,0,892.5676433785234,1.0,0,1,typing
SYNTHETIC DEMONSTRATION ONLY - NOT HUMAN EXPERIMENT RESULTS,1016920,A,0,892.4387589187086,1.0,0,1,typing
SYNTHETIC DEMONSTRATION ONLY - NOT HUMAN EXPERIMENT RESULTS,1016940,A,0,892.3099819208663,1.0,0,1,typing
SYNTHETIC DEMONSTRATION ONLY - NOT HUMAN EXPERIMENT RESULTS,1016960,A,0,892.181314215203,1.0,0,1,typing
SYNTHETIC DEMONSTRATION ONLY - NOT HUMAN EXPERIMENT RESULTS,1016980,A,0,892.0527576303713,1.0,0,1,typing
SYNTHETIC DEMONSTRATION ONLY - NOT HUMAN EXPERIMENT RESULTS,1017000,A,0,891.924313993445,1.0,0,1,typing
SYNTHETIC DEMONSTRATION ONLY - NOT HUMAN EXPERIMENT RESULTS,1017020,A,0,891.7959851298924,1.0,0,1,typing
SYNTHETIC DEMONSTRATION ONLY - NOT HUMAN EXPERIMENT RESULTS,1017040,A,0,891.6677728635507,1.0,0,1,typing
SYNTHETIC DEMONSTRATION ONLY - NOT HUMAN EXPERIMENT RESULTS,1017060,A,0,891.5396790166001,1.0,0,1,typing
SYNTHETIC DEMONSTRATION ONLY - NOT HUMAN EXPERIMENT RESULTS,1017080,A,0,891.4117054095375,1.0,0,1,typing
SYNTHETIC DEMONSTRATION ONLY - NOT HUMAN EXPERIMENT RESULTS,1017100,A,0,891.2838538611514,1.0,0,1,typing
SYNTHETIC DEMONSTRATION ONLY - NOT HUMAN EXPERIMENT RESULTS,1017120,A,0,891.1561261884951,1.0,0,1,typing
SYNTHETIC DEMONSTRATION ONLY - NOT HUMAN EXPERIMENT RESULTS,1017140,A,0,891.0285242068617,1.0,0,1,typing
SYNTHETIC DEMONSTRATION ONLY - NOT HUMAN EXPERIMENT RESULTS,1017160,A,0,890.9010497297577,1.0,0,1,typing
SYNTHETIC DEMONSTRATION ONLY - NOT HUMAN EXPERIMENT RESULTS,1017180,A,0,890.7737045688776,1.0,0,1,typing
SYNTHETIC DEMONSTRATION ONLY - NOT HUMAN EXPERIMENT RESULTS,1017200,A,0,890.646490534078,1.0,0,1,typing
SYNTHETIC DEMONSTRATION ONLY - NOT HUMAN EXPERIMENT RESULTS,1017220,A,0,890.519409433352,1.0,0,1,typing
SYNTHETIC DEMONSTRATION ONLY - NOT HUMAN EXPERIMENT RESULTS,1017240,A,0,890.3924630728033,1.0,0,1,typing
SYNTHETIC DEMONSTRATION ONLY - NOT HUMAN EXPERIMENT RESULTS,1017260,A,0,890.2656532566206,1.0,0,1,typing
SYNTHETIC DEMONSTRATION ONLY - NOT HUMAN EXPERIMENT RESULTS,1017280,A,0,890.1389817870522,1.0,0,1,typing
SYNTHETIC DEMONSTRATION ONLY - NOT HUMAN EXPERIMENT RESULTS,1017300,A,0,890.01245046438,1.0,0,1,typing
SYNTHETIC DEMONSTRATION ONLY - NOT HUMAN EXPERIMENT RESULTS,1017320,A,0,889.8860610868942,1.0,0,1,typing
SYNTHETIC DEMONSTRATION ONLY - NOT HUMAN EXPERIMENT RESULTS,1017340,A,0,889.7598154508677,1.0,0,1,typing
SYNTHETIC DEMONSTRATION ONLY - NOT HUMAN EXPERIMENT RESULTS,1017360,A,0,889.6337153505302,1.0,0,1,typing
SYNTHETIC DEMONSTRATION ONLY - NOT HUMAN EXPERIMENT RESULTS,1017380,A,0,889.5077625780435,1.0,0,1,typing
SYNTHETIC DEMONSTRATION ONLY - NOT HUMAN EXPERIMENT RESULTS,1017400,A,0,889.3819589234752,1.0,0,1,typing
SYNTHETIC DEMONSTRATION ONLY - NOT HUMAN EXPERIMENT RESULTS,1017420,A,0,889.2563061747736,1.0,0,1,typing
SYNTHETIC DEMONSTRATION ONLY - NOT HUMAN EXPERIMENT RESULTS,1017440,A,0,889.1308061177425,1.0,0,1,typing
SYNTHETIC DEMONSTRATION ONLY - NOT HUMAN EXPERIMENT RESULTS,1017460,A,0,889.0054605360154,1.0,0,1,typing
SYNTHETIC DEMONSTRATION ONLY - NOT HUMAN EXPERIMENT RESULTS,1017480,A,0,888.8802712110307,1.0,0,1,typing
SYNTHETIC DEMONSTRATION ONLY - NOT HUMAN EXPERIMENT RESULTS,1017500,A,0,888.7552399220057,1.0,0,1,typing
SYNTHETIC DEMONSTRATION ONLY - NOT HUMAN EXPERIMENT RESULTS,1017520,A,0,888.6303684459117,1.0,0,1,typing
SYNTHETIC DEMONSTRATION ONLY - NOT HUMAN EXPERIMENT RESULTS,1017540,A,0,888.5056585574488,1.0,0,1,typing
SYNTHETIC DEMONSTRATION ONLY - NOT HUMAN EXPERIMENT RESULTS,1017560,A,0,888.3811120290205,1.0,0,1,typing
SYNTHETIC DEMONSTRATION ONLY - NOT HUMAN EXPERIMENT RESULTS,1017580,A,0,888.2567306307088,1.0,0,1,typing
SYNTHETIC DEMONSTRATION ONLY - NOT HUMAN EXPERIMENT RESULTS,1017600,A,0,888.1325161302486,1.0,0,1,typing
SYNTHETIC DEMONSTRATION ONLY - NOT HUMAN EXPERIMENT RESULTS,1017620,A,0,888.008470293003,1.0,0,1,typing
SYNTHETIC DEMONSTRATION ONLY - NOT HUMAN EXPERIMENT RESULTS,1017640,A,0,887.8845948819379,1.0,0,1,typing
SYNTHETIC DEMONSTRATION ONLY - NOT HUMAN EXPERIMENT RESULTS,1017660,A,0,887.760891657597,1.0,0,1,typing
SYNTHETIC DEMONSTRATION ONLY - NOT HUMAN EXPERIMENT RESULTS,1017680,A,0,887.6373623780769,1.0,0,1,typing
SYNTHETIC DEMONSTRATION ONLY - NOT HUMAN EXPERIMENT RESULTS,1017700,A,0,887.5140087990022,1.0,0,1,typing
SYNTHETIC DEMONSTRATION ONLY - NOT HUMAN EXPERIMENT RESULTS,1017720,A,0,887.3908326735003,1.0,0,1,typing
SYNTHETIC DEMONSTRATION ONLY - NOT HUMAN EXPERIMENT RESULTS,1017740,A,0,887.2678357521766,1.0,0,1,typing
SYNTHETIC DEMONSTRATION ONLY - NOT HUMAN EXPERIMENT RESULTS,1017760,A,0,887.1450197830894,1.0,0,1,typing
SYNTHETIC DEMONSTRATION ONLY - NOT HUMAN EXPERIMENT RESULTS,1017780,A,0,887.0223865117258,1.0,0,1,typing
SYNTHETIC DEMONSTRATION ONLY - NOT HUMAN EXPERIMENT RESULTS,1017800,A,0,886.8999376809759,1.0,0,1,typing
SYNTHETIC DEMONSTRATION ONLY - NOT HUMAN EXPERIMENT RESULTS,1017820,A,0,886.7776750311086,1.0,0,1,typing
SYNTHETIC DEMONSTRATION ONLY - NOT HUMAN EXPERIMENT RESULTS,1017840,A,0,886.6556002997468,1.0,0,1,typing
SYNTHETIC DEMONSTRATION ONLY - NOT HUMAN EXPERIMENT RESULTS,1017860,A,0,886.5337152218425,1.0,0,1,typing
SYNTHETIC DEMONSTRATION ONLY - NOT HUMAN EXPERIMENT RESULTS,1017880,A,0,886.4120215296527,1.0,0,1,typing
SYNTHETIC DEMONSTRATION ONLY - NOT HUMAN EXPERIMENT RESULTS,1017900,A,0,886.290520952714,1.0,0,1,typing
SYNTHETIC DEMONSTRATION ONLY - NOT HUMAN EXPERIMENT RESULTS,1017920,A,0,886.1692152178186,1.0,0,1,typing
SYNTHETIC DEMONSTRATION ONLY - NOT HUMAN EXPERIMENT RESULTS,1017940,A,0,886.0481060489896,1.0,0,1,typing
SYNTHETIC DEMONSTRATION ONLY - NOT HUMAN EXPERIMENT RESULTS,1017960,A,0,885.927195167456,1.0,0,1,typing
SYNTHETIC DEMONSTRATION ONLY - NOT HUMAN EXPERIMENT RESULTS,1017980,A,0,885.8064842916294,1.0,0,1,typing
SYNTHETIC DEMONSTRATION ONLY - NOT HUMAN EXPERIMENT RESULTS,1018000,A,0,885.6859751370785,1.0,0,1,typing
SYNTHETIC DEMONSTRATION ONLY - NOT HUMAN EXPERIMENT RESULTS,1018020,A,0,885.5656694165049,1.0,0,1,typing
SYNTHETIC DEMONSTRATION ONLY - NOT HUMAN EXPERIMENT RESULTS,1018040,A,0,885.4455688397195,1.0,0,1,typing
SYNTHETIC DEMONSTRATION ONLY - NOT HUMAN EXPERIMENT RESULTS,1018060,A,0,885.3256751136172,1.0,0,1,typing
SYNTHETIC DEMONSTRATION ONLY - NOT HUMAN EXPERIMENT RESULTS,1018080,A,0,885.2059899421531,1.0,0,1,typing
SYNTHETIC DEMONSTRATION ONLY - NOT HUMAN EXPERIMENT RESULTS,1018100,A,0,885.0865150263187,1.0,0,1,typing
SYNTHETIC DEMONSTRATION ONLY - NOT HUMAN EXPERIMENT RESULTS,1018120,A,0,884.9672520641167,1.0,0,1,typing
SYNTHETIC DEMONSTRATION ONLY - NOT HUMAN EXPERIMENT RESULTS,1018140,A,0,884.848202750538,1.0,0,1,typing
SYNTHETIC DEMONSTRATION ONLY - NOT HUMAN EXPERIMENT RESULTS,1018160,A,0,884.7293687775368,1.0,0,1,typing
SYNTHETIC DEMONSTRATION ONLY - NOT HUMAN EXPERIMENT RESULTS,1018180,A,0,884.610751834007,1.0,0,1,typing
SYNTHETIC DEMONSTRATION ONLY - NOT HUMAN EXPERIMENT RESULTS,1018200,A,0,884.4923536057577,1.0,0,1,typing
SYNTHETIC DEMONSTRATION ONLY - NOT HUMAN EXPERIMENT RESULTS,1018220,A,0,884.37417577549,1.0,0,1,typing
SYNTHETIC DEMONSTRATION ONLY - NOT HUMAN EXPERIMENT RESULTS,1018240,A,0,884.2562200227723,1.0,0,1,typing
SYNTHETIC DEMONSTRATION ONLY - NOT HUMAN EXPERIMENT RESULTS,1018260,A,0,884.1384880240171,1.0,0,1,typing
SYNTHETIC DEMONSTRATION ONLY - NOT HUMAN EXPERIMENT RESULTS,1018280,A,0,884.0209814524565,1.0,0,1,typing
SYNTHETIC DEMONSTRATION ONLY - NOT HUMAN EXPERIMENT RESULTS,1018300,A,0,883.9037019781192,1.0,0,1,typing
SYNTHETIC DEMONSTRATION ONLY - NOT HUMAN EXPERIMENT RESULTS,1018320,A,0,883.786651267806,1.0,0,1,typing
SYNTHETIC DEMONSTRATION ONLY - NOT HUMAN EXPERIMENT RESULTS,1018340,A,0,883.6698309850666,1.0,0,1,typing
SYNTHETIC DEMONSTRATION ONLY - NOT HUMAN EXPERIMENT RESULTS,1018360,A,0,883.5532427901758,1.0,0,1,typing
SYNTHETIC DEMONSTRATION ONLY - NOT HUMAN EXPERIMENT RESULTS,1018380,A,0,883.4368883401099,1.0,0,1,typing
SYNTHETIC DEMONSTRATION ONLY - NOT HUMAN EXPERIMENT RESULTS,1018400,A,0,883.3207692885234,1.0,0,1,typing
SYNTHETIC DEMONSTRATION ONLY - NOT HUMAN EXPERIMENT RESULTS,1018420,A,0,883.2048872857247,1.0,0,1,typing
SYNTHETIC DEMONSTRATION ONLY - NOT HUMAN EXPERIMENT RESULTS,1018440,A,0,883.0892439786538,1.0,0,1,typing
SYNTHETIC DEMONSTRATION ONLY - NOT HUMAN EXPERIMENT RESULTS,1018460,A,0,882.973841010858,1.0,0,1,typing
SYNTHETIC DEMONSTRATION ONLY - NOT HUMAN EXPERIMENT RESULTS,1018480,A,0,882.858680022469,1.0,0,1,typing
SYNTHETIC DEMONSTRATION ONLY - NOT HUMAN EXPERIMENT RESULTS,1018500,A,0,882.7437626501792,1.0,0,1,typing
SYNTHETIC DEMONSTRATION ONLY - NOT HUMAN EXPERIMENT RESULTS,1018520,A,0,882.629090527219,1.0,0,1,typing
SYNTHETIC DEMONSTRATION ONLY - NOT HUMAN EXPERIMENT RESULTS,1018540,A,0,882.5146652833329,1.0,0,1,typing
SYNTHETIC DEMONSTRATION ONLY - NOT HUMAN EXPERIMENT RESULTS,1018560,A,0,882.4004885447571,1.0,0,1,typing
SYNTHETIC DEMONSTRATION ONLY - NOT HUMAN EXPERIMENT RESULTS,1018580,A,0,882.2865619341956,1.0,0,1,typing
SYNTHETIC DEMONSTRATION ONLY - NOT HUMAN EXPERIMENT RESULTS,1018600,A,0,882.1728870707979,1.0,0,1,typing
SYNTHETIC DEMONSTRATION ONLY - NOT HUMAN EXPERIMENT RESULTS,1018620,A,0,882.0594655701352,1.0,0,1,typing
SYNTHETIC DEMONSTRATION ONLY - NOT HUMAN EXPERIMENT RESULTS,1018640,A,0,881.9462990441783,1.0,0,1,typing
SYNTHETIC DEMONSTRATION ONLY - NOT HUMAN EXPERIMENT RESULTS,1018660,A,0,881.833389101274,1.0,0,1,typing
SYNTHETIC DEMONSTRATION ONLY - NOT HUMAN EXPERIMENT RESULTS,1018680,A,0,881.7207373461224,1.0,0,1,typing
SYNTHETIC DEMONSTRATION ONLY - NOT HUMAN EXPERIMENT RESULTS,1018700,A,0,881.6083453797544,1.0,0,1,typing
SYNTHETIC DEMONSTRATION ONLY - NOT HUMAN EXPERIMENT RESULTS,1018720,A,0,881.4962147995085,1.0,0,1,typing
SYNTHETIC DEMONSTRATION ONLY - NOT HUMAN EXPERIMENT RESULTS,1018740,A,0,881.3843471990085,1.0,0,1,typing
SYNTHETIC DEMONSTRATION ONLY - NOT HUMAN EXPERIMENT RESULTS,1018760,A,0,881.2727441681408,1.0,0,1,typing
SYNTHETIC DEMONSTRATION ONLY - NOT HUMAN EXPERIMENT RESULTS,1018780,A,0,881.1614072930313,1.0,0,1,typing
SYNTHETIC DEMONSTRATION ONLY - NOT HUMAN EXPERIMENT RESULTS,1018800,A,0,881.0503381560234,1.0,0,1,typing
SYNTHETIC DEMONSTRATION ONLY - NOT HUMAN EXPERIMENT RESULTS,1018820,A,0,880.9395383356555,1.0,0,1,typing
SYNTHETIC DEMONSTRATION ONLY - NOT HUMAN EXPERIMENT RESULTS,1018840,A,0,880.8290094066383,1.0,0,1,typing
SYNTHETIC DEMONSTRATION ONLY - NOT HUMAN EXPERIMENT RESULTS,1018860,A,0,880.7187529398326,1.0,0,1,typing
SYNTHETIC DEMONSTRATION ONLY - NOT HUMAN EXPERIMENT RESULTS,1018880,A,0,880.6087705022267,1.0,0,1,typing
SYNTHETIC DEMONSTRATION ONLY - NOT HUMAN EXPERIMENT RESULTS,1018900,A,0,880.4990636569145,1.0,0,1,typing
SYNTHETIC DEMONSTRATION ONLY - NOT HUMAN EXPERIMENT RESULTS,1018920,A,0,880.3896339630733,1.0,0,1,typing
SYNTHETIC DEMONSTRATION ONLY - NOT HUMAN EXPERIMENT RESULTS,1018940,A,0,880.280482975941,1.0,0,1,typing
SYNTHETIC DEMONSTRATION ONLY - NOT HUMAN EXPERIMENT RESULTS,1018960,A,0,880.1716122467949,1.0,0,1,typing
SYNTHETIC DEMONSTRATION ONLY - NOT HUMAN EXPERIMENT RESULTS,1018980,A,0,880.0630233229291,1.0,0,1,typing
SYNTHETIC DEMONSTRATION ONLY - NOT HUMAN EXPERIMENT RESULTS,1019000,A,0,879.9547177476323,1.0,0,1,typing
SYNTHETIC DEMONSTRATION ONLY - NOT HUMAN EXPERIMENT RESULTS,1019020,A,0,879.8466970601668,1.0,0,1,typing
SYNTHETIC DEMONSTRATION ONLY - NOT HUMAN EXPERIMENT RESULTS,1019040,A,0,879.7389627957455,1.0,0,1,typing
SYNTHETIC DEMONSTRATION ONLY - NOT HUMAN EXPERIMENT RESULTS,1019060,A,0,879.6315164855108,1.0,0,1,typing
SYNTHETIC DEMONSTRATION ONLY - NOT HUMAN EXPERIMENT RESULTS,1019080,A,0,879.5243596565125,1.0,0,1,typing
SYNTHETIC DEMONSTRATION ONLY - NOT HUMAN EXPERIMENT RESULTS,1019100,A,0,879.4174938316864,1.0,0,1,typing
SYNTHETIC DEMONSTRATION ONLY - NOT HUMAN EXPERIMENT RESULTS,1019120,A,0,879.3109205298326,1.0,0,1,typing
SYNTHETIC DEMONSTRATION ONLY - NOT HUMAN EXPERIMENT RESULTS,1019140,A,0,879.2046412655933,1.0,0,1,typing
SYNTHETIC DEMONSTRATION ONLY - NOT HUMAN EXPERIMENT RESULTS,1019160,A,0,879.0986575494323,1.0,0,1,typing
SYNTHETIC DEMONSTRATION ONLY - NOT HUMAN EXPERIMENT RESULTS,1019180,A,0,878.9929708876128,1.0,0,1,typing
SYNTHETIC DEMONSTRATION ONLY - NOT HUMAN EXPERIMENT RESULTS,1019200,A,0,878.8875827821762,1.0,0,1,typing
SYNTHETIC DEMONSTRATION ONLY - NOT HUMAN EXPERIMENT RESULTS,1019220,A,0,878.7824947309206,1.0,0,1,typing
SYNTHETIC DEMONSTRATION ONLY - NOT HUMAN EXPERIMENT RESULTS,1019240,A,0,878.67770822738,1.0,0,1,typing
SYNTHETIC DEMONSTRATION ONLY - NOT HUMAN EXPERIMENT RESULTS,1019260,A,0,878.5732247608024,1.0,0,1,typing
SYNTHETIC DEMONSTRATION ONLY - NOT HUMAN EXPERIMENT RESULTS,1019280,A,0,878.4690458161293,1.0,0,1,typing
SYNTHETIC DEMONSTRATION ONLY - NOT HUMAN EXPERIMENT RESULTS,1019300,A,0,878.3651728739741,1.0,0,1,typing
SYNTHETIC DEMONSTRATION ONLY - NOT HUMAN EXPERIMENT RESULTS,1019320,A,0,878.2616074106011,1.0,0,1,typing
SYNTHETIC DEMONSTRATION ONLY - NOT HUMAN EXPERIMENT RESULTS,1019340,A,0,878.1583508979048,1.0,0,1,typing
SYNTHETIC DEMONSTRATION ONLY - NOT HUMAN EXPERIMENT RESULTS,1019360,A,0,878.0554048033889,1.0,0,1,typing
SYNTHETIC DEMONSTRATION ONLY - NOT HUMAN EXPERIMENT RESULTS,1019380,A,0,877.9527705901452,1.0,0,1,typing
SYNTHETIC DEMONSTRATION ONLY - NOT HUMAN EXPERIMENT RESULTS,1019400,A,0,877.850449716833,1.0,0,1,typing
SYNTHETIC DEMONSTRATION ONLY - NOT HUMAN EXPERIMENT RESULTS,1019420,A,0,877.7484436376586,1.0,0,1,typing
SYNTHETIC DEMONSTRATION ONLY - NOT HUMAN EXPERIMENT RESULTS,1019440,A,0,877.646753802354,1.0,0,1,typing
SYNTHETIC DEMONSTRATION ONLY - NOT HUMAN EXPERIMENT RESULTS,1019460,A,0,877.5453816561569,1.0,0,1,typing
SYNTHETIC DEMONSTRATION ONLY - NOT HUMAN EXPERIMENT RESULTS,1019480,A,0,877.4443286397899,1.0,0,1,typing
SYNTHETIC DEMONSTRATION ONLY - NOT HUMAN EXPERIMENT RESULTS,1019500,A,0,877.34359618944,1.0,0,1,typing
SYNTHETIC DEMONSTRATION ONLY - NOT HUMAN EXPERIMENT RESULTS,1019520,A,0,877.2431857367384,1.0,0,1,typing
SYNTHETIC DEMONSTRATION ONLY - NOT HUMAN EXPERIMENT RESULTS,1019540,A,0,877.1430987087397,1.0,0,1,typing
SYNTHETIC DEMONSTRATION ONLY - NOT HUMAN EXPERIMENT RESULTS,1019560,A,0,877.0433365279022,1.0,0,1,typing
SYNTHETIC DEMONSTRATION ONLY - NOT HUMAN EXPERIMENT RESULTS,1019580,A,0,876.9439006120674,1.0,0,1,typing
SYNTHETIC DEMONSTRATION ONLY - NOT HUMAN EXPERIMENT RESULTS,1019600,A,0,876.8447923744396,1.0,0,1,typing
SYNTHETIC DEMONSTRATION ONLY - NOT HUMAN EXPERIMENT RESULTS,1019620,A,0,876.7460132235665,1.0,0,1,typing
SYNTHETIC DEMONSTRATION ONLY - NOT HUMAN EXPERIMENT RESULTS,1019640,A,0,876.6475645633183,1.0,0,1,typing
SYNTHETIC DEMONSTRATION ONLY - NOT HUMAN EXPERIMENT RESULTS,1019660,A,0,876.5494477928682,1.0,0,1,typing
SYNTHETIC DEMONSTRATION ONLY - NOT HUMAN EXPERIMENT RESULTS,1019680,A,0,876.451664306673,1.0,0,1,typing
SYNTHETIC DEMONSTRATION ONLY - NOT HUMAN EXPERIMENT RESULTS,1019700,A,0,876.3542154944524,1.0,0,1,typing
SYNTHETIC DEMONSTRATION ONLY - NOT HUMAN EXPERIMENT RESULTS,1019720,A,0,876.2571027411698,1.0,0,1,typing
SYNTHETIC DEMONSTRATION ONLY - NOT HUMAN EXPERIMENT RESULTS,1019740,A,0,876.160327427012,1.0,0,1,typing
SYNTHETIC DEMONSTRATION ONLY - NOT HUMAN EXPERIMENT RESULTS,1019760,A,0,876.063890927371,1.0,0,1,typing
SYNTHETIC DEMONSTRATION ONLY - NOT HUMAN EXPERIMENT RESULTS,1019780,A,0,875.9677946128224,1.0,0,1,typing
SYNTHETIC DEMONSTRATION ONLY - NOT HUMAN EXPERIMENT RESULTS,1019800,A,0,875.8720398491079,1.0,0,1,typing
SYNTHETIC DEMONSTRATION ONLY - NOT HUMAN EXPERIMENT RESULTS,1019820,A,0,875.7766279971145,1.0,0,1,typing
SYNTHETIC DEMONSTRATION ONLY - NOT HUMAN EXPERIMENT RESULTS,1019840,A,0,875.6815604128557,1.0,0,1,typing
SYNTHETIC DEMONSTRATION ONLY - NOT HUMAN EXPERIMENT RESULTS,1019860,A,0,875.5868384474525,1.0,0,1,typing
SYNTHETIC DEMONSTRATION ONLY - NOT HUMAN EXPERIMENT RESULTS,1019880,A,0,875.4924634471137,1.0,0,1,typing
SYNTHETIC DEMONSTRATION ONLY - NOT HUMAN EXPERIMENT RESULTS,1019900,A,0,875.3984367531167,1.0,0,1,typing
SYNTHETIC DEMONSTRATION ONLY - NOT HUMAN EXPERIMENT RESULTS,1019920,A,0,875.3047597017893,1.0,0,1,typing
SYNTHETIC DEMONSTRATION ONLY - NOT HUMAN EXPERIMENT RESULTS,1019940,A,0,875.2114336244895,1.0,0,1,typing
SYNTHETIC DEMONSTRATION ONLY - NOT HUMAN EXPERIMENT RESULTS,1019960,A,0,875.1184598475876,1.0,0,1,typing
SYNTHETIC DEMONSTRATION ONLY - NOT HUMAN EXPERIMENT RESULTS,1019980,A,0,875.0258396924465,1.0,0,1,typing
SYNTHETIC DEMONSTRATION ONLY - NOT HUMAN EXPERIMENT RESULTS,1020000,A,0,874.933574475404,1.0,0,1,typing
SYNTHETIC DEMONSTRATION ONLY - NOT HUMAN EXPERIMENT RESULTS,1020020,A,0,874.8416655077529,1.0,0,1,typing
SYNTHETIC DEMONSTRATION ONLY - NOT HUMAN EXPERIMENT RESULTS,1020040,A,0,874.7501140957229,1.0,0,1,typing
SYNTHETIC DEMONSTRATION ONLY - NOT HUMAN EXPERIMENT RESULTS,1020060,A,0,874.6589215404624,1.0,0,1,typing
SYNTHETIC DEMONSTRATION ONLY - NOT HUMAN EXPERIMENT RESULTS,1020080,A,0,874.5680891380193,1.0,0,1,typing
SYNTHETIC DEMONSTRATION ONLY - NOT HUMAN EXPERIMENT RESULTS,1020100,A,0,874.4776181793234,1.0,0,1,typing
SYNTHETIC DEMONSTRATION ONLY - NOT HUMAN EXPERIMENT RESULTS,1020120,A,0,874.387509950167,1.0,0,1,typing
SYNTHETIC DEMONSTRATION ONLY - NOT HUMAN EXPERIMENT RESULTS,1020140,A,0,874.2977657311876,1.0,0,1,typing
SYNTHETIC DEMONSTRATION ONLY - NOT HUMAN EXPERIMENT RESULTS,1020160,A,0,874.2083867978492,1.0,0,1,typing
SYNTHETIC DEMONSTRATION ONLY - NOT HUMAN EXPERIMENT RESULTS,1020180,A,0,874.1193744204244,1.0,0,1,typing
SYNTHETIC DEMONSTRATION ONLY - NOT HUMAN EXPERIMENT RESULTS,1020200,A,0,874.0307298639759,1.0,0,1,typing
SYNTHETIC DEMONSTRATION ONLY - NOT HUMAN EXPERIMENT RESULTS,1020220,A,0,873.9424543883391,1.0,0,1,typing
SYNTHETIC DEMONSTRATION ONLY - NOT HUMAN EXPERIMENT RESULTS,1020240,A,0,873.8545492481039,1.0,0,1,typing
SYNTHETIC DEMONSTRATION ONLY - NOT HUMAN EXPERIMENT RESULTS,1020260,A,0,873.7670156925972,1.0,0,1,typing
SYNTHETIC DEMONSTRATION ONLY - NOT HUMAN EXPERIMENT RESULTS,1020280,A,0,873.6798549658641,1.0,0,1,typing
SYNTHETIC DEMONSTRATION ONLY - NOT HUMAN EXPERIMENT RESULTS,1020300,A,0,873.5930683066518,1.0,0,1,typing
SYNTHETIC DEMONSTRATION ONLY - NOT HUMAN EXPERIMENT RESULTS,1020320,A,0,873.5066569483909,1.0,0,1,typing
SYNTHETIC DEMONSTRATION ONLY - NOT HUMAN EXPERIMENT RESULTS,1020340,A,0,873.4206221191778,1.0,0,1,typing
SYNTHETIC DEMONSTRATION ONLY - NOT HUMAN EXPERIMENT RESULTS,1020360,A,0,873.334965041758,1.0,0,1,typing
SYNTHETIC DEMONSTRATION ONLY - NOT HUMAN EXPERIMENT RESULTS,1020380,A,0,873.2496869335081,1.0,0,1,typing
SYNTHETIC DEMONSTRATION ONLY - NOT HUMAN EXPERIMENT RESULTS,1020400,A,0,873.1647890064188,1.0,0,1,typing
SYNTHETIC DEMONSTRATION ONLY - NOT HUMAN EXPERIMENT RESULTS,1020420,A,0,873.0802724670777,1.0,0,1,typing
SYNTHETIC DEMONSTRATION ONLY - NOT HUMAN EXPERIMENT RESULTS,1020440,A,0,872.9961385166519,1.0,0,1,typing
SYNTHETIC DEMONSTRATION ONLY - NOT HUMAN EXPERIMENT RESULTS,1020460,A,0,872.9123883508707,1.0,0,1,typing
SYNTHETIC DEMONSTRATION ONLY - NOT HUMAN EXPERIMENT RESULTS,1020480,A,0,872.8290231600098,1.0,0,1,typing
SYNTHETIC DEMONSTRATION ONLY - NOT HUMAN EXPERIMENT RESULTS,1020500,A,0,872.7460441288728,1.0,0,1,typing
SYNTHETIC DEMONSTRATION ONLY - NOT HUMAN EXPERIMENT RESULTS,1020520,A,0,872.6634524367755,1.0,0,1,typing
SYNTHETIC DEMONSTRATION ONLY - NOT HUMAN EXPERIMENT RESULTS,1020540,A,0,872.5812492575287,1.0,0,1,typing
SYNTHETIC DEMONSTRATION ONLY - NOT HUMAN EXPERIMENT RESULTS,1020560,A,0,872.4994357594215,1.0,0,1,typing
SYNTHETIC DEMONSTRATION ONLY - NOT HUMAN EXPERIMENT RESULTS,1020580,A,0,872.4180131052049,1.0,0,1,typing
SYNTHETIC DEMONSTRATION ONLY - NOT HUMAN EXPERIMENT RESULTS,1020600,A,0,872.3369824520748,1.0,0,1,typing
SYNTHETIC DEMONSTRATION ONLY - NOT HUMAN EXPERIMENT RESULTS,1020620,A,0,872.2563449516564,1.0,0,1,typing
SYNTHETIC DEMONSTRATION ONLY - NOT HUMAN EXPERIMENT RESULTS,1020640,A,0,872.176101749987,1.0,0,1,typing
SYNTHETIC DEMONSTRATION ONLY - NOT HUMAN EXPERIMENT RESULTS,1020660,A,0,872.0962539875,1.0,0,1,typing
SYNTHETIC DEMONSTRATION ONLY - NOT HUMAN EXPERIMENT RESULTS,1020680,A,0,872.0168027990089,1.0,0,1,typing
SYNTHETIC DEMONSTRATION ONLY - NOT HUMAN EXPERIMENT RESULTS,1020700,A,0,871.937749313691,1.0,0,1,typing
SYNTHETIC DEMONSTRATION ONLY - NOT HUMAN EXPERIMENT RESULTS,1020720,A,0,871.8590946550713,1.0,0,1,typing
SYNTHETIC DEMONSTRATION ONLY - NOT HUMAN EXPERIMENT RESULTS,1020740,A,0,871.7808399410065,1.0,0,1,typing
SYNTHETIC DEMONSTRATION ONLY - NOT HUMAN EXPERIMENT RESULTS,1020760,A,0,871.7029862836696,1.0,0,1,typing
SYNTHETIC DEMONSTRATION ONLY - NOT HUMAN EXPERIMENT RESULTS,1020780,A,0,871.625534789533,1.0,0,1,typing
SYNTHETIC DEMONSTRATION ONLY - NOT HUMAN EXPERIMENT RESULTS,1020800,A,0,871.5484865593542,1.0,0,1,typing
SYNTHETIC DEMONSTRATION ONLY - NOT HUMAN EXPERIMENT RESULTS,1020820,A,0,871.471842688159,1.0,0,1,typing
SYNTHETIC DEMONSTRATION ONLY - NOT HUMAN EXPERIMENT RESULTS,1020840,A,0,871.3956042652263,1.0,0,1,typing
SYNTHETIC DEMONSTRATION ONLY - NOT HUMAN EXPERIMENT RESULTS,1020860,A,0,871.319772374073,1.0,0,1,typing
SYNTHETIC DEMONSTRATION ONLY - NOT HUMAN EXPERIMENT RESULTS,1020880,A,0,871.2443480924381,1.0,0,1,typing
SYNTHETIC DEMONSTRATION ONLY - NOT HUMAN EXPERIMENT RESULTS,1020900,A,0,871.1693324922677,1.0,0,1,typing
SYNTHETIC DEMONSTRATION ONLY - NOT HUMAN EXPERIMENT RESULTS,1020920,A,0,871.0947266396993,1.0,0,1,typing
SYNTHETIC DEMONSTRATION ONLY - NOT HUMAN EXPERIMENT RESULTS,1020940,A,0,871.0205315950474,1.0,0,1,typing
SYNTHETIC DEMONSTRATION ONLY - NOT HUMAN EXPERIMENT RESULTS,1020960,A,0,870.9467484127877,1.0,0,1,typing
SYNTHETIC DEMONSTRATION ONLY - NOT HUMAN EXPERIMENT RESULTS,1020980,A,0,870.8733781415425,1.0,0,1,typing
SYNTHETIC DEMONSTRATION ONLY - NOT HUMAN EXPERIMENT RESULTS,1021000,A,0,870.800421824066,1.0,0,1,typing
SYNTHETIC DEMONSTRATION ONLY - NOT HUMAN EXPERIMENT RESULTS,1021020,A,0,870.7278804972287,1.0,0,1,typing
SYNTHETIC DEMONSTRATION ONLY - NOT HUMAN EXPERIMENT RESULTS,1021040,A,0,870.6557551920035,1.0,0,1,typing
SYNTHETIC DEMONSTRATION ONLY - NOT HUMAN EXPERIMENT RESULTS,1021060,A,0,870.5840469334507,1.0,0,1,typing
SYNTHETIC DEMONSTRATION ONLY - NOT HUMAN EXPERIMENT RESULTS,1021080,A,0,870.5127567407035,1.0,0,1,typing
SYNTHETIC DEMONSTRATION ONLY - NOT HUMAN EXPERIMENT RESULTS,1021100,A,0,870.441885626953,1.0,0,1,typing
SYNTHETIC DEMONSTRATION ONLY - NOT HUMAN EXPERIMENT RESULTS,1021120,A,0,870.3714345994348,1.0,0,1,typing
SYNTHETIC DEMONSTRATION ONLY - NOT HUMAN EXPERIMENT RESULTS,1021140,A,0,870.301404659414,1.0,0,1,typing
SYNTHETIC DEMONSTRATION ONLY - NOT HUMAN EXPERIMENT RESULTS,1021160,A,0,870.2317968021708,1.0,0,1,typing
SYNTHETIC DEMONSTRATION ONLY - NOT HUMAN EXPERIMENT RESULTS,1021180,A,0,870.1626120169874,1.0,0,1,typing
SYNTHETIC DEMONSTRATION ONLY - NOT HUMAN EXPERIMENT RESULTS,1021200,A,0,870.0938512871322,1.0,0,1,typing
SYNTHETIC DEMONSTRATION ONLY - NOT HUMAN EXPERIMENT RESULTS,1021220,A,0,870.0255155898478,1.0,0,1,typing
SYNTHETIC DEMONSTRATION ONLY - NOT HUMAN EXPERIMENT RESULTS,1021240,A,0,869.9576058963355,1.0,0,1,typing
SYNTHETIC DEMONSTRATION ONLY - NOT HUMAN EXPERIMENT RESULTS,1021260,A,0,869.8901231717424,1.0,0,1,typing
SYNTHETIC DEMONSTRATION ONLY - NOT HUMAN EXPERIMENT RESULTS,1021280,A,0,869.8230683751474,1.0,0,1,typing
SYNTHETIC DEMONSTRATION ONLY - NOT HUMAN EXPERIMENT RESULTS,1021300,A,0,869.7564424595475,1.0,0,1,typing
SYNTHETIC DEMONSTRATION ONLY - NOT HUMAN EXPERIMENT RESULTS,1021320,A,0,869.6902463718446,1.0,0,1,typing
SYNTHETIC DEMONSTRATION ONLY - NOT HUMAN EXPERIMENT RESULTS,1021340,A,0,869.6244810528317,1.0,0,1,typing
SYNTHETIC DEMONSTRATION ONLY - NOT HUMAN EXPERIMENT RESULTS,1021360,A,0,869.5591474371793,1.0,0,1,typing
SYNTHETIC DEMONSTRATION ONLY - NOT HUMAN EXPERIMENT RESULTS,1021380,A,0,869.4942464534228,1.0,0,1,typing
SYNTHETIC DEMONSTRATION ONLY - NOT HUMAN EXPERIMENT RESULTS,1021400,A,0,869.4297790239488,1.0,0,1,typing
SYNTHETIC DEMONSTRATION ONLY - NOT HUMAN EXPERIMENT RESULTS,1021420,A,0,869.3657460649822,1.0,0,1,typing
SYNTHETIC DEMONSTRATION ONLY - NOT HUMAN EXPERIMENT RESULTS,1021440,A,0,869.3021484865731,1.0,0,1,typing
SYNTHETIC DEMONSTRATION ONLY - NOT HUMAN EXPERIMENT RESULTS,1021460,A,0,869.238987192584,1.0,0,1,typing
SYNTHETIC DEMONSTRATION ONLY - NOT HUMAN EXPERIMENT RESULTS,1021480,A,0,869.1762630806763,1.0,0,1,typing
SYNTHETIC DEMONSTRATION ONLY - NOT HUMAN EXPERIMENT RESULTS,1021500,A,0,869.113977042299,1.0,0,1,typing
SYNTHETIC DEMONSTRATION ONLY - NOT HUMAN EXPERIMENT RESULTS,1021520,A,0,869.0521299626741,1.0,0,1,typing
SYNTHETIC DEMONSTRATION ONLY - NOT HUMAN EXPERIMENT RESULTS,1021540,A,0,868.9907227207859,1.0,0,1,typing
SYNTHETIC DEMONSTRATION ONLY - NOT HUMAN EXPERIMENT RESULTS,1021560,A,0,868.9297561893669,1.0,0,1,typing
SYNTHETIC DEMONSTRATION ONLY - NOT HUMAN EXPERIMENT RESULTS,1021580,A,0,868.8692312348867,1.0,0,1,typing
SYNTHETIC DEMONSTRATION ONLY - NOT HUMAN EXPERIMENT RESULTS,1021600,A,0,868.8091487175386,1.0,0,1,typing
SYNTHETIC DEMONSTRATION ONLY - NOT HUMAN EXPERIMENT RESULTS,1021620,A,0,868.7495094912285,1.0,0,1,typing
SYNTHETIC DEMONSTRATION ONLY - NOT HUMAN EXPERIMENT RESULTS,1021640,A,0,868.6903144035616,1.0,0,1,typing
SYNTHETIC DEMONSTRATION ONLY - NOT HUMAN EXPERIMENT RESULTS,1021660,A,0,868.6315642958311,1.0,0,1,typing
SYNTHETIC DEMONSTRATION ONLY - NOT HUMAN EXPERIMENT RESULTS,1021680,A,0,868.5732600030063,1.0,0,1,typing
SYNTHETIC DEMONSTRATION ONLY - NOT HUMAN EXPERIMENT RESULTS,1021700,A,0,868.5154023537201,1.0,0,1,typing
SYNTHETIC DEMONSTRATION ONLY - NOT HUMAN EXPERIMENT RESULTS,1021720,A,0,868.4579921702577,1.0,0,1,typing
SYNTHETIC DEMONSTRATION ONLY - NOT HUMAN EXPERIMENT RESULTS,1021740,A,0,868.401030268545,1.0,0,1,typing
SYNTHETIC DEMONSTRATION ONLY - NOT HUMAN EXPERIMENT RESULTS,1021760,A,0,868.3445174581366,1.0,0,1,typing
SYNTHETIC DEMONSTRATION ONLY - NOT HUMAN EXPERIMENT RESULTS,1021780,A,0,868.2884545422048,1.0,0,1,typing
SYNTHETIC DEMONSTRATION ONLY - NOT HUMAN EXPERIMENT RESULTS,1021800,A,0,868.2328423175276,1.0,0,1,typing
SYNTHETIC DEMONSTRATION ONLY - NOT HUMAN EXPERIMENT RESULTS,1021820,A,0,868.1776815744778,1.0,0,1,typing
SYNTHETIC DEMONSTRATION ONLY - NOT HUMAN EXPERIMENT RESULTS,1021840,A,0,868.1229730970117,1.0,0,1,typing
SYNTHETIC DEMONSTRATION ONLY - NOT HUMAN EXPERIMENT RESULTS,1021860,A,0,868.0687176626578,1.0,0,1,typing
SYNTHETIC DEMONSTRATION ONLY - NOT HUMAN EXPERIMENT RESULTS,1021880,A,0,868.0149160425061,1.0,0,1,typing
SYNTHETIC DEMONSTRATION ONLY - NOT HUMAN EXPERIMENT RESULTS,1021900,A,0,867.9615690011966,1.0,0,1,typing
SYNTHETIC DEMONSTRATION ONLY - NOT HUMAN EXPERIMENT RESULTS,1021920,A,0,867.9086772969088,1.0,0,1,typing
SYNTHETIC DEMONSTRATION ONLY - NOT HUMAN EXPERIMENT RESULTS,1021940,A,0,867.8562416813509,1.0,0,1,typing
SYNTHETIC DEMONSTRATION ONLY - NOT HUMAN EXPERIMENT RESULTS,1021960,A,0,867.804262899749,1.0,0,1,typing
SYNTHETIC DEMONSTRATION ONLY - NOT HUMAN EXPERIMENT RESULTS,1021980,A,0,867.7527416908368,1.0,0,1,typing
SYNTHETIC DEMONSTRATION ONLY - NOT HUMAN EXPERIMENT RESULTS,1022000,A,0,867.7016787868447,1.0,0,1,typing
SYNTHETIC DEMONSTRATION ONLY - NOT HUMAN EXPERIMENT RESULTS,1022020,A,0,867.6510749134895,1.0,0,1,typing
SYNTHETIC DEMONSTRATION ONLY - NOT HUMAN EXPERIMENT RESULTS,1022040,A,0,867.6009307899643,1.0,0,1,typing
SYNTHETIC DEMONSTRATION ONLY - NOT HUMAN EXPERIMENT RESULTS,1022060,A,0,867.5512471289281,1.0,0,1,typing
SYNTHETIC DEMONSTRATION ONLY - NOT HUMAN EXPERIMENT RESULTS,1022080,A,0,867.5020246364957,1.0,0,1,typing
SYNTHETIC DEMONSTRATION ONLY - NOT HUMAN EXPERIMENT RESULTS,1022100,A,0,867.4532640122276,1.0,0,1,typing
SYNTHETIC DEMONSTRATION ONLY - NOT HUMAN EXPERIMENT RESULTS,1022120,A,0,867.4049659491203,1.0,0,1,typing
SYNTHETIC DEMONSTRATION ONLY - NOT HUMAN EXPERIMENT RESULTS,1022140,A,0,867.3571311335961,1.0,0,1,typing
SYNTHETIC DEMONSTRATION ONLY - NOT HUMAN EXPERIMENT RESULTS,1022160,A,0,867.3097602454936,1.0,0,1,typing
SYNTHETIC DEMONSTRATION ONLY - NOT HUMAN EXPERIMENT RESULTS,1022180,A,0,867.2628539580581,1.0,0,1,typing
SYNTHETIC DEMONSTRATION ONLY - NOT HUMAN EXPERIMENT RESULTS,1022200,A,0,867.2164129379319,1.0,0,1,typing
SYNTHETIC DEMONSTRATION ONLY - NOT HUMAN EXPERIMENT RESULTS,1022220,A,0,867.1704378451442,1.0,0,1,typing
SYNTHETIC DEMONSTRATION ONLY - NOT HUMAN EXPERIMENT RESULTS,1022240,A,0,867.1249293331033,1.0,0,1,typing
SYNTHETIC DEMONSTRATION ONLY - NOT HUMAN EXPERIMENT RESULTS,1022260,A,0,867.0798880485856,1.0,0,1,typing
SYNTHETIC DEMONSTRATION ONLY - NOT HUMAN EXPERIMENT RESULTS,1022280,A,0,867.0353146317276,1.0,0,1,typing
SYNTHETIC DEMONSTRATION ONLY - NOT HUMAN EXPERIMENT RESULTS,1022300,A,0,866.9912097160162,1.0,0,1,typing
SYNTHETIC DEMONSTRATION ONLY - NOT HUMAN EXPERIMENT RESULTS,1022320,A,0,866.94757392828,1.0,0,1,typing
SYNTHETIC DEMONSTRATION ONLY - NOT HUMAN EXPERIMENT RESULTS,1022340,A,0,866.9044078886799,1.0,0,1,typing
SYNTHETIC DEMONSTRATION ONLY - NOT HUMAN EXPERIMENT RESULTS,1022360,A,0,866.861712210701,1.0,0,1,typing
SYNTHETIC DEMONSTRATION ONLY - NOT HUMAN EXPERIMENT RESULTS,1022380,A,0,866.8194875011432,1.0,0,1,typing
SYNTHETIC DEMONSTRATION ONLY - NOT HUMAN EXPERIMENT RESULTS,1022400,A,0,866.7777343601134,1.0,0,1,typing
SYNTHETIC DEMONSTRATION ONLY - NOT HUMAN EXPERIMENT RESULTS,1022420,A,0,866.736453381016,1.0,0,1,typing
SYNTHETIC DEMONSTRATION ONLY - NOT HUMAN EXPERIMENT RESULTS,1022440,A,0,866.695645150545,1.0,0,1,typing
SYNTHETIC DEMONSTRATION ONLY - NOT HUMAN EXPERIMENT RESULTS,1022460,A,0,866.6553102486758,1.0,0,1,typing
SYNTHETIC DEMONSTRATION ONLY - NOT HUMAN EXPERIMENT RESULTS,1022480,A,0,866.6154492486567,1.0,0,1,typing
SYNTHETIC DEMONSTRATION ONLY - NOT HUMAN EXPERIMENT RESULTS,1022500,A,0,866.5760627170006,1.0,0,1,typing
SYNTHETIC DEMONSTRATION ONLY - NOT HUMAN EXPERIMENT RESULTS,1022520,A,0,866.5371512134774,1.0,0,1,typing
SYNTHETIC DEMONSTRATION ONLY - NOT HUMAN EXPERIMENT RESULTS,1022540,A,0,866.4987152911056,1.0,0,1,typing
SYNTHETIC DEMONSTRATION ONLY - NOT HUMAN EXPERIMENT RESULTS,1022560,A,0,866.4607554961448,1.0,0,1,typing
SYNTHETIC DEMONSTRATION ONLY - NOT HUMAN EXPERIMENT RESULTS,1022580,A,0,866.4232723680876,1.0,0,1,typing
SYNTHETIC DEMONSTRATION ONLY - NOT HUMAN EXPERIMENT RESULTS,1022600,A,0,866.3862664396524,1.0,0,1,typing
SYNTHETIC DEMONSTRATION ONLY - NOT HUMAN EXPERIMENT RESULTS,1022620,A,0,866.3497382367752,1.0,0,1,typing
SYNTHETIC DEMONSTRATION ONLY - NOT HUMAN EXPERIMENT RESULTS,1022640,A,0,866.3136882786029,1.0,0,1,typing
SYNTHETIC DEMONSTRATION ONLY - NOT HUMAN EXPERIMENT RESULTS,1022660,A,0,866.2781170774848,1.0,0,1,typing
SYNTHETIC DEMONSTRATION ONLY - NOT HUMAN EXPERIMENT RESULTS,1022680,A,0,866.2430251389667,1.0,0,1,typing
SYNTHETIC DEMONSTRATION ONLY - NOT HUMAN EXPERIMENT RESULTS,1022700,A,0,866.2084129617825,1.0,0,1,typing
SYNTHETIC DEMONSTRATION ONLY - NOT HUMAN EXPERIMENT RESULTS,1022720,A,0,866.174281037848,1.0,0,1,typing
SYNTHETIC DEMONSTRATION ONLY - NOT HUMAN EXPERIMENT RESULTS,1022740,A,0,866.1406298522534,1.0,0,1,typing
SYNTHETIC DEMONSTRATION ONLY - NOT HUMAN EXPERIMENT RESULTS,1022760,A,0,866.1074598832565,1.0,0,1,typing
SYNTHETIC DEMONSTRATION ONLY - NOT HUMAN EXPERIMENT RESULTS,1022780,A,0,866.074771602276,1.0,0,1,typing
SYNTHETIC DEMONSTRATION ONLY - NOT HUMAN EXPERIMENT RESULTS,1022800,A,0,866.0425654738846,1.0,0,1,typing
SYNTHETIC DEMONSTRATION ONLY - NOT HUMAN EXPERIMENT RESULTS,1022820,A,0,866.0108419558029,1.0,0,1,typing
SYNTHETIC DEMONSTRATION ONLY - NOT HUMAN EXPERIMENT RESULTS,1022840,A,0,865.9796014988921,1.0,0,1,typing
SYNTHETIC DEMONSTRATION ONLY - NOT HUMAN EXPERIMENT RESULTS,1022860,A,0,865.9488445471484,1.0,0,1,typing
SYNTHETIC DEMONSTRATION ONLY - NOT HUMAN EXPERIMENT RESULTS,1022880,A,0,865.918571537696,1.0,0,1,typing
SYNTHETIC DEMONSTRATION ONLY - NOT HUMAN EXPERIMENT RESULTS,1022900,A,0,865.8887829007815,1.0,0,1,typing
SYNTHETIC DEMONSTRATION ONLY - NOT HUMAN EXPERIMENT RESULTS,1022920,A,0,865.8594790597674,1.0,0,1,typing
SYNTHETIC DEMONSTRATION ONLY - NOT HUMAN EXPERIMENT RESULTS,1022940,A,0,865.830660431126,1.0,0,1,typing
SYNTHETIC DEMONSTRATION ONLY - NOT HUMAN EXPERIMENT RESULTS,1022960,A,0,865.802327424434,1.0,0,1,typing
SYNTHETIC DEMONSTRATION ONLY - NOT HUMAN EXPERIMENT RESULTS,1022980,A,0,865.774480442366,1.0,0,1,typing
SYNTHETIC DEMONSTRATION ONLY - NOT HUMAN EXPERIMENT RESULTS,1023000,A,0,865.7471198806892,1.0,0,1,typing
SYNTHETIC DEMONSTRATION ONLY - NOT HUMAN EXPERIMENT RESULTS,1023020,A,0,865.7202461282579,1.0,0,1,typing
SYNTHETIC DEMONSTRATION ONLY - NOT HUMAN EXPERIMENT RESULTS,1023040,A,0,865.6938595670075,1.0,0,1,typing
SYNTHETIC DEMONSTRATION ONLY - NOT HUMAN EXPERIMENT RESULTS,1023060,A,0,865.6679605719495,1.0,0,1,typing
SYNTHETIC DEMONSTRATION ONLY - NOT HUMAN EXPERIMENT RESULTS,1023080,A,0,865.642549511166,1.0,0,1,typing
SYNTHETIC DEMONSTRATION ONLY - NOT HUMAN EXPERIMENT RESULTS,1023100,A,0,865.6176267458042,1.0,0,1,typing
SYNTHETIC DEMONSTRATION ONLY - NOT HUMAN EXPERIMENT RESULTS,1023120,A,0,865.5931926300719,1.0,0,1,typing
SYNTHETIC DEMONSTRATION ONLY - NOT HUMAN EXPERIMENT RESULTS,1023140,A,0,865.5692475112321,1.0,0,1,typing
SYNTHETIC DEMONSTRATION ONLY - NOT HUMAN EXPERIMENT RESULTS,1023160,A,0,865.5457917295977,1.0,0,1,typing
SYNTHETIC DEMONSTRATION ONLY - NOT HUMAN EXPERIMENT RESULTS,1023180,A,0,865.5228256185275,1.0,0,1,typing
SYNTHETIC DEMONSTRATION ONLY - NOT HUMAN EXPERIMENT RESULTS,1023200,A,0,865.5003495044206,1.0,0,1,typing
SYNTHETIC DEMONSTRATION ONLY - NOT HUMAN EXPERIMENT RESULTS,1023220,A,0,865.4783637067125,1.0,0,1,typing
SYNTHETIC DEMONSTRATION ONLY - NOT HUMAN EXPERIMENT RESULTS,1023240,A,0,865.4568685378698,1.0,0,1,typing
SYNTHETIC DEMONSTRATION ONLY - NOT HUMAN EXPERIMENT RESULTS,1023260,A,0,865.4358643033867,1.0,0,1,typing
SYNTHETIC DEMONSTRATION ONLY - NOT HUMAN EXPERIMENT RESULTS,1023280,A,0,865.4153513017797,1.0,0,1,typing
SYNTHETIC DEMONSTRATION ONLY - NOT HUMAN EXPERIMENT RESULTS,1023300,A,0,865.395329824584,1.0,0,1,typing
SYNTHETIC DEMONSTRATION ONLY - NOT HUMAN EXPERIMENT RESULTS,1023320,A,0,865.3758001563491,1.0,0,1,typing
SYNTHETIC DEMONSTRATION ONLY - NOT HUMAN EXPERIMENT RESULTS,1023340,A,0,865.3567625746348,1.0,0,1,typing
SYNTHETIC DEMONSTRATION ONLY - NOT HUMAN EXPERIMENT RESULTS,1023360,A,0,865.3382173500074,1.0,0,1,typing
SYNTHETIC DEMONSTRATION ONLY - NOT HUMAN EXPERIMENT RESULTS,1023380,A,0,865.3201647460354,1.0,0,1,typing
SYNTHETIC DEMONSTRATION ONLY - NOT HUMAN EXPERIMENT RESULTS,1023400,A,0,865.3026050192864,1.0,0,1,typing
SYNTHETIC DEMONSTRATION ONLY - NOT HUMAN EXPERIMENT RESULTS,1023420,A,0,865.285538419323,1.0,0,1,typing
SYNTHETIC DEMONSTRATION ONLY - NOT HUMAN EXPERIMENT RESULTS,1023440,A,0,865.2689651886992,1.0,0,1,typing
SYNTHETIC DEMONSTRATION ONLY - NOT HUMAN EXPERIMENT RESULTS,1023460,A,0,865.2528855629574,1.0,0,1,typing
SYNTHETIC DEMONSTRATION ONLY - NOT HUMAN EXPERIMENT RESULTS,1023480,A,0,865.2372997706248,1.0,0,1,typing
SYNTHETIC DEMONSTRATION ONLY - NOT HUMAN EXPERIMENT RESULTS,1023500,A,0,865.2222080332098,1.0,0,1,typing
SYNTHETIC DEMONSTRATION ONLY - NOT HUMAN EXPERIMENT RESULTS,1023520,A,0,865.2076105651995,1.0,0,1,typing
SYNTHETIC DEMONSTRATION ONLY - NOT HUMAN EXPERIMENT RESULTS,1023540,A,0,865.1935075740562,1.0,0,1,typing
SYNTHETIC DEMONSTRATION ONLY - NOT HUMAN EXPERIMENT RESULTS,1023560,A,0,865.1798992602146,1.0,0,1,typing
SYNTHETIC DEMONSTRATION ONLY - NOT HUMAN EXPERIMENT RESULTS,1023580,A,0,865.1667858170789,1.0,0,1,typing
SYNTHETIC DEMONSTRATION ONLY - NOT HUMAN EXPERIMENT RESULTS,1023600,A,0,865.1541674310204,1.0,0,1,typing
SYNTHETIC DEMONSTRATION ONLY - NOT HUMAN EXPERIMENT RESULTS,1023620,A,0,865.1420442813741,1.0,0,1,typing
SYNTHETIC DEMONSTRATION ONLY - NOT HUMAN EXPERIMENT RESULTS,1023640,A,0,865.1304165404367,1.0,0,1,typing
SYNTHETIC DEMONSTRATION ONLY - NOT HUMAN EXPERIMENT RESULTS,1023660,A,0,865.1192843734644,1.0,0,1,typing
SYNTHETIC DEMONSTRATION ONLY - NOT HUMAN EXPERIMENT RESULTS,1023680,A,0,865.1086479386698,1.0,0,1,typing
SYNTHETIC DEMONSTRATION ONLY - NOT HUMAN EXPERIMENT RESULTS,1023700,A,0,865.0985073872203,1.0,0,1,typing
SYNTHETIC DEMONSTRATION ONLY - NOT HUMAN EXPERIMENT RESULTS,1023720,A,0,865.0888628632352,1.0,0,1,typing
SYNTHETIC DEMONSTRATION ONLY - NOT HUMAN EXPERIMENT RESULTS,1023740,A,0,865.079714503785,1.0,0,1,typing
SYNTHETIC DEMONSTRATION ONLY - NOT HUMAN EXPERIMENT RESULTS,1023760,A,0,865.0710624388878,1.0,0,1,typing
SYNTHETIC DEMONSTRATION ONLY - NOT HUMAN EXPERIMENT RESULTS,1023780,A,0,865.0629067915088,1.0,0,1,typing
SYNTHETIC DEMONSTRATION ONLY - NOT HUMAN EXPERIMENT RESULTS,1023800,A,0,865.0552476775578,1.0,0,1,typing
SYNTHETIC DEMONSTRATION ONLY - NOT HUMAN EXPERIMENT RESULTS,1023820,A,0,865.0480852058876,1.0,0,1,typing
SYNTHETIC DEMONSTRATION ONLY - NOT HUMAN EXPERIMENT RESULTS,1023840,A,0,865.0414194782929,1.0,0,1,typing
SYNTHETIC DEMONSTRATION ONLY - NOT HUMAN EXPERIMENT RESULTS,1023860,A,0,865.0352505895085,1.0,0,1,typing
SYNTHETIC DEMONSTRATION ONLY - NOT HUMAN EXPERIMENT RESULTS,1023880,A,0,865.0295786272077,1.0,0,1,typing
SYNTHETIC DEMONSTRATION ONLY - NOT HUMAN EXPERIMENT RESULTS,1023900,A,0,865.0244036720019,1.0,0,1,typing
SYNTHETIC DEMONSTRATION ONLY - NOT HUMAN EXPERIMENT RESULTS,1023920,A,0,865.0197257974387,1.0,0,1,typing
SYNTHETIC DEMONSTRATION ONLY - NOT HUMAN EXPERIMENT RESULTS,1023940,A,0,865.0155450700008,1.0,0,1,typing
SYNTHETIC DEMONSTRATION ONLY - NOT HUMAN EXPERIMENT RESULTS,1023960,A,0,865.0118615491058,1.0,0,1,typing
SYNTHETIC DEMONSTRATION ONLY - NOT HUMAN EXPERIMENT RESULTS,1023980,A,0,865.0086752871046,1.0,0,1,typing
SYNTHETIC DEMONSTRATION ONLY - NOT HUMAN EXPERIMENT RESULTS,1024000,A,0,865.005986329281,1.0,0,1,typing
SYNTHETIC DEMONSTRATION ONLY - NOT HUMAN EXPERIMENT RESULTS,1024020,A,0,865.0037947138511,1.0,0,1,typing
SYNTHETIC DEMONSTRATION ONLY - NOT HUMAN EXPERIMENT RESULTS,1024040,A,0,865.0021004719626,1.0,0,1,typing
SYNTHETIC DEMONSTRATION ONLY - NOT HUMAN EXPERIMENT RESULTS,1024060,A,0,865.0009036276946,1.0,0,1,typing
SYNTHETIC DEMONSTRATION ONLY - NOT HUMAN EXPERIMENT RESULTS,1024080,A,0,865.0002041980566,1.0,0,1,typing
SYNTHETIC DEMONSTRATION ONLY - NOT HUMAN EXPERIMENT RESULTS,1024100,A,0,865.0000021929892,1.0,0,1,typing
SYNTHETIC DEMONSTRATION ONLY - NOT HUMAN EXPERIMENT RESULTS,1024120,A,0,865.0002976153633,1.0,0,1,typing
SYNTHETIC DEMONSTRATION ONLY - NOT HUMAN EXPERIMENT RESULTS,1024140,A,0,865.0010904609803,1.0,0,1,typing
SYNTHETIC DEMONSTRATION ONLY - NOT HUMAN EXPERIMENT RESULTS,1024160,A,0,865.0023807185721,1.0,0,1,typing
SYNTHETIC DEMONSTRATION ONLY - NOT HUMAN EXPERIMENT RESULTS,1024180,A,0,865.0041683698014,1.0,0,1,typing
SYNTHETIC DEMONSTRATION ONLY - NOT HUMAN EXPERIMENT RESULTS,1024200,A,0,865.0064533892615,1.0,0,1,typing
SYNTHETIC DEMONSTRATION ONLY - NOT HUMAN EXPERIMENT RESULTS,1024220,A,0,865.0092357444775,1.0,0,1,typing
SYNTHETIC DEMONSTRATION ONLY - NOT HUMAN EXPERIMENT RESULTS,1024240,A,0,865.0125153959057,1.0,0,1,typing
SYNTHETIC DEMONSTRATION ONLY - NOT HUMAN EXPERIMENT RESULTS,1024260,A,0,865.016292296935,1.0,0,1,typing
SYNTHETIC DEMONSTRATION ONLY - NOT HUMAN EXPERIMENT RESULTS,1024280,A,0,865.0205663938876,1.0,0,1,typing
SYNTHETIC DEMONSTRATION ONLY - NOT HUMAN EXPERIMENT RESULTS,1024300,A,0,865.0253376260188,1.0,0,1,typing
SYNTHETIC DEMONSTRATION ONLY - NOT HUMAN EXPERIMENT RESULTS,1024320,A,0,865.0306059255189,1.0,0,1,typing
SYNTHETIC DEMONSTRATION ONLY - NOT HUMAN EXPERIMENT RESULTS,1024340,A,0,865.0363712175138,1.0,0,1,typing
SYNTHETIC DEMONSTRATION ONLY - NOT HUMAN EXPERIMENT RESULTS,1024360,A,0,865.0426334200658,1.0,0,1,typing
SYNTHETIC DEMONSTRATION ONLY - NOT HUMAN EXPERIMENT RESULTS,1024380,A,0,865.0493924441754,1.0,0,1,typing
SYNTHETIC DEMONSTRATION ONLY - NOT HUMAN EXPERIMENT RESULTS,1024400,A,0,865.0566481937815,1.0,0,1,typing
SYNTHETIC DEMONSTRATION ONLY - NOT HUMAN EXPERIMENT RESULTS,1024420,A,0,865.0644005657642,1.0,0,1,typing
SYNTHETIC DEMONSTRATION ONLY - NOT HUMAN EXPERIMENT RESULTS,1024440,A,0,865.072649449945,1.0,0,1,typing
SYNTHETIC DEMONSTRATION ONLY - NOT HUMAN EXPERIMENT RESULTS,1024460,A,0,865.0813947290889,1.0,0,1,typing
SYNTHETIC DEMONSTRATION ONLY - NOT HUMAN EXPERIMENT RESULTS,1024480,A,0,865.0906362789062,1.0,0,1,typing
SYNTHETIC DEMONSTRATION ONLY - NOT HUMAN EXPERIMENT RESULTS,1024500,A,0,865.1003739680541,1.0,0,1,typing
SYNTHETIC DEMONSTRATION ONLY - NOT HUMAN EXPERIMENT RESULTS,1024520,A,0,865.1106076581384,1.0,0,1,typing
SYNTHETIC DEMONSTRATION ONLY - NOT HUMAN EXPERIMENT RESULTS,1024540,A,0,865.1213372037158,1.0,0,1,typing
SYNTHETIC DEMONSTRATION ONLY - NOT HUMAN EXPERIMENT RESULTS,1024560,A,0,865.1325624522956,1.0,0,1,typing
SYNTHETIC DEMONSTRATION ONLY - NOT HUMAN EXPERIMENT RESULTS,1024580,A,0,865.1442832443422,1.0,0,1,typing
SYNTHETIC DEMONSTRATION ONLY - NOT HUMAN EXPERIMENT RESULTS,1024600,A,0,865.1564994132772,1.0,0,1,typing
SYNTHETIC DEMONSTRATION ONLY - NOT HUMAN EXPERIMENT RESULTS,1024620,A,0,865.1692107854818,1.0,0,1,typing
SYNTHETIC DEMONSTRATION ONLY - NOT HUMAN EXPERIMENT RESULTS,1024640,A,0,865.1824171802994,1.0,0,1,typing
SYNTHETIC DEMONSTRATION ONLY - NOT HUMAN EXPERIMENT RESULTS,1024660,A,0,865.1961184100376,1.0,0,1,typing
SYNTHETIC DEMONSTRATION ONLY - NOT HUMAN EXPERIMENT RESULTS,1024680,A,0,865.2103142799718,1.0,0,1,typing
SYNTHETIC DEMONSTRATION ONLY - NOT HUMAN EXPERIMENT RESULTS,1024700,A,0,865.2250045883474,1.0,0,1,typing
SYNTHETIC DEMONSTRATION ONLY - NOT HUMAN EXPERIMENT RESULTS,1024720,A,0,865.2401891263822,1.0,0,1,typing
SYNTHETIC DEMONSTRATION ONLY - NOT HUMAN EXPERIMENT RESULTS,1024740,A,0,865.2558676782706,1.0,0,1,typing
SYNTHETIC DEMONSTRATION ONLY - NOT HUMAN EXPERIMENT RESULTS,1024760,A,0,865.2720400211857,1.0,0,1,typing
SYNTHETIC DEMONSTRATION ONLY - NOT HUMAN EXPERIMENT RESULTS,1024780,A,0,865.2887059252826,1.0,0,1,typing
SYNTHETIC DEMONSTRATION ONLY - NOT HUMAN EXPERIMENT RESULTS,1024800,A,0,865.3058651537019,1.0,0,1,typing
SYNTHETIC DEMONSTRATION ONLY - NOT HUMAN EXPERIMENT RESULTS,1024820,A,0,865.323517462573,1.0,0,1,typing
SYNTHETIC DEMONSTRATION ONLY - NOT HUMAN EXPERIMENT RESULTS,1024840,A,0,865.3416626010176,1.0,0,1,typing
SYNTHETIC DEMONSTRATION ONLY - NOT HUMAN EXPERIMENT RESULTS,1024860,A,0,865.360300311153,1.0,0,1,typing
SYNTHETIC DEMONSTRATION ONLY - NOT HUMAN EXPERIMENT RESULTS,1024880,A,0,865.3794303280962,1.0,0,1,typing
SYNTHETIC DEMONSTRATION ONLY - NOT HUMAN EXPERIMENT RESULTS,1024900,A,0,865.3990523799672,1.0,0,1,typing
SYNTHETIC DEMONSTRATION ONLY - NOT HUMAN EXPERIMENT RESULTS,1024920,A,0,865.4191661878932,1.0,0,1,typing
SYNTHETIC DEMONSTRATION ONLY - NOT HUMAN EXPERIMENT RESULTS,1024940,A,0,865.4397714660126,1.0,0,1,typing
SYNTHETIC DEMONSTRATION ONLY - NOT HUMAN EXPERIMENT RESULTS,1024960,A,0,865.4608679214788,1.0,0,1,typing
SYNTHETIC DEMONSTRATION ONLY - NOT HUMAN EXPERIMENT RESULTS,1024980,A,0,865.4824552544643,1.0,0,1,typing
SYNTHETIC DEMONSTRATION ONLY - NOT HUMAN EXPERIMENT RESULTS,1025000,A,0,865.5045331581654,1.0,0,1,typing
SYNTHETIC DEMONSTRATION ONLY - NOT HUMAN EXPERIMENT RESULTS,1025020,A,0,865.5271013188062,1.0,0,1,typing
SYNTHETIC DEMONSTRATION ONLY - NOT HUMAN EXPERIMENT RESULTS,1025040,A,0,865.5501594156432,1.0,0,1,typing
SYNTHETIC DEMONSTRATION ONLY - NOT HUMAN EXPERIMENT RESULTS,1025060,A,0,865.5737071209699,1.0,0,1,typing
SYNTHETIC DEMONSTRATION ONLY - NOT HUMAN EXPERIMENT RESULTS,1025080,A,0,865.5977441001211,1.0,0,1,typing
SYNTHETIC DEMONSTRATION ONLY - NOT HUMAN EXPERIMENT RESULTS,1025100,A,0,865.6222700114782,1.0,0,1,typing
SYNTHETIC DEMONSTRATION ONLY - NOT HUMAN EXPERIMENT RESULTS,1025120,A,0,865.6472845064737,1.0,0,1,typing
SYNTHETIC DEMONSTRATION ONLY - NOT HUMAN EXPERIMENT RESULTS,1025140,A,0,865.6727872295965,1.0,0,1,typing
SYNTHETIC DEMONSTRATION ONLY - NOT HUMAN EXPERIMENT RESULTS,1025160,A,0,865.698777818396,1.0,0,1,typing
SYNTHETIC DEMONSTRATION ONLY - NOT HUMAN EXPERIMENT RESULTS,1025180,A,0,865.7252559034887,1.0,0,1,typing
SYNTHETIC DEMONSTRATION ONLY - NOT HUMAN EXPERIMENT RESULTS,1025200,A,0,865.7522211085624,1.0,0,1,typing
SYNTHETIC DEMONSTRATION ONLY - NOT HUMAN EXPERIMENT RESULTS,1025220,A,0,865.7796730503817,1.0,0,1,typing
SYNTHETIC DEMONSTRATION ONLY - NOT HUMAN EXPERIMENT RESULTS,1025240,A,0,865.8076113387939,1.0,0,1,typing
SYNTHETIC DEMONSTRATION ONLY - NOT HUMAN EXPERIMENT RESULTS,1025260,A,0,865.8360355767339,1.0,0,1,typing
SYNTHETIC DEMONSTRATION ONLY - NOT HUMAN EXPERIMENT RESULTS,1025280,A,0,865.8649453602306,1.0,0,1,typing
SYNTHETIC DEMONSTRATION ONLY - NOT HUMAN EXPERIMENT RESULTS,1025300,A,0,865.8943402784118,1.0,0,1,typing
SYNTHETIC DEMONSTRATION ONLY - NOT HUMAN EXPERIMENT RESULTS,1025320,A,0,865.9242199135107,1.0,0,1,typing
SYNTHETIC DEMONSTRATION ONLY - NOT HUMAN EXPERIMENT RESULTS,1025340,A,0,865.9545838408716,1.0,0,1,typing
SYNTHETIC DEMONSTRATION ONLY - NOT HUMAN EXPERIMENT RESULTS,1025360,A,0,865.9854316289558,1.0,0,1,typing
SYNTHETIC DEMONSTRATION ONLY - NOT HUMAN EXPERIMENT RESULTS,1025380,A,0,866.016762839348,1.0,0,1,typing
SYNTHETIC DEMONSTRATION ONLY - NOT HUMAN EXPERIMENT RESULTS,1025400,A,0,866.0485770267622,1.0,0,1,typing
SYNTHETIC DEMONSTRATION ONLY - NOT HUMAN EXPERIMENT RESULTS,1025420,A,0,866.0808737390486,1.0,0,1,typing
SYNTHETIC DEMONSTRATION ONLY - NOT HUMAN EXPERIMENT RESULTS,1025440,A,0,866.1136525171993,1.0,0,1,typing
SYNTHETIC DEMONSTRATION ONLY - NOT HUMAN EXPERIMENT RESULTS,1025460,A,0,866.1469128953554,1.0,0,1,typing
SYNTHETIC DEMONSTRATION ONLY - NOT HUMAN EXPERIMENT RESULTS,1025480,A,0,866.1806544008132,1.0,0,1,typing
SYNTHETIC DEMONSTRATION ONLY - NOT HUMAN EXPERIMENT RESULTS,1025500,A,0,866.2148765540313,1.0,0,1,typing
SYNTHETIC DEMONSTRATION ONLY - NOT HUMAN EXPERIMENT RESULTS,1025520,A,0,866.2495788686371,1.0,0,1,typing
SYNTHETIC DEMONSTRATION ONLY - NOT HUMAN EXPERIMENT RESULTS,1025540,A,0,866.2847608514339,1.0,0,1,typing
SYNTHETIC DEMONSTRATION ONLY - NOT HUMAN EXPERIMENT RESULTS,1025560,A,0,866.3204220024079,1.0,0,1,typing
SYNTHETIC DEMONSTRATION ONLY - NOT HUMAN EXPERIMENT RESULTS,1025580,A,0,866.3565618147351,1.0,0,1,typing
SYNTHETIC DEMONSTRATION ONLY - NOT HUMAN EXPERIMENT RESULTS,1025600,A,0,866.3931797747889,1.0,0,1,typing
SYNTHETIC DEMONSTRATION ONLY - NOT HUMAN EXPERIMENT RESULTS,1025620,A,0,866.4302753621469,1.0,0,1,typing
SYNTHETIC DEMONSTRATION ONLY - NOT HUMAN EXPERIMENT RESULTS,1025640,A,0,866.4678480495988,1.0,0,1,typing
SYNTHETIC DEMONSTRATION ONLY - NOT HUMAN EXPERIMENT RESULTS,1025660,A,0,866.5058973031536,1.0,0,1,typing
SYNTHETIC DEMONSTRATION ONLY - NOT HUMAN EXPERIMENT RESULTS,1025680,A,0,866.544422582047,1.0,0,1,typing
SYNTHETIC DEMONSTRATION ONLY - NOT HUMAN EXPERIMENT RESULTS,1025700,A,0,866.5834233387496,1.0,0,1,typing
SYNTHETIC DEMONSTRATION ONLY - NOT HUMAN EXPERIMENT RESULTS,1025720,A,0,866.6228990189744,1.0,0,1,typing
SYNTHETIC DEMONSTRATION ONLY - NOT HUMAN EXPERIMENT RESULTS,1025740,A,0,866.6628490616845,1.0,0,1,typing
SYNTHETIC DEMONSTRATION ONLY - NOT HUMAN EXPERIMENT RESULTS,1025760,A,0,866.7032728991013,1.0,0,1,typing
SYNTHETIC DEMONSTRATION ONLY - NOT HUMAN EXPERIMENT RESULTS,1025780,A,0,866.7441699567128,1.0,0,1,typing
SYNTHETIC DEMONSTRATION ONLY - NOT HUMAN EXPERIMENT RESULTS,1025800,A,0,866.7855396532811,1.0,0,1,typing
SYNTHETIC DEMONSTRATION ONLY - NOT HUMAN EXPERIMENT RESULTS,1025820,A,0,866.8273814008514,1.0,0,1,typing
SYNTHETIC DEMONSTRATION ONLY - NOT HUMAN EXPERIMENT RESULTS,1025840,A,0,866.8696946047597,1.0,0,1,typing
SYNTHETIC DEMONSTRATION ONLY - NOT HUMAN EXPERIMENT RESULTS,1025860,A,0,866.9124786636418,1.0,0,1,typing
SYNTHETIC DEMONSTRATION ONLY - NOT HUMAN EXPERIMENT RESULTS,1025880,A,0,866.9557329694414,1.0,0,1,typing
SYNTHETIC DEMONSTRATION ONLY - NOT HUMAN EXPERIMENT RESULTS,1025900,A,0,866.9994569074192,1.0,0,1,typing
SYNTHETIC DEMONSTRATION ONLY - NOT HUMAN EXPERIMENT RESULTS,1025920,A,0,867.0436498561613,1.0,0,1,typing
SYNTHETIC DEMONSTRATION ONLY - NOT HUMAN EXPERIMENT RESULTS,1025940,A,0,867.088311187588,1.0,0,1,typing
SYNTHETIC DEMONSTRATION ONLY - NOT HUMAN EXPERIMENT RESULTS,1025960,A,0,867.1334402669629,1.0,0,1,typing
SYNTHETIC DEMONSTRATION ONLY - NOT HUMAN EXPERIMENT RESULTS,1025980,A,0,867.1790364529019,1.0,0,1,typing
SYNTHETIC DEMONSTRATION ONLY - NOT HUMAN EXPERIMENT RESULTS,1026000,A,0,867.2250990973822,1.0,0,1,typing
SYNTHETIC DEMONSTRATION ONLY - NOT HUMAN EXPERIMENT RESULTS,1026020,A,0,867.2716275457518,1.0,0,1,typing
SYNTHETIC DEMONSTRATION ONLY - NOT HUMAN EXPERIMENT RESULTS,1026040,A,0,867.3186211367384,1.0,0,1,typing
SYNTHETIC DEMONSTRATION ONLY - NOT HUMAN EXPERIMENT RESULTS,1026060,A,0,867.3660792024591,1.0,0,1,typing
SYNTHETIC DEMONSTRATION ONLY - NOT HUMAN EXPERIMENT RESULTS,1026080,A,0,867.4140010684297,1.0,0,1,typing
SYNTHETIC DEMONSTRATION ONLY - NOT HUMAN EXPERIMENT RESULTS,1026100,A,0,867.4623860535743,1.0,0,1,typing
SYNTHETIC DEMONSTRATION ONLY - NOT HUMAN EXPERIMENT RESULTS,1026120,A,0,867.5112334702353,1.0,0,1,typing
SYNTHETIC DEMONSTRATION ONLY - NOT HUMAN EXPERIMENT RESULTS,1026140,A,0,867.5605426241827,1.0,0,1,typing
SYNTHETIC DEMONSTRATION ONLY - NOT HUMAN EXPERIMENT RESULTS,1026160,A,0,867.6103128146244,1.0,0,1,typing
SYNTHETIC DEMONSTRATION ONLY - NOT HUMAN EXPERIMENT RESULTS,1026180,A,0,867.6605433342158,1.0,0,1,typing
SYNTHETIC DEMONSTRATION ONLY - NOT HUMAN EXPERIMENT RESULTS,1026200,A,0,867.7112334690698,1.0,0,1,typing
SYNTHETIC DEMONSTRATION ONLY - NOT HUMAN EXPERIMENT RESULTS,1026220,A,0,867.7623824987678,1.0,0,1,typing
SYNTHETIC DEMONSTRATION ONLY - NOT HUMAN EXPERIMENT RESULTS,1026240,A,0,867.8139896963685,1.0,0,1,typing
SYNTHETIC DEMONSTRATION ONLY - NOT HUMAN EXPERIMENT RESULTS,1026260,A,0,867.8660543284195,1.0,0,1,typing
SYNTHETIC DEMONSTRATION ONLY - NOT HUMAN EXPERIMENT RESULTS,1026280,A,0,867.9185756549671,1.0,0,1,typing
SYNTHETIC DEMONSTRATION ONLY - NOT HUMAN EXPERIMENT RESULTS,1026300,A,0,867.9715529295671,1.0,0,1,typing
SYNTHETIC DEMONSTRATION ONLY - NOT HUMAN EXPERIMENT RESULTS,1026320,A,0,868.0249853992951,1.0,0,1,typing
SYNTHETIC DEMONSTRATION ONLY - NOT HUMAN EXPERIMENT RESULTS,1026340,A,0,868.0788723047575,1.0,0,1,typing
SYNTHETIC DEMONSTRATION ONLY - NOT HUMAN EXPERIMENT RESULTS,1026360,A,0,868.133212880102,1.0,0,1,typing
SYNTHETIC DEMONSTRATION ONLY - NOT HUMAN EXPERIMENT RESULTS,1026380,A,0,868.1880063530288,1.0,0,1,typing
SYNTHETIC DEMONSTRATION ONLY - NOT HUMAN EXPERIMENT RESULTS,1026400,A,0,868.2432519448013,1.0,0,1,typing
SYNTHETIC DEMONSTRATION ONLY - NOT HUMAN EXPERIMENT RESULTS,1026420,A,0,868.2989488702574,1.0,0,1,typing
SYNTHETIC DEMONSTRATION ONLY - NOT HUMAN EXPERIMENT RESULTS,1026440,A,0,868.3550963378204,1.0,0,1,typing
SYNTHETIC DEMONSTRATION ONLY - NOT HUMAN EXPERIMENT RESULTS,1026460,A,0,868.4116935495108,1.0,0,1,typing
SYNTHETIC DEMONSTRATION ONLY - NOT HUMAN EXPERIMENT RESULTS,1026480,A,0,868.4687397009566,1.0,0,1,typing
SYNTHETIC DEMONSTRATION ONLY - NOT HUMAN EXPERIMENT RESULTS,1026500,A,0,868.5262339814059,1.0,0,1,typing
SYNTHETIC DEMONSTRATION ONLY - NOT HUMAN EXPERIMENT RESULTS,1026520,A,0,868.5841755737376,1.0,0,1,typing
SYNTHETIC DEMONSTRATION ONLY - NOT HUMAN EXPERIMENT RESULTS,1026540,A,0,868.6425636544736,1.0,0,1,typing
SYNTHETIC DEMONSTRATION ONLY - NOT HUMAN EXPERIMENT RESULTS,1026560,A,0,868.70139739379,1.0,0,1,typing
SYNTHETIC DEMONSTRATION ONLY - NOT HUMAN EXPERIMENT RESULTS,1026580,A,0,868.7606759555289,1.0,0,1,typing
SYNTHETIC DEMONSTRATION ONLY - NOT HUMAN EXPERIMENT RESULTS,1026600,A,0,868.8203984972109,1.0,0,1,typing
SYNTHETIC DEMONSTRATION ONLY - NOT HUMAN EXPERIMENT RESULTS,1026620,A,0,868.8805641700465,1.0,0,1,typing
SYNTHETIC DEMONSTRATION ONLY - NOT HUMAN EXPERIMENT RESULTS,1026640,A,0,868.9411721189483,1.0,0,1,typing
SYNTHETIC DEMONSTRATION ONLY - NOT HUMAN EXPERIMENT RESULTS,1026660,A,0,869.0022214825431,1.0,0,1,typing
SYNTHETIC DEMONSTRATION ONLY - NOT HUMAN EXPERIMENT RESULTS,1026680,A,0,869.0637113931845,1.0,0,1,typing
SYNTHETIC DEMONSTRATION ONLY - NOT HUMAN EXPERIMENT RESULTS,1026700,A,0,869.1256409769645,1.0,0,1,typing
SYNTHETIC DEMONSTRATION ONLY - NOT HUMAN EXPERIMENT RESULTS,1026720,A,0,869.1880093537268,1.0,0,1,typing
SYNTHETIC DEMONSTRATION ONLY - NOT HUMAN EXPERIMENT RESULTS,1026740,A,0,869.2508156370787,1.0,0,1,typing
SYNTHETIC DEMONSTRATION ONLY - NOT HUMAN EXPERIMENT RESULTS,1026760,A,0,869.314058934404,1.0,0,1,typing
SYNTHETIC DEMONSTRATION ONLY - NOT HUMAN EXPERIMENT RESULTS,1026780,A,0,869.3777383468752,1.0,0,1,typing
SYNTHETIC DEMONSTRATION ONLY - NOT HUMAN EXPERIMENT RESULTS,1026800,A,0,869.441852969467,1.0,0,1,typing
SYNTHETIC DEMONSTRATION ONLY - NOT HUMAN EXPERIMENT RESULTS,1026820,A,0,869.5064018909688,1.0,0,1,typing
SYNTHETIC DEMONSTRATION ONLY - NOT HUMAN EXPERIMENT RESULTS,1026840,A,0,869.5713841939975,1.0,0,1,typing
SYNTHETIC DEMONSTRATION ONLY - NOT HUMAN EXPERIMENT RESULTS,1026860,A,0,869.6367989550107,1.0,0,1,typing
SYNTHETIC DEMONSTRATION ONLY - NOT HUMAN EXPERIMENT RESULTS,1026880,A,0,869.7026452443198,1.0,0,1,typing
SYNTHETIC DEMONSTRATION ONLY - NOT HUMAN EXPERIMENT RESULTS,1026900,A,0,869.7689221261033,1.0,0,1,typing
SYNTHETIC DEMONSTRATION ONLY - NOT HUMAN EXPERIMENT RESULTS,1026920,A,0,869.8356286584201,1.0,0,1,typing
SYNTHETIC DEMONSTRATION ONLY - NOT HUMAN EXPERIMENT RESULTS,1026940,A,0,869.9027638932226,1.0,0,1,typing
SYNTHETIC DEMONSTRATION ONLY - NOT HUMAN EXPERIMENT RESULTS,1026960,A,0,869.9703268763707,1.0,0,1,typing
SYNTHETIC DEMONSTRATION ONLY - NOT HUMAN EXPERIMENT RESULTS,1026980,A,0,870.0383166476447,1.0,0,1,typing
SYNTHETIC DEMONSTRATION ONLY - NOT HUMAN EXPERIMENT RESULTS,1027000,A,0,870.1067322407594,1.0,0,1,typing
SYNTHETIC DEMONSTRATION ONLY - NOT HUMAN EXPERIMENT RESULTS,1027020,A,0,870.1755726833778,1.0,0,1,typing
SYNTHETIC DEMONSTRATION ONLY - NOT HUMAN EXPERIMENT RESULTS,1027040,A,0,870.244836997125,1.0,0,1,typing
SYNTHETIC DEMONSTRATION ONLY - NOT HUMAN EXPERIMENT RESULTS,1027060,A,0,870.3145241976017,1.0,0,1,typing
SYNTHETIC DEMONSTRATION ONLY - NOT HUMAN EXPERIMENT RESULTS,1027080,A,0,870.3846332943986,1.0,0,1,typing
SYNTHETIC DEMONSTRATION ONLY - NOT HUMAN EXPERIMENT RESULTS,1027100,A,0,870.45516329111,1.0,0,1,typing
SYNTHETIC DEMONSTRATION ONLY - NOT HUMAN EXPERIMENT RESULTS,1027120,A,0,870.5261131853487,1.0,0,1,typing
SYNTHETIC DEMONSTRATION ONLY - NOT HUMAN EXPERIMENT RESULTS,1027140,A,0,870.5974819687597,1.0,0,1,typing
SYNTHETIC DEMONSTRATION ONLY - NOT HUMAN EXPERIMENT RESULTS,1027160,A,0,870.6692686270345,1.0,0,1,typing
SYNTHETIC DEMONSTRATION ONLY - NOT HUMAN EXPERIMENT RESULTS,1027180,A,0,870.7414721399258,1.0,0,1,typing
SYNTHETIC DEMONSTRATION ONLY - NOT HUMAN EXPERIMENT RESULTS,1027200,A,0,870.8140914812619,1.0,0,1,typing
SYNTHETIC DEMONSTRATION ONLY - NOT HUMAN EXPERIMENT RESULTS,1027220,A,0,870.8871256189614,1.0,0,1,typing
SYNTHETIC DEMONSTRATION ONLY - NOT HUMAN EXPERIMENT RESULTS,1027240,A,0,870.9605735150471,1.0,0,1,typing
SYNTHETIC DEMONSTRATION ONLY - NOT HUMAN EXPERIMENT RESULTS,1027260,A,0,871.0344341256623,1.0,0,1,typing
SYNTHETIC DEMONSTRATION ONLY - NOT HUMAN EXPERIMENT RESULTS,1027280,A,0,871.1087064010839,1.0,0,1,typing
SYNTHETIC DEMONSTRATION ONLY - NOT HUMAN EXPERIMENT RESULTS,1027300,A,0,871.1833892857386,1.0,0,1,typing
SYNTHETIC DEMONSTRATION ONLY - NOT HUMAN EXPERIMENT RESULTS,1027320,A,0,871.2584817182172,1.0,0,1,typing
SYNTHETIC DEMONSTRATION ONLY - NOT HUMAN EXPERIMENT RESULTS,1027340,A,0,871.3339826312902,1.0,0,1,typing
SYNTHETIC DEMONSTRATION ONLY - NOT HUMAN EXPERIMENT RESULTS,1027360,A,0,871.4098909519223,1.0,0,1,typing
SYNTHETIC DEMONSTRATION ONLY - NOT HUMAN EXPERIMENT RESULTS,1027380,A,0,871.4862056012882,1.0,0,1,typing
SYNTHETIC DEMONSTRATION ONLY - NOT HUMAN EXPERIMENT RESULTS,1027400,A,0,871.5629254947883,1.0,0,1,typing
SYNTHETIC DEMONSTRATION ONLY - NOT HUMAN EXPERIMENT RESULTS,1027420,A,0,871.6400495420625,1.0,0,1,typing
SYNTHETIC DEMONSTRATION ONLY - NOT HUMAN EXPERIMENT RESULTS,1027440,A,0,871.7175766470076,1.0,0,1,typing
SYNTHETIC DEMONSTRATION ONLY - NOT HUMAN EXPERIMENT RESULTS,1027460,A,0,871.7955057077919,1.0,0,1,typing
SYNTHETIC DEMONSTRATION ONLY - NOT HUMAN EXPERIMENT RESULTS,1027480,A,0,871.8738356168708,1.0,0,1,typing
SYNTHETIC DEMONSTRATION ONLY - NOT HUMAN EXPERIMENT RESULTS,1027500,A,0,871.9525652610031,1.0,0,1,typing
SYNTHETIC DEMONSTRATION ONLY - NOT HUMAN EXPERIMENT RESULTS,1027520,A,0,872.0316935212661,1.0,0,1,typing
SYNTHETIC DEMONSTRATION ONLY - NOT HUMAN EXPERIMENT RESULTS,1027540,A,0,872.1112192730723,1.0,0,1,typing
SYNTHETIC DEMONSTRATION ONLY - NOT HUMAN EXPERIMENT RESULTS,1027560,A,0,872.1911413861844,1.0,0,1,typing
SYNTHETIC DEMONSTRATION ONLY - NOT HUMAN EXPERIMENT RESULTS,1027580,A,0,872.2714587247326,1.0,0,1,typing
SYNTHETIC DEMONSTRATION ONLY - NOT HUMAN EXPERIMENT RESULTS,1027600,A,0,872.3521701472296,1.0,0,1,typing
SYNTHETIC DEMONSTRATION ONLY - NOT HUMAN EXPERIMENT RESULTS,1027620,A,0,872.4332745065873,1.0,0,1,typing
SYNTHETIC DEMONSTRATION ONLY - NOT HUMAN EXPERIMENT RESULTS,1027640,A,0,872.5147706501334,1.0,0,1,typing
SYNTHETIC DEMONSTRATION ONLY - NOT HUMAN EXPERIMENT RESULTS,1027660,A,0,872.5966574196274,1.0,0,1,typing
SYNTHETIC DEMONSTRATION ONLY - NOT HUMAN EXPERIMENT RESULTS,1027680,A,0,872.6789336512768,1.0,0,1,typing
SYNTHETIC DEMONSTRATION ONLY - NOT HUMAN EXPERIMENT RESULTS,1027700,A,0,872.7615981757543,1.0,0,1,typing
SYNTHETIC DEMONSTRATION ONLY - NOT HUMAN EXPERIMENT RESULTS,1027720,A,0,872.8446498182141,1.0,0,1,typing
SYNTHETIC DEMONSTRATION ONLY - NOT HUMAN EXPERIMENT RESULTS,1027740,A,0,872.9280873983085,1.0,0,1,typing
SYNTHETIC DEMONSTRATION ONLY - NOT HUMAN EXPERIMENT RESULTS,1027760,A,0,873.0119097302048,1.0,0,1,typing
SYNTHETIC DEMONSTRATION ONLY - NOT HUMAN EXPERIMENT RESULTS,1027780,A,0,873.0961156226022,1.0,0,1,typing
SYNTHETIC DEMONSTRATION ONLY - NOT HUMAN EXPERIMENT RESULTS,1027800,A,0,873.1807038787483,1.0,0,1,typing
SYNTHETIC DEMONSTRATION ONLY - NOT HUMAN EXPERIMENT RESULTS,1027820,A,0,873.2656732964571,1.0,0,1,typing
SYNTHETIC DEMONSTRATION ONLY - NOT HUMAN EXPERIMENT RESULTS,1027840,A,0,873.3510226681249,1.0,0,1,typing
SYNTHETIC DEMONSTRATION ONLY - NOT HUMAN EXPERIMENT RESULTS,1027860,A,0,873.4367507807482,1.0,0,1,typing
SYNTHETIC DEMONSTRATION ONLY - NOT HUMAN EXPERIMENT RESULTS,1027880,A,0,873.5228564159409,1.0,0,1,typing
SYNTHETIC DEMONSTRATION ONLY - NOT HUMAN EXPERIMENT RESULTS,1027900,A,0,873.609338349951,1.0,0,1,typing
SYNTHETIC DEMONSTRATION ONLY - NOT HUMAN EXPERIMENT RESULTS,1027920,A,0,873.6961953536792,1.0,0,1,typing
SYNTHETIC DEMONSTRATION ONLY - NOT HUMAN EXPERIMENT RESULTS,1027940,A,0,873.783426192695,1.0,0,1,typing
SYNTHETIC DEMONSTRATION ONLY - NOT HUMAN EXPERIMENT RESULTS,1027960,A,0,873.8710296272551,1.0,0,1,typing
SYNTHETIC DEMONSTRATION ONLY - NOT HUMAN EXPERIMENT RESULTS,1027980,A,0,873.9590044123208,1.0,0,1,typing
SYNTHETIC DEMONSTRATION ONLY - NOT HUMAN EXPERIMENT RESULTS,1028000,A,0,874.0473492975757,1.0,0,1,typing
SYNTHETIC DEMONSTRATION ONLY - NOT HUMAN EXPERIMENT RESULTS,1028020,A,0,874.1360630274435,1.0,0,1,typing
SYNTHETIC DEMONSTRATION ONLY - NOT HUMAN EXPERIMENT RESULTS,1028040,A,0,874.2251443411055,1.0,0,1,typing
SYNTHETIC DEMONSTRATION ONLY - NOT HUMAN EXPERIMENT RESULTS,1028060,A,0,874.3145919725192,1.0,0,1,typing
SYNTHETIC DEMONSTRATION ONLY - NOT HUMAN EXPERIMENT RESULTS,1028080,A,0,874.4044046504359,1.0,0,1,typing
SYNTHETIC DEMONSTRATION ONLY - NOT HUMAN EXPERIMENT RESULTS,1028100,A,0,874.4945810984184,1.0,0,1,typing
SYNTHETIC DEMONSTRATION ONLY - NOT HUMAN EXPERIMENT RESULTS,1028120,A,0,874.5851200348599,1.0,0,1,typing
SYNTHETIC DEMONSTRATION ONLY - NOT HUMAN EXPERIMENT RESULTS,1028140,A,0,874.6760201730017,1.0,0,1,typing
SYNTHETIC DEMONSTRATION ONLY - NOT HUMAN EXPERIMENT RESULTS,1028160,A,0,874.7672802209515,1.0,0,1,typing
SYNTHETIC DEMONSTRATION ONLY - NOT HUMAN EXPERIMENT RESULTS,1028180,A,0,874.8588988817022,1.0,0,1,typing
SYNTHETIC DEMONSTRATION ONLY - NOT HUMAN EXPERIMENT RESULTS,1028200,A,0,874.9508748531497,1.0,0,1,typing
SYNTHETIC DEMONSTRATION ONLY - NOT HUMAN EXPERIMENT RESULTS,1028220,A,0,875.0432068281119,1.0,0,1,typing
SYNTHETIC DEMONSTRATION ONLY - NOT HUMAN EXPERIMENT RESULTS,1028240,A,0,875.1358934943472,1.0,0,1,typing
SYNTHETIC DEMONSTRATION ONLY - NOT HUMAN EXPERIMENT RESULTS,1028260,A,0,875.2289335345727,1.0,0,1,typing
SYNTHETIC DEMONSTRATION ONLY - NOT HUMAN EXPERIMENT RESULTS,1028280,A,0,875.3223256264835,1.0,0,1,typing
SYNTHETIC DEMONSTRATION ONLY - NOT HUMAN EXPERIMENT RESULTS,1028300,A,0,875.4160684427713,1.0,0,1,typing
SYNTHETIC DEMONSTRATION ONLY - NOT HUMAN EXPERIMENT RESULTS,1028320,A,0,875.5101606511433,1.0,0,1,typing
SYNTHETIC DEMONSTRATION ONLY - NOT HUMAN EXPERIMENT RESULTS,1028340,A,0,875.6046009143407,1.0,0,1,typing
SYNTHETIC DEMONSTRATION ONLY - NOT HUMAN EXPERIMENT RESULTS,1028360,A,0,875.6993878901586,1.0,0,1,typing
SYNTHETIC DEMONSTRATION ONLY - NOT HUMAN EXPERIMENT RESULTS,1028380,A,0,875.794520231464,1.0,0,1,typing
SYNTHETIC DEMONSTRATION ONLY - NOT HUMAN EXPERIMENT RESULTS,1028400,A,0,875.889996586216,1.0,0,1,typing
SYNTHETIC DEMONSTRATION ONLY - NOT HUMAN EXPERIMENT RESULTS,1028420,A,0,875.985815597484,1.0,0,1,typing
SYNTHETIC DEMONSTRATION ONLY - NOT HUMAN EXPERIMENT RESULTS,1028440,A,0,876.081975903468,1.0,0,1,typing
SYNTHETIC DEMONSTRATION ONLY - NOT HUMAN EXPERIMENT RESULTS,1028460,A,0,876.178476137517,1.0,0,1,typing
SYNTHETIC DEMONSTRATION ONLY - NOT HUMAN EXPERIMENT RESULTS,1028480,A,0,876.2753149281491,1.0,0,1,typing
SYNTHETIC DEMONSTRATION ONLY - NOT HUMAN EXPERIMENT RESULTS,1028500,A,0,876.372490899071,1.0,0,1,typing
SYNTHETIC DEMONSTRATION ONLY - NOT HUMAN EXPERIMENT RESULTS,1028520,A,0,876.4700026691966,1.0,0,1,typing
SYNTHETIC DEMONSTRATION ONLY - NOT HUMAN EXPERIMENT RESULTS,1028540,A,0,876.5678488526681,1.0,0,1,typing
SYNTHETIC DEMONSTRATION ONLY - NOT HUMAN EXPERIMENT RESULTS,1028560,A,0,876.6660280588746,1.0,0,1,typing
SYNTHETIC DEMONSTRATION ONLY - NOT HUMAN EXPERIMENT RESULTS,1028580,A,0,876.7645388924724,1.0,0,1,typing
SYNTHETIC DEMONSTRATION ONLY - NOT HUMAN EXPERIMENT RESULTS,1028600,A,0,876.8633799534042,1.0,0,1,typing
SYNTHETIC DEMONSTRATION ONLY - NOT HUMAN EXPERIMENT RESULTS,1028620,A,0,876.96254983692,1.0,0,1,typing
SYNTHETIC DEMONSTRATION ONLY - NOT HUMAN EXPERIMENT RESULTS,1028640,A,0,877.062047133596,1.0,0,1,typing
SYNTHETIC DEMONSTRATION ONLY - NOT HUMAN EXPERIMENT RESULTS,1028660,A,0,877.1618704293555,1.0,0,1,typing
SYNTHETIC DEMONSTRATION ONLY - NOT HUMAN EXPERIMENT RESULTS,1028680,A,0,877.2620183054887,1.0,0,1,typing
SYNTHETIC DEMONSTRATION ONLY - NOT HUMAN EXPERIMENT RESULTS,1028700,A,0,877.3624893386723,1.0,0,1,typing
SYNTHETIC DEMONSTRATION ONLY - NOT HUMAN EXPERIMENT RESULTS,1028720,A,0,877.4632821009907,1.0,0,1,typing
SYNTHETIC DEMONSTRATION ONLY - NOT HUMAN EXPERIMENT RESULTS,1028740,A,0,877.5643951599556,1.0,0,1,typing
SYNTHETIC DEMONSTRATION ONLY - NOT HUMAN EXPERIMENT RESULTS,1028760,A,0,877.6658270785265,1.0,0,1,typing
SYNTHETIC DEMONSTRATION ONLY - NOT HUMAN EXPERIMENT RESULTS,1028780,A,0,877.7675764151315,1.0,0,1,typing
SYNTHETIC DEMONSTRATION ONLY - NOT HUMAN EXPERIMENT RESULTS,1028800,A,0,877.8696417236872,1.0,0,1,typing
SYNTHETIC DEMONSTRATION ONLY - NOT HUMAN EXPERIMENT RESULTS,1028820,A,0,877.9720215536197,1.0,0,1,typing
SYNTHETIC DEMONSTRATION ONLY - NOT HUMAN EXPERIMENT RESULTS,1028840,A,0,878.0747144498849,1.0,0,1,typing
SYNTHETIC DEMONSTRATION ONLY - NOT HUMAN EXPERIMENT RESULTS,1028860,A,0,878.1777189529896,1.0,0,1,typing
SYNTHETIC DEMONSTRATION ONLY - NOT HUMAN EXPERIMENT RESULTS,1028880,A,0,878.2810335990117,1.0,0,1,typing
SYNTHETIC DEMONSTRATION ONLY - NOT HUMAN EXPERIMENT RESULTS,1028900,A,0,878.3846569196214,1.0,0,1,typing
SYNTHETIC DEMONSTRATION ONLY - NOT HUMAN EXPERIMENT RESULTS,1028920,A,0,878.4885874421019,1.0,0,1,typing
SYNTHETIC DEMONSTRATION ONLY - NOT HUMAN EXPERIMENT RESULTS,1028940,A,0,878.5928236893706,1.0,0,1,typing
SYNTHETIC DEMONSTRATION ONLY - NOT HUMAN EXPERIMENT RESULTS,1028960,A,0,878.6973641799993,1.0,0,1,typing
SYNTHETIC DEMONSTRATION ONLY - NOT HUMAN EXPERIMENT RESULTS,1028980,A,0,878.8022074282368,1.0,0,1,typing
SYNTHETIC DEMONSTRATION ONLY - NOT HUMAN EXPERIMENT RESULTS,1029000,A,0,878.907351944028,1.0,0,1,typing
SYNTHETIC DEMONSTRATION ONLY - NOT HUMAN EXPERIMENT RESULTS,1029020,A,0,879.0127962330369,1.0,0,1,typing
SYNTHETIC DEMONSTRATION ONLY - NOT HUMAN EXPERIMENT RESULTS,1029040,A,0,879.1185387966664,1.0,0,1,typing
SYNTHETIC DEMONSTRATION ONLY - NOT HUMAN EXPERIMENT RESULTS,1029060,A,0,879.224578132081,1.0,0,1,typing
SYNTHETIC DEMONSTRATION ONLY - NOT HUMAN EXPERIMENT RESULTS,1029080,A,0,879.3309127322268,1.0,0,1,typing
SYNTHETIC DEMONSTRATION ONLY - NOT HUMAN EXPERIMENT RESULTS,1029100,A,0,879.4375410858538,1.0,0,1,typing
SYNTHETIC DEMONSTRATION ONLY - NOT HUMAN EXPERIMENT RESULTS,1029120,A,0,879.544461677537,1.0,0,1,typing
SYNTHETIC DEMONSTRATION ONLY - NOT HUMAN EXPERIMENT RESULTS,1029140,A,0,879.6516729876984,1.0,0,1,typing
SYNTHETIC DEMONSTRATION ONLY - NOT HUMAN EXPERIMENT RESULTS,1029160,A,0,879.7591734926276,1.0,0,1,typing
SYNTHETIC DEMONSTRATION ONLY - NOT HUMAN EXPERIMENT RESULTS,1029180,A,0,879.8669616645047,1.0,0,1,typing
SYNTHETIC DEMONSTRATION ONLY - NOT HUMAN EXPERIMENT RESULTS,1029200,A,0,879.9750359714212,1.0,0,1,typing
SYNTHETIC DEMONSTRATION ONLY - NOT HUMAN EXPERIMENT RESULTS,1029220,A,0,880.0833948774018,1.0,0,1,typing
SYNTHETIC DEMONSTRATION ONLY - NOT HUMAN EXPERIMENT RESULTS,1029240,A,0,880.1920368424268,1.0,0,1,typing
SYNTHETIC DEMONSTRATION ONLY - NOT HUMAN EXPERIMENT RESULTS,1029260,A,0,880.3009603224533,1.0,0,1,typing
SYNTHETIC DEMONSTRATION ONLY - NOT HUMAN EXPERIMENT RESULTS,1029280,A,0,880.4101637694374,1.0,0,1,typing
SYNTHETIC DEMONSTRATION ONLY - NOT HUMAN EXPERIMENT RESULTS,1029300,A,0,880.5196456313568,1.0,0,1,typing
SYNTHETIC DEMONSTRATION ONLY - NOT HUMAN EXPERIMENT RESULTS,1029320,A,0,880.6294043522314,1.0,0,1,typing
SYNTHETIC DEMONSTRATION ONLY - NOT HUMAN EXPERIMENT RESULTS,1029340,A,0,880.7394383721471,1.0,0,1,typing
SYNTHETIC DEMONSTRATION ONLY - NOT HUMAN EXPERIMENT RESULTS,1029360,A,0,880.849746127277,1.0,0,1,typing
SYNTHETIC DEMONSTRATION ONLY - NOT HUMAN EXPERIMENT RESULTS,1029380,A,0,880.9603260499035,1.0,0,1,typing
SYNTHETIC DEMONSTRATION ONLY - NOT HUMAN EXPERIMENT RESULTS,1029400,A,0,881.0711765684414,1.0,0,1,typing
SYNTHETIC DEMONSTRATION ONLY - NOT HUMAN EXPERIMENT RESULTS,1029420,A,0,881.1822961074593,1.0,0,1,typing
SYNTHETIC DEMONSTRATION ONLY - NOT HUMAN EXPERIMENT RESULTS,1029440,A,0,881.2936830877024,1.0,0,1,typing
SYNTHETIC DEMONSTRATION ONLY - NOT HUMAN EXPERIMENT RESULTS,1029460,A,0,881.4053359261155,1.0,0,1,typing
SYNTHETIC DEMONSTRATION ONLY - NOT HUMAN EXPERIMENT RESULTS,1029480,A,0,881.5172530358645,1.0,0,1,typing
SYNTHETIC DEMONSTRATION ONLY - NOT HUMAN EXPERIMENT RESULTS,1029500,A,0,881.6294328263594,1.0,0,1,typing
SYNTHETIC DEMONSTRATION ONLY - NOT HUMAN EXPERIMENT RESULTS,1029520,A,0,881.7418737032773,1.0,0,1,typing
SYNTHETIC DEMONSTRATION ONLY - NOT HUMAN EXPERIMENT RESULTS,1029540,A,0,881.8545740685844,1.0,0,1,typing
SYNTHETIC DEMONSTRATION ONLY - NOT HUMAN EXPERIMENT RESULTS,1029560,A,0,881.9675323205588,1.0,0,1,typing
SYNTHETIC DEMONSTRATION ONLY - NOT HUMAN EXPERIMENT RESULTS,1029580,A,0,882.080746853814,1.0,0,1,typing
SYNTHETIC DEMONSTRATION ONLY - NOT HUMAN EXPERIMENT RESULTS,1029600,A,0,882.1942160593208,1.0,0,1,typing
SYNTHETIC DEMONSTRATION ONLY - NOT HUMAN EXPERIMENT RESULTS,1029620,A,0,882.3079383244306,1.0,0,1,typing
SYNTHETIC DEMONSTRATION ONLY - NOT HUMAN EXPERIMENT RESULTS,1029640,A,0,882.4219120328981,1.0,0,1,typing
SYNTHETIC DEMONSTRATION ONLY - NOT HUMAN EXPERIMENT RESULTS,1029660,A,0,882.536135564905,1.0,0,1,typing
SYNTHETIC DEMONSTRATION ONLY - NOT HUMAN EXPERIMENT RESULTS,1029680,A,0,882.6506072970817,1.0,0,1,typing
SYNTHETIC DEMONSTRATION ONLY - NOT HUMAN EXPERIMENT RESULTS,1029700,A,0,882.7653256025318,1.0,0,1,typing
SYNTHETIC DEMONSTRATION ONLY - NOT HUMAN EXPERIMENT RESULTS,1029720,A,0,882.8802888508541,1.0,0,1,typing
SYNTHETIC DEMONSTRATION ONLY - NOT HUMAN EXPERIMENT RESULTS,1029740,A,0,882.9954954081664,1.0,0,1,typing
SYNTHETIC DEMONSTRATION ONLY - NOT HUMAN EXPERIMENT RESULTS,1029760,A,0,883.1109436371286,1.0,0,1,typing
SYNTHETIC DEMONSTRATION ONLY - NOT HUMAN EXPERIMENT RESULTS,1029780,A,0,883.2266318969656,1.0,0,1,typing
SYNTHETIC DEMONSTRATION ONLY - NOT HUMAN EXPERIMENT RESULTS,1029800,A,0,883.3425585434914,1.0,0,1,typing
SYNTHETIC DEMONSTRATION ONLY - NOT HUMAN EXPERIMENT RESULTS,1029820,A,0,883.4587219291315,1.0,0,1,typing
SYNTHETIC DEMONSTRATION ONLY - NOT HUMAN EXPERIMENT RESULTS,1029840,A,0,883.5751204029473,1.0,0,1,typing
SYNTHETIC DEMONSTRATION ONLY - NOT HUMAN EXPERIMENT RESULTS,1029860,A,0,883.6917523106587,1.0,0,1,typing
SYNTHETIC DEMONSTRATION ONLY - NOT HUMAN EXPERIMENT RESULTS,1029880,A,0,883.8086159946681,1.0,0,1,typing
SYNTHETIC DEMONSTRATION ONLY - NOT HUMAN EXPERIMENT RESULTS,1029900,A,0,883.925709794084,1.0,0,1,typing
SYNTHETIC DEMONSTRATION ONLY - NOT HUMAN EXPERIMENT RESULTS,1029920,A,0,884.0430320447442,1.0,0,1,typing
SYNTHETIC DEMONSTRATION ONLY - NOT HUMAN EXPERIMENT RESULTS,1029940,A,0,884.1605810792399,1.0,0,1,typing
SYNTHETIC DEMONSTRATION ONLY - NOT HUMAN EXPERIMENT RESULTS,1029960,A,0,884.2783552269392,1.0,0,1,typing
SYNTHETIC DEMONSTRATION ONLY - NOT HUMAN EXPERIMENT RESULTS,1029980,A,0,884.3963528140106,1.0,0,1,typing
SYNTHETIC DEMONSTRATION ONLY - NOT HUMAN EXPERIMENT RESULTS,1030000,A,0,884.5145721634472,1.0,0,1,typing
SYNTHETIC DEMONSTRATION ONLY - NOT HUMAN EXPERIMENT RESULTS,1030020,A,0,884.6330115950905,1.0,0,1,typing
SYNTHETIC DEMONSTRATION ONLY - NOT HUMAN EXPERIMENT RESULTS,1030040,A,0,884.7516694256539,1.0,0,1,typing
SYNTHETIC DEMONSTRATION ONLY - NOT HUMAN EXPERIMENT RESULTS,1030060,A,0,884.870543968747,1.0,0,1,typing
SYNTHETIC DEMONSTRATION ONLY - NOT HUMAN EXPERIMENT RESULTS,1030080,A,0,884.9896335348996,1.0,0,1,typing
SYNTHETIC DEMONSTRATION ONLY - NOT HUMAN EXPERIMENT RESULTS,1030100,A,0,885.108936431585,1.0,0,1,typing
SYNTHETIC DEMONSTRATION ONLY - NOT HUMAN EXPERIMENT RESULTS,1030120,A,0,885.2284509632452,1.0,0,1,typing
SYNTHETIC DEMONSTRATION ONLY - NOT HUMAN EXPERIMENT RESULTS,1030140,A,0,885.3481754313142,1.0,0,1,typing
SYNTHETIC DEMONSTRATION ONLY - NOT HUMAN EXPERIMENT RESULTS,1030160,A,0,885.4681081342421,1.0,0,1,typing
SYNTHETIC DEMONSTRATION ONLY - NOT HUMAN EXPERIMENT RESULTS,1030180,A,0,885.5882473675199,1.0,0,1,typing
SYNTHETIC DEMONSTRATION ONLY - NOT HUMAN EXPERIMENT RESULTS,1030200,A,0,885.7085914237031,1.0,0,1,typing
SYNTHETIC DEMONSTRATION ONLY - NOT HUMAN EXPERIMENT RESULTS,1030220,A,0,885.8291385924363,1.0,0,1,typing
SYNTHETIC DEMONSTRATION ONLY - NOT HUMAN EXPERIMENT RESULTS,1030240,A,0,885.9498871604774,1.0,0,1,typing
SYNTHETIC DEMONSTRATION ONLY - NOT HUMAN EXPERIMENT RESULTS,1030260,A,0,886.0708354117219,1.0,0,1,typing
SYNTHETIC DEMONSTRATION ONLY - NOT HUMAN EXPERIMENT RESULTS,1030280,A,0,886.1919816272274,1.0,0,1,typing
SYNTHETIC DEMONSTRATION ONLY - NOT HUMAN EXPERIMENT RESULTS,1030300,A,0,886.3133240852382,1.0,0,1,typing
SYNTHETIC DEMONSTRATION ONLY - NOT HUMAN EXPERIMENT RESULTS,1030320,A,0,886.4348610612093,1.0,0,1,typing
SYNTHETIC DEMONSTRATION ONLY - NOT HUMAN EXPERIMENT RESULTS,1030340,A,0,886.5565908278311,1.0,0,1,typing
SYNTHETIC DEMONSTRATION ONLY - NOT HUMAN EXPERIMENT RESULTS,1030360,A,0,886.6785116550544,1.0,0,1,typing
SYNTHETIC DEMONSTRATION ONLY - NOT HUMAN EXPERIMENT RESULTS,1030380,A,0,886.8006218101142,1.0,0,1,typing
SYNTHETIC DEMONSTRATION ONLY - NOT HUMAN EXPERIMENT RESULTS,1030400,A,0,886.922919557555,1.0,0,1,typing
SYNTHETIC DEMONSTRATION ONLY - NOT HUMAN EXPERIMENT RESULTS,1030420,A,0,887.0454031592551,1.0,0,1,typing
SYNTHETIC DEMONSTRATION ONLY - NOT HUMAN EXPERIMENT RESULTS,1030440,A,0,887.1680708744514,1.0,0,1,typing
SYNTHETIC DEMONSTRATION ONLY - NOT HUMAN EXPERIMENT RESULTS,1030460,A,0,887.2909209597641,1.0,0,1,typing
SYNTHETIC DEMONSTRATION ONLY - NOT HUMAN EXPERIMENT RESULTS,1030480,A,0,887.4139516692215,1.0,0,1,typing
SYNTHETIC DEMONSTRATION ONLY - NOT HUMAN EXPERIMENT RESULTS,1030500,A,0,887.537161254285,1.0,0,1,typing
SYNTHETIC DEMONSTRATION ONLY - NOT HUMAN EXPERIMENT RESULTS,1030520,A,0,887.6605479638737,1.0,0,1,typing
SYNTHETIC DEMONSTRATION ONLY - NOT HUMAN EXPERIMENT RESULTS,1030540,A,0,887.7841100443892,1.0,0,1,typing
SYNTHETIC DEMONSTRATION ONLY - NOT HUMAN EXPERIMENT RESULTS,1030560,A,0,887.907845739741,1.0,0,1,typing
SYNTHETIC DEMONSTRATION ONLY - NOT HUMAN EXPERIMENT RESULTS,1030580,A,0,888.0317532913708,1.0,0,1,typing
SYNTHETIC DEMONSTRATION ONLY - NOT HUMAN EXPERIMENT RESULTS,1030600,A,0,888.1558309382781,1.0,0,1,typing
SYNTHETIC DEMONSTRATION ONLY - NOT HUMAN EXPERIMENT RESULTS,1030620,A,0,888.2800769170449,1.0,0,1,typing
SYNTHETIC DEMONSTRATION ONLY - NOT HUMAN EXPERIMENT RESULTS,1030640,A,0,888.4044894618609,1.0,0,1,typing
SYNTHETIC DEMONSTRATION ONLY - NOT HUMAN EXPERIMENT RESULTS,1030660,A,0,888.5290668045483,1.0,0,1,typing
SYNTHETIC DEMONSTRATION ONLY - NOT HUMAN EXPERIMENT RESULTS,1030680,A,0,888.6538071745873,1.0,0,1,typing
SYNTHETIC DEMONSTRATION ONLY - NOT HUMAN EXPERIMENT RESULTS,1030700,A,0,888.7787087991413,1.0,0,1,typing
SYNTHETIC DEMONSTRATION ONLY - NOT HUMAN EXPERIMENT RESULTS,1030720,A,0,888.9037699030818,1.0,0,1,typing
SYNTHETIC DEMONSTRATION ONLY - NOT HUMAN EXPERIMENT RESULTS,1030740,A,0,889.0289887090133,1.0,0,1,typing
SYNTHETIC DEMONSTRATION ONLY - NOT HUMAN EXPERIMENT RESULTS,1030760,A,0,889.1543634372997,1.0,0,1,typing
SYNTHETIC DEMONSTRATION ONLY - NOT HUMAN EXPERIMENT RESULTS,1030780,A,0,889.2798923060886,1.0,0,1,typing
SYNTHETIC DEMONSTRATION ONLY - NOT HUMAN EXPERIMENT RESULTS,1030800,A,0,889.4055735313368,1.0,0,1,typing
SYNTHETIC DEMONSTRATION ONLY - NOT HUMAN EXPERIMENT RESULTS,1030820,A,0,889.531405326836,1.0,0,1,typing
SYNTHETIC DEMONSTRATION ONLY - NOT HUMAN EXPERIMENT RESULTS,1030840,A,0,889.6573859042377,1.0,0,1,typing
SYNTHETIC DEMONSTRATION ONLY - NOT HUMAN EXPERIMENT RESULTS,1030860,A,0,889.7835134730791,1.0,0,1,typing
SYNTHETIC DEMONSTRATION ONLY - NOT HUMAN EXPERIMENT RESULTS,1030880,A,0,889.9097862408084,1.0,0,1,typing
SYNTHETIC DEMONSTRATION ONLY - NOT HUMAN EXPERIMENT RESULTS,1030900,A,0,890.03620241281,1.0,0,1,typing
SYNTHETIC DEMONSTRATION ONLY - NOT HUMAN EXPERIMENT RESULTS,1030920,A,0,890.1627601924301,1.0,0,1,typing
SYNTHETIC DEMONSTRATION ONLY - NOT HUMAN EXPERIMENT RESULTS,1030940,A,0,890.2894577810027,1.0,0,1,typing
SYNTHETIC DEMONSTRATION ONLY - NOT HUMAN EXPERIMENT RESULTS,1030960,A,0,890.4162933778746,1.0,0,1,typing
SYNTHETIC DEMONSTRATION ONLY - NOT HUMAN EXPERIMENT RESULTS,1030980,A,0,890.5432651804311,1.0,0,1,typing
SYNTHETIC DEMONSTRATION ONLY - NOT HUMAN EXPERIMENT RESULTS,1031000,A,0,890.6703713841221,1.0,0,1,typing
SYNTHETIC DEMONSTRATION ONLY - NOT HUMAN EXPERIMENT RESULTS,1031020,A,0,890.7976101824868,1.0,0,1,typing
SYNTHETIC DEMONSTRATION ONLY - NOT HUMAN EXPERIMENT RESULTS,1031040,A,0,890.9249797671803,1.0,0,1,typing
SYNTHETIC DEMONSTRATION ONLY - NOT HUMAN EXPERIMENT RESULTS,1031060,A,0,891.0524783279989,1.0,0,1,typing
SYNTHETIC DEMONSTRATION ONLY - NOT HUMAN EXPERIMENT RESULTS,1031080,A,0,891.1801040529059,1.0,0,1,typing
SYNTHETIC DEMONSTRATION ONLY - NOT HUMAN EXPERIMENT RESULTS,1031100,A,0,891.3078551280572,1.0,0,1,typing
SYNTHETIC DEMONSTRATION ONLY - NOT HUMAN EXPERIMENT RESULTS,1031120,A,0,891.4357297378273,1.0,0,1,typing
SYNTHETIC DEMONSTRATION ONLY - NOT HUMAN EXPERIMENT RESULTS,1031140,A,0,891.5637260648348,1.0,0,1,typing
SYNTHETIC DEMONSTRATION ONLY - NOT HUMAN EXPERIMENT RESULTS,1031160,A,0,891.6918422899686,1.0,0,1,typing
SYNTHETIC DEMONSTRATION ONLY - NOT HUMAN EXPERIMENT RESULTS,1031180,A,0,891.8200765924137,1.0,0,1,typing
SYNTHETIC DEMONSTRATION ONLY - NOT HUMAN EXPERIMENT RESULTS,1031200,A,0,891.9484271496767,1.0,0,1,typing
SYNTHETIC DEMONSTRATION ONLY - NOT HUMAN EXPERIMENT RESULTS,1031220,A,0,892.0768921376122,1.0,0,1,typing
SYNTHETIC DEMONSTRATION ONLY - NOT HUMAN EXPERIMENT RESULTS,1031240,A,0,892.205469730448,1.0,0,1,typing
SYNTHETIC DEMONSTRATION ONLY - NOT HUMAN EXPERIMENT RESULTS,1031260,A,0,892.3341581008125,1.0,0,1,typing
SYNTHETIC DEMONSTRATION ONLY - NOT HUMAN EXPERIMENT RESULTS,1031280,A,0,892.4629554197585,1.0,0,1,typing
SYNTHETIC DEMONSTRATION ONLY - NOT HUMAN EXPERIMENT RESULTS,1031300,A,0,892.5918598567914,1.0,0,1,typing
SYNTHETIC DEMONSTRATION ONLY - NOT HUMAN EXPERIMENT RESULTS,1031320,A,0,892.7208695798937,1.0,0,1,typing
SYNTHETIC DEMONSTRATION ONLY - NOT HUMAN EXPERIMENT RESULTS,1031340,A,0,892.8499827555517,1.0,0,1,typing
SYNTHETIC DEMONSTRATION ONLY - NOT HUMAN EXPERIMENT RESULTS,1031360,A,0,892.9791975487813,1.0,0,1,typing
SYNTHETIC DEMONSTRATION ONLY - NOT HUMAN EXPERIMENT RESULTS,1031380,A,0,893.1085121231542,1.0,0,1,typing
SYNTHETIC DEMONSTRATION ONLY - NOT HUMAN EXPERIMENT RESULTS,1031400,A,0,893.2379246408243,1.0,0,1,typing
SYNTHETIC DEMONSTRATION ONLY - NOT HUMAN EXPERIMENT RESULTS,1031420,A,0,893.367433262553,1.0,0,1,typing
SYNTHETIC DEMONSTRATION ONLY - NOT HUMAN EXPERIMENT RESULTS,1031440,A,0,893.4970361477365,1.0,0,1,typing
SYNTHETIC DEMONSTRATION ONLY - NOT HUMAN EXPERIMENT RESULTS,1031460,A,0,893.6267314544305,1.0,0,1,typing
SYNTHETIC DEMONSTRATION ONLY - NOT HUMAN EXPERIMENT RESULTS,1031480,A,0,893.7565173393779,1.0,0,1,typing
SYNTHETIC DEMONSTRATION ONLY - NOT HUMAN EXPERIMENT RESULTS,1031500,A,0,893.8863919580338,1.0,0,1,typing
SYNTHETIC DEMONSTRATION ONLY - NOT HUMAN EXPERIMENT RESULTS,1031520,A,0,894.0163534645925,1.0,0,1,typing
SYNTHETIC DEMONSTRATION ONLY - NOT HUMAN EXPERIMENT RESULTS,1031540,A,0,894.1464000120134,1.0,0,1,typing
SYNTHETIC DEMONSTRATION ONLY - NOT HUMAN EXPERIMENT RESULTS,1031560,A,0,894.276529752047,1.0,0,1,typing
SYNTHETIC DEMONSTRATION ONLY - NOT HUMAN EXPERIMENT RESULTS,1031580,A,0,894.4067408352618,1.0,0,1,typing
SYNTHETIC DEMONSTRATION ONLY - NOT HUMAN EXPERIMENT RESULTS,1031600,A,0,894.5370314110701,1.0,0,1,typing
SYNTHETIC DEMONSTRATION ONLY - NOT HUMAN EXPERIMENT RESULTS,1031620,A,0,894.6673996277542,1.0,0,1,typing
SYNTHETIC DEMONSTRATION ONLY - NOT HUMAN EXPERIMENT RESULTS,1031640,A,0,894.7978436324934,1.0,0,1,typing
SYNTHETIC DEMONSTRATION ONLY - NOT HUMAN EXPERIMENT RESULTS,1031660,A,0,894.9283615713896,1.0,0,1,typing
SYNTHETIC DEMONSTRATION ONLY - NOT HUMAN EXPERIMENT RESULTS,1031680,A,0,895.058951589494,1.0,0,1,typing
SYNTHETIC DEMONSTRATION ONLY - NOT HUMAN EXPERIMENT RESULTS,1031700,A,0,895.1896118308333,1.0,0,1,typing
SYNTHETIC DEMONSTRATION ONLY - NOT HUMAN EXPERIMENT RESULTS,1031720,A,0,895.3203404384363,1.0,0,1,typing
SYNTHETIC DEMONSTRATION ONLY - NOT HUMAN EXPERIMENT RESULTS,1031740,A,0,895.4511355543601,1.0,0,1,typing
SYNTHETIC DEMONSTRATION ONLY - NOT HUMAN EXPERIMENT RESULTS,1031760,A,0,895.5819953197167,1.0,0,1,typing
SYNTHETIC DEMONSTRATION ONLY - NOT HUMAN EXPERIMENT RESULTS,1031780,A,0,895.7129178746991,1.0,0,1,typing
SYNTHETIC DEMONSTRATION ONLY - NOT HUMAN EXPERIMENT RESULTS,1031800,A,0,895.8439013586078,1.0,0,1,typing
SYNTHETIC DEMONSTRATION ONLY - NOT HUMAN EXPERIMENT RESULTS,1031820,A,0,895.9749439098779,1.0,0,1,typing
SYNTHETIC DEMONSTRATION ONLY - NOT HUMAN EXPERIMENT RESULTS,1031840,A,0,896.1060436661045,1.0,0,1,typing
SYNTHETIC DEMONSTRATION ONLY - NOT HUMAN EXPERIMENT RESULTS,1031860,A,0,896.2371987640698,1.0,0,1,typing
SYNTHETIC DEMONSTRATION ONLY - NOT HUMAN EXPERIMENT RESULTS,1031880,A,0,896.3684073397698,1.0,0,1,typing
SYNTHETIC DEMONSTRATION ONLY - NOT HUMAN EXPERIMENT RESULTS,1031900,A,0,896.4996675284399,1.0,0,1,typing
SYNTHETIC DEMONSTRATION ONLY - NOT HUMAN EXPERIMENT RESULTS,1031920,A,0,896.6309774645825,1.0,0,1,typing
SYNTHETIC DEMONSTRATION ONLY - NOT HUMAN EXPERIMENT RESULTS,1031940,A,0,896.7623352819927,1.0,0,1,typing
SYNTHETIC DEMONSTRATION ONLY - NOT HUMAN EXPERIMENT RESULTS,1031960,A,0,896.893739113785,1.0,0,1,typing
SYNTHETIC DEMONSTRATION ONLY - NOT HUMAN EXPERIMENT RESULTS,1031980,A,0,897.0251870924204,1.0,0,1,typing
SYNTHETIC DEMONSTRATION ONLY - NOT HUMAN EXPERIMENT RESULTS,1032000,A,0,897.1566773497319,1.0,0,1,typing
SYNTHETIC DEMONSTRATION ONLY - NOT HUMAN EXPERIMENT RESULTS,1032020,A,0,897.288208016952,1.0,0,1,typing
SYNTHETIC DEMONSTRATION ONLY - NOT HUMAN EXPERIMENT RESULTS,1032040,A,0,897.4197772247387,1.0,0,1,typing
SYNTHETIC DEMONSTRATION ONLY - NOT HUMAN EXPERIMENT RESULTS,1032060,A,0,897.5513831032024,1.0,0,1,typing
SYNTHETIC DEMONSTRATION ONLY - NOT HUMAN EXPERIMENT RESULTS,1032080,A,0,897.6830237819322,1.0,0,1,typing
SYNTHETIC DEMONSTRATION ONLY - NOT HUMAN EXPERIMENT RESULTS,1032100,A,0,897.8146973900227,1.0,0,1,typing
SYNTHETIC DEMONSTRATION ONLY - NOT HUMAN EXPERIMENT RESULTS,1032120,A,0,897.9464020561004,1.0,0,1,typing
SYNTHETIC DEMONSTRATION ONLY - NOT HUMAN EXPERIMENT RESULTS,1032140,A,0,898.0781359083506,1.0,0,1,typing
SYNTHETIC DEMONSTRATION ONLY - NOT HUMAN EXPERIMENT RESULTS,1032160,A,0,898.2098970745437,1.0,0,1,typing
SYNTHETIC DEMONSTRATION ONLY - NOT HUMAN EXPERIMENT RESULTS,1032180,A,0,898.3416836820617,1.0,0,1,typing
SYNTHETIC DEMONSTRATION ONLY - NOT HUMAN EXPERIMENT RESULTS,1032200,A,0,898.4734938579253,1.0,0,1,typing
SYNTHETIC DEMONSTRATION ONLY - NOT HUMAN EXPERIMENT RESULTS,1032220,A,0,898.6053257288199,1.0,0,1,typing
SYNTHETIC DEMONSTRATION ONLY - NOT HUMAN EXPERIMENT RESULTS,1032240,A,0,898.7371774211233,1.0,0,1,typing
SYNTHETIC DEMONSTRATION ONLY - NOT HUMAN EXPERIMENT RESULTS,1032260,A,0,898.8690470609306,1.0,0,1,typing
SYNTHETIC DEMONSTRATION ONLY - NOT HUMAN EXPERIMENT RESULTS,1032280,A,0,899.0009327740827,1.0,0,1,typing
SYNTHETIC DEMONSTRATION ONLY - NOT HUMAN EXPERIMENT RESULTS,1032300,A,0,899.1328326861914,1.0,0,1,typing
SYNTHETIC DEMONSTRATION ONLY - NOT HUMAN EXPERIMENT RESULTS,1032320,A,0,899.2647449226672,1.0,0,1,typing
SYNTHETIC DEMONSTRATION ONLY - NOT HUMAN EXPERIMENT RESULTS,1032340,A,0,899.3966676087451,1.0,0,1,typing
SYNTHETIC DEMONSTRATION ONLY - NOT HUMAN EXPERIMENT RESULTS,1032360,A,0,899.5285988695117,1.0,0,1,typing
SYNTHETIC DEMONSTRATION ONLY - NOT HUMAN EXPERIMENT RESULTS,1032380,A,0,899.6605368299319,1.0,0,1,typing
SYNTHETIC DEMONSTRATION ONLY - NOT HUMAN EXPERIMENT RESULTS,1032400,A,0,899.7924796148751,1.0,0,1,typing
SYNTHETIC DEMONSTRATION ONLY - NOT HUMAN EXPERIMENT RESULTS,1032420,A,0,899.9244253491423,1.0,0,1,typing
SYNTHETIC DEMONSTRATION ONLY - NOT HUMAN EXPERIMENT RESULTS,1032440,A,0,900.0563721574927,1.0,0,1,typing
SYNTHETIC DEMONSTRATION ONLY - NOT HUMAN EXPERIMENT RESULTS,1032460,A,0,900.1883181646698,1.0,0,1,typing
SYNTHETIC DEMONSTRATION ONLY - NOT HUMAN EXPERIMENT RESULTS,1032480,A,0,900.320261495429,1.0,0,1,typing
SYNTHETIC DEMONSTRATION ONLY - NOT HUMAN EXPERIMENT RESULTS,1032500,A,0,900.4522002745634,1.0,0,1,typing
SYNTHETIC DEMONSTRATION ONLY - NOT HUMAN EXPERIMENT RESULTS,1032520,A,0,900.584132626931,1.0,0,1,typing
SYNTHETIC DEMONSTRATION ONLY - NOT HUMAN EXPERIMENT RESULTS,1032540,A,0,900.7160566774811,1.0,0,1,typing
SYNTHETIC DEMONSTRATION ONLY - NOT HUMAN EXPERIMENT RESULTS,1032560,A,0,900.8479705512807,1.0,0,1,typing
SYNTHETIC DEMONSTRATION ONLY - NOT HUMAN EXPERIMENT RESULTS,1032580,A,0,900.9798723735418,1.0,0,1,typing
SYNTHETIC DEMONSTRATION ONLY - NOT HUMAN EXPERIMENT RESULTS,1032600,A,0,901.1117602696474,1.0,0,1,typing
SYNTHETIC DEMONSTRATION ONLY - NOT HUMAN EXPERIMENT RESULTS,1032620,A,0,901.2436323651789,1.0,0,1,typing
SYNTHETIC DEMONSTRATION ONLY - NOT HUMAN EXPERIMENT RESULTS,1032640,A,0,901.3754867859416,1.0,0,1,typing
SYNTHETIC DEMONSTRATION ONLY - NOT HUMAN EXPERIMENT RESULTS,1032660,A,0,901.5073216579924,1.0,0,1,typing
SYNTHETIC DEMONSTRATION ONLY - NOT HUMAN EXPERIMENT RESULTS,1032680,A,0,901.639135107666,1.0,0,1,typing
SYNTHETIC DEMONSTRATION ONLY - NOT HUMAN EXPERIMENT RESULTS,1032700,A,0,901.7709252616015,1.0,0,1,typing
SYNTHETIC DEMONSTRATION ONLY - NOT HUMAN EXPERIMENT RESULTS,1032720,A,0,901.902690246769,1.0,0,1,typing
SYNTHETIC DEMONSTRATION ONLY - NOT HUMAN EXPERIMENT RESULTS,1032740,A,0,902.0344281904966,1.0,0,1,typing
SYNTHETIC DEMONSTRATION ONLY - NOT HUMAN EXPERIMENT RESULTS,1032760,A,0,902.1661372204964,1.0,0,1,typing
SYNTHETIC DEMONSTRATION ONLY - NOT HUMAN EXPERIMENT RESULTS,1032780,A,0,902.2978154648914,1.0,0,1,typing
SYNTHETIC DEMONSTRATION ONLY - NOT HUMAN EXPERIMENT RESULTS,1032800,A,0,902.4294610522425,1.0,0,1,typing
SYNTHETIC DEMONSTRATION ONLY - NOT HUMAN EXPERIMENT RESULTS,1032820,A,0,902.5610721115744,1.0,0,1,typing
SYNTHETIC DEMONSTRATION ONLY - NOT HUMAN EXPERIMENT RESULTS,1032840,A,0,902.6926467724027,1.0,0,1,typing
SYNTHETIC DEMONSTRATION ONLY - NOT HUMAN EXPERIMENT RESULTS,1032860,A,0,902.8241831647601,1.0,0,1,typing
SYNTHETIC DEMONSTRATION ONLY - NOT HUMAN EXPERIMENT RESULTS,1032880,A,0,902.9556794192234,1.0,0,1,typing
SYNTHETIC DEMONSTRATION ONLY - NOT HUMAN EXPERIMENT RESULTS,1032900,A,0,903.0871336669398,1.0,0,1,typing
SYNTHETIC DEMONSTRATION ONLY - NOT HUMAN EXPERIMENT RESULTS,1032920,A,0,903.2185440396534,1.0,0,1,typing
SYNTHETIC DEMONSTRATION ONLY - NOT HUMAN EXPERIMENT RESULTS,1032940,A,0,903.3499086697319,1.0,0,1,typing
SYNTHETIC DEMONSTRATION ONLY - NOT HUMAN EXPERIMENT RESULTS,1032960,A,0,903.4812256901931,1.0,0,1,typing
SYNTHETIC DEMONSTRATION ONLY - NOT HUMAN EXPERIMENT RESULTS,1032980,A,0,903.6124932347317,1.0,0,1,typing
SYNTHETIC DEMONSTRATION ONLY - NOT HUMAN EXPERIMENT RESULTS,1033000,A,0,903.743709437745,1.0,0,1,typing
SYNTHETIC DEMONSTRATION ONLY - NOT HUMAN EXPERIMENT RESULTS,1033020,A,0,903.8748724343606,1.0,0,1,typing
SYNTHETIC DEMONSTRATION ONLY - NOT HUMAN EXPERIMENT RESULTS,1033040,A,0,904.0059803604618,1.0,0,1,typing
SYNTHETIC DEMONSTRATION ONLY - NOT HUMAN EXPERIMENT RESULTS,1033060,A,0,904.1370313527148,1.0,0,1,typing
SYNTHETIC DEMONSTRATION ONLY - NOT HUMAN EXPERIMENT RESULTS,1033080,A,0,904.2680235485949,1.0,0,1,typing
SYNTHETIC DEMONSTRATION ONLY - NOT HUMAN EXPERIMENT RESULTS,1033100,A,0,904.3989550864131,1.0,0,1,typing
SYNTHETIC DEMONSTRATION ONLY - NOT HUMAN EXPERIMENT RESULTS,1033120,A,0,904.5298241053424,1.0,0,1,typing
SYNTHETIC DEMONSTRATION ONLY - NOT HUMAN EXPERIMENT RESULTS,1033140,A,0,904.6606287454445,1.0,0,1,typing
SYNTHETIC DEMONSTRATION ONLY - NOT HUMAN EXPERIMENT RESULTS,1033160,A,0,904.7913671476957,1.0,0,1,typing
SYNTHETIC DEMONSTRATION ONLY - NOT HUMAN EXPERIMENT RESULTS,1033180,A,0,904.922037454014,1.0,0,1,typing
SYNTHETIC DEMONSTRATION ONLY - NOT HUMAN EXPERIMENT RESULTS,1033200,A,0,905.0526378072851,1.0,0,1,typing
SYNTHETIC DEMONSTRATION ONLY - NOT HUMAN EXPERIMENT RESULTS,1033220,A,0,905.183166351389,1.0,0,1,typing
SYNTHETIC DEMONSTRATION ONLY - NOT HUMAN EXPERIMENT RESULTS,1033240,A,0,905.3136212312261,1.0,0,1,typing
SYNTHETIC DEMONSTRATION ONLY - NOT HUMAN EXPERIMENT RESULTS,1033260,A,0,905.4440005927437,1.0,0,1,typing
SYNTHETIC DEMONSTRATION ONLY - NOT HUMAN EXPERIMENT RESULTS,1033280,A,0,905.5743025829626,1.0,0,1,typing
SYNTHETIC DEMONSTRATION ONLY - NOT HUMAN EXPERIMENT RESULTS,1033300,A,0,905.704525350003,1.0,0,1,typing
SYNTHETIC DEMONSTRATION ONLY - NOT HUMAN EXPERIMENT RESULTS,1033320,A,0,905.8346670431112,1.0,0,1,typing
SYNTHETIC DEMONSTRATION ONLY - NOT HUMAN EXPERIMENT RESULTS,1033340,A,0,905.9647258126856,1.0,0,1,typing
SYNTHETIC DEMONSTRATION ONLY - NOT HUMAN EXPERIMENT RESULTS,1033360,A,0,906.0946998103033,1.0,0,1,typing
SYNTHETIC DEMONSTRATION ONLY - NOT HUMAN EXPERIMENT RESULTS,1033380,A,0,906.2245871887461,1.0,0,1,typing
SYNTHETIC DEMONSTRATION ONLY - NOT HUMAN EXPERIMENT RESULTS,1033400,A,0,906.3543861020268,1.0,0,1,typing
SYNTHETIC DEMONSTRATION ONLY - NOT HUMAN EXPERIMENT RESULTS,1033420,A,0,906.4840947054154,1.0,0,1,typing
SYNTHETIC DEMONSTRATION ONLY - NOT HUMAN EXPERIMENT RESULTS,1033440,A,0,906.6137111554657,1.0,0,1,typing
SYNTHETIC DEMONSTRATION ONLY - NOT HUMAN EXPERIMENT RESULTS,1033460,A,0,906.743233610041,1.0,0,1,typing
SYNTHETIC DEMONSTRATION ONLY - NOT HUMAN EXPERIMENT RESULTS,1033480,A,0,906.8726602283406,1.0,0,1,typing
SYNTHETIC DEMONSTRATION ONLY - NOT HUMAN EXPERIMENT RESULTS,1033500,A,0,907.0019891709256,1.0,0,1,typing
SYNTHETIC DEMONSTRATION ONLY - NOT HUMAN EXPERIMENT RESULTS,1033520,A,0,907.1312185997456,1.0,0,1,typing
SYNTHETIC DEMONSTRATION ONLY - NOT HUMAN EXPERIMENT RESULTS,1033540,A,0,907.2603466781642,1.0,0,1,typing
SYNTHETIC DEMONSTRATION ONLY - NOT HUMAN EXPERIMENT RESULTS,1033560,A,0,907.3893715709858,1.0,0,1,typing
SYNTHETIC DEMONSTRATION ONLY - NOT HUMAN EXPERIMENT RESULTS,1033580,A,0,907.5182914444808,1.0,0,1,typing
SYNTHETIC DEMONSTRATION ONLY - NOT HUMAN EXPERIMENT RESULTS,1033600,A,0,907.6471044664128,1.0,0,1,typing
SYNTHETIC DEMONSTRATION ONLY - NOT HUMAN EXPERIMENT RESULTS,1033620,A,0,907.7758088060633,1.0,0,1,typing
SYNTHETIC DEMONSTRATION ONLY - NOT HUMAN EXPERIMENT RESULTS,1033640,A,0,907.904402634259,1.0,0,1,typing
SYNTHETIC DEMONSTRATION ONLY - NOT HUMAN EXPERIMENT RESULTS,1033660,A,0,908.0328841233967,1.0,0,1,typing
SYNTHETIC DEMONSTRATION ONLY - NOT HUMAN EXPERIMENT RESULTS,1033680,A,0,908.1612514474702,1.0,0,1,typing
SYNTHETIC DEMONSTRATION ONLY - NOT HUMAN EXPERIMENT RESULTS,1033700,A,0,908.2895027820957,1.0,0,1,typing
SYNTHETIC DEMONSTRATION ONLY - NOT HUMAN EXPERIMENT RESULTS,1033720,A,0,908.4176363045377,1.0,0,1,typing
SYNTHETIC DEMONSTRATION ONLY - NOT HUMAN EXPERIMENT RESULTS,1033740,A,0,908.5456501937355,1.0,0,1,typing
SYNTHETIC DEMONSTRATION ONLY - NOT HUMAN EXPERIMENT RESULTS,1033760,A,0,908.6735426303281,1.0,0,1,typing
SYNTHETIC DEMONSTRATION ONLY - NOT HUMAN EXPERIMENT RESULTS,1033780,A,0,908.801311796681,1.0,0,1,typing
SYNTHETIC DEMONSTRATION ONLY - NOT HUMAN EXPERIMENT RESULTS,1033800,A,0,908.9289558769116,1.0,0,1,typing
SYNTHETIC DEMONSTRATION ONLY - NOT HUMAN EXPERIMENT RESULTS,1033820,A,0,909.0564730569148,1.0,0,1,typing
SYNTHETIC DEMONSTRATION ONLY - NOT HUMAN EXPERIMENT RESULTS,1033840,A,0,909.1838615243894,1.0,0,1,typing
SYNTHETIC DEMONSTRATION ONLY - NOT HUMAN EXPERIMENT RESULTS,1033860,A,0,909.3111194688631,1.0,0,1,typing
SYNTHETIC DEMONSTRATION ONLY - NOT HUMAN EXPERIMENT RESULTS,1033880,A,0,909.4382450817191,1.0,0,1,typing
SYNTHETIC DEMONSTRATION ONLY - NOT HUMAN EXPERIMENT RESULTS,1033900,A,0,909.5652365562206,1.0,0,1,typing
SYNTHETIC DEMONSTRATION ONLY - NOT HUMAN EXPERIMENT RESULTS,1033920,A,0,909.6920920875382,1.0,0,1,typing
SYNTHETIC DEMONSTRATION ONLY - NOT HUMAN EXPERIMENT RESULTS,1033940,A,0,909.8188098727736,1.0,0,1,typing
SYNTHETIC DEMONSTRATION ONLY - NOT HUMAN EXPERIMENT RESULTS,1033960,A,0,909.9453881109868,1.0,0,1,typing
SYNTHETIC DEMONSTRATION ONLY - NOT HUMAN EXPERIMENT RESULTS,1033980,A,0,910.0718250032207,1.0,0,1,typing
SYNTHETIC DEMONSTRATION ONLY - NOT HUMAN EXPERIMENT RESULTS,1034000,A,0,910.1981187525273,1.0,0,1,typing
SYNTHETIC DEMONSTRATION ONLY - NOT HUMAN EXPERIMENT RESULTS,1034020,A,0,910.3242675639929,1.0,0,1,typing
SYNTHETIC DEMONSTRATION ONLY - NOT HUMAN EXPERIMENT RESULTS,1034040,A,0,910.4502696447635,1.0,0,1,typing
SYNTHETIC DEMONSTRATION ONLY - NOT HUMAN EXPERIMENT RESULTS,1034060,A,0,910.5761232040708,1.0,0,1,typing
SYNTHETIC DEMONSTRATION ONLY - NOT HUMAN EXPERIMENT RESULTS,1034080,A,0,910.7018264532569,1.0,0,1,typing
SYNTHETIC DEMONSTRATION ONLY - NOT HUMAN EXPERIMENT RESULTS,1034100,A,0,910.8273776058007,1.0,0,1,typing
SYNTHETIC DEMONSTRATION ONLY - NOT HUMAN EXPERIMENT RESULTS,1034120,A,0,910.9527748773422,1.0,0,1,typing
SYNTHETIC DEMONSTRATION ONLY - NOT HUMAN EXPERIMENT RESULTS,1034140,A,0,911.0780164857088,1.0,0,1,typing
SYNTHETIC DEMONSTRATION ONLY - NOT HUMAN EXPERIMENT RESULTS,1034160,A,0,911.2031006509397,1.0,0,1,typing
SYNTHETIC DEMONSTRATION ONLY - NOT HUMAN EXPERIMENT RESULTS,1034180,A,0,911.3280255953124,1.0,0,1,typing
SYNTHETIC DEMONSTRATION ONLY - NOT HUMAN EXPERIMENT RESULTS,1034200,A,0,911.4527895433666,1.0,0,1,typing
SYNTHETIC DEMONSTRATION ONLY - NOT HUMAN EXPERIMENT RESULTS,1034220,A,0,911.5773907219307,1.0,0,1,typing
SYNTHETIC DEMONSTRATION ONLY - NOT HUMAN EXPERIMENT RESULTS,1034240,A,0,911.701827360146,1.0,0,1,typing
SYNTHETIC DEMONSTRATION ONLY - NOT HUMAN EXPERIMENT RESULTS,1034260,A,0,911.8260976894924,1.0,0,1,typing
SYNTHETIC DEMONSTRATION ONLY - NOT HUMAN EXPERIMENT RESULTS,1034280,A,0,911.9501999438136,1.0,0,1,typing
SYNTHETIC DEMONSTRATION ONLY - NOT HUMAN EXPERIMENT RESULTS,1034300,A,0,912.0741323593417,1.0,0,1,typing
SYNTHETIC DEMONSTRATION ONLY - NOT HUMAN EXPERIMENT RESULTS,1034320,A,0,912.1978931747227,1.0,0,1,typing
SYNTHETIC DEMONSTRATION ONLY - NOT HUMAN EXPERIMENT RESULTS,1034340,A,0,912.3214806310418,1.0,0,1,typing
SYNTHETIC DEMONSTRATION ONLY - NOT HUMAN EXPERIMENT RESULTS,1034360,A,0,912.4448929718473,1.0,0,1,typing
SYNTHETIC DEMONSTRATION ONLY - NOT HUMAN EXPERIMENT RESULTS,1034380,A,0,912.568128443177,1.0,0,1,typing
SYNTHETIC DEMONSTRATION ONLY - NOT HUMAN EXPERIMENT RESULTS,1034400,A,0,912.6911852935817,1.0,0,1,typing
SYNTHETIC DEMONSTRATION ONLY - NOT HUMAN EXPERIMENT RESULTS,1034420,A,0,912.8140617741516,1.0,0,1,typing
SYNTHETIC DEMONSTRATION ONLY - NOT HUMAN EXPERIMENT RESULTS,1034440,A,0,912.9367561385395,1.0,0,1,typing
SYNTHETIC DEMONSTRATION ONLY - NOT HUMAN EXPERIMENT RESULTS,1034460,A,0,913.0592666429872,1.0,0,1,typing
SYNTHETIC DEMONSTRATION ONLY - NOT HUMAN EXPERIMENT RESULTS,1034480,A,0,913.1815915463491,1.0,0,1,typing
SYNTHETIC DEMONSTRATION ONLY - NOT HUMAN EXPERIMENT RESULTS,1034500,A,0,913.3037291101176,1.0,0,1,typing
SYNTHETIC DEMONSTRATION ONLY - NOT HUMAN EXPERIMENT RESULTS,1034520,A,0,913.4256775984477,1.0,0,1,typing
SYNTHETIC DEMONSTRATION ONLY - NOT HUMAN EXPERIMENT RESULTS,1034540,A,0,913.5474352781811,1.0,0,1,typing
SYNTHETIC DEMONSTRATION ONLY - NOT HUMAN EXPERIMENT RESULTS,1034560,A,0,913.669000418872,1.0,0,1,typing
SYNTHETIC DEMONSTRATION ONLY - NOT HUMAN EXPERIMENT RESULTS,1034580,A,0,913.7903712928105,1.0,0,1,typing
SYNTHETIC DEMONSTRATION ONLY - NOT HUMAN EXPERIMENT RESULTS,1034600,A,0,913.911546175048,1.0,0,1,typing
SYNTHETIC DEMONSTRATION ONLY - NOT HUMAN EXPERIMENT RESULTS,1034620,A,0,914.0325233434208,1.0,0,1,typing
SYNTHETIC DEMONSTRATION ONLY - NOT HUMAN EXPERIMENT RESULTS,1034640,A,0,914.1533010785761,1.0,0,1,typing
SYNTHETIC DEMONSTRATION ONLY - NOT HUMAN EXPERIMENT RESULTS,1034660,A,0,914.2738776639945,1.0,0,1,typing
SYNTHETIC DEMONSTRATION ONLY - NOT HUMAN EXPERIMENT RESULTS,1034680,A,0,914.3942513860161,1.0,0,1,typing
SYNTHETIC DEMONSTRATION ONLY - NOT HUMAN EXPERIMENT RESULTS,1034700,A,0,914.5144205338637,1.0,0,1,typing
SYNTHETIC DEMONSTRATION ONLY - NOT HUMAN EXPERIMENT RESULTS,1034720,A,0,914.6343833996677,1.0,0,1,typing
SYNTHETIC DEMONSTRATION ONLY - NOT HUMAN EXPERIMENT RESULTS,1034740,A,0,914.7541382784905,1.0,0,1,typing
SYNTHETIC DEMONSTRATION ONLY - NOT HUMAN EXPERIMENT RESULTS,1034760,A,0,914.8736834683499,1.0,0,1,typing
SYNTHETIC DEMONSTRATION ONLY - NOT HUMAN EXPERIMENT RESULTS,1034780,A,0,914.9930172702442,1.0,0,1,typing
SYNTHETIC DEMONSTRATION ONLY - NOT HUMAN EXPERIMENT RESULTS,1034800,A,0,915.112137988176,1.0,0,1,typing
SYNTHETIC DEMONSTRATION ONLY - NOT HUMAN EXPERIMENT RESULTS,1034820,A,0,915.2310439291762,1.0,0,1,typing
SYNTHETIC DEMONSTRATION ONLY - NOT HUMAN EXPERIMENT RESULTS,1034840,A,0,915.3497334033282,1.0,0,1,typing
SYNTHETIC DEMONSTRATION ONLY - NOT HUMAN EXPERIMENT RESULTS,1034860,A,0,915.4682047237917,1.0,0,1,typing
SYNTHETIC DEMONSTRATION ONLY - NOT HUMAN EXPERIMENT RESULTS,1034880,A,0,915.5864562068272,1.0,0,1,typing
SYNTHETIC DEMONSTRATION ONLY - NOT HUMAN EXPERIMENT RESULTS,1034900,A,0,915.7044861718192,1.0,0,1,typing
SYNTHETIC DEMONSTRATION ONLY - NOT HUMAN EXPERIMENT RESULTS,1034920,A,0,915.8222929413009,1.0,0,1,typing
SYNTHETIC DEMONSTRATION ONLY - NOT HUMAN EXPERIMENT RESULTS,1034940,A,0,915.939874840977,1.0,0,1,typing
SYNTHETIC DEMONSTRATION ONLY - NOT HUMAN EXPERIMENT RESULTS,1034960,A,0,916.0572301997488,1.0,0,1,typing
SYNTHETIC DEMONSTRATION ONLY - NOT HUMAN EXPERIMENT RESULTS,1034980,A,0,916.1743573497366,1.0,0,1,typing
SYNTHETIC DEMONSTRATION ONLY - NOT HUMAN EXPERIMENT RESULTS,1035000,A,0,916.2912546263044,1.0,0,1,typing
SYNTHETIC DEMONSTRATION ONLY - NOT HUMAN EXPERIMENT RESULTS,1035020,A,0,916.4079203680833,1.0,0,1,typing
SYNTHETIC DEMONSTRATION ONLY - NOT HUMAN EXPERIMENT RESULTS,1035040,A,0,916.5243529169946,1.0,0,1,typing
SYNTHETIC DEMONSTRATION ONLY - NOT HUMAN EXPERIMENT RESULTS,1035060,A,0,916.6405506182743,1.0,0,1,typing
SYNTHETIC DEMONSTRATION ONLY - NOT HUMAN EXPERIMENT RESULTS,1035080,A,0,916.7565118204958,1.0,0,1,typing
SYNTHETIC DEMONSTRATION ONLY - NOT HUMAN EXPERIMENT RESULTS,1035100,A,0,916.8722348755937,1.0,0,1,typing
SYNTHETIC DEMONSTRATION ONLY - NOT HUMAN EXPERIMENT RESULTS,1035120,A,0,916.9877181388871,1.0,0,1,typing
SYNTHETIC DEMONSTRATION ONLY - NOT HUMAN EXPERIMENT RESULTS,1035140,A,0,917.1029599691035,1.0,0,1,typing
SYNTHETIC DEMONSTRATION ONLY - NOT HUMAN EXPERIMENT RESULTS,1035160,A,0,917.2179587284012,1.0,0,1,typing
SYNTHETIC DEMONSTRATION ONLY - NOT HUMAN EXPERIMENT RESULTS,1035180,A,0,917.3327127823933,1.0,0,1,typing
SYNTHETIC DEMONSTRATION ONLY - NOT HUMAN EXPERIMENT RESULTS,1035200,A,0,917.4472205001707,1.0,0,1,typing
SYNTHETIC DEMONSTRATION ONLY - NOT HUMAN EXPERIMENT RESULTS,1035220,A,0,917.5614802543253,1.0,0,1,typing
SYNTHETIC DEMONSTRATION ONLY - NOT HUMAN EXPERIMENT RESULTS,1035240,A,0,917.675490420973,1.0,0,1,typing
SYNTHETIC DEMONSTRATION ONLY - NOT HUMAN EXPERIMENT RESULTS,1035260,A,0,917.7892493797771,1.0,0,1,typing
SYNTHETIC DEMONSTRATION ONLY - NOT HUMAN EXPERIMENT RESULTS,1035280,A,0,917.9027555139709,1.0,0,1,typing
SYNTHETIC DEMONSTRATION ONLY - NOT HUMAN EXPERIMENT RESULTS,1035300,A,0,918.0160072103811,1.0,0,1,typing
SYNTHETIC DEMONSTRATION ONLY - NOT HUMAN EXPERIMENT RESULTS,1035320,A,0,918.1290028594501,1.0,0,1,typing
SYNTHETIC DEMONSTRATION ONLY - NOT HUMAN EXPERIMENT RESULTS,1035340,A,0,918.24174085526,1.0,0,1,typing
SYNTHETIC DEMONSTRATION ONLY - NOT HUMAN EXPERIMENT RESULTS,1035360,A,0,918.354219595554,1.0,0,1,typing
SYNTHETIC DEMONSTRATION ONLY - NOT HUMAN EXPERIMENT RESULTS,1035380,A,0,918.4664374817605,1.0,0,1,typing
SYNTHETIC DEMONSTRATION ONLY - NOT HUMAN EXPERIMENT RESULTS,1035400,A,0,918.5783929190148,1.0,0,1,typing
SYNTHETIC DEMONSTRATION ONLY - NOT HUMAN EXPERIMENT RESULTS,1035420,A,0,918.6900843161824,1.0,0,1,typing
SYNTHETIC DEMONSTRATION ONLY - NOT HUMAN EXPERIMENT RESULTS,1035440,A,0,918.8015100858812,1.0,0,1,typing
SYNTHETIC DEMONSTRATION ONLY - NOT HUMAN EXPERIMENT RESULTS,1035460,A,0,918.9126686445045,1.0,0,1,typing
SYNTHETIC DEMONSTRATION ONLY - NOT HUMAN EXPERIMENT RESULTS,1035480,A,0,919.023558412243,1.0,0,1,typing
SYNTHETIC DEMONSTRATION ONLY - NOT HUMAN EXPERIMENT RESULTS,1035500,A,0,919.1341778131077,1.0,0,1,typing
SYNTHETIC DEMONSTRATION ONLY - NOT HUMAN EXPERIMENT RESULTS,1035520,A,0,919.2445252749521,1.0,0,1,typing
SYNTHETIC DEMONSTRATION ONLY - NOT HUMAN EXPERIMENT RESULTS,1035540,A,0,919.3545992294945,1.0,0,1,typing
SYNTHETIC DEMONSTRATION ONLY - NOT HUMAN EXPERIMENT RESULTS,1035560,A,0,919.4643981123404,1.0,0,1,typing
SYNTHETIC DEMONSTRATION ONLY - NOT HUMAN EXPERIMENT RESULTS,1035580,A,0,919.5739203630045,1.0,0,1,typing
SYNTHETIC DEMONSTRATION ONLY - NOT HUMAN EXPERIMENT RESULTS,1035600,A,0,919.6831644249334,1.0,0,1,typing
SYNTHETIC DEMONSTRATION ONLY - NOT HUMAN EXPERIMENT RESULTS,1035620,A,0,919.7921287455268,1.0,0,1,typing
SYNTHETIC DEMONSTRATION ONLY - NOT HUMAN EXPERIMENT RESULTS,1035640,A,0,919.9008117761608,1.0,0,1,typing
SYNTHETIC DEMONSTRATION ONLY - NOT HUMAN EXPERIMENT RESULTS,1035660,A,0,920.0092119722091,1.0,0,1,typing
SYNTHETIC DEMONSTRATION ONLY - NOT HUMAN EXPERIMENT RESULTS,1035680,A,0,920.1173277930645,1.0,0,1,typing
SYNTHETIC DEMONSTRATION ONLY - NOT HUMAN EXPERIMENT RESULTS,1035700,A,0,920.2251577021624,1.0,0,1,typing
SYNTHETIC DEMONSTRATION ONLY - NOT HUMAN EXPERIMENT RESULTS,1035720,A,0,920.3327001670008,1.0,0,1,typing
SYNTHETIC DEMONSTRATION ONLY - NOT HUMAN EXPERIMENT RESULTS,1035740,A,0,920.4399536591632,1.0,0,1,typing
SYNTHETIC DEMONSTRATION ONLY - NOT HUMAN EXPERIMENT RESULTS,1035760,A,0,920.5469166543402,1.0,0,1,typing
SYNTHETIC DEMONSTRATION ONLY - NOT HUMAN EXPERIMENT RESULTS,1035780,A,0,920.6535876323508,1.0,0,1,typing
SYNTHETIC DEMONSTRATION ONLY - NOT HUMAN EXPERIMENT RESULTS,1035800,A,0,920.7599650771643,1.0,0,1,typing
SYNTHETIC DEMONSTRATION ONLY - NOT HUMAN EXPERIMENT RESULTS,1035820,A,0,920.8660474769218,1.0,0,1,typing
SYNTHETIC DEMONSTRATION ONLY - NOT HUMAN EXPERIMENT RESULTS,1035840,A,0,920.9718333239576,1.0,0,1,typing
SYNTHETIC DEMONSTRATION ONLY - NOT HUMAN EXPERIMENT RESULTS,1035860,A,0,921.0773211148206,1.0,0,1,typing
SYNTHETIC DEMONSTRATION ONLY - NOT HUMAN EXPERIMENT RESULTS,1035880,A,0,921.1825093502957,1.0,0,1,typing
SYNTHETIC DEMONSTRATION ONLY - NOT HUMAN EXPERIMENT RESULTS,1035900,A,0,921.2873965354254,1.0,0,1,typing
SYNTHETIC DEMONSTRATION ONLY - NOT HUMAN EXPERIMENT RESULTS,1035920,A,0,921.3919811795306,1.0,0,1,typing
SYNTHETIC DEMONSTRATION ONLY - NOT HUMAN EXPERIMENT RESULTS,1035940,A,0,921.4962617962319,1.0,0,1,typing
SYNTHETIC DEMONSTRATION ONLY - NOT HUMAN EXPERIMENT RESULTS,1035960,A,0,921.6002369034711,1.0,0,1,typing
SYNTHETIC DEMONSTRATION ONLY - NOT HUMAN EXPERIMENT RESULTS,1035980,A,0,921.7039050235315,1.0,0,1,typing
SYNTHETIC DEMONSTRATION ONLY - NOT HUMAN EXPERIMENT RESULTS,1036000,A,0,921.80726468306,1.0,0,1,typing
SYNTHETIC DEMONSTRATION ONLY - NOT HUMAN EXPERIMENT RESULTS,1036020,A,0,921.9103144130867,1.0,0,1,typing
SYNTHETIC DEMONSTRATION ONLY - NOT HUMAN EXPERIMENT RESULTS,1036040,A,0,922.013052749047,1.0,0,1,typing
SYNTHETIC DEMONSTRATION ONLY - NOT HUMAN EXPERIMENT RESULTS,1036060,A,0,922.1154782308018,1.0,0,1,typing
SYNTHETIC DEMONSTRATION ONLY - NOT HUMAN EXPERIMENT RESULTS,1036080,A,0,922.2175894026582,1.0,0,1,typing
SYNTHETIC DEMONSTRATION ONLY - NOT HUMAN EXPERIMENT RESULTS,1036100,A,0,922.3193848133905,1.0,0,1,typing
SYNTHETIC DEMONSTRATION ONLY - NOT HUMAN EXPERIMENT RESULTS,1036120,A,0,922.4208630162603,1.0,0,1,typing
SYNTHETIC DEMONSTRATION ONLY - NOT HUMAN EXPERIMENT RESULTS,1036140,A,0,922.5220225690382,1.0,0,1,typing
SYNTHETIC DEMONSTRATION ONLY - NOT HUMAN EXPERIMENT RESULTS,1036160,A,0,922.6228620340227,1.0,0,1,typing
SYNTHETIC DEMONSTRATION ONLY - NOT HUMAN EXPERIMENT RESULTS,1036180,A,0,922.7233799780618,1.0,0,1,typing
SYNTHETIC DEMONSTRATION ONLY - NOT HUMAN EXPERIMENT RESULTS,1036200,A,0,922.823574972573,1.0,0,1,typing
SYNTHETIC DEMONSTRATION ONLY - NOT HUMAN EXPERIMENT RESULTS,1036220,A,0,922.923445593564,1.0,0,1,typing
SYNTHETIC DEMONSTRATION ONLY - NOT HUMAN EXPERIMENT RESULTS,1036240,A,0,923.0229904216518,1.0,0,1,typing
SYNTHETIC DEMONSTRATION ONLY - NOT HUMAN EXPERIMENT RESULTS,1036260,A,0,923.1222080420841,1.0,0,1,typing
SYNTHETIC DEMONSTRATION ONLY - NOT HUMAN EXPERIMENT RESULTS,1036280,A,0,923.2210970447592,1.0,0,1,typing
SYNTHETIC DEMONSTRATION ONLY - NOT HUMAN EXPERIMENT RESULTS,1036300,A,0,923.3196560242452,1.0,0,1,typing
SYNTHETIC DEMONSTRATION ONLY - NOT HUMAN EXPERIMENT RESULTS,1036320,A,0,923.4178835798008,1.0,0,1,typing
SYNTHETIC DEMONSTRATION ONLY - NOT HUMAN EXPERIMENT RESULTS,1036340,A,0,923.5157783153953,1.0,0,1,typing
SYNTHETIC DEMONSTRATION ONLY - NOT HUMAN EXPERIMENT RESULTS,1036360,A,0,923.6133388397275,1.0,0,1,typing
SYNTHETIC DEMONSTRATION ONLY - NOT HUMAN EXPERIMENT RESULTS,1036380,A,0,923.7105637662467,1.0,0,1,typing
SYNTHETIC DEMONSTRATION ONLY - NOT HUMAN EXPERIMENT RESULTS,1036400,A,0,923.8074517131711,1.0,0,1,typing
SYNTHETIC DEMONSTRATION ONLY - NOT HUMAN EXPERIMENT RESULTS,1036420,A,0,923.9040013035088,1.0,0,1,typing
SYNTHETIC DEMONSTRATION ONLY - NOT HUMAN EXPERIMENT RESULTS,1036440,A,0,924.0002111650764,1.0,0,1,typing
SYNTHETIC DEMONSTRATION ONLY - NOT HUMAN EXPERIMENT RESULTS,1036460,A,0,924.0960799305187,1.0,0,1,typing
SYNTHETIC DEMONSTRATION ONLY - NOT HUMAN EXPERIMENT RESULTS,1036480,A,0,924.1916062373285,1.0,0,1,typing
SYNTHETIC DEMONSTRATION ONLY - NOT HUMAN EXPERIMENT RESULTS,1036500,A,0,924.2867887278653,1.0,0,1,typing
SYNTHETIC DEMONSTRATION ONLY - NOT HUMAN EXPERIMENT RESULTS,1036520,A,0,924.3816260493754,1.0,0,1,typing
SYNTHETIC DEMONSTRATION ONLY - NOT HUMAN EXPERIMENT RESULTS,1036540,A,0,924.4761168540105,1.0,0,1,typing
SYNTHETIC DEMONSTRATION ONLY - NOT HUMAN EXPERIMENT RESULTS,1036560,A,0,924.570259798847,1.0,0,1,typing
SYNTHETIC DEMONSTRATION ONLY - NOT HUMAN EXPERIMENT RESULTS,1036580,A,0,924.6640535459054,1.0,0,1,typing
SYNTHETIC DEMONSTRATION ONLY - NOT HUMAN EXPERIMENT RESULTS,1036600,A,0,924.757496762169,1.0,0,1,typing
SYNTHETIC DEMONSTRATION ONLY - NOT HUMAN EXPERIMENT RESULTS,1036620,A,0,924.8505881196027,1.0,0,1,typing
SYNTHETIC DEMONSTRATION ONLY - NOT HUMAN EXPERIMENT RESULTS,1036640,A,0,924.9433262951723,1.0,0,1,typing
SYNTHETIC DEMONSTRATION ONLY - NOT HUMAN EXPERIMENT RESULTS,1036660,A,0,925.035709970863,1.0,0,1,typing
SYNTHETIC DEMONSTRATION ONLY - NOT HUMAN EXPERIMENT RESULTS,1036680,A,0,925.1277378336983,1.0,0,1,typing
SYNTHETIC DEMONSTRATION ONLY - NOT HUMAN EXPERIMENT RESULTS,1036700,A,0,925.2194085757587,1.0,0,1,typing
SYNTHETIC DEMONSTRATION ONLY - NOT HUMAN EXPERIMENT RESULTS,1036720,A,0,925.3107208942,1.0,0,1,typing
SYNTHETIC DEMONSTRATION ONLY - NOT HUMAN EXPERIMENT RESULTS,1036740,A,0,925.4016734912719,1.0,0,1,typing
SYNTHETIC DEMONSTRATION ONLY - NOT HUMAN EXPERIMENT RESULTS,1036760,A,0,925.4922650743367,1.0,0,1,typing
SYNTHETIC DEMONSTRATION ONLY - NOT HUMAN EXPERIMENT RESULTS,1036780,A,0,925.5824943558877,1.0,0,1,typing
SYNTHETIC DEMONSTRATION ONLY - NOT HUMAN EXPERIMENT RESULTS,1036800,A,0,925.6723600535668,1.0,0,1,typing
SYNTHETIC DEMONSTRATION ONLY - NOT HUMAN EXPERIMENT RESULTS,1036820,A,0,925.7618608901836,1.0,0,1,typing
SYNTHETIC DEMONSTRATION ONLY - NOT HUMAN EXPERIMENT RESULTS,1036840,A,0,925.8509955937332,1.0,0,1,typing
SYNTHETIC DEMONSTRATION ONLY - NOT HUMAN EXPERIMENT RESULTS,1036860,A,0,925.9397628974141,1.0,0,1,typing
SYNTHETIC DEMONSTRATION ONLY - NOT HUMAN EXPERIMENT RESULTS,1036880,A,0,926.0281615396464,1.0,0,1,typing
SYNTHETIC DEMONSTRATION ONLY - NOT HUMAN EXPERIMENT RESULTS,1036900,A,0,926.1161902640897,1.0,0,1,typing
SYNTHETIC DEMONSTRATION ONLY - NOT HUMAN EXPERIMENT RESULTS,1036920,A,0,926.2038478196611,1.0,0,1,typing
SYNTHETIC DEMONSTRATION ONLY - NOT HUMAN EXPERIMENT RESULTS,1036940,A,0,926.2911329605525,1.0,0,1,typing
SYNTHETIC DEMONSTRATION ONLY - NOT HUMAN EXPERIMENT RESULTS,1036960,A,0,926.3780444462491,1.0,0,1,typing
SYNTHETIC DEMONSTRATION ONLY - NOT HUMAN EXPERIMENT RESULTS,1036980,A,0,926.4645810415462,1.0,0,1,typing
SYNTHETIC DEMONSTRATION ONLY - NOT HUMAN EXPERIMENT RESULTS,1037000,A,0,926.5507415165671,1.0,0,1,typing
SYNTHETIC DEMONSTRATION ONLY - NOT HUMAN EXPERIMENT RESULTS,1037020,A,0,926.6365246467809,1.0,0,1,typing
SYNTHETIC DEMONSTRATION ONLY - NOT HUMAN EXPERIMENT RESULTS,1037040,A,0,926.7219292130194,1.0,0,1,typing
SYNTHETIC DEMONSTRATION ONLY - NOT HUMAN EXPERIMENT RESULTS,1037060,A,0,926.8069540014947,1.0,0,1,typing
SYNTHETIC DEMONSTRATION ONLY - NOT HUMAN EXPERIMENT RESULTS,1037080,A,0,926.8915978038161,1.0,0,1,typing
SYNTHETIC DEMONSTRATION ONLY - NOT HUMAN EXPERIMENT RESULTS,1037100,A,0,926.9758594170082,1.0,0,1,typing
SYNTHETIC DEMONSTRATION ONLY - NOT HUMAN EXPERIMENT RESULTS,1037120,A,0,927.0597376435268,1.0,0,1,typing
SYNTHETIC DEMONSTRATION ONLY - NOT HUMAN EXPERIMENT RESULTS,1037140,A,0,927.1432312912765,1.0,0,1,typing
SYNTHETIC DEMONSTRATION ONLY - NOT HUMAN EXPERIMENT RESULTS,1037160,A,0,927.2263391736279,1.0,0,1,typing
SYNTHETIC DEMONSTRATION ONLY - NOT HUMAN EXPERIMENT RESULTS,1037180,A,0,927.309060109434,1.0,0,1,typing
SYNTHETIC DEMONSTRATION ONLY - NOT HUMAN EXPERIMENT RESULTS,1037200,A,0,927.3913929230472,1.0,0,1,typing
SYNTHETIC DEMONSTRATION ONLY - NOT HUMAN EXPERIMENT RESULTS,1037220,A,0,927.4733364443359,1.0,0,1,typing
SYNTHETIC DEMONSTRATION ONLY - NOT HUMAN EXPERIMENT RESULTS,1037240,A,0,927.5548895087014,1.0,0,1,typing
SYNTHETIC DEMONSTRATION ONLY - NOT HUMAN EXPERIMENT RESULTS,1037260,A,0,927.6360509570942,1.0,0,1,typing
SYNTHETIC DEMONSTRATION ONLY - NOT HUMAN EXPERIMENT RESULTS,1037280,A,0,927.7168196360302,1.0,0,1,typing
SYNTHETIC DEMONSTRATION ONLY - NOT HUMAN EXPERIMENT RESULTS,1037300,A,0,927.797194397608,1.0,0,1,typing
SYNTHETIC DEMONSTRATION ONLY - NOT HUMAN EXPERIMENT RESULTS,1037320,A,0,927.877174099524,1.0,0,1,typing
SYNTHETIC DEMONSTRATION ONLY - NOT HUMAN EXPERIMENT RESULTS,1037340,A,0,927.9567576050899,1.0,0,1,typing
SYNTHETIC DEMONSTRATION ONLY - NOT HUMAN EXPERIMENT RESULTS,1037360,A,0,928.0359437832477,1.0,0,1,typing
SYNTHETIC DEMONSTRATION ONLY - NOT HUMAN EXPERIMENT RESULTS,1037380,A,0,928.1147315085867,1.0,0,1,typing
SYNTHETIC DEMONSTRATION ONLY - NOT HUMAN EXPERIMENT RESULTS,1037400,A,0,928.1931196613589,1.0,0,1,typing
SYNTHETIC DEMONSTRATION ONLY - NOT HUMAN EXPERIMENT RESULTS,1037420,A,0,928.2711071274949,1.0,0,1,typing
SYNTHETIC DEMONSTRATION ONLY - NOT HUMAN EXPERIMENT RESULTS,1037440,A,0,928.3486927986206,1.0,0,1,typing
SYNTHETIC DEMONSTRATION ONLY - NOT HUMAN EXPERIMENT RESULTS,1037460,A,0,928.4258755720715,1.0,0,1,typing
SYNTHETIC DEMONSTRATION ONLY - NOT HUMAN EXPERIMENT RESULTS,1037480,A,0,928.5026543509098,1.0,0,1,typing
SYNTHETIC DEMONSTRATION ONLY - NOT HUMAN EXPERIMENT RESULTS,1037500,A,0,928.5790280439389,1.0,0,1,typing
SYNTHETIC DEMONSTRATION ONLY - NOT HUMAN EXPERIMENT RESULTS,1037520,A,0,928.6549955657198,1.0,0,1,typing
SYNTHETIC DEMONSTRATION ONLY - NOT HUMAN EXPERIMENT RESULTS,1037540,A,0,928.7305558365856,1.0,0,1,typing
SYNTHETIC DEMONSTRATION ONLY - NOT HUMAN EXPERIMENT RESULTS,1037560,A,0,928.8057077826578,1.0,0,1,typing
SYNTHETIC DEMONSTRATION ONLY - NOT HUMAN EXPERIMENT RESULTS,1037580,A,0,928.8804503358607,1.0,0,1,typing
SYNTHETIC DEMONSTRATION ONLY - NOT HUMAN EXPERIMENT RESULTS,1037600,A,0,928.9547824339375,1.0,0,1,typing
SYNTHETIC DEMONSTRATION ONLY - NOT HUMAN EXPERIMENT RESULTS,1037620,A,0,929.0287030204641,1.0,0,1,typing
SYNTHETIC DEMONSTRATION ONLY - NOT HUMAN EXPERIMENT RESULTS,1037640,A,0,929.1022110448658,1.0,0,1,typing
SYNTHETIC DEMONSTRATION ONLY - NOT HUMAN EXPERIMENT RESULTS,1037660,A,0,929.1753054624306,1.0,0,1,typing
SYNTHETIC DEMONSTRATION ONLY - NOT HUMAN EXPERIMENT RESULTS,1037680,A,0,929.247985234325,1.0,0,1,typing
SYNTHETIC DEMONSTRATION ONLY - NOT HUMAN EXPERIMENT RESULTS,1037700,A,0,929.3202493276087,1.0,0,1,typing
SYNTHETIC DEMONSTRATION ONLY - NOT HUMAN EXPERIMENT RESULTS,1037720,A,0,929.392096715249,1.0,0,1,typing
SYNTHETIC DEMONSTRATION ONLY - NOT HUMAN EXPERIMENT RESULTS,1037740,A,0,929.4635263761354,1.0,0,1,typing
SYNTHETIC DEMONSTRATION ONLY - NOT HUMAN EXPERIMENT RESULTS,1037760,A,0,929.5345372950942,1.0,0,1,typing
SYNTHETIC DEMONSTRATION ONLY - NOT HUMAN EXPERIMENT RESULTS,1037780,A,0,929.6051284629033,1.0,0,1,typing
SYNTHETIC DEMONSTRATION ONLY - NOT HUMAN EXPERIMENT RESULTS,1037800,A,0,929.6752988763059,1.0,0,1,typing
SYNTHETIC DEMONSTRATION ONLY - NOT HUMAN EXPERIMENT RESULTS,1037820,A,0,929.7450475380249,1.0,0,1,typing
SYNTHETIC DEMONSTRATION ONLY - NOT HUMAN EXPERIMENT RESULTS,1037840,A,0,929.8143734567776,1.0,0,1,typing
SYNTHETIC DEMONSTRATION ONLY - NOT HUMAN EXPERIMENT RESULTS,1037860,A,0,929.8832756472892,1.0,0,1,typing
SYNTHETIC DEMONSTRATION ONLY - NOT HUMAN EXPERIMENT RESULTS,1037880,A,0,929.951753130307,1.0,0,1,typing
SYNTHETIC DEMONSTRATION ONLY - NOT HUMAN EXPERIMENT RESULTS,1037900,A,0,930.0198049326145,1.0,0,1,typing
SYNTHETIC DEMONSTRATION ONLY - NOT HUMAN EXPERIMENT RESULTS,1037920,A,0,930.087430087045,1.0,0,1,typing
SYNTHETIC DEMONSTRATION ONLY - NOT HUMAN EXPERIMENT RESULTS,1037940,A,0,930.1546276324952,1.0,0,1,typing
SYNTHETIC DEMONSTRATION ONLY - NOT HUMAN EXPERIMENT RESULTS,1037960,A,0,930.2213966139393,1.0,0,1,typing
SYNTHETIC DEMONSTRATION ONLY - NOT HUMAN EXPERIMENT RESULTS,1037980,A,0,930.2877360824424,1.0,0,1,typing
SYNTHETIC DEMONSTRATION ONLY - NOT HUMAN EXPERIMENT RESULTS,1038000,A,0,930.3536450951736,1.0,0,1,typing
SYNTHETIC DEMONSTRATION ONLY - NOT HUMAN EXPERIMENT RESULTS,1038020,A,0,930.41912271542,1.0,0,1,typing
SYNTHETIC DEMONSTRATION ONLY - NOT HUMAN EXPERIMENT RESULTS,1038040,A,0,930.4841680125999,1.0,0,1,typing
SYNTHETIC DEMONSTRATION ONLY - NOT HUMAN EXPERIMENT RESULTS,1038060,A,0,930.5487800622753,1.0,0,1,typing
SYNTHETIC DEMONSTRATION ONLY - NOT HUMAN EXPERIMENT RESULTS,1038080,A,0,930.6129579461663,1.0,0,1,typing
SYNTHETIC DEMONSTRATION ONLY - NOT HUMAN EXPERIMENT RESULTS,1038100,A,0,930.6767007521628,1.0,0,1,typing
SYNTHETIC DEMONSTRATION ONLY - NOT HUMAN EXPERIMENT RESULTS,1038120,A,0,930.7400075743386,1.0,0,1,typing
SYNTHETIC DEMONSTRATION ONLY - NOT HUMAN EXPERIMENT RESULTS,1038140,A,0,930.8028775129636,1.0,0,1,typing
SYNTHETIC DEMONSTRATION ONLY - NOT HUMAN EXPERIMENT RESULTS,1038160,A,0,930.8653096745169,1.0,0,1,typing
SYNTHETIC DEMONSTRATION ONLY - NOT HUMAN EXPERIMENT RESULTS,1038180,A,0,930.927303171699,1.0,0,1,typing
SYNTHETIC DEMONSTRATION ONLY - NOT HUMAN EXPERIMENT RESULTS,1038200,A,0,930.9888571234454,1.0,0,1,typing
SYNTHETIC DEMONSTRATION ONLY - NOT HUMAN EXPERIMENT RESULTS,1038220,A,0,931.0499706549381,1.0,0,1,typing
SYNTHETIC DEMONSTRATION ONLY - NOT HUMAN EXPERIMENT RESULTS,1038240,A,0,931.1106428976185,1.0,0,1,typing
SYNTHETIC DEMONSTRATION ONLY - NOT HUMAN EXPERIMENT RESULTS,1038260,A,0,931.1708729891998,1.0,0,1,typing
SYNTHETIC DEMONSTRATION ONLY - NOT HUMAN EXPERIMENT RESULTS,1038280,A,0,931.2306600736789,1.0,0,1,typing
SYNTHETIC DEMONSTRATION ONLY - NOT HUMAN EXPERIMENT RESULTS,1038300,A,0,931.2900033013493,1.0,0,1,typing
SYNTHETIC DEMONSTRATION ONLY - NOT HUMAN EXPERIMENT RESULTS,1038320,A,0,931.348901828812,1.0,0,1,typing
SYNTHETIC DEMONSTRATION ONLY - NOT HUMAN EXPERIMENT RESULTS,1038340,A,0,931.4073548189889,1.0,0,1,typing
SYNTHETIC DEMONSTRATION ONLY - NOT HUMAN EXPERIMENT RESULTS,1038360,A,0,931.4653614411335,1.0,0,1,typing
SYNTHETIC DEMONSTRATION ONLY - NOT HUMAN EXPERIMENT RESULTS,1038380,A,0,931.5229208708431,1.0,0,1,typing
SYNTHETIC DEMONSTRATION ONLY - NOT HUMAN EXPERIMENT RESULTS,1038400,A,0,931.5800322900711,1.0,0,1,typing
SYNTHETIC DEMONSTRATION ONLY - NOT HUMAN EXPERIMENT RESULTS,1038420,A,0,931.6366948871378,1.0,0,1,typing
SYNTHETIC DEMONSTRATION ONLY - NOT HUMAN EXPERIMENT RESULTS,1038440,A,0,931.692907856742,1.0,0,1,typing
SYNTHETIC DEMONSTRATION ONLY - NOT HUMAN EXPERIMENT RESULTS,1038460,A,0,931.7486703999731,1.0,0,1,typing
SYNTHETIC DEMONSTRATION ONLY - NOT HUMAN EXPERIMENT RESULTS,1038480,A,0,931.803981724322,1.0,0,1,typing
SYNTHETIC DEMONSTRATION ONLY - NOT HUMAN EXPERIMENT RESULTS,1038500,A,0,931.8588410436925,1.0,0,1,typing
SYNTHETIC DEMONSTRATION ONLY - NOT HUMAN EXPERIMENT RESULTS,1038520,A,0,931.9132475784119,1.0,0,1,typing
SYNTHETIC DEMONSTRATION ONLY - NOT HUMAN EXPERIMENT RESULTS,1038540,A,0,931.967200555243,1.0,0,1,typing
SYNTHETIC DEMONSTRATION ONLY - NOT HUMAN EXPERIMENT RESULTS,1038560,A,0,932.0206992073947,1.0,0,1,typing
SYNTHETIC DEMONSTRATION ONLY - NOT HUMAN EXPERIMENT RESULTS,1038580,A,0,932.0737427745328,1.0,0,1,typing
SYNTHETIC DEMONSTRATION ONLY - NOT HUMAN EXPERIMENT RESULTS,1038600,A,0,932.1263305027906,1.0,0,1,typing
SYNTHETIC DEMONSTRATION ONLY - NOT HUMAN EXPERIMENT RESULTS,1038620,A,0,932.17846164478,1.0,0,1,typing
SYNTHETIC DEMONSTRATION ONLY - NOT HUMAN EXPERIMENT RESULTS,1038640,A,0,932.2301354596024,1.0,0,1,typing
SYNTHETIC DEMONSTRATION ONLY - NOT HUMAN EXPERIMENT RESULTS,1038660,A,0,932.2813512128583,1.0,0,1,typing
SYNTHETIC DEMONSTRATION ONLY - NOT HUMAN EXPERIMENT RESULTS,1038680,A,0,932.3321081766585,1.0,0,1,typing
SYNTHETIC DEMONSTRATION ONLY - NOT HUMAN EXPERIMENT RESULTS,1038700,A,0,932.3824056296343,1.0,0,1,typing
SYNTHETIC DEMONSTRATION ONLY - NOT HUMAN EXPERIMENT RESULTS,1038720,A,0,932.4322428569474,1.0,0,1,typing
SYNTHETIC DEMONSTRATION ONLY - NOT HUMAN EXPERIMENT RESULTS,1038740,A,0,932.4816191503005,1.0,0,1,typing
SYNTHETIC DEMONSTRATION ONLY - NOT HUMAN EXPERIMENT RESULTS,1038760,A,0,932.5305338079473,1.0,0,1,typing
SYNTHETIC DEMONSTRATION ONLY - NOT HUMAN EXPERIMENT RESULTS,1038780,A,0,932.5789861347023,1.0,0,1,typing
SYNTHETIC DEMONSTRATION ONLY - NOT HUMAN EXPERIMENT RESULTS,1038800,A,0,932.6269754419504,1.0,0,1,typing
SYNTHETIC DEMONSTRATION ONLY - NOT HUMAN EXPERIMENT RESULTS,1038820,A,0,932.6745010476576,1.0,0,1,typing
SYNTHETIC DEMONSTRATION ONLY - NOT HUMAN EXPERIMENT RESULTS,1038840,A,0,932.7215622763797,1.0,0,1,typing
SYNTHETIC DEMONSTRATION ONLY - NOT HUMAN EXPERIMENT RESULTS,1038860,A,0,932.7681584592725,1.0,0,1,typing
SYNTHETIC DEMONSTRATION ONLY - NOT HUMAN EXPERIMENT RESULTS,1038880,A,0,932.8142889341011,1.0,0,1,typing
SYNTHETIC DEMONSTRATION ONLY - NOT HUMAN EXPERIMENT RESULTS,1038900,A,0,932.8599530452493,1.0,0,1,typing
SYNTHETIC DEMONSTRATION ONLY - NOT HUMAN EXPERIMENT RESULTS,1038920,A,0,932.9051501437291,1.0,0,1,typing
SYNTHETIC DEMONSTRATION ONLY - NOT HUMAN EXPERIMENT RESULTS,1038940,A,0,932.9498795871896,1.0,0,1,typing
SYNTHETIC DEMONSTRATION ONLY - NOT HUMAN EXPERIMENT RESULTS,1038960,A,0,932.9941407399265,1.0,0,1,typing
SYNTHETIC DEMONSTRATION ONLY - NOT HUMAN EXPERIMENT RESULTS,1038980,A,0,933.0379329728906,1.0,0,1,typing
SYNTHETIC DEMONSTRATION ONLY - NOT HUMAN EXPERIMENT RESULTS,1039000,A,0,933.0812556636977,1.0,0,1,typing
SYNTHETIC DEMONSTRATION ONLY - NOT HUMAN EXPERIMENT RESULTS,1039020,A,0,933.1241081966363,1.0,0,1,typing
SYNTHETIC DEMONSTRATION ONLY - NOT HUMAN EXPERIMENT RESULTS,1039040,A,0,933.1664899626769,1.0,0,1,typing
SYNTHETIC DEMONSTRATION ONLY - NOT HUMAN EXPERIMENT RESULTS,1039060,A,0,933.2084003594811,1.0,0,1,typing
SYNTHETIC DEMONSTRATION ONLY - NOT HUMAN EXPERIMENT RESULTS,1039080,A,0,933.249838791409,1.0,0,1,typing
SYNTHETIC DEMONSTRATION ONLY - NOT HUMAN EXPERIMENT RESULTS,1039100,A,0,933.2908046695292,1.0,0,1,typing
SYNTHETIC DEMONSTRATION ONLY - NOT HUMAN EXPERIMENT RESULTS,1039120,A,0,933.3312974116255,1.0,0,1,typing
SYNTHETIC DEMONSTRATION ONLY - NOT HUMAN EXPERIMENT RESULTS,1039140,A,0,933.3713164422066,1.0,0,1,typing
SYNTHETIC DEMONSTRATION ONLY - NOT HUMAN EXPERIMENT RESULTS,1039160,A,0,933.4108611925136,1.0,0,1,typing
SYNTHETIC DEMONSTRATION ONLY - NOT HUMAN EXPERIMENT RESULTS,1039180,A,0,933.4499311005278,1.0,0,1,typing
SYNTHETIC DEMONSTRATION ONLY - NOT HUMAN EXPERIMENT RESULTS,1039200,A,0,933.4885256109795,1.0,0,1,typing
SYNTHETIC DEMONSTRATION ONLY - NOT HUMAN EXPERIMENT RESULTS,1039220,A,0,933.5266441753554,1.0,0,1,typing
SYNTHETIC DEMONSTRATION ONLY - NOT HUMAN EXPERIMENT RESULTS,1039240,A,0,933.564286251906,1.0,0,1,typing
SYNTHETIC DEMONSTRATION ONLY - NOT HUMAN EXPERIMENT RESULTS,1039260,A,0,933.6014513056542,1.0,0,1,typing
SYNTHETIC DEMONSTRATION ONLY - NOT HUMAN EXPERIMENT RESULTS,1039280,A,0,933.6381388084025,1.0,0,1,typing
SYNTHETIC DEMONSTRATION ONLY - NOT HUMAN EXPERIMENT RESULTS,1039300,A,0,933.67434823874,1.0,0,1,typing
SYNTHETIC DEMONSTRATION ONLY - NOT HUMAN EXPERIMENT RESULTS,1039320,A,0,933.7100790820507,1.0,0,1,typing
SYNTHETIC DEMONSTRATION ONLY - NOT HUMAN EXPERIMENT RESULTS,1039340,A,0,933.7453308305203,1.0,0,1,typing
SYNTHETIC DEMONSTRATION ONLY - NOT HUMAN EXPERIMENT RESULTS,1039360,A,0,933.7801029831433,1.0,0,1,typing
SYNTHETIC DEMONSTRATION ONLY - NOT HUMAN EXPERIMENT RESULTS,1039380,A,0,933.8143950457304,1.0,0,1,typing
SYNTHETIC DEMONSTRATION ONLY - NOT HUMAN EXPERIMENT RESULTS,1039400,A,0,933.8482065309156,1.0,0,1,typing
SYNTHETIC DEMONSTRATION ONLY - NOT HUMAN EXPERIMENT RESULTS,1039420,A,0,933.8815369581628,1.0,0,1,typing
SYNTHETIC DEMONSTRATION ONLY - NOT HUMAN EXPERIMENT RESULTS,1039440,A,0,933.9143858537728,1.0,0,1,typing
SYNTHETIC DEMONSTRATION ONLY - NOT HUMAN EXPERIMENT RESULTS,1039460,A,0,933.9467527508903,1.0,0,1,typing
SYNTHETIC DEMONSTRATION ONLY - NOT HUMAN EXPERIMENT RESULTS,1039480,A,0,933.9786371895098,1.0,0,1,typing
SYNTHETIC DEMONSTRATION ONLY - NOT HUMAN EXPERIMENT RESULTS,1039500,A,0,934.0100387164829,1.0,0,1,typing
SYNTHETIC DEMONSTRATION ONLY - NOT HUMAN EXPERIMENT RESULTS,1039520,A,0,934.0409568855246,1.0,0,1,typing
SYNTHETIC DEMONSTRATION ONLY - NOT HUMAN EXPERIMENT RESULTS,1039540,A,0,934.0713912572189,1.0,0,1,typing
SYNTHETIC DEMONSTRATION ONLY - NOT HUMAN EXPERIMENT RESULTS,1039560,A,0,934.1013413990264,1.0,0,1,typing
SYNTHETIC DEMONSTRATION ONLY - NOT HUMAN EXPERIMENT RESULTS,1039580,A,0,934.1308068852891,1.0,0,1,typing
SYNTHETIC DEMONSTRATION ONLY - NOT HUMAN EXPERIMENT RESULTS,1039600,A,0,934.1597872972371,1.0,0,1,typing
SYNTHETIC DEMONSTRATION ONLY - NOT HUMAN EXPERIMENT RESULTS,1039620,A,0,934.1882822229949,1.0,0,1,typing
SYNTHETIC DEMONSTRATION ONLY - NOT HUMAN EXPERIMENT RESULTS,1039640,A,0,934.2162912575862,1.0,0,1,typing
SYNTHETIC DEMONSTRATION ONLY - NOT HUMAN EXPERIMENT RESULTS,1039660,A,0,934.243814002941,1.0,0,1,typing
SYNTHETIC DEMONSTRATION ONLY - NOT HUMAN EXPERIMENT RESULTS,1039680,A,0,934.2708500678998,1.0,0,1,typing
SYNTHETIC DEMONSTRATION ONLY - NOT HUMAN EXPERIMENT RESULTS,1039700,A,0,934.2973990682206,1.0,0,1,typing
SYNTHETIC DEMONSTRATION ONLY - NOT HUMAN EXPERIMENT RESULTS,1039720,A,0,934.3234606265829,1.0,0,1,typing
SYNTHETIC DEMONSTRATION ONLY - NOT HUMAN EXPERIMENT RESULTS,1039740,A,0,934.3490343725947,1.0,0,1,typing
SYNTHETIC DEMONSTRATION ONLY - NOT HUMAN EXPERIMENT RESULTS,1039760,A,0,934.3741199427963,1.0,0,1,typing
SYNTHETIC DEMONSTRATION ONLY - NOT HUMAN EXPERIMENT RESULTS,1039780,A,0,934.3987169806662,1.0,0,1,typing
SYNTHETIC DEMONSTRATION ONLY - NOT HUMAN EXPERIMENT RESULTS,1039800,A,0,934.4228251366261,1.0,0,1,typing
SYNTHETIC DEMONSTRATION ONLY - NOT HUMAN EXPERIMENT RESULTS,1039820,A,0,934.4464440680456,1.0,0,1,typing
SYNTHETIC DEMONSTRATION ONLY - NOT HUMAN EXPERIMENT RESULTS,1039840,A,0,934.4695734392476,1.0,0,1,typing
SYNTHETIC DEMONSTRATION ONLY - NOT HUMAN EXPERIMENT RESULTS,1039860,A,0,934.4922129215124,1.0,0,1,typing
SYNTHETIC DEMONSTRATION ONLY - NOT HUMAN EXPERIMENT RESULTS,1039880,A,0,934.5143621930829,1.0,0,1,typing
SYNTHETIC DEMONSTRATION ONLY - NOT HUMAN EXPERIMENT RESULTS,1039900,A,0,934.5360209391689,1.0,0,1,typing
SYNTHETIC DEMONSTRATION ONLY - NOT HUMAN EXPERIMENT RESULTS,1039920,A,0,934.5571888519517,1.0,0,1,typing
SYNTHETIC DEMONSTRATION ONLY - NOT HUMAN EXPERIMENT RESULTS,1039940,A,0,934.5778656305883,1.0,0,1,typing
SYNTHETIC DEMONSTRATION ONLY - NOT HUMAN EXPERIMENT RESULTS,1039960,A,0,934.5980509812161,1.0,0,1,typing
SYNTHETIC DEMONSTRATION ONLY - NOT HUMAN EXPERIMENT RESULTS,1039980,A,0,934.6177446169565,1.0,0,1,typing
SYNTHETIC DEMONSTRATION ONLY - NOT HUMAN EXPERIMENT RESULTS,1040000,A,0,934.6369462579194,1.0,0,1,typing
SYNTHETIC DEMONSTRATION ONLY - NOT HUMAN EXPERIMENT RESULTS,1040020,A,0,934.6556556312069,1.0,0,1,typing
SYNTHETIC DEMONSTRATION ONLY - NOT HUMAN EXPERIMENT RESULTS,1040040,A,0,934.6738724709172,1.0,0,1,typing
SYNTHETIC DEMONSTRATION ONLY - NOT HUMAN EXPERIMENT RESULTS,1040060,A,0,934.691596518149,1.0,0,1,typing
SYNTHETIC DEMONSTRATION ONLY - NOT HUMAN EXPERIMENT RESULTS,1040080,A,0,934.7088275210043,1.0,0,1,typing
SYNTHETIC DEMONSTRATION ONLY - NOT HUMAN EXPERIMENT RESULTS,1040100,A,0,934.7255652345923,1.0,0,1,typing
SYNTHETIC DEMONSTRATION ONLY - NOT HUMAN EXPERIMENT RESULTS,1040120,A,0,934.7418094210332,1.0,0,1,typing
SYNTHETIC DEMONSTRATION ONLY - NOT HUMAN EXPERIMENT RESULTS,1040140,A,0,934.7575598494609,1.0,0,1,typing
SYNTHETIC DEMONSTRATION ONLY - NOT HUMAN EXPERIMENT RESULTS,1040160,A,0,934.7728162960271,1.0,0,1,typing
SYNTHETIC DEMONSTRATION ONLY - NOT HUMAN EXPERIMENT RESULTS,1040180,A,0,934.787578543904,1.0,0,1,typing
SYNTHETIC DEMONSTRATION ONLY - NOT HUMAN EXPERIMENT RESULTS,1040200,A,0,934.8018463832874,1.0,0,1,typing
SYNTHETIC DEMONSTRATION ONLY - NOT HUMAN EXPERIMENT RESULTS,1040220,A,0,934.8156196113995,1.0,0,1,typing
SYNTHETIC DEMONSTRATION ONLY - NOT HUMAN EXPERIMENT RESULTS,1040240,A,0,934.8288980324924,1.0,0,1,typing
SYNTHETIC DEMONSTRATION ONLY - NOT HUMAN EXPERIMENT RESULTS,1040260,A,0,934.8416814578502,1.0,0,1,typing
SYNTHETIC DEMONSTRATION ONLY - NOT HUMAN EXPERIMENT RESULTS,1040280,A,0,934.8539697057923,1.0,0,1,typing
SYNTHETIC DEMONSTRATION ONLY - NOT HUMAN EXPERIMENT RESULTS,1040300,A,0,934.8657626016754,1.0,0,1,typing
SYNTHETIC DEMONSTRATION ONLY - NOT HUMAN EXPERIMENT RESULTS,1040320,A,0,934.8770599778965,1.0,0,1,typing
SYNTHETIC DEMONSTRATION ONLY - NOT HUMAN EXPERIMENT RESULTS,1040340,A,0,934.8878616738947,1.0,0,1,typing
SYNTHETIC DEMONSTRATION ONLY - NOT HUMAN EXPERIMENT RESULTS,1040360,A,0,934.898167536154,1.0,0,1,typing
SYNTHETIC DEMONSTRATION ONLY - NOT HUMAN EXPERIMENT RESULTS,1040380,A,0,934.9079774182054,1.0,0,1,typing
SYNTHETIC DEMONSTRATION ONLY - NOT HUMAN EXPERIMENT RESULTS,1040400,A,0,934.9172911806286,1.0,0,1,typing
SYNTHETIC DEMONSTRATION ONLY - NOT HUMAN EXPERIMENT RESULTS,1040420,A,0,934.9261086910547,1.0,0,1,typing
SYNTHETIC DEMONSTRATION ONLY - NOT HUMAN EXPERIMENT RESULTS,1040440,A,0,934.934429824167,1.0,0,1,typing
SYNTHETIC DEMONSTRATION ONLY - NOT HUMAN EXPERIMENT RESULTS,1040460,A,0,934.942254461704,1.0,0,1,typing
SYNTHETIC DEMONSTRATION ONLY - NOT HUMAN EXPERIMENT RESULTS,1040480,A,0,934.9495824924602,1.0,0,1,typing
SYNTHETIC DEMONSTRATION ONLY - NOT HUMAN EXPERIMENT RESULTS,1040500,A,0,934.9564138122881,1.0,0,1,typing
SYNTHETIC DEMONSTRATION ONLY - NOT HUMAN EXPERIMENT RESULTS,1040520,A,0,934.9627483240996,1.0,0,1,typing
SYNTHETIC DEMONSTRATION ONLY - NOT HUMAN EXPERIMENT RESULTS,1040540,A,0,934.9685859378671,1.0,0,1,typing
SYNTHETIC DEMONSTRATION ONLY - NOT HUMAN EXPERIMENT RESULTS,1040560,A,0,934.9739265706253,1.0,0,1,typing
SYNTHETIC DEMONSTRATION ONLY - NOT HUMAN EXPERIMENT RESULTS,1040580,A,0,934.978770146472,1.0,0,1,typing
SYNTHETIC DEMONSTRATION ONLY - NOT HUMAN EXPERIMENT RESULTS,1040600,A,0,934.9831165965692,1.0,0,1,typing
SYNTHETIC DEMONSTRATION ONLY - NOT HUMAN EXPERIMENT RESULTS,1040620,A,0,934.9869658591442,1.0,0,1,typing
SYNTHETIC DEMONSTRATION ONLY - NOT HUMAN EXPERIMENT RESULTS,1040640,A,0,934.9903178794906,1.0,0,1,typing
SYNTHETIC DEMONSTRATION ONLY - NOT HUMAN EXPERIMENT RESULTS,1040660,A,0,934.9931726099686,1.0,0,1,typing
SYNTHETIC DEMONSTRATION ONLY - NOT HUMAN EXPERIMENT RESULTS,1040680,A,0,934.9955300100063,1.0,0,1,typing
SYNTHETIC DEMONSTRATION ONLY - NOT HUMAN EXPERIMENT RESULTS,1040700,A,0,934.9973900460998,1.0,0,1,typing
SYNTHETIC DEMONSTRATION ONLY - NOT HUMAN EXPERIMENT RESULTS,1040720,A,0,934.9987526918137,1.0,0,1,typing
SYNTHETIC DEMONSTRATION ONLY - NOT HUMAN EXPERIMENT RESULTS,1040740,A,0,934.9996179277821,1.0,0,1,typing
SYNTHETIC DEMONSTRATION ONLY - NOT HUMAN EXPERIMENT RESULTS,1040760,A,0,934.9999857417077,1.0,0,1,typing
SYNTHETIC DEMONSTRATION ONLY - NOT HUMAN EXPERIMENT RESULTS,1040780,A,0,934.9998561283635,1.0,0,1,typing
SYNTHETIC DEMONSTRATION ONLY - NOT HUMAN EXPERIMENT RESULTS,1040800,A,0,934.9992290895912,1.0,0,1,typing
SYNTHETIC DEMONSTRATION ONLY - NOT HUMAN EXPERIMENT RESULTS,1040820,A,0,934.9981046343025,1.0,0,1,typing
SYNTHETIC DEMONSTRATION ONLY - NOT HUMAN EXPERIMENT RESULTS,1040840,A,0,934.9964827784786,1.0,0,1,typing
SYNTHETIC DEMONSTRATION ONLY - NOT HUMAN EXPERIMENT RESULTS,1040860,A,0,934.9943635451694,1.0,0,1,typing
SYNTHETIC DEMONSTRATION ONLY - NOT HUMAN EXPERIMENT RESULTS,1040880,A,0,934.991746964494,1.0,0,1,typing
SYNTHETIC DEMONSTRATION ONLY - NOT HUMAN EXPERIMENT RESULTS,1040900,A,0,934.98863307364,1.0,0,1,typing
SYNTHETIC DEMONSTRATION ONLY - NOT HUMAN EXPERIMENT RESULTS,1040920,A,0,934.9850219168624,1.0,0,1,typing
SYNTHETIC DEMONSTRATION ONLY - NOT HUMAN EXPERIMENT RESULTS,1040940,A,0,934.9809135454838,1.0,0,1,typing
SYNTHETIC DEMONSTRATION ONLY - NOT HUMAN EXPERIMENT RESULTS,1040960,A,0,934.9763080178933,1.0,0,1,typing
SYNTHETIC DEMONSTRATION ONLY - NOT HUMAN EXPERIMENT RESULTS,1040980,A,0,934.9712053995456,1.0,0,1,typing
SYNTHETIC DEMONSTRATION ONLY - NOT HUMAN EXPERIMENT RESULTS,1041000,A,0,934.9656057629602,1.0,0,1,typing
SYNTHETIC DEMONSTRATION ONLY - NOT HUMAN EXPERIMENT RESULTS,1041020,A,0,934.9595091877204,1.0,0,1,typing
SYNTHETIC DEMONSTRATION ONLY - NOT HUMAN EXPERIMENT RESULTS,1041040,A,0,934.952915760472,1.0,0,1,typing
SYNTHETIC DEMONSTRATION ONLY - NOT HUMAN EXPERIMENT RESULTS,1041060,A,0,934.9458255749222,1.0,0,1,typing
SYNTHETIC DEMONSTRATION ONLY - NOT HUMAN EXPERIMENT RESULTS,1041080,A,0,934.9382387318382,1.0,0,1,typing
SYNTHETIC DEMONSTRATION ONLY - NOT HUMAN EXPERIMENT RESULTS,1041100,A,0,934.9301553390458,1.0,0,1,typing
SYNTHETIC DEMONSTRATION ONLY - NOT HUMAN EXPERIMENT RESULTS,1041120,A,0,934.9215755114279,1.0,0,1,typing
SYNTHETIC DEMONSTRATION ONLY - NOT HUMAN EXPERIMENT RESULTS,1041140,A,0,934.912499370923,1.0,0,1,typing
SYNTHETIC DEMONSTRATION ONLY - NOT HUMAN EXPERIMENT RESULTS,1041160,A,0,934.902927046523,1.0,0,1,typing
SYNTHETIC DEMONSTRATION ONLY - NOT HUMAN EXPERIMENT RESULTS,1041180,A,0,934.8928586742718,1.0,0,1,typing
SYNTHETIC DEMONSTRATION ONLY - NOT HUMAN EXPERIMENT RESULTS,1041200,A,0,934.8822943972634,1.0,0,1,typing
SYNTHETIC DEMONSTRATION ONLY - NOT HUMAN EXPERIMENT RESULTS,1041220,A,0,934.8712343656395,1.0,0,1,typing
SYNTHETIC DEMONSTRATION ONLY - NOT HUMAN EXPERIMENT RESULTS,1041240,A,0,934.8596787365875,1.0,0,1,typing
SYNTHETIC DEMONSTRATION ONLY - NOT HUMAN EXPERIMENT RESULTS,1041260,A,0,934.8476276743386,1.0,0,1,typing
SYNTHETIC DEMONSTRATION ONLY - NOT HUMAN EXPERIMENT RESULTS,1041280,A,0,934.8350813501651,1.0,0,1,typing
SYNTHETIC DEMONSTRATION ONLY - NOT HUMAN EXPERIMENT RESULTS,1041300,A,0,934.8220399423778,1.0,0,1,typing
SYNTHETIC DEMONSTRATION ONLY - NOT HUMAN EXPERIMENT RESULTS,1041320,A,0,934.8085036363243,1.0,0,1,typing
SYNTHETIC DEMONSTRATION ONLY - NOT HUMAN EXPERIMENT RESULTS,1041340,A,0,934.7944726243853,1.0,0,1,typing
SYNTHETIC DEMONSTRATION ONLY - NOT HUMAN EXPERIMENT RESULTS,1041360,A,0,934.7799471059726,1.0,0,1,typing
SYNTHETIC DEMONSTRATION ONLY - NOT HUMAN EXPERIMENT RESULTS,1041380,A,0,934.7649272875258,1.0,0,1,typing
SYNTHETIC DEMONSTRATION ONLY - NOT HUMAN EXPERIMENT RESULTS,1041400,A,0,934.74941338251,1.0,0,1,typing
SYNTHETIC DEMONSTRATION ONLY - NOT HUMAN EXPERIMENT RESULTS,1041420,A,0,934.733405611412,1.0,0,1,typing
SYNTHETIC DEMONSTRATION ONLY - NOT HUMAN EXPERIMENT RESULTS,1041440,A,0,934.7169042017376,1.0,0,1,typing
SYNTHETIC DEMONSTRATION ONLY - NOT HUMAN EXPERIMENT RESULTS,1041460,A,0,934.6999093880086,1.0,0,1,typing
SYNTHETIC DEMONSTRATION ONLY - NOT HUMAN EXPERIMENT RESULTS,1041480,A,0,934.6824214117587,1.0,0,1,typing
SYNTHETIC DEMONSTRATION ONLY - NOT HUMAN EXPERIMENT RESULTS,1041500,A,0,934.6644405215308,1.0,0,1,typing
SYNTHETIC DEMONSTRATION ONLY - NOT HUMAN EXPERIMENT RESULTS,1041520,A,0,934.6459669728732,1.0,0,1,typing
SYNTHETIC DEMONSTRATION ONLY - NOT HUMAN EXPERIMENT RESULTS,1041540,A,0,934.6270010283358,1.0,0,1,typing
SYNTHETIC DEMONSTRATION ONLY - NOT HUMAN EXPERIMENT RESULTS,1041560,A,0,934.6075429574669,1.0,0,1,typing
SYNTHETIC DEMONSTRATION ONLY - NOT HUMAN EXPERIMENT RESULTS,1041580,A,0,934.5875930368084,1.0,0,1,typing
SYNTHETIC DEMONSTRATION ONLY - NOT HUMAN EXPERIMENT RESULTS,1041600,A,0,934.5671515498931,1.0,0,1,typing
SYNTHETIC DEMONSTRATION ONLY - NOT HUMAN EXPERIMENT RESULTS,1041620,A,0,934.5462187872397,1.0,0,1,typing
SYNTHETIC DEMONSTRATION ONLY - NOT HUMAN EXPERIMENT RESULTS,1041640,A,0,934.5247950463491,1.0,0,1,typing
SYNTHETIC DEMONSTRATION ONLY - NOT HUMAN EXPERIMENT RESULTS,1041660,A,0,934.5028806317001,1.0,0,1,typing
SYNTHETIC DEMONSTRATION ONLY - NOT HUMAN EXPERIMENT RESULTS,1041680,A,0,934.480475854745,1.0,0,1,typing
SYNTHETIC DEMONSTRATION ONLY - NOT HUMAN EXPERIMENT RESULTS,1041700,A,0,934.4575810339053,1.0,0,1,typing
SYNTHETIC DEMONSTRATION ONLY - NOT HUMAN EXPERIMENT RESULTS,1041720,A,0,934.4341964945671,1.0,0,1,typing
SYNTHETIC DEMONSTRATION ONLY - NOT HUMAN EXPERIMENT RESULTS,1041740,A,0,934.4103225690764,1.0,0,1,typing
SYNTHETIC DEMONSTRATION ONLY - NOT HUMAN EXPERIMENT RESULTS,1041760,A,0,934.3859595967346,1.0,0,1,typing
SYNTHETIC DEMONSTRATION ONLY - NOT HUMAN EXPERIMENT RESULTS,1041780,A,0,934.3611079237934,1.0,0,1,typing
SYNTHETIC DEMONSTRATION ONLY - NOT HUMAN EXPERIMENT RESULTS,1041800,A,0,934.33576790345,1.0,0,1,typing
SYNTHETIC DEMONSTRATION ONLY - NOT HUMAN EXPERIMENT RESULTS,1041820,A,0,934.3099398958425,1.0,0,1,typing
SYNTHETIC DEMONSTRATION ONLY - NOT HUMAN EXPERIMENT RESULTS,1041840,A,0,934.2836242680437,1.0,0,1,typing
SYNTHETIC DEMONSTRATION ONLY - NOT HUMAN EXPERIMENT RESULTS,1041860,A,0,934.256821394057,1.0,0,1,typing
SYNTHETIC DEMONSTRATION ONLY - NOT HUMAN EXPERIMENT RESULTS,1041880,A,0,934.2295316548108,1.0,0,1,typing
SYNTHETIC DEMONSTRATION ONLY - NOT HUMAN EXPERIMENT RESULTS,1041900,A,0,934.2017554381525,1.0,0,1,typing
SYNTHETIC DEMONSTRATION ONLY - NOT HUMAN EXPERIMENT RESULTS,1041920,A,0,934.1734931388436,1.0,0,1,typing
SYNTHETIC DEMONSTRATION ONLY - NOT HUMAN EXPERIMENT RESULTS,1041940,A,0,934.144745158554,1.0,0,1,typing
SYNTHETIC DEMONSTRATION ONLY - NOT HUMAN EXPERIMENT RESULTS,1041960,A,0,934.1155119058561,1.0,0,1,typing
SYNTHETIC DEMONSTRATION ONLY - NOT HUMAN EXPERIMENT RESULTS,1041980,A,0,934.0857937962193,1.0,0,1,typing
SYNTHETIC DEMONSTRATION ONLY - NOT HUMAN EXPERIMENT RESULTS,1042000,A,0,934.0555912520034,1.0,0,1,typing
SYNTHETIC DEMONSTRATION ONLY - NOT HUMAN EXPERIMENT RESULTS,1042020,A,0,934.0249047024537,1.0,0,1,typing
SYNTHETIC DEMONSTRATION ONLY - NOT HUMAN EXPERIMENT RESULTS,1042040,A,0,933.9937345836938,1.0,0,1,typing
SYNTHETIC DEMONSTRATION ONLY - NOT HUMAN EXPERIMENT RESULTS,1042060,A,0,933.9620813387202,1.0,0,1,typing
SYNTHETIC DEMONSTRATION ONLY - NOT HUMAN EXPERIMENT RESULTS,1042080,A,0,933.9299454173954,1.0,0,1,typing
SYNTHETIC DEMONSTRATION ONLY - NOT HUMAN EXPERIMENT RESULTS,1042100,A,0,933.8973272764422,1.0,0,1,typing
SYNTHETIC DEMONSTRATION ONLY - NOT HUMAN EXPERIMENT RESULTS,1042120,A,0,933.8642273794366,1.0,0,1,typing
SYNTHETIC DEMONSTRATION ONLY - NOT HUMAN EXPERIMENT RESULTS,1042140,A,0,933.8306461968011,1.0,0,1,typing
SYNTHETIC DEMONSTRATION ONLY - NOT HUMAN EXPERIMENT RESULTS,1042160,A,0,933.7965842057989,1.0,0,1,typing
SYNTHETIC DEMONSTRATION ONLY - NOT HUMAN EXPERIMENT RESULTS,1042180,A,0,933.7620418905262,1.0,0,1,typing
SYNTHETIC DEMONSTRATION ONLY - NOT HUMAN EXPERIMENT RESULTS,1042200,A,0,933.7270197419059,1.0,0,1,typing
SYNTHETIC DEMONSTRATION ONLY - NOT HUMAN EXPERIMENT RESULTS,1042220,A,0,933.69151825768,1.0,0,1,typing
SYNTHETIC DEMONSTRATION ONLY - NOT HUMAN EXPERIMENT RESULTS,1042240,A,0,933.6555379424034,1.0,0,1,typing
SYNTHETIC DEMONSTRATION ONLY - NOT HUMAN EXPERIMENT RESULTS,1042260,A,0,933.6190793074359,1.0,0,1,typing
SYNTHETIC DEMONSTRATION ONLY - NOT HUMAN EXPERIMENT RESULTS,1042280,A,0,933.5821428709353,1.0,0,1,typing
SYNTHETIC DEMONSTRATION ONLY - NOT HUMAN EXPERIMENT RESULTS,1042300,A,0,933.5447291578504,1.0,0,1,typing
SYNTHETIC DEMONSTRATION ONLY - NOT HUMAN EXPERIMENT RESULTS,1042320,A,0,933.5068386999127,1.0,0,1,typing
SYNTHETIC DEMONSTRATION ONLY - NOT HUMAN EXPERIMENT RESULTS,1042340,A,0,933.4684720356295,1.0,0,1,typing
SYNTHETIC DEMONSTRATION ONLY - NOT HUMAN EXPERIMENT RESULTS,1042360,A,0,933.429629710276,1.0,0,1,typing
SYNTHETIC DEMONSTRATION ONLY - NOT HUMAN EXPERIMENT RESULTS,1042380,A,0,933.3903122758877,1.0,0,1,typing
SYNTHETIC DEMONSTRATION ONLY - NOT HUMAN EXPERIMENT RESULTS,1042400,A,0,933.3505202912523,1.0,0,1,typing
SYNTHETIC DEMONSTRATION ONLY - NOT HUMAN EXPERIMENT RESULTS,1042420,A,0,933.310254321902,1.0,0,1,typing
SYNTHETIC DEMONSTRATION ONLY - NOT HUMAN EXPERIMENT RESULTS,1042440,A,0,933.2695149401054,1.0,0,1,typing
SYNTHETIC DEMONSTRATION ONLY - NOT HUMAN EXPERIMENT RESULTS,1042460,A,0,933.2283027248592,1.0,0,1,typing
SYNTHETIC DEMONSTRATION ONLY - NOT HUMAN EXPERIMENT RESULTS,1042480,A,0,933.1866182618803,1.0,0,1,typing
SYNTHETIC DEMONSTRATION ONLY - NOT HUMAN EXPERIMENT RESULTS,1042500,A,0,933.1444621435971,1.0,0,1,typing
SYNTHETIC DEMONSTRATION ONLY - NOT HUMAN EXPERIMENT RESULTS,1042520,A,0,933.1018349691415,1.0,0,1,typing
SYNTHETIC DEMONSTRATION ONLY - NOT HUMAN EXPERIMENT RESULTS,1042540,A,0,933.0587373443399,1.0,0,1,typing
SYNTHETIC DEMONSTRATION ONLY - NOT HUMAN EXPERIMENT RESULTS,1042560,A,0,933.0151698817048,1.0,0,1,typing
SYNTHETIC DEMONSTRATION ONLY - NOT HUMAN EXPERIMENT RESULTS,1042580,A,0,932.9711332004265,1.0,0,1,typing
SYNTHETIC DEMONSTRATION ONLY - NOT HUMAN EXPERIMENT RESULTS,1042600,A,0,932.9266279263637,1.0,0,1,typing
SYNTHETIC DEMONSTRATION ONLY - NOT HUMAN EXPERIMENT RESULTS,1042620,A,0,932.8816546920348,1.0,0,1,typing
SYNTHETIC DEMONSTRATION ONLY - NOT HUMAN EXPERIMENT RESULTS,1042640,A,0,932.8362141366089,1.0,0,1,typing
SYNTHETIC DEMONSTRATION ONLY - NOT HUMAN EXPERIMENT RESULTS,1042660,A,0,932.7903069058971,1.0,0,1,typing
SYNTHETIC DEMONSTRATION ONLY - NOT HUMAN EXPERIMENT RESULTS,1042680,A,0,932.7439336523425,1.0,0,1,typing
SYNTHETIC DEMONSTRATION ONLY - NOT HUMAN EXPERIMENT RESULTS,1042700,A,0,932.697095035012,1.0,0,1,typing
SYNTHETIC DEMONSTRATION ONLY - NOT HUMAN EXPERIMENT RESULTS,1042720,A,0,932.6497917195858,1.0,0,1,typing
SYNTHETIC DEMONSTRATION ONLY - NOT HUMAN EXPERIMENT RESULTS,1042740,A,0,932.6020243783487,1.0,0,1,typing
SYNTHETIC DEMONSTRATION ONLY - NOT HUMAN EXPERIMENT RESULTS,1042760,A,0,932.5537936901806,1.0,0,1,typing
SYNTHETIC DEMONSTRATION ONLY - NOT HUMAN EXPERIMENT RESULTS,1042780,A,0,932.505100340546,1.0,0,1,typing
SYNTHETIC DEMONSTRATION ONLY - NOT HUMAN EXPERIMENT RESULTS,1042800,A,0,932.4559450214854,1.0,0,1,typing
SYNTHETIC DEMONSTRATION ONLY - NOT HUMAN EXPERIMENT RESULTS,1042820,A,0,932.4063284316047,1.0,0,1,typing
SYNTHETIC DEMONSTRATION ONLY - NOT HUMAN EXPERIMENT RESULTS,1042840,A,0,932.3562512760653,1.0,0,1,typing
SYNTHETIC DEMONSTRATION ONLY - NOT HUMAN EXPERIMENT RESULTS,1042860,A,0,932.3057142665747,1.0,0,1,typing
SYNTHETIC DEMONSTRATION ONLY - NOT HUMAN EXPERIMENT RESULTS,1042880,A,0,932.2547181213754,1.0,0,1,typing
SYNTHETIC DEMONSTRATION ONLY - NOT HUMAN EXPERIMENT RESULTS,1042900,A,0,932.2032635652356,1.0,0,1,typing
SYNTHETIC DEMONSTRATION ONLY - NOT HUMAN EXPERIMENT RESULTS,1042920,A,0,932.1513513294384,1.0,0,1,typing
SYNTHETIC DEMONSTRATION ONLY - NOT HUMAN EXPERIMENT RESULTS,1042940,A,0,932.0989821517717,1.0,0,1,typing
SYNTHETIC DEMONSTRATION ONLY - NOT HUMAN EXPERIMENT RESULTS,1042960,A,0,932.0461567765174,1.0,0,1,typing
SYNTHETIC DEMONSTRATION ONLY - NOT HUMAN EXPERIMENT RESULTS,1042980,A,0,931.9928759544408,1.0,0,1,typing
SYNTHETIC DEMONSTRATION ONLY - NOT HUMAN EXPERIMENT RESULTS,1043000,A,0,931.9391404427806,1.0,0,1,typing
SYNTHETIC DEMONSTRATION ONLY - NOT HUMAN EXPERIMENT RESULTS,1043020,A,0,931.8849510052372,1.0,0,1,typing
SYNTHETIC DEMONSTRATION ONLY - NOT HUMAN EXPERIMENT RESULTS,1043040,A,0,931.8303084119626,1.0,0,1,typing
SYNTHETIC DEMONSTRATION ONLY - NOT HUMAN EXPERIMENT RESULTS,1043060,A,0,931.7752134395488,1.0,0,1,typing
SYNTHETIC DEMONSTRATION ONLY - NOT HUMAN EXPERIMENT RESULTS,1043080,A,0,931.7196668710176,1.0,0,1,typing
SYNTHETIC DEMONSTRATION ONLY - NOT HUMAN EXPERIMENT RESULTS,1043100,A,0,931.6636694958083,1.0,0,1,typing
SYNTHETIC DEMONSTRATION ONLY - NOT HUMAN EXPERIMENT RESULTS,1043120,A,0,931.6072221097679,1.0,0,1,typing
SYNTHETIC DEMONSTRATION ONLY - NOT HUMAN EXPERIMENT RESULTS,1043140,A,0,931.5503255151385,1.0,0,1,typing
SYNTHETIC DEMONSTRATION ONLY - NOT HUMAN EXPERIMENT RESULTS,1043160,A,0,931.4929805205467,1.0,0,1,typing
SYNTHETIC DEMONSTRATION ONLY - NOT HUMAN EXPERIMENT RESULTS,1043180,A,0,931.4351879409919,1.0,0,1,typing
SYNTHETIC DEMONSTRATION ONLY - NOT HUMAN EXPERIMENT RESULTS,1043200,A,0,931.3769485978345,1.0,0,1,typing
SYNTHETIC DEMONSTRATION ONLY - NOT HUMAN EXPERIMENT RESULTS,1043220,A,0,931.3182633187844,1.0,0,1,typing
SYNTHETIC DEMONSTRATION ONLY - NOT HUMAN EXPERIMENT RESULTS,1043240,A,0,931.2591329378895,1.0,0,1,typing
SYNTHETIC DEMONSTRATION ONLY - NOT HUMAN EXPERIMENT RESULTS,1043260,A,0,931.1995582955232,1.0,0,1,typing
SYNTHETIC DEMONSTRATION ONLY - NOT HUMAN EXPERIMENT RESULTS,1043280,A,0,931.1395402383731,1.0,0,1,typing
SYNTHETIC DEMONSTRATION ONLY - NOT HUMAN EXPERIMENT RESULTS,1043300,A,0,931.0790796194289,1.0,0,1,typing
SYNTHETIC DEMONSTRATION ONLY - NOT HUMAN EXPERIMENT RESULTS,1043320,A,0,931.0181772979694,1.0,0,1,typing
SYNTHETIC DEMONSTRATION ONLY - NOT HUMAN EXPERIMENT RESULTS,1043340,A,0,930.9568341395516,1.0,0,1,typing
SYNTHETIC DEMONSTRATION ONLY - NOT HUMAN EXPERIMENT RESULTS,1043360,A,0,930.8950510159976,1.0,0,1,typing
SYNTHETIC DEMONSTRATION ONLY - NOT HUMAN EXPERIMENT RESULTS,1043380,A,0,930.8328288053823,1.0,0,1,typing
SYNTHETIC DEMONSTRATION ONLY - NOT HUMAN EXPERIMENT RESULTS,1043400,A,0,930.7701683920211,1.0,0,1,typing
SYNTHETIC DEMONSTRATION ONLY - NOT HUMAN EXPERIMENT RESULTS,1043420,A,0,930.7070706664571,1.0,0,1,typing
SYNTHETIC DEMONSTRATION ONLY - NOT HUMAN EXPERIMENT RESULTS,1043440,A,0,930.6435365254487,1.0,0,1,typing
SYNTHETIC DEMONSTRATION ONLY - NOT HUMAN EXPERIMENT RESULTS,1043460,A,0,930.5795668719566,1.0,0,1,typing
SYNTHETIC DEMONSTRATION ONLY - NOT HUMAN EXPERIMENT RESULTS,1043480,A,0,930.5151626151311,1.0,0,1,typing
SYNTHETIC DEMONSTRATION ONLY - NOT HUMAN EXPERIMENT RESULTS,1043500,A,0,930.4503246702996,1.0,0,1,typing
SYNTHETIC DEMONSTRATION ONLY - NOT HUMAN EXPERIMENT RESULTS,1043520,A,0,930.3850539589523,1.0,0,1,typing
SYNTHETIC DEMONSTRATION ONLY - NOT HUMAN EXPERIMENT RESULTS,1043540,A,0,930.319351408731,1.0,0,1,typing
SYNTHETIC DEMONSTRATION ONLY - NOT HUMAN EXPERIMENT RESULTS,1043560,A,0,930.253217953414,1.0,0,1,typing
SYNTHETIC DEMONSTRATION ONLY - NOT HUMAN EXPERIMENT RESULTS,1043580,A,0,930.1866545329043,1.0,0,1,typing
SYNTHETIC DEMONSTRATION ONLY - NOT HUMAN EXPERIMENT RESULTS,1043600,A,0,930.1196620932153,1.0,0,1,typing
SYNTHETIC DEMONSTRATION ONLY - NOT HUMAN EXPERIMENT RESULTS,1043620,A,0,930.0522415864581,1.0,0,1,typing
SYNTHETIC DEMONSTRATION ONLY - NOT HUMAN EXPERIMENT RESULTS,1043640,A,0,929.984393970827,1.0,0,1,typing
SYNTHETIC DEMONSTRATION ONLY - NOT HUMAN EXPERIMENT RESULTS,1043660,A,0,929.916120210587,1.0,0,1,typing
SYNTHETIC DEMONSTRATION ONLY - NOT HUMAN EXPERIMENT RESULTS,1043680,A,0,929.8474212760593,1.0,0,1,typing
SYNTHETIC DEMONSTRATION ONLY - NOT HUMAN EXPERIMENT RESULTS,1043700,A,0,929.7782981436078,1.0,0,1,typing
SYNTHETIC DEMONSTRATION ONLY - NOT HUMAN EXPERIMENT RESULTS,1043720,A,0,929.7087517956253,1.0,0,1,typing
SYNTHETIC DEMONSTRATION ONLY - NOT HUMAN EXPERIMENT RESULTS,1043740,A,0,929.6387832205194,1.0,0,1,typing
SYNTHETIC DEMONSTRATION ONLY - NOT HUMAN EXPERIMENT RESULTS,1043760,A,0,929.5683934126982,1.0,0,1,typing
SYNTHETIC DEMONSTRATION ONLY - NOT HUMAN EXPERIMENT RESULTS,1043780,A,0,929.4975833725568,1.0,0,1,typing
SYNTHETIC DEMONSTRATION ONLY - NOT HUMAN EXPERIMENT RESULTS,1043800,A,0,929.4263541064628,1.0,0,1,typing
SYNTHETIC DEMONSTRATION ONLY - NOT HUMAN EXPERIMENT RESULTS,1043820,A,0,929.3547066267414,1.0,0,1,typing
SYNTHETIC DEMONSTRATION ONLY - NOT HUMAN EXPERIMENT RESULTS,1043840,A,0,929.2826419516621,1.0,0,1,typing
SYNTHETIC DEMONSTRATION ONLY - NOT HUMAN EXPERIMENT RESULTS,1043860,A,0,929.2101611054234,1.0,0,1,typing
SYNTHETIC DEMONSTRATION ONLY - NOT HUMAN EXPERIMENT RESULTS,1043880,A,0,929.1372651181384,1.0,0,1,typing
SYNTHETIC DEMONSTRATION ONLY - NOT HUMAN EXPERIMENT RESULTS,1043900,A,0,929.0639550258207,1.0,0,1,typing
SYNTHETIC DEMONSTRATION ONLY - NOT HUMAN EXPERIMENT RESULTS,1043920,A,0,928.9902318703689,1.0,0,1,typing
SYNTHETIC DEMONSTRATION ONLY - NOT HUMAN EXPERIMENT RESULTS,1043940,A,0,928.9160966995521,1.0,0,1,typing
SYNTHETIC DEMONSTRATION ONLY - NOT HUMAN EXPERIMENT RESULTS,1043960,A,0,928.8415505669954,1.0,0,1,typing
SYNTHETIC DEMONSTRATION ONLY - NOT HUMAN EXPERIMENT RESULTS,1043980,A,0,928.766594532164,1.0,0,1,typing
SYNTHETIC DEMONSTRATION ONLY - NOT HUMAN EXPERIMENT RESULTS,1044000,A,0,928.6912296603494,1.0,0,1,typing
SYNTHETIC DEMONSTRATION ONLY - NOT HUMAN EXPERIMENT RESULTS,1044020,A,0,928.6154570226532,1.0,0,1,typing
SYNTHETIC DEMONSTRATION ONLY - NOT HUMAN EXPERIMENT RESULTS,1044040,A,0,928.5392776959721,1.0,0,1,typing
SYNTHETIC DEMONSTRATION ONLY - NOT HUMAN EXPERIMENT RESULTS,1044060,A,0,928.4626927629832,1.0,0,1,typing
SYNTHETIC DEMONSTRATION ONLY - NOT HUMAN EXPERIMENT RESULTS,1044080,A,0,928.3857033121279,1.0,0,1,typing
SYNTHETIC DEMONSTRATION ONLY - NOT HUMAN EXPERIMENT RESULTS,1044100,A,0,928.3083104375966,1.0,0,1,typing
SYNTHETIC DEMONSTRATION ONLY - NOT HUMAN EXPERIMENT RESULTS,1044120,A,0,928.2305152393133,1.0,0,1,typing
SYNTHETIC DEMONSTRATION ONLY - NOT HUMAN EXPERIMENT RESULTS,1044140,A,0,928.15231882292,1.0,0,1,typing
SYNTHETIC DEMONSTRATION ONLY - NOT HUMAN EXPERIMENT RESULTS,1044160,A,0,928.073722299761,1.0,0,1,typing
SYNTHETIC DEMONSTRATION ONLY - NOT HUMAN EXPERIMENT RESULTS,1044180,A,0,927.9947267868669,1.0,0,1,typing
SYNTHETIC DEMONSTRATION ONLY - NOT HUMAN EXPERIMENT RESULTS,1044200,A,0,927.9153334069384,1.0,0,1,typing
SYNTHETIC DEMONSTRATION ONLY - NOT HUMAN EXPERIMENT RESULTS,1044220,A,0,927.8355432883317,1.0,0,1,typing
SYNTHETIC DEMONSTRATION ONLY - NOT HUMAN EXPERIMENT RESULTS,1044240,A,0,927.7553575650406,1.0,0,1,typing
SYNTHETIC DEMONSTRATION ONLY - NOT HUMAN EXPERIMENT RESULTS,1044260,A,0,927.6747773766821,1.0,0,1,typing
SYNTHETIC DEMONSTRATION ONLY - NOT HUMAN EXPERIMENT RESULTS,1044280,A,0,927.5938038684785,1.0,0,1,typing
SYNTHETIC DEMONSTRATION ONLY - NOT HUMAN EXPERIMENT RESULTS,1044300,A,0,927.5124381912431,1.0,0,1,typing
SYNTHETIC DEMONSTRATION ONLY - NOT HUMAN EXPERIMENT RESULTS,1044320,A,0,927.4306815013621,1.0,0,1,typing
SYNTHETIC DEMONSTRATION ONLY - NOT HUMAN EXPERIMENT RESULTS,1044340,A,0,927.3485349607788,1.0,0,1,typing
SYNTHETIC DEMONSTRATION ONLY - NOT HUMAN EXPERIMENT RESULTS,1044360,A,0,927.2659997369778,1.0,0,1,typing
SYNTHETIC DEMONSTRATION ONLY - NOT HUMAN EXPERIMENT RESULTS,1044380,A,0,927.183077002967,1.0,0,1,typing
SYNTHETIC DEMONSTRATION ONLY - NOT HUMAN EXPERIMENT RESULTS,1044400,A,0,927.0997679372621,1.0,0,1,typing
SYNTHETIC DEMONSTRATION ONLY - NOT HUMAN EXPERIMENT RESULTS,1044420,A,0,927.0160737238695,1.0,0,1,typing
SYNTHETIC DEMONSTRATION ONLY - NOT HUMAN EXPERIMENT RESULTS,1044440,A,0,926.9319955522687,1.0,0,1,typing
SYNTHETIC DEMONSTRATION ONLY - NOT HUMAN EXPERIMENT RESULTS,1044460,A,0,926.8475346173973,1.0,0,1,typing
SYNTHETIC DEMONSTRATION ONLY - NOT HUMAN EXPERIMENT RESULTS,1044480,A,0,926.7626921196318,1.0,0,1,typing
SYNTHETIC DEMONSTRATION ONLY - NOT HUMAN EXPERIMENT RESULTS,1044500,A,0,926.6774692647718,1.0,0,1,typing
SYNTHETIC DEMONSTRATION ONLY - NOT HUMAN EXPERIMENT RESULTS,1044520,A,0,926.5918672640229,1.0,0,1,typing
SYNTHETIC DEMONSTRATION ONLY - NOT HUMAN EXPERIMENT RESULTS,1044540,A,0,926.5058873339789,1.0,0,1,typing
SYNTHETIC DEMONSTRATION ONLY - NOT HUMAN EXPERIMENT RESULTS,1044560,A,0,926.419530696605,1.0,0,1,typing
SYNTHETIC DEMONSTRATION ONLY - NOT HUMAN EXPERIMENT RESULTS,1044580,A,0,926.33279857922,1.0,0,1,typing
SYNTHETIC DEMONSTRATION ONLY - NOT HUMAN EXPERIMENT RESULTS,1044600,A,0,926.2456922144796,1.0,0,1,typing
SYNTHETIC DEMONSTRATION ONLY - NOT HUMAN EXPERIMENT RESULTS,1044620,A,0,926.1582128403578,1.0,0,1,typing
SYNTHETIC DEMONSTRATION ONLY - NOT HUMAN EXPERIMENT RESULTS,1044640,A,0,926.0703617001301,1.0,0,1,typing
SYNTHETIC DEMONSTRATION ONLY - NOT HUMAN EXPERIMENT RESULTS,1044660,A,0,925.9821400423558,1.0,0,1,typing
SYNTHETIC DEMONSTRATION ONLY - NOT HUMAN EXPERIMENT RESULTS,1044680,A,0,925.8935491208599,1.0,0,1,typing
SYNTHETIC DEMONSTRATION ONLY - NOT HUMAN EXPERIMENT RESULTS,1044700,A,0,925.8045901947155,1.0,0,1,typing
SYNTHETIC DEMONSTRATION ONLY - NOT HUMAN EXPERIMENT RESULTS,1044720,A,0,925.7152645282258,1.0,0,1,typing
SYNTHETIC DEMONSTRATION ONLY - NOT HUMAN EXPERIMENT RESULTS,1044740,A,0,925.6255733909063,1.0,0,1,typing
SYNTHETIC DEMONSTRATION ONLY - NOT HUMAN EXPERIMENT RESULTS,1044760,A,0,925.5355180574667,1.0,0,1,typing
SYNTHETIC DEMONSTRATION ONLY - NOT HUMAN EXPERIMENT RESULTS,1044780,A,0,925.4450998077923,1.0,0,1,typing
SYNTHETIC DEMONSTRATION ONLY - NOT HUMAN EXPERIMENT RESULTS,1044800,A,0,925.3543199269269,1.0,0,1,typing
SYNTHETIC DEMONSTRATION ONLY - NOT HUMAN EXPERIMENT RESULTS,1044820,A,0,925.2631797050533,1.0,0,1,typing
SYNTHETIC DEMONSTRATION ONLY - NOT HUMAN EXPERIMENT RESULTS,1044840,A,0,925.171680437476,1.0,0,1,typing
SYNTHETIC DEMONSTRATION ONLY - NOT HUMAN EXPERIMENT RESULTS,1044860,A,0,925.0798234246021,1.0,0,1,typing
SYNTHETIC DEMONSTRATION ONLY - NOT HUMAN EXPERIMENT RESULTS,1044880,A,0,924.9876099719229,1.0,0,1,typing
SYNTHETIC DEMONSTRATION ONLY - NOT HUMAN EXPERIMENT RESULTS,1044900,A,0,924.8950413899958,1.0,0,1,typing
SYNTHETIC DEMONSTRATION ONLY - NOT HUMAN EXPERIMENT RESULTS,1044920,A,0,924.8021189944252,1.0,0,1,typing
SYNTHETIC DEMONSTRATION ONLY - NOT HUMAN EXPERIMENT RESULTS,1044940,A,0,924.7088441058442,1.0,0,1,typing
SYNTHETIC DEMONSTRATION ONLY - NOT HUMAN EXPERIMENT RESULTS,1044960,A,0,924.6152180498952,1.0,0,1,typing
SYNTHETIC DEMONSTRATION ONLY - NOT HUMAN EXPERIMENT RESULTS,1044980,A,0,924.5212421572118,1.0,0,1,typing
SYNTHETIC DEMONSTRATION ONLY - NOT HUMAN EXPERIMENT RESULTS,1045000,A,0,924.4269177633995,1.0,0,1,typing
SYNTHETIC DEMONSTRATION ONLY - NOT HUMAN EXPERIMENT RESULTS,1045020,A,0,924.3322462090166,1.0,0,1,typing
SYNTHETIC DEMONSTRATION ONLY - NOT HUMAN EXPERIMENT RESULTS,1045040,A,0,924.2372288395557,1.0,0,1,typing
SYNTHETIC DEMONSTRATION ONLY - NOT HUMAN EXPERIMENT RESULTS,1045060,A,0,924.1418670054235,1.0,0,1,typing
SYNTHETIC DEMONSTRATION ONLY - NOT HUMAN EXPERIMENT RESULTS,1045080,A,0,924.0461620619232,1.0,0,1,typing
SYNTHETIC DEMONSTRATION ONLY - NOT HUMAN EXPERIMENT RESULTS,1045100,A,0,923.9501153692336,1.0,0,1,typing
SYNTHETIC DEMONSTRATION ONLY - NOT HUMAN EXPERIMENT RESULTS,1045120,A,0,923.8537282923909,1.0,0,1,typing
SYNTHETIC DEMONSTRATION ONLY - NOT HUMAN EXPERIMENT RESULTS,1045140,A,0,923.7570022012687,1.0,0,1,typing
SYNTHETIC DEMONSTRATION ONLY - NOT HUMAN EXPERIMENT RESULTS,1045160,A,0,923.6599384705592,1.0,0,1,typing
SYNTHETIC DEMONSTRATION ONLY - NOT HUMAN EXPERIMENT RESULTS,1045180,A,0,923.5625384797526,1.0,0,1,typing
SYNTHETIC DEMONSTRATION ONLY - NOT HUMAN EXPERIMENT RESULTS,1045200,A,0,923.4648036131182,1.0,0,1,typing
SYNTHETIC DEMONSTRATION ONLY - NOT HUMAN EXPERIMENT RESULTS,1045220,A,0,923.3667352596851,1.0,0,1,typing
SYNTHETIC DEMONSTRATION ONLY - NOT HUMAN EXPERIMENT RESULTS,1045240,A,0,923.2683348132216,1.0,0,1,typing
SYNTHETIC DEMONSTRATION ONLY - NOT HUMAN EXPERIMENT RESULTS,1045260,A,0,923.1696036722159,1.0,0,1,typing
SYNTHETIC DEMONSTRATION ONLY - NOT HUMAN EXPERIMENT RESULTS,1045280,A,0,923.0705432398559,1.0,0,1,typing
SYNTHETIC DEMONSTRATION ONLY - NOT HUMAN EXPERIMENT RESULTS,1045300,A,0,922.9711549240095,1.0,0,1,typing
SYNTHETIC DEMONSTRATION ONLY - NOT HUMAN EXPERIMENT RESULTS,1045320,A,0,922.8714401372051,1.0,0,1,typing
SYNTHETIC DEMONSTRATION ONLY - NOT HUMAN EXPERIMENT RESULTS,1045340,A,0,922.7714002966102,1.0,0,1,typing
SYNTHETIC DEMONSTRATION ONLY - NOT HUMAN EXPERIMENT RESULTS,1045360,A,0,922.6710368240125,1.0,0,1,typing
SYNTHETIC DEMONSTRATION ONLY - NOT HUMAN EXPERIMENT RESULTS,1045380,A,0,922.5703511457991,1.0,0,1,typing
SYNTHETIC DEMONSTRATION ONLY - NOT HUMAN EXPERIMENT RESULTS,1045400,A,0,922.4693446929363,1.0,0,1,typing
SYNTHETIC DEMONSTRATION ONLY - NOT HUMAN EXPERIMENT RESULTS,1045420,A,0,922.3680189009493,1.0,0,1,typing
SYNTHETIC DEMONSTRATION ONLY - NOT HUMAN EXPERIMENT RESULTS,1045440,A,0,922.2663752099022,1.0,0,1,typing
SYNTHETIC DEMONSTRATION ONLY - NOT HUMAN EXPERIMENT RESULTS,1045460,A,0,922.1644150643765,1.0,0,1,typing
SYNTHETIC DEMONSTRATION ONLY - NOT HUMAN EXPERIMENT RESULTS,1045480,A,0,922.0621399134516,1.0,0,1,typing
SYNTHETIC DEMONSTRATION ONLY - NOT HUMAN EXPERIMENT RESULTS,1045500,A,0,921.959551210684,1.0,0,1,typing
SYNTHETIC DEMONSTRATION ONLY - NOT HUMAN EXPERIMENT RESULTS,1045520,A,0,921.8566504140861,1.0,0,1,typing
SYNTHETIC DEMONSTRATION ONLY - NOT HUMAN EXPERIMENT RESULTS,1045540,A,0,921.753438986106,1.0,0,1,typing
SYNTHETIC DEMONSTRATION ONLY - NOT HUMAN EXPERIMENT RESULTS,1045560,A,0,921.6499183936065,1.0,0,1,typing
SYNTHETIC DEMONSTRATION ONLY - NOT HUMAN EXPERIMENT RESULTS,1045580,A,0,921.5460901078445,1.0,0,1,typing
SYNTHETIC DEMONSTRATION ONLY - NOT HUMAN EXPERIMENT RESULTS,1045600,A,0,921.4419556044496,1.0,0,1,typing
SYNTHETIC DEMONSTRATION ONLY - NOT HUMAN EXPERIMENT RESULTS,1045620,A,0,921.3375163634038,1.0,0,1,typing
SYNTHETIC DEMONSTRATION ONLY - NOT HUMAN EXPERIMENT RESULTS,1045640,A,0,921.2327738690196,1.0,0,1,typing
SYNTHETIC DEMONSTRATION ONLY - NOT HUMAN EXPERIMENT RESULTS,1045660,A,0,921.1277296099199,1.0,0,1,typing
SYNTHETIC DEMONSTRATION ONLY - NOT HUMAN EXPERIMENT RESULTS,1045680,A,0,921.0223850790162,1.0,0,1,typing
SYNTHETIC DEMONSTRATION ONLY - NOT HUMAN EXPERIMENT RESULTS,1045700,A,0,920.9167417734873,1.0,0,1,typing
SYNTHETIC DEMONSTRATION ONLY - NOT HUMAN EXPERIMENT RESULTS,1045720,A,0,920.8108011947585,1.0,0,1,typing
SYNTHETIC DEMONSTRATION ONLY - NOT HUMAN EXPERIMENT RESULTS,1045740,A,0,920.7045648484799,1.0,0,1,typing
SYNTHETIC DEMONSTRATION ONLY - NOT HUMAN EXPERIMENT RESULTS,1045760,A,0,920.5980342445051,1.0,0,1,typing
SYNTHETIC DEMONSTRATION ONLY - NOT HUMAN EXPERIMENT RESULTS,1045780,A,0,920.4912108968699,1.0,0,1,typing
SYNTHETIC DEMONSTRATION ONLY - NOT HUMAN EXPERIMENT RESULTS,1045800,A,0,920.3840963237704,1.0,0,1,typing
SYNTHETIC DEMONSTRATION ONLY - NOT HUMAN EXPERIMENT RESULTS,1045820,A,0,920.2766920475419,1.0,0,1,typing
SYNTHETIC DEMONSTRATION ONLY - NOT HUMAN EXPERIMENT RESULTS,1045840,A,0,920.1689995946368,1.0,0,1,typing
SYNTHETIC DEMONSTRATION ONLY - NOT HUMAN EXPERIMENT RESULTS,1045860,A,0,920.0610204956033,1.0,0,1,typing
SYNTHETIC DEMONSTRATION ONLY - NOT HUMAN EXPERIMENT RESULTS,1045880,A,0,919.9527562850634,1.0,0,1,typing
SYNTHETIC DEMONSTRATION ONLY - NOT HUMAN EXPERIMENT RESULTS,1045900,A,0,919.844208501691,1.0,0,1,typing
SYNTHETIC DEMONSTRATION ONLY - NOT HUMAN EXPERIMENT RESULTS,1045920,A,0,919.7353786881907,1.0,0,1,typing
SYNTHETIC DEMONSTRATION ONLY - NOT HUMAN EXPERIMENT RESULTS,1045940,A,0,919.6262683912748,1.0,0,1,typing
SYNTHETIC DEMONSTRATION ONLY - NOT HUMAN EXPERIMENT RESULTS,1045960,A,0,919.5168791616422,1.0,0,1,typing
SYNTHETIC DEMONSTRATION ONLY - NOT HUMAN EXPERIMENT RESULTS,1045980,A,0,919.407212553956,1.0,0,1,typing
SYNTHETIC DEMONSTRATION ONLY - NOT HUMAN EXPERIMENT RESULTS,1046000,A,0,919.2972701268216,1.0,0,1,typing
SYNTHETIC DEMONSTRATION ONLY - NOT HUMAN EXPERIMENT RESULTS,1046020,A,0,919.1870534427638,1.0,0,1,typing
SYNTHETIC DEMONSTRATION ONLY - NOT HUMAN EXPERIMENT RESULTS,1046040,A,0,919.0765640682062,1.0,0,1,typing
SYNTHETIC DEMONSTRATION ONLY - NOT HUMAN EXPERIMENT RESULTS,1046060,A,0,918.9658035734469,1.0,0,1,typing
SYNTHETIC DEMONSTRATION ONLY - NOT HUMAN EXPERIMENT RESULTS,1046080,A,0,918.8547735326381,1.0,0,1,typing
SYNTHETIC DEMONSTRATION ONLY - NOT HUMAN EXPERIMENT RESULTS,1046100,A,0,918.7434755237622,1.0,0,1,typing
SYNTHETIC DEMONSTRATION ONLY - NOT HUMAN EXPERIMENT RESULTS,1046120,A,0,918.6319111286103,1.0,0,1,typing
SYNTHETIC DEMONSTRATION ONLY - NOT HUMAN EXPERIMENT RESULTS,1046140,A,0,918.5200819327594,1.0,0,1,typing
SYNTHETIC DEMONSTRATION ONLY - NOT HUMAN EXPERIMENT RESULTS,1046160,A,0,918.40798952555,1.0,0,1,typing
SYNTHETIC DEMONSTRATION ONLY - NOT HUMAN EXPERIMENT RESULTS,1046180,A,0,918.2956355000632,1.0,0,1,typing
SYNTHETIC DEMONSTRATION ONLY - NOT HUMAN EXPERIMENT RESULTS,1046200,A,0,918.1830214530985,1.0,0,1,typing
SYNTHETIC DEMONSTRATION ONLY - NOT HUMAN EXPERIMENT RESULTS,1046220,A,0,918.0701489851507,1.0,0,1,typing
SYNTHETIC DEMONSTRATION ONLY - NOT HUMAN EXPERIMENT RESULTS,1046240,A,0,917.9570197003875,1.0,0,1,typing
SYNTHETIC DEMONSTRATION ONLY - NOT HUMAN EXPERIMENT RESULTS,1046260,A,0,917.8436352066263,1.0,0,1,typing
SYNTHETIC DEMONSTRATION ONLY - NOT HUMAN EXPERIMENT RESULTS,1046280,A,0,917.729997115312,1.0,0,1,typing
SYNTHETIC DEMONSTRATION ONLY - NOT HUMAN EXPERIMENT RESULTS,1046300,A,0,917.6161070414931,1.0,0,1,typing
SYNTHETIC DEMONSTRATION ONLY - NOT HUMAN EXPERIMENT RESULTS,1046320,A,0,917.5019666037999,1.0,0,1,typing
SYNTHETIC DEMONSTRATION ONLY - NOT HUMAN EXPERIMENT RESULTS,1046340,A,0,917.3875774244204,1.0,0,1,typing
SYNTHETIC DEMONSTRATION ONLY - NOT HUMAN EXPERIMENT RESULTS,1046360,A,0,917.2729411290784,1.0,0,1,typing
SYNTHETIC DEMONSTRATION ONLY - NOT HUMAN EXPERIMENT RESULTS,1046380,A,0,917.1580593470092,1.0,0,1,typing
SYNTHETIC DEMONSTRATION ONLY - NOT HUMAN EXPERIMENT RESULTS,1046400,A,0,917.0429337109371,1.0,0,1,typing
SYNTHETIC DEMONSTRATION ONLY - NOT HUMAN EXPERIMENT RESULTS,1046420,A,0,916.9275658570524,1.0,0,1,typing
SYNTHETIC DEMONSTRATION ONLY - NOT HUMAN EXPERIMENT RESULTS,1046440,A,0,916.8119574249877,1.0,0,1,typing
SYNTHETIC DEMONSTRATION ONLY - NOT HUMAN EXPERIMENT RESULTS,1046460,A,0,916.6961100577944,1.0,0,1,typing
SYNTHETIC DEMONSTRATION ONLY - NOT HUMAN EXPERIMENT RESULTS,1046480,A,0,916.5800254019205,1.0,0,1,typing
SYNTHETIC DEMONSTRATION ONLY - NOT HUMAN EXPERIMENT RESULTS,1046500,A,0,916.4637051071854,1.0,0,1,typing
SYNTHETIC DEMONSTRATION ONLY - NOT HUMAN EXPERIMENT RESULTS,1046520,A,0,916.3471508267585,1.0,0,1,typing
SYNTHETIC DEMONSTRATION ONLY - NOT HUMAN EXPERIMENT RESULTS,1046540,A,0,916.2303642171337,1.0,0,1,typing
SYNTHETIC DEMONSTRATION ONLY - NOT HUMAN EXPERIMENT RESULTS,1046560,A,0,916.1133469381075,1.0,0,1,typing
SYNTHETIC DEMONSTRATION ONLY - NOT HUMAN EXPERIMENT RESULTS,1046580,A,0,915.9961006527542,1.0,0,1,typing
SYNTHETIC DEMONSTRATION ONLY - NOT HUMAN EXPERIMENT RESULTS,1046600,A,0,915.8786270274032,1.0,0,1,typing
SYNTHETIC DEMONSTRATION ONLY - NOT HUMAN EXPERIMENT RESULTS,1046620,A,0,915.7609277316147,1.0,0,1,typing
SYNTHETIC DEMONSTRATION ONLY - NOT HUMAN EXPERIMENT RESULTS,1046640,A,0,915.6430044381564,1.0,0,1,typing
SYNTHETIC DEMONSTRATION ONLY - NOT HUMAN EXPERIMENT RESULTS,1046660,A,0,915.5248588229789,1.0,0,1,typing
SYNTHETIC DEMONSTRATION ONLY - NOT HUMAN EXPERIMENT RESULTS,1046680,A,0,915.4064925651934,1.0,0,1,typing
SYNTHETIC DEMONSTRATION ONLY - NOT HUMAN EXPERIMENT RESULTS,1046700,A,0,915.287907347046,1.0,0,1,typing
SYNTHETIC DEMONSTRATION ONLY - NOT HUMAN EXPERIMENT RESULTS,1046720,A,0,915.1691048538955,1.0,0,1,typing
SYNTHETIC DEMONSTRATION ONLY - NOT HUMAN EXPERIMENT RESULTS,1046740,A,0,915.050086774188,1.0,0,1,typing
SYNTHETIC DEMONSTRATION ONLY - NOT HUMAN EXPERIMENT RESULTS,1046760,A,0,914.9308547994341,1.0,0,1,typing
SYNTHETIC DEMONSTRATION ONLY - NOT HUMAN EXPERIMENT RESULTS,1046780,A,0,914.811410624184,1.0,0,1,typing
SYNTHETIC DEMONSTRATION ONLY - NOT HUMAN EXPERIMENT RESULTS,1046800,A,0,914.6917559460036,1.0,0,1,typing
SYNTHETIC DEMONSTRATION ONLY - NOT HUMAN EXPERIMENT RESULTS,1046820,A,0,914.5718924654511,1.0,0,1,typing
SYNTHETIC DEMONSTRATION ONLY - NOT HUMAN EXPERIMENT RESULTS,1046840,A,0,914.4518218860517,1.0,0,1,typing
SYNTHETIC DEMONSTRATION ONLY - NOT HUMAN EXPERIMENT RESULTS,1046860,A,0,914.331545914274,1.0,0,1,typing
SYNTHETIC DEMONSTRATION ONLY - NOT HUMAN EXPERIMENT RESULTS,1046880,A,0,914.211066259506,1.0,0,1,typing
SYNTHETIC DEMONSTRATION ONLY - NOT HUMAN EXPERIMENT RESULTS,1046900,A,0,914.0903846340302,1.0,0,1,typing
SYNTHETIC DEMONSTRATION ONLY - NOT HUMAN EXPERIMENT RESULTS,1046920,A,0,913.9695027529995,1.0,0,1,typing
SYNTHETIC DEMONSTRATION ONLY - NOT HUMAN EXPERIMENT RESULTS,1046940,A,0,913.8484223344133,1.0,0,1,typing
SYNTHETIC DEMONSTRATION ONLY - NOT HUMAN EXPERIMENT RESULTS,1046960,A,0,913.7271450990919,1.0,0,1,typing
SYNTHETIC DEMONSTRATION ONLY - NOT HUMAN EXPERIMENT RESULTS,1046980,A,0,913.6056727706537,1.0,0,1,typing
SYNTHETIC DEMONSTRATION ONLY - NOT HUMAN EXPERIMENT RESULTS,1047000,A,0,913.4840070754892,1.0,0,1,typing
SYNTHETIC DEMONSTRATION ONLY - NOT HUMAN EXPERIMENT RESULTS,1047020,A,0,913.3621497427372,1.0,0,1,typing
SYNTHETIC DEMONSTRATION ONLY - NOT HUMAN EXPERIMENT RESULTS,1047040,A,0,913.2401025042602,1.0,0,1,typing
SYNTHETIC DEMONSTRATION ONLY - NOT HUMAN EXPERIMENT RESULTS,1047060,A,0,913.1178670946196,1.0,0,1,typing
SYNTHETIC DEMONSTRATION ONLY - NOT HUMAN EXPERIMENT RESULTS,1047080,A,0,912.995445251051,1.0,0,1,typing
SYNTHETIC DEMONSTRATION ONLY - NOT HUMAN EXPERIMENT RESULTS,1047100,A,0,912.87283871344,1.0,0,1,typing
SYNTHETIC DEMONSTRATION ONLY - NOT HUMAN EXPERIMENT RESULTS,1047120,A,0,912.7500492242968,1.0,0,1,typing
SYNTHETIC DEMONSTRATION ONLY - NOT HUMAN EXPERIMENT RESULTS,1047140,A,0,912.6270785287318,1.0,0,1,typing
SYNTHETIC DEMONSTRATION ONLY - NOT HUMAN EXPERIMENT RESULTS,1047160,A,0,912.5039283744308,1.0,0,1,typing
SYNTHETIC DEMONSTRATION ONLY - NOT HUMAN EXPERIMENT RESULTS,1047180,A,0,912.3806005116301,1.0,0,1,typing
SYNTHETIC DEMONSTRATION ONLY - NOT HUMAN EXPERIMENT RESULTS,1047200,A,0,912.2570966930915,1.0,0,1,typing
SYNTHETIC DEMONSTRATION ONLY - NOT HUMAN EXPERIMENT RESULTS,1047220,A,0,912.1334186740779,1.0,0,1,typing
SYNTHETIC DEMONSTRATION ONLY - NOT HUMAN EXPERIMENT RESULTS,1047240,A,0,912.0095682123275,1.0,0,1,typing
SYNTHETIC DEMONSTRATION ONLY - NOT HUMAN EXPERIMENT RESULTS,1047260,A,0,911.8855470680295,1.0,0,1,typing
SYNTHETIC DEMONSTRATION ONLY - NOT HUMAN EXPERIMENT RESULTS,1047280,A,0,911.761357003799,1.0,0,1,typing
SYNTHETIC DEMONSTRATION ONLY - NOT HUMAN EXPERIMENT RESULTS,1047300,A,0,911.6369997846516,1.0,0,1,typing
SYNTHETIC DEMONSTRATION ONLY - NOT HUMAN EXPERIMENT RESULTS,1047320,A,0,911.5124771779788,1.0,0,1,typing
SYNTHETIC DEMONSTRATION ONLY - NOT HUMAN EXPERIMENT RESULTS,1047340,A,0,911.3877909535222,1.0,0,1,typing
SYNTHETIC DEMONSTRATION ONLY - NOT HUMAN EXPERIMENT RESULTS,1047360,A,0,911.2629428833494,1.0,0,1,typing
SYNTHETIC DEMONSTRATION ONLY - NOT HUMAN EXPERIMENT RESULTS,1047380,A,0,911.1379347418275,1.0,0,1,typing
SYNTHETIC DEMONSTRATION ONLY - NOT HUMAN EXPERIMENT RESULTS,1047400,A,0,911.0127683055991,1.0,0,1,typing
SYNTHETIC DEMONSTRATION ONLY - NOT HUMAN EXPERIMENT RESULTS,1047420,A,0,910.8874453535562,1.0,0,1,typing
SYNTHETIC DEMONSTRATION ONLY - NOT HUMAN EXPERIMENT RESULTS,1047440,A,0,910.7619676668156,1.0,0,1,typing
SYNTHETIC DEMONSTRATION ONLY - NOT HUMAN EXPERIMENT RESULTS,1047460,A,0,910.6363370286927,1.0,0,1,typing
SYNTHETIC DEMONSTRATION ONLY - NOT HUMAN EXPERIMENT RESULTS,1047480,A,0,910.5105552246769,1.0,0,1,typing
SYNTHETIC DEMONSTRATION ONLY - NOT HUMAN EXPERIMENT RESULTS,1047500,A,0,910.3846240424062,1.0,0,1,typing
SYNTHETIC DEMONSTRATION ONLY - NOT HUMAN EXPERIMENT RESULTS,1047520,A,0,910.2585452716415,1.0,0,1,typing
SYNTHETIC DEMONSTRATION ONLY - NOT HUMAN EXPERIMENT RESULTS,1047540,A,0,910.1323207042412,1.0,0,1,typing
SYNTHETIC DEMONSTRATION ONLY - NOT HUMAN EXPERIMENT RESULTS,1047560,A,0,910.0059521341357,1.0,0,1,typing
SYNTHETIC DEMONSTRATION ONLY - NOT HUMAN EXPERIMENT RESULTS,1047580,A,0,909.8794413573022,1.0,0,1,typing
SYNTHETIC DEMONSTRATION ONLY - NOT HUMAN EXPERIMENT RESULTS,1047600,A,0,909.7527901717388,1.0,0,1,typing
SYNTHETIC DEMONSTRATION ONLY - NOT HUMAN EXPERIMENT RESULTS,1047620,A,0,909.6260003774391,1.0,0,1,typing
SYNTHETIC DEMONSTRATION ONLY - NOT HUMAN EXPERIMENT RESULTS,1047640,A,0,909.4990737763669,1.0,0,1,typing
SYNTHETIC DEMONSTRATION ONLY - NOT HUMAN EXPERIMENT RESULTS,1047660,A,0,909.37201217243,1.0,0,1,typing
SYNTHETIC DEMONSTRATION ONLY - NOT HUMAN EXPERIMENT RESULTS,1047680,A,0,909.2448173714553,1.0,0,1,typing
SYNTHETIC DEMONSTRATION ONLY - NOT HUMAN EXPERIMENT RESULTS,1047700,A,0,909.1174911811622,1.0,0,1,typing
SYNTHETIC DEMONSTRATION ONLY - NOT HUMAN EXPERIMENT RESULTS,1047720,A,0,908.9900354111379,1.0,0,1,typing
SYNTHETIC DEMONSTRATION ONLY - NOT HUMAN EXPERIMENT RESULTS,1047740,A,0,908.8624518728108,1.0,0,1,typing
SYNTHETIC DEMONSTRATION ONLY - NOT HUMAN EXPERIMENT RESULTS,1047760,A,0,908.7347423794256,1.0,0,1,typing
SYNTHETIC DEMONSTRATION ONLY - NOT HUMAN EXPERIMENT RESULTS,1047780,A,0,908.6069087460166,1.0,0,1,typing
SYNTHETIC DEMONSTRATION ONLY - NOT HUMAN EXPERIMENT RESULTS,1047800,A,0,908.478952789383,1.0,0,1,typing
SYNTHETIC DEMONSTRATION ONLY - NOT HUMAN EXPERIMENT RESULTS,1047820,A,0,908.3508763280621,1.0,0,1,typing
SYNTHETIC DEMONSTRATION ONLY - NOT HUMAN EXPERIMENT RESULTS,1047840,A,0,908.2226811823039,1.0,0,1,typing
SYNTHETIC DEMONSTRATION ONLY - NOT HUMAN EXPERIMENT RESULTS,1047860,A,0,908.0943691740451,1.0,0,1,typing
SYNTHETIC DEMONSTRATION ONLY - NOT HUMAN EXPERIMENT RESULTS,1047880,A,0,907.9659421268833,1.0,0,1,typing
SYNTHETIC DEMONSTRATION ONLY - NOT HUMAN EXPERIMENT RESULTS,1047900,A,0,907.8374018660514,1.0,0,1,typing
SYNTHETIC DEMONSTRATION ONLY - NOT HUMAN EXPERIMENT RESULTS,1047920,A,0,907.7087502183907,1.0,0,1,typing
SYNTHETIC DEMONSTRATION ONLY - NOT HUMAN EXPERIMENT RESULTS,1047940,A,0,907.5799890123262,1.0,0,1,typing
SYNTHETIC DEMONSTRATION ONLY - NOT HUMAN EXPERIMENT RESULTS,1047960,A,0,907.4511200778394,1.0,0,1,typing
SYNTHETIC DEMONSTRATION ONLY - NOT HUMAN EXPERIMENT RESULTS,1047980,A,0,907.3221452464433,1.0,0,1,typing
SYNTHETIC DEMONSTRATION ONLY - NOT HUMAN EXPERIMENT RESULTS,1048000,A,0,907.1930663511555,1.0,0,1,typing
SYNTHETIC DEMONSTRATION ONLY - NOT HUMAN EXPERIMENT RESULTS,1048020,A,0,907.063885226473,1.0,0,1,typing
SYNTHETIC DEMONSTRATION ONLY - NOT HUMAN EXPERIMENT RESULTS,1048040,A,0,906.9346037083454,1.0,0,1,typing
SYNTHETIC DEMONSTRATION ONLY - NOT HUMAN EXPERIMENT RESULTS,1048060,A,0,906.8052236341495,1.0,0,1,typing
SYNTHETIC DEMONSTRATION ONLY - NOT HUMAN EXPERIMENT RESULTS,1048080,A,0,906.6757468426623,1.0,0,1,typing
SYNTHETIC DEMONSTRATION ONLY - NOT HUMAN EXPERIMENT RESULTS,1048100,A,0,906.5461751740356,1.0,0,1,typing
SYNTHETIC DEMONSTRATION ONLY - NOT HUMAN EXPERIMENT RESULTS,1048120,A,0,906.4165104697696,1.0,0,1,typing
SYNTHETIC DEMONSTRATION ONLY - NOT HUMAN EXPERIMENT RESULTS,1048140,A,0,906.2867545726871,1.0,0,1,typing
SYNTHETIC DEMONSTRATION ONLY - NOT HUMAN EXPERIMENT RESULTS,1048160,A,0,906.1569093269062,1.0,0,1,typing
SYNTHETIC DEMONSTRATION ONLY - NOT HUMAN EXPERIMENT RESULTS,1048180,A,0,906.0269765778154,1.0,0,1,typing
SYNTHETIC DEMONSTRATION ONLY - NOT HUMAN EXPERIMENT RESULTS,1048200,A,0,905.8969581720467,1.0,0,1,typing
SYNTHETIC DEMONSTRATION ONLY - NOT HUMAN EXPERIMENT RESULTS,1048220,A,0,905.7668559574495,1.0,0,1,typing
SYNTHETIC DEMONSTRATION ONLY - NOT HUMAN EXPERIMENT RESULTS,1048240,A,0,905.6366717830641,1.0,0,1,typing
SYNTHETIC DEMONSTRATION ONLY - NOT HUMAN EXPERIMENT RESULTS,1048260,A,0,905.5064074990959,1.0,0,1,typing
SYNTHETIC DEMONSTRATION ONLY - NOT HUMAN EXPERIMENT RESULTS,1048280,A,0,905.3760649568886,1.0,0,1,typing
SYNTHETIC DEMONSTRATION ONLY - NOT HUMAN EXPERIMENT RESULTS,1048300,A,0,905.2456460088983,1.0,0,1,typing
SYNTHETIC DEMONSTRATION ONLY - NOT HUMAN EXPERIMENT RESULTS,1048320,A,0,905.1151525086672,1.0,0,1,typing
SYNTHETIC DEMONSTRATION ONLY - NOT HUMAN EXPERIMENT RESULTS,1048340,A,0,904.9845863107962,1.0,0,1,typing
SYNTHETIC DEMONSTRATION ONLY - NOT HUMAN EXPERIMENT RESULTS,1048360,A,0,904.8539492709206,1.0,0,1,typing
SYNTHETIC DEMONSTRATION ONLY - NOT HUMAN EXPERIMENT RESULTS,1048380,A,0,904.7232432456814,1.0,0,1,typing
SYNTHETIC DEMONSTRATION ONLY - NOT HUMAN EXPERIMENT RESULTS,1048400,A,0,904.5924700927009,1.0,0,1,typing
SYNTHETIC DEMONSTRATION ONLY - NOT HUMAN EXPERIMENT RESULTS,1048420,A,0,904.4616316705549,1.0,0,1,typing
SYNTHETIC DEMONSTRATION ONLY - NOT HUMAN EXPERIMENT RESULTS,1048440,A,0,904.330729838747,1.0,0,1,typing
SYNTHETIC DEMONSTRATION ONLY - NOT HUMAN EXPERIMENT RESULTS,1048460,A,0,904.1997664576819,1.0,0,1,typing
SYNTHETIC DEMONSTRATION ONLY - NOT HUMAN EXPERIMENT RESULTS,1048480,A,0,904.0687433886393,1.0,0,1,typing
SYNTHETIC DEMONSTRATION ONLY - NOT HUMAN EXPERIMENT RESULTS,1048500,A,0,903.937662493747,1.0,0,1,typing
SYNTHETIC DEMONSTRATION ONLY - NOT HUMAN EXPERIMENT RESULTS,1048520,A,0,903.8065256359546,1.0,0,1,typing
SYNTHETIC DEMONSTRATION ONLY - NOT HUMAN EXPERIMENT RESULTS,1048540,A,0,903.6753346790072,1.0,0,1,typing
SYNTHETIC DEMONSTRATION ONLY - NOT HUMAN EXPERIMENT RESULTS,1048560,A,0,903.5440914874185,1.0,0,1,typing
SYNTHETIC DEMONSTRATION ONLY - NOT HUMAN EXPERIMENT RESULTS,1048580,A,0,903.412797926445,1.0,0,1,typing
SYNTHETIC DEMONSTRATION ONLY - NOT HUMAN EXPERIMENT RESULTS,1048600,A,0,903.2814558620588,1.0,0,1,typing
SYNTHETIC DEMONSTRATION ONLY - NOT HUMAN EXPERIMENT RESULTS,1048620,A,0,903.1500671609211,1.0,0,1,typing
SYNTHETIC DEMONSTRATION ONLY - NOT HUMAN EXPERIMENT RESULTS,1048640,A,0,903.0186336903565,1.0,0,1,typing
SYNTHETIC DEMONSTRATION ONLY - NOT HUMAN EXPERIMENT RESULTS,1048660,A,0,902.8871573183254,1.0,0,1,typing
SYNTHETIC DEMONSTRATION ONLY - NOT HUMAN EXPERIMENT RESULTS,1048680,A,0,902.755639913398,1.0,0,1,typing
SYNTHETIC DEMONSTRATION ONLY - NOT HUMAN EXPERIMENT RESULTS,1048700,A,0,902.6240833447278,1.0,0,1,typing
SYNTHETIC DEMONSTRATION ONLY - NOT HUMAN EXPERIMENT RESULTS,1048720,A,0,902.4924894820248,1.0,0,1,typing
SYNTHETIC DEMONSTRATION ONLY - NOT HUMAN EXPERIMENT RESULTS,1048740,A,0,902.3608601955293,1.0,0,1,typing
SYNTHETIC DEMONSTRATION ONLY - NOT HUMAN EXPERIMENT RESULTS,1048760,A,0,902.2291973559844,1.0,0,1,typing
SYNTHETIC DEMONSTRATION ONLY - NOT HUMAN EXPERIMENT RESULTS,1048780,A,0,902.097502834611,1.0,0,1,typing
SYNTHETIC DEMONSTRATION ONLY - NOT HUMAN EXPERIMENT RESULTS,1048800,A,0,901.9657785030793,1.0,0,1,typing
SYNTHETIC DEMONSTRATION ONLY - NOT HUMAN EXPERIMENT RESULTS,1048820,A,0,901.8340262334839,1.0,0,1,typing
SYNTHETIC DEMONSTRATION ONLY - NOT HUMAN EXPERIMENT RESULTS,1048840,A,0,901.702247898316,1.0,0,1,typing
SYNTHETIC DEMONSTRATION ONLY - NOT HUMAN EXPERIMENT RESULTS,1048860,A,0,901.5704453704376,1.0,0,1,typing
SYNTHETIC DEMONSTRATION ONLY - NOT HUMAN EXPERIMENT RESULTS,1048880,A,0,901.4386205230543,1.0,0,1,typing
SYNTHETIC DEMONSTRATION ONLY - NOT HUMAN EXPERIMENT RESULTS,1048900,A,0,901.3067752296889,1.0,0,1,typing
SYNTHETIC DEMONSTRATION ONLY - NOT HUMAN EXPERIMENT RESULTS,1048920,A,0,901.174911364155,1.0,0,1,typing
SYNTHETIC DEMONSTRATION ONLY - NOT HUMAN EXPERIMENT RESULTS,1048940,A,0,901.04303080053,1.0,0,1,typing
SYNTHETIC DEMONSTRATION ONLY - NOT HUMAN EXPERIMENT RESULTS,1048960,A,0,900.9111354131285,1.0,0,1,typing
SYNTHETIC DEMONSTRATION ONLY - NOT HUMAN EXPERIMENT RESULTS,1048980,A,0,900.7792270764759,1.0,0,1,typing
SYNTHETIC DEMONSTRATION ONLY - NOT HUMAN EXPERIMENT RESULTS,1049000,A,0,900.6473076652818,1.0,0,1,typing
SYNTHETIC DEMONSTRATION ONLY - NOT HUMAN EXPERIMENT RESULTS,1049020,A,0,900.515379054413,1.0,0,1,typing
SYNTHETIC DEMONSTRATION ONLY - NOT HUMAN EXPERIMENT RESULTS,1049040,A,0,900.383443118867,1.0,0,1,typing
SYNTHETIC DEMONSTRATION ONLY - NOT HUMAN EXPERIMENT RESULTS,1049060,A,0,900.2515017337455,1.0,0,1,typing
SYNTHETIC DEMONSTRATION ONLY - NOT HUMAN EXPERIMENT RESULTS,1049080,A,0,900.1195567742277,1.0,0,1,typing
SYNTHETIC DEMONSTRATION ONLY - NOT HUMAN EXPERIMENT RESULTS,1049100,A,0,899.9876101155435,1.0,0,1,typing
SYNTHETIC DEMONSTRATION ONLY - NOT HUMAN EXPERIMENT RESULTS,1049120,A,0,899.855663632947,1.0,0,1,typing
SYNTHETIC DEMONSTRATION ONLY - NOT HUMAN EXPERIMENT RESULTS,1049140,A,0,899.7237192016897,1.0,0,1,typing
SYNTHETIC DEMONSTRATION ONLY - NOT HUMAN EXPERIMENT RESULTS,1049160,A,0,899.5917786969941,1.0,0,1,typing
SYNTHETIC DEMONSTRATION ONLY - NOT HUMAN EXPERIMENT RESULTS,1049180,A,0,899.4598439940269,1.0,0,1,typing
SYNTHETIC DEMONSTRATION ONLY - NOT HUMAN EXPERIMENT RESULTS,1049200,A,0,899.327916967872,1.0,0,1,typing
SYNTHETIC DEMONSTRATION ONLY - NOT HUMAN EXPERIMENT RESULTS,1049220,A,0,899.1959994935049,1.0,0,1,typing
SYNTHETIC DEMONSTRATION ONLY - NOT HUMAN EXPERIMENT RESULTS,1049240,A,0,899.0640934457645,1.0,0,1,typing
SYNTHETIC DEMONSTRATION ONLY - NOT HUMAN EXPERIMENT RESULTS,1049260,A,0,898.932200699328,1.0,0,1,typing
SYNTHETIC DEMONSTRATION ONLY - NOT HUMAN EXPERIMENT RESULTS,1049280,A,0,898.800323128683,1.0,0,1,typing
SYNTHETIC DEMONSTRATION ONLY - NOT HUMAN EXPERIMENT RESULTS,1049300,A,0,898.6684626081018,1.0,0,1,typing
SYNTHETIC DEMONSTRATION ONLY - NOT HUMAN EXPERIMENT RESULTS,1049320,A,0,898.5366210116144,1.0,0,1,typing
SYNTHETIC DEMONSTRATION ONLY - NOT HUMAN EXPERIMENT RESULTS,1049340,A,0,898.4048002129816,1.0,0,1,typing
SYNTHETIC DEMONSTRATION ONLY - NOT HUMAN EXPERIMENT RESULTS,1049360,A,0,898.2730020856687,1.0,0,1,typing
SYNTHETIC DEMONSTRATION ONLY - NOT HUMAN EXPERIMENT RESULTS,1049380,A,0,898.141228502819,1.0,0,1,typing
SYNTHETIC DEMONSTRATION ONLY - NOT HUMAN EXPERIMENT RESULTS,1049400,A,0,898.0094813372266,1.0,0,1,typing
SYNTHETIC DEMONSTRATION ONLY - NOT HUMAN EXPERIMENT RESULTS,1049420,A,0,897.8777624613105,1.0,0,1,typing
SYNTHETIC DEMONSTRATION ONLY - NOT HUMAN EXPERIMENT RESULTS,1049440,A,0,897.7460737470873,1.0,0,1,typing
SYNTHETIC DEMONSTRATION ONLY - NOT HUMAN EXPERIMENT RESULTS,1049460,A,0,897.6144170661453,1.0,0,1,typing
SYNTHETIC DEMONSTRATION ONLY - NOT HUMAN EXPERIMENT RESULTS,1049480,A,0,897.4827942896172,1.0,0,1,typing
SYNTHETIC DEMONSTRATION ONLY - NOT HUMAN EXPERIMENT RESULTS,1049500,A,0,897.3512072881542,1.0,0,1,typing
SYNTHETIC DEMONSTRATION ONLY - NOT HUMAN EXPERIMENT RESULTS,1049520,A,0,897.2196579318987,1.0,0,1,typing
SYNTHETIC DEMONSTRATION ONLY - NOT HUMAN EXPERIMENT RESULTS,1049540,A,0,897.0881480904584,1.0,0,1,typing
SYNTHETIC DEMONSTRATION ONLY - NOT HUMAN EXPERIMENT RESULTS,1049560,A,0,896.956679632879,1.0,0,1,typing
SYNTHETIC DEMONSTRATION ONLY - NOT HUMAN EXPERIMENT RESULTS,1049580,A,0,896.8252544276185,1.0,0,1,typing
SYNTHETIC DEMONSTRATION ONLY - NOT HUMAN EXPERIMENT RESULTS,1049600,A,0,896.6938743425198,1.0,0,1,typing
SYNTHETIC DEMONSTRATION ONLY - NOT HUMAN EXPERIMENT RESULTS,1049620,A,0,896.5625412447848,1.0,0,1,typing
SYNTHETIC DEMONSTRATION ONLY - NOT HUMAN EXPERIMENT RESULTS,1049640,A,0,896.4312570009478,1.0,0,1,typing
SYNTHETIC DEMONSTRATION ONLY - NOT HUMAN EXPERIMENT RESULTS,1049660,A,0,896.300023476848,1.0,0,1,typing
SYNTHETIC DEMONSTRATION ONLY - NOT HUMAN EXPERIMENT RESULTS,1049680,A,0,896.1688425376045,1.0,0,1,typing
SYNTHETIC DEMONSTRATION ONLY - NOT HUMAN EXPERIMENT RESULTS,1049700,A,0,896.0377160475889,1.0,0,1,typing
SYNTHETIC DEMONSTRATION ONLY - NOT HUMAN EXPERIMENT RESULTS,1049720,A,0,895.9066458703988,1.0,0,1,typing
SYNTHETIC DEMONSTRATION ONLY - NOT HUMAN EXPERIMENT RESULTS,1049740,A,0,895.7756338688316,1.0,0,1,typing
SYNTHETIC DEMONSTRATION ONLY - NOT HUMAN EXPERIMENT RESULTS,1049760,A,0,895.6446819048577,1.0,0,1,typing
SYNTHETIC DEMONSTRATION ONLY - NOT HUMAN EXPERIMENT RESULTS,1049780,A,0,895.5137918395945,1.0,0,1,typing
SYNTHETIC DEMONSTRATION ONLY - NOT HUMAN EXPERIMENT RESULTS,1049800,A,0,895.3829655332795,1.0,0,1,typing
SYNTHETIC DEMONSTRATION ONLY - NOT HUMAN EXPERIMENT RESULTS,1049820,A,0,895.2522048452441,1.0,0,1,typing
SYNTHETIC DEMONSTRATION ONLY - NOT HUMAN EXPERIMENT RESULTS,1049840,A,0,895.1215116338872,1.0,0,1,typing
SYNTHETIC DEMONSTRATION ONLY - NOT HUMAN EXPERIMENT RESULTS,1049860,A,0,894.9908877566484,1.0,0,1,typing
SYNTHETIC DEMONSTRATION ONLY - NOT HUMAN EXPERIMENT RESULTS,1049880,A,0,894.8603350699823,1.0,0,1,typing
SYNTHETIC DEMONSTRATION ONLY - NOT HUMAN EXPERIMENT RESULTS,1049900,A,0,894.7298554293316,1.0,0,1,typing
SYNTHETIC DEMONSTRATION ONLY - NOT HUMAN EXPERIMENT RESULTS,1049920,A,0,894.5994506891006,1.0,0,1,typing
SYNTHETIC DEMONSTRATION ONLY - NOT HUMAN EXPERIMENT RESULTS,1049940,A,0,894.4691227026296,1.0,0,1,typing
SYNTHETIC DEMONSTRATION ONLY - NOT HUMAN EXPERIMENT RESULTS,1049960,A,0,894.3388733221676,1.0,0,1,typing
SYNTHETIC DEMONSTRATION ONLY - NOT HUMAN EXPERIMENT RESULTS,1049980,A,0,894.2087043988465,1.0,0,1,typing
SYNTHETIC DEMONSTRATION ONLY - NOT HUMAN EXPERIMENT RESULTS,1050000,A,0,894.0786177826551,1.0,0,1,typing
SYNTHETIC DEMONSTRATION ONLY - NOT HUMAN EXPERIMENT RESULTS,1050020,A,0,893.948615322412,1.0,0,1,typing
SYNTHETIC DEMONSTRATION ONLY - NOT HUMAN EXPERIMENT RESULTS,1050040,A,0,893.81869886574,1.0,0,1,typing
SYNTHETIC DEMONSTRATION ONLY - NOT HUMAN EXPERIMENT RESULTS,1050060,A,0,893.6888702590393,1.0,0,1,typing
SYNTHETIC DEMONSTRATION ONLY - NOT HUMAN EXPERIMENT RESULTS,1050080,A,0,893.5591313474621,1.0,0,1,typing
SYNTHETIC DEMONSTRATION ONLY - NOT HUMAN EXPERIMENT RESULTS,1050100,A,0,893.4294839748852,1.0,0,1,typing
SYNTHETIC DEMONSTRATION ONLY - NOT HUMAN EXPERIMENT RESULTS,1050120,A,0,893.299929983885,1.0,0,1,typing
SYNTHETIC DEMONSTRATION ONLY - NOT HUMAN EXPERIMENT RESULTS,1050140,A,0,893.1704712157103,1.0,0,1,typing
SYNTHETIC DEMONSTRATION ONLY - NOT HUMAN EXPERIMENT RESULTS,1050160,A,0,893.0411095102569,1.0,0,1,typing
SYNTHETIC DEMONSTRATION ONLY - NOT HUMAN EXPERIMENT RESULTS,1050180,A,0,892.9118467060408,1.0,0,1,typing
SYNTHETIC DEMONSTRATION ONLY - NOT HUMAN EXPERIMENT RESULTS,1050200,A,0,892.7826846401728,1.0,0,1,typing
SYNTHETIC DEMONSTRATION ONLY - NOT HUMAN EXPERIMENT RESULTS,1050220,A,0,892.6536251483315,1.0,0,1,typing
SYNTHETIC DEMONSTRATION ONLY - NOT HUMAN EXPERIMENT RESULTS,1050240,A,0,892.5246700647381,1.0,0,1,typing
SYNTHETIC DEMONSTRATION ONLY - NOT HUMAN EXPERIMENT RESULTS,1050260,A,0,892.3958212221298,1.0,0,1,typing
SYNTHETIC DEMONSTRATION ONLY - NOT HUMAN EXPERIMENT RESULTS,1050280,A,0,892.2670804517338,1.0,0,1,typing
SYNTHETIC DEMONSTRATION ONLY - NOT HUMAN EXPERIMENT RESULTS,1050300,A,0,892.1384495832414,1.0,0,1,typing
SYNTHETIC DEMONSTRATION ONLY - NOT HUMAN EXPERIMENT RESULTS,1050320,A,0,892.0099304447821,1.0,0,1,typing
SYNTHETIC DEMONSTRATION ONLY - NOT HUMAN EXPERIMENT RESULTS,1050340,A,0,891.8815248628972,1.0,0,1,typing
SYNTHETIC DEMONSTRATION ONLY - NOT HUMAN EXPERIMENT RESULTS,1050360,A,0,891.7532346625143,1.0,0,1,typing
SYNTHETIC DEMONSTRATION ONLY - NOT HUMAN EXPERIMENT RESULTS,1050380,A,0,891.625061666921,1.0,0,1,typing
SYNTHETIC DEMONSTRATION ONLY - NOT HUMAN EXPERIMENT RESULTS,1050400,A,0,891.4970076977396,1.0,0,1,typing
SYNTHETIC DEMONSTRATION ONLY - NOT HUMAN EXPERIMENT RESULTS,1050420,A,0,891.3690745749001,1.0,0,1,typing
SYNTHETIC DEMONSTRATION ONLY - NOT HUMAN EXPERIMENT RESULTS,1050440,A,0,891.2412641166155,1.0,0,1,typing
SYNTHETIC DEMONSTRATION ONLY - NOT HUMAN EXPERIMENT RESULTS,1050460,A,0,891.1135781393552,1.0,0,1,typing
SYNTHETIC DEMONSTRATION ONLY - NOT HUMAN EXPERIMENT RESULTS,1050480,A,0,890.9860184578198,1.0,0,1,typing
SYNTHETIC DEMONSTRATION ONLY - NOT HUMAN EXPERIMENT RESULTS,1050500,A,0,890.8585868849146,1.0,0,1,typing
SYNTHETIC DEMONSTRATION ONLY - NOT HUMAN EXPERIMENT RESULTS,1050520,A,0,890.7312852317243,1.0,0,1,typing
SYNTHETIC DEMONSTRATION ONLY - NOT HUMAN EXPERIMENT RESULTS,1050540,A,0,890.6041153074873,1.0,0,1,typing
SYNTHETIC DEMONSTRATION ONLY - NOT HUMAN EXPERIMENT RESULTS,1050560,A,0,890.4770789195695,1.0,0,1,typing
SYNTHETIC DEMONSTRATION ONLY - NOT HUMAN EXPERIMENT RESULTS,1050580,A,0,890.3501778734394,1.0,0,1,typing
SYNTHETIC DEMONSTRATION ONLY - NOT HUMAN EXPERIMENT RESULTS,1050600,A,0,890.2234139726417,1.0,0,1,typing
SYNTHETIC DEMONSTRATION ONLY - NOT HUMAN EXPERIMENT RESULTS,1050620,A,0,890.0967890187717,1.0,0,1,typing
SYNTHETIC DEMONSTRATION ONLY - NOT HUMAN EXPERIMENT RESULTS,1050640,A,0,889.9703048114508,1.0,0,1,typing
SYNTHETIC DEMONSTRATION ONLY - NOT HUMAN EXPERIMENT RESULTS,1050660,A,0,889.8439631482992,1.0,0,1,typing
SYNTHETIC DEMONSTRATION ONLY - NOT HUMAN EXPERIMENT RESULTS,1050680,A,0,889.7177658249118,1.0,0,1,typing
SYNTHETIC DEMONSTRATION ONLY - NOT HUMAN EXPERIMENT RESULTS,1050700,A,0,889.5917146348316,1.0,0,1,typing
SYNTHETIC DEMONSTRATION ONLY - NOT HUMAN EXPERIMENT RESULTS,1050720,A,0,889.4658113695256,1.0,0,1,typing
SYNTHETIC DEMONSTRATION ONLY - NOT HUMAN EXPERIMENT RESULTS,1050740,A,0,889.3400578183572,1.0,0,1,typing
SYNTHETIC DEMONSTRATION ONLY - NOT HUMAN EXPERIMENT RESULTS,1050760,A,0,889.2144557685632,1.0,0,1,typing
SYNTHETIC DEMONSTRATION ONLY - NOT HUMAN EXPERIMENT RESULTS,1050780,A,0,889.0890070052264,1.0,0,1,typing
SYNTHETIC DEMONSTRATION ONLY - NOT HUMAN EXPERIMENT RESULTS,1050800,A,0,888.9637133112518,1.0,0,1,typing
SYNTHETIC DEMONSTRATION ONLY - NOT HUMAN EXPERIMENT RESULTS,1050820,A,0,888.8385764673399,1.0,0,1,typing
SYNTHETIC DEMONSTRATION ONLY - NOT HUMAN EXPERIMENT RESULTS,1050840,A,0,888.7135982519623,1.0,0,1,typing
SYNTHETIC DEMONSTRATION ONLY - NOT HUMAN EXPERIMENT RESULTS,1050860,A,0,888.5887804413359,1.0,0,1,typing
SYNTHETIC DEMONSTRATION ONLY - NOT HUMAN EXPERIMENT RESULTS,1050880,A,0,888.4641248093983,1.0,0,1,typing
SYNTHETIC DEMONSTRATION ONLY - NOT HUMAN EXPERIMENT RESULTS,1050900,A,0,888.3396331277819,1.0,0,1,typing
SYNTHETIC DEMONSTRATION ONLY - NOT HUMAN EXPERIMENT RESULTS,1050920,A,0,888.215307165789,1.0,0,1,typing
SYNTHETIC DEMONSTRATION ONLY - NOT HUMAN EXPERIMENT RESULTS,1050940,A,0,888.0911486903668,1.0,0,1,typing
SYNTHETIC DEMONSTRATION ONLY - NOT HUMAN EXPERIMENT RESULTS,1050960,A,0,887.967159466082,1.0,0,1,typing
SYNTHETIC DEMONSTRATION ONLY - NOT HUMAN EXPERIMENT RESULTS,1050980,A,0,887.8433412550959,1.0,0,1,typing
SYNTHETIC DEMONSTRATION ONLY - NOT HUMAN EXPERIMENT RESULTS,1051000,A,0,887.7196958171394,1.0,0,1,typing
SYNTHETIC DEMONSTRATION ONLY - NOT HUMAN EXPERIMENT RESULTS,1051020,A,0,887.5962249094878,1.0,0,1,typing
SYNTHETIC DEMONSTRATION ONLY - NOT HUMAN EXPERIMENT RESULTS,1051040,A,0,887.4729302869362,1.0,0,1,typing
SYNTHETIC DEMONSTRATION ONLY - NOT HUMAN EXPERIMENT RESULTS,1051060,A,0,887.3498137017739,1.0,0,1,typing
SYNTHETIC DEMONSTRATION ONLY - NOT HUMAN EXPERIMENT RESULTS,1051080,A,0,887.2268769037602,1.0,0,1,typing
SYNTHETIC DEMONSTRATION ONLY - NOT HUMAN EXPERIMENT RESULTS,1051100,A,0,887.1041216400989,1.0,0,1,typing
SYNTHETIC DEMONSTRATION ONLY - NOT HUMAN EXPERIMENT RESULTS,1051120,A,0,886.9815496554143,1.0,0,1,typing
SYNTHETIC DEMONSTRATION ONLY - NOT HUMAN EXPERIMENT RESULTS,1051140,A,0,886.8591626917255,1.0,0,1,typing
SYNTHETIC DEMONSTRATION ONLY - NOT HUMAN EXPERIMENT RESULTS,1051160,A,0,886.7369624884221,1.0,0,1,typing
SYNTHETIC DEMONSTRATION ONLY - NOT HUMAN EXPERIMENT RESULTS,1051180,A,0,886.6149507822397,1.0,0,1,typing
SYNTHETIC DEMONSTRATION ONLY - NOT HUMAN EXPERIMENT RESULTS,1051200,A,0,886.4931293072344,1.0,0,1,typing
SYNTHETIC DEMONSTRATION ONLY - NOT HUMAN EXPERIMENT RESULTS,1051220,A,0,886.3714997947593,1.0,0,1,typing
SYNTHETIC DEMONSTRATION ONLY - NOT HUMAN EXPERIMENT RESULTS,1051240,A,0,886.2500639734388,1.0,0,1,typing
SYNTHETIC DEMONSTRATION ONLY - NOT HUMAN EXPERIMENT RESULTS,1051260,A,0,886.1288235691449,1.0,0,1,typing
SYNTHETIC DEMONSTRATION ONLY - NOT HUMAN EXPERIMENT RESULTS,1051280,A,0,886.0077803049719,1.0,0,1,typing
SYNTHETIC DEMONSTRATION ONLY - NOT HUMAN EXPERIMENT RESULTS,1051300,A,0,885.8869359012126,1.0,0,1,typing
SYNTHETIC DEMONSTRATION ONLY - NOT HUMAN EXPERIMENT RESULTS,1051320,A,0,885.7662920753336,1.0,0,1,typing
SYNTHETIC DEMONSTRATION ONLY - NOT HUMAN EXPERIMENT RESULTS,1051340,A,0,885.6458505419505,1.0,0,1,typing
SYNTHETIC DEMONSTRATION ONLY - NOT HUMAN EXPERIMENT RESULTS,1051360,A,0,885.5256130128042,1.0,0,1,typing
SYNTHETIC DEMONSTRATION ONLY - NOT HUMAN EXPERIMENT RESULTS,1051380,A,0,885.4055811967361,1.0,0,1,typing
SYNTHETIC DEMONSTRATION ONLY - NOT HUMAN EXPERIMENT RESULTS,1051400,A,0,885.2857567996641,1.0,0,1,typing
SYNTHETIC DEMONSTRATION ONLY - NOT HUMAN EXPERIMENT RESULTS,1051420,A,0,885.1661415245579,1.0,0,1,typing
SYNTHETIC DEMONSTRATION ONLY - NOT HUMAN EXPERIMENT RESULTS,1051440,A,0,885.0467370714156,1.0,0,1,typing
SYNTHETIC DEMONSTRATION ONLY - NOT HUMAN EXPERIMENT RESULTS,1051460,A,0,884.9275451372386,1.0,0,1,typing
SYNTHETIC DEMONSTRATION ONLY - NOT HUMAN EXPERIMENT RESULTS,1051480,A,0,884.8085674160081,1.0,0,1,typing
SYNTHETIC DEMONSTRATION ONLY - NOT HUMAN EXPERIMENT RESULTS,1051500,A,0,884.689805598661,1.0,0,1,typing
SYNTHETIC DEMONSTRATION ONLY - NOT HUMAN EXPERIMENT RESULTS,1051520,A,0,884.5712613730656,1.0,0,1,typing
SYNTHETIC DEMONSTRATION ONLY - NOT HUMAN EXPERIMENT RESULTS,1051540,A,0,884.4529364239975,1.0,0,1,typing
SYNTHETIC DEMONSTRATION ONLY - NOT HUMAN EXPERIMENT RESULTS,1051560,A,0,884.3348324331165,1.0,0,1,typing
SYNTHETIC DEMONSTRATION ONLY - NOT HUMAN EXPERIMENT RESULTS,1051580,A,0,884.2169510789414,1.0,0,1,typing
SYNTHETIC DEMONSTRATION ONLY - NOT HUMAN EXPERIMENT RESULTS,1051600,A,0,884.0992940368275,1.0,0,1,typing
SYNTHETIC DEMONSTRATION ONLY - NOT HUMAN EXPERIMENT RESULTS,1051620,A,0,883.9818629789414,1.0,0,1,typing
SYNTHETIC DEMONSTRATION ONLY - NOT HUMAN EXPERIMENT RESULTS,1051640,A,0,883.8646595742389,1.0,0,1,typing
SYNTHETIC DEMONSTRATION ONLY - NOT HUMAN EXPERIMENT RESULTS,1051660,A,0,883.7476854884393,1.0,0,1,typing
SYNTHETIC DEMONSTRATION ONLY - NOT HUMAN EXPERIMENT RESULTS,1051680,A,0,883.6309423840036,1.0,0,1,typing
SYNTHETIC DEMONSTRATION ONLY - NOT HUMAN EXPERIMENT RESULTS,1051700,A,0,883.5144319201095,1.0,0,1,typing
SYNTHETIC DEMONSTRATION ONLY - NOT HUMAN EXPERIMENT RESULTS,1051720,A,0,883.3981557526288,1.0,0,1,typing
SYNTHETIC DEMONSTRATION ONLY - NOT HUMAN EXPERIMENT RESULTS,1051740,A,0,883.282115534103,1.0,0,1,typing
SYNTHETIC DEMONSTRATION ONLY - NOT HUMAN EXPERIMENT RESULTS,1051760,A,0,883.1663129137207,1.0,0,1,typing
SYNTHETIC DEMONSTRATION ONLY - NOT HUMAN EXPERIMENT RESULTS,1051780,A,0,883.0507495372933,1.0,0,1,typing
SYNTHETIC DEMONSTRATION ONLY - NOT HUMAN EXPERIMENT RESULTS,1051800,A,0,882.9354270472323,1.0,0,1,typing
SYNTHETIC DEMONSTRATION ONLY - NOT HUMAN EXPERIMENT RESULTS,1051820,A,0,882.8203470825255,1.0,0,1,typing
SYNTHETIC DEMONSTRATION ONLY - NOT HUMAN EXPERIMENT RESULTS,1051840,A,0,882.7055112787139,1.0,0,1,typing
SYNTHETIC DEMONSTRATION ONLY - NOT HUMAN EXPERIMENT RESULTS,1051860,A,0,882.5909212678683,1.0,0,1,typing
SYNTHETIC DEMONSTRATION ONLY - NOT HUMAN EXPERIMENT RESULTS,1051880,A,0,882.4765786785667,1.0,0,1,typing
SYNTHETIC DEMONSTRATION ONLY - NOT HUMAN EXPERIMENT RESULTS,1051900,A,0,882.3624851358703,1.0,0,1,typing
SYNTHETIC DEMONSTRATION ONLY - NOT HUMAN EXPERIMENT RESULTS,1051920,A,0,882.2486422613008,1.0,0,1,typing
SYNTHETIC DEMONSTRATION ONLY - NOT HUMAN EXPERIMENT RESULTS,1051940,A,0,882.1350516728176,1.0,0,1,typing
SYNTHETIC DEMONSTRATION ONLY - NOT HUMAN EXPERIMENT RESULTS,1051960,A,0,882.0217149847941,1.0,0,1,typing
SYNTHETIC DEMONSTRATION ONLY - NOT HUMAN EXPERIMENT RESULTS,1051980,A,0,881.9086338079958,1.0,0,1,typing
SYNTHETIC DEMONSTRATION ONLY - NOT HUMAN EXPERIMENT RESULTS,1052000,A,0,881.7958097495564,1.0,0,1,typing
SYNTHETIC DEMONSTRATION ONLY - NOT HUMAN EXPERIMENT RESULTS,1052020,A,0,881.6832444129556,1.0,0,1,typing
SYNTHETIC DEMONSTRATION ONLY - NOT HUMAN EXPERIMENT RESULTS,1052040,A,0,881.5709393979959,1.0,0,1,typing
SYNTHETIC DEMONSTRATION ONLY - NOT HUMAN EXPERIMENT RESULTS,1052060,A,0,881.4588963007801,1.0,0,1,typing
SYNTHETIC DEMONSTRATION ONLY - NOT HUMAN EXPERIMENT RESULTS,1052080,A,0,881.3471167136887,1.0,0,1,typing
SYNTHETIC DEMONSTRATION ONLY - NOT HUMAN EXPERIMENT RESULTS,1052100,A,0,881.2356022253571,1.0,0,1,typing
SYNTHETIC DEMONSTRATION ONLY - NOT HUMAN EXPERIMENT RESULTS,1052120,A,0,881.1243544206529,1.0,0,1,typing
SYNTHETIC DEMONSTRATION ONLY - NOT HUMAN EXPERIMENT RESULTS,1052140,A,0,881.0133748806538,1.0,0,1,typing
SYNTHETIC DEMONSTRATION ONLY - NOT HUMAN EXPERIMENT RESULTS,1052160,A,0,880.9026651826247,1.0,0,1,typing
SYNTHETIC DEMONSTRATION ONLY - NOT HUMAN EXPERIMENT RESULTS,1052180,A,0,880.7922268999953,1.0,0,1,typing
SYNTHETIC DEMONSTRATION ONLY - NOT HUMAN EXPERIMENT RESULTS,1052200,A,0,880.6820616023383,1.0,0,1,typing
SYNTHETIC DEMONSTRATION ONLY - NOT HUMAN EXPERIMENT RESULTS,1052220,A,0,880.5721708553461,1.0,0,1,typing
SYNTHETIC DEMONSTRATION ONLY - NOT HUMAN EXPERIMENT RESULTS,1052240,A,0,880.4625562208098,1.0,0,1,typing
SYNTHETIC DEMONSTRATION ONLY - NOT HUMAN EXPERIMENT RESULTS,1052260,A,0,880.3532192565957,1.0,0,1,typing
SYNTHETIC DEMONSTRATION ONLY - NOT HUMAN EXPERIMENT RESULTS,1052280,A,0,880.2441615166243,1.0,0,1,typing
SYNTHETIC DEMONSTRATION ONLY - NOT HUMAN EXPERIMENT RESULTS,1052300,A,0,880.1353845508474,1.0,0,1,typing
SYNTHETIC DEMONSTRATION ONLY - NOT HUMAN EXPERIMENT RESULTS,1052320,A,0,880.0268899052265,1.0,0,1,typing
SYNTHETIC DEMONSTRATION ONLY - NOT HUMAN EXPERIMENT RESULTS,1052340,A,0,879.9186791217105,1.0,0,1,typing
SYNTHETIC DEMONSTRATION ONLY - NOT HUMAN EXPERIMENT RESULTS,1052360,A,0,879.8107537382144,1.0,0,1,typing
SYNTHETIC DEMONSTRATION ONLY - NOT HUMAN EXPERIMENT RESULTS,1052380,A,0,879.7031152885967,1.0,0,1,typing
SYNTHETIC DEMONSTRATION ONLY - NOT HUMAN EXPERIMENT RESULTS,1052400,A,0,879.595765302638,1.0,0,1,typing
SYNTHETIC DEMONSTRATION ONLY - NOT HUMAN EXPERIMENT RESULTS,1052420,A,0,879.4887053060191,1.0,0,1,typing
SYNTHETIC DEMONSTRATION ONLY - NOT HUMAN EXPERIMENT RESULTS,1052440,A,0,879.3819368202999,1.0,0,1,typing
SYNTHETIC DEMONSTRATION ONLY - NOT HUMAN EXPERIMENT RESULTS,1052460,A,0,879.2754613628965,1.0,0,1,typing
SYNTHETIC DEMONSTRATION ONLY - NOT HUMAN EXPERIMENT RESULTS,1052480,A,0,879.1692804470609,1.0,0,1,typing
SYNTHETIC DEMONSTRATION ONLY - NOT HUMAN EXPERIMENT RESULTS,1052500,A,0,879.0633955818594,1.0,0,1,typing
SYNTHETIC DEMONSTRATION ONLY - NOT HUMAN EXPERIMENT RESULTS,1052520,A,0,878.9578082721497,1.0,0,1,typing
SYNTHETIC DEMONSTRATION ONLY - NOT HUMAN EXPERIMENT RESULTS,1052540,A,0,878.8525200185616,1.0,0,1,typing
SYNTHETIC DEMONSTRATION ONLY - NOT HUMAN EXPERIMENT RESULTS,1052560,A,0,878.7475323174739,1.0,0,1,typing
SYNTHETIC DEMONSTRATION ONLY - NOT HUMAN EXPERIMENT RESULTS,1052580,A,0,878.6428466609946,1.0,0,1,typing
SYNTHETIC DEMONSTRATION ONLY - NOT HUMAN EXPERIMENT RESULTS,1052600,A,0,878.5384645369382,1.0,0,1,typing
SYNTHETIC DEMONSTRATION ONLY - NOT HUMAN EXPERIMENT RESULTS,1052620,A,0,878.4343874288062,1.0,0,1,typing
SYNTHETIC DEMONSTRATION ONLY - NOT HUMAN EXPERIMENT RESULTS,1052640,A,0,878.3306168157643,1.0,0,1,typing
SYNTHETIC DEMONSTRATION ONLY - NOT HUMAN EXPERIMENT RESULTS,1052660,A,0,878.2271541726228,1.0,0,1,typing
SYNTHETIC DEMONSTRATION ONLY - NOT HUMAN EXPERIMENT RESULTS,1052680,A,0,878.1240009698148,1.0,0,1,typing
SYNTHETIC DEMONSTRATION ONLY - NOT HUMAN EXPERIMENT RESULTS,1052700,A,0,878.0211586733757,1.0,0,1,typing
SYNTHETIC DEMONSTRATION ONLY - NOT HUMAN EXPERIMENT RESULTS,1052720,A,0,877.9186287449221,1.0,0,1,typing
SYNTHETIC DEMONSTRATION ONLY - NOT HUMAN EXPERIMENT RESULTS,1052740,A,0,877.8164126416312,1.0,0,1,typing
SYNTHETIC DEMONSTRATION ONLY - NOT HUMAN EXPERIMENT RESULTS,1052760,A,0,877.7145118162202,1.0,0,1,typing
SYNTHETIC DEMONSTRATION ONLY - NOT HUMAN EXPERIMENT RESULTS,1052780,A,0,877.6129277169254,1.0,0,1,typing
SYNTHETIC DEMONSTRATION ONLY - NOT HUMAN EXPERIMENT RESULTS,1052800,A,0,877.5116617874816,1.0,0,1,typing
SYNTHETIC DEMONSTRATION ONLY - NOT HUMAN EXPERIMENT RESULTS,1052820,A,0,877.4107154671018,1.0,0,1,typing
SYNTHETIC DEMONSTRATION ONLY - NOT HUMAN EXPERIMENT RESULTS,1052840,A,0,877.3100901904568,1.0,0,1,typing
SYNTHETIC DEMONSTRATION ONLY - NOT HUMAN EXPERIMENT RESULTS,1052860,A,0,877.2097873876544,1.0,0,1,typing
SYNTHETIC DEMONSTRATION ONLY - NOT HUMAN EXPERIMENT RESULTS,1052880,A,0,877.1098084842195,1.0,0,1,typing
SYNTHETIC DEMONSTRATION ONLY - NOT HUMAN EXPERIMENT RESULTS,1052900,A,0,877.0101549010735,1.0,0,1,typing
SYNTHETIC DEMONSTRATION ONLY - NOT HUMAN EXPERIMENT RESULTS,1052920,A,0,876.9108280545146,1.0,0,1,typing
SYNTHETIC DEMONSTRATION ONLY - NOT HUMAN EXPERIMENT RESULTS,1052940,A,0,876.811829356197,1.0,0,1,typing
SYNTHETIC DEMONSTRATION ONLY - NOT HUMAN EXPERIMENT RESULTS,1052960,A,0,876.7131602131115,1.0,0,1,typing
SYNTHETIC DEMONSTRATION ONLY - NOT HUMAN EXPERIMENT RESULTS,1052980,A,0,876.6148220275647,1.0,0,1,typing
SYNTHETIC DEMONSTRATION ONLY - NOT HUMAN EXPERIMENT RESULTS,1053000,A,0,876.5168161971602,1.0,0,1,typing
SYNTHETIC DEMONSTRATION ONLY - NOT HUMAN EXPERIMENT RESULTS,1053020,A,0,876.4191441147777,1.0,0,1,typing
SYNTHETIC DEMONSTRATION ONLY - NOT HUMAN EXPERIMENT RESULTS,1053040,A,0,876.3218071685537,1.0,0,1,typing
SYNTHETIC DEMONSTRATION ONLY - NOT HUMAN EXPERIMENT RESULTS,1053060,A,0,876.2248067418617,1.0,0,1,typing
SYNTHETIC DEMONSTRATION ONLY - NOT HUMAN EXPERIMENT RESULTS,1053080,A,0,876.1281442132923,1.0,0,1,typing
SYNTHETIC DEMONSTRATION ONLY - NOT HUMAN EXPERIMENT RESULTS,1053100,A,0,876.0318209566342,1.0,0,1,typing
SYNTHETIC DEMONSTRATION ONLY - NOT HUMAN EXPERIMENT RESULTS,1053120,A,0,875.9358383408538,1.0,0,1,typing
SYNTHETIC DEMONSTRATION ONLY - NOT HUMAN EXPERIMENT RESULTS,1053140,A,0,875.840197730077,1.0,0,1,typing
SYNTHETIC DEMONSTRATION ONLY - NOT HUMAN EXPERIMENT RESULTS,1053160,A,0,875.7449004835681,1.0,0,1,typing
SYNTHETIC DEMONSTRATION ONLY - NOT HUMAN EXPERIMENT RESULTS,1053180,A,0,875.6499479557123,1.0,0,1,typing
SYNTHETIC DEMONSTRATION ONLY - NOT HUMAN EXPERIMENT RESULTS,1053200,A,0,875.5553414959949,1.0,0,1,typing
SYNTHETIC DEMONSTRATION ONLY - NOT HUMAN EXPERIMENT RESULTS,1053220,A,0,875.4610824489832,1.0,0,1,typing
SYNTHETIC DEMONSTRATION ONLY - NOT HUMAN EXPERIMENT RESULTS,1053240,A,0,875.3671721543069,1.0,0,1,typing
SYNTHETIC DEMONSTRATION ONLY - NOT HUMAN EXPERIMENT RESULTS,1053260,A,0,875.2736119466393,1.0,0,1,typing
SYNTHETIC DEMONSTRATION ONLY - NOT HUMAN EXPERIMENT RESULTS,1053280,A,0,875.1804031556778,1.0,0,1,typing
SYNTHETIC DEMONSTRATION ONLY - NOT HUMAN EXPERIMENT RESULTS,1053300,A,0,875.0875471061258,1.0,0,1,typing
SYNTHETIC DEMONSTRATION ONLY - NOT HUMAN EXPERIMENT RESULTS,1053320,A,0,874.9950451176734,1.0,0,1,typing
SYNTHETIC DEMONSTRATION ONLY - NOT HUMAN EXPERIMENT RESULTS,1053340,A,0,874.9028985049783,1.0,0,1,typing
SYNTHETIC DEMONSTRATION ONLY - NOT HUMAN EXPERIMENT RESULTS,1053360,A,0,874.8111085776482,1.0,0,1,typing
SYNTHETIC DEMONSTRATION ONLY - NOT HUMAN EXPERIMENT RESULTS,1053380,A,0,874.7196766402208,1.0,0,1,typing
SYNTHETIC DEMONSTRATION ONLY - NOT HUMAN EXPERIMENT RESULTS,1053400,A,0,874.6286039921465,1.0,0,1,typing
SYNTHETIC DEMONSTRATION ONLY - NOT HUMAN EXPERIMENT RESULTS,1053420,A,0,874.5378919277692,1.0,0,1,typing
SYNTHETIC DEMONSTRATION ONLY - NOT HUMAN EXPERIMENT RESULTS,1053440,A,0,874.4475417363082,1.0,0,1,typing
SYNTHETIC DEMONSTRATION ONLY - NOT HUMAN EXPERIMENT RESULTS,1053460,A,0,874.3575547018395,1.0,0,1,typing
SYNTHETIC DEMONSTRATION ONLY - NOT HUMAN EXPERIMENT RESULTS,1053480,A,0,874.2679321032782,1.0,0,1,typing
SYNTHETIC DEMONSTRATION ONLY - NOT HUMAN EXPERIMENT RESULTS,1053500,A,0,874.1786752143599,1.0,0,1,typing
SYNTHETIC DEMONSTRATION ONLY - NOT HUMAN EXPERIMENT RESULTS,1053520,A,0,874.0897853036223,1.0,0,1,typing
SYNTHETIC DEMONSTRATION ONLY - NOT HUMAN EXPERIMENT RESULTS,1053540,A,0,874.001263634388,1.0,0,1,typing
SYNTHETIC DEMONSTRATION ONLY - NOT HUMAN EXPERIMENT RESULTS,1053560,A,0,873.9131114647458,1.0,0,1,typing
SYNTHETIC DEMONSTRATION ONLY - NOT HUMAN EXPERIMENT RESULTS,1053580,A,0,873.8253300475332,1.0,0,1,typing
SYNTHETIC DEMONSTRATION ONLY - NOT HUMAN EXPERIMENT RESULTS,1053600,A,0,873.7379206303183,1.0,0,1,typing
SYNTHETIC DEMONSTRATION ONLY - NOT HUMAN EXPERIMENT RESULTS,1053620,A,0,873.6508844553825,1.0,0,1,typing
SYNTHETIC DEMONSTRATION ONLY - NOT HUMAN EXPERIMENT RESULTS,1053640,A,0,873.5642227597025,1.0,0,1,typing
SYNTHETIC DEMONSTRATION ONLY - NOT HUMAN EXPERIMENT RESULTS,1053660,A,0,873.4779367749329,1.0,0,1,typing
SYNTHETIC DEMONSTRATION ONLY - NOT HUMAN EXPERIMENT RESULTS,1053680,A,0,873.3920277273884,1.0,0,1,typing
SYNTHETIC DEMONSTRATION ONLY - NOT HUMAN EXPERIMENT RESULTS,1053700,A,0,873.3064968380268,1.0,0,1,typing
SYNTHETIC DEMONSTRATION ONLY - NOT HUMAN EXPERIMENT RESULTS,1053720,A,0,873.2213453224313,1.0,0,1,typing
SYNTHETIC DEMONSTRATION ONLY - NOT HUMAN EXPERIMENT RESULTS,1053740,A,0,873.1365743907935,1.0,0,1,typing
SYNTHETIC DEMONSTRATION ONLY - NOT HUMAN EXPERIMENT RESULTS,1053760,A,0,873.0521852478959,1.0,0,1,typing
SYNTHETIC DEMONSTRATION ONLY - NOT HUMAN EXPERIMENT RESULTS,1053780,A,0,872.968179093095,1.0,0,1,typing
SYNTHETIC DEMONSTRATION ONLY - NOT HUMAN EXPERIMENT RESULTS,1053800,A,0,872.8845571203044,1.0,0,1,typing
SYNTHETIC DEMONSTRATION ONLY - NOT HUMAN EXPERIMENT RESULTS,1053820,A,0,872.8013205179773,1.0,0,1,typing
SYNTHETIC DEMONSTRATION ONLY - NOT HUMAN EXPERIMENT RESULTS,1053840,A,0,872.71847046909,1.0,0,1,typing
SYNTHETIC DEMONSTRATION ONLY - NOT HUMAN EXPERIMENT RESULTS,1053860,A,0,872.6360081511251,1.0,0,1,typing
SYNTHETIC DEMONSTRATION ONLY - NOT HUMAN EXPERIMENT RESULTS,1053880,A,0,872.5539347360548,1.0,0,1,typing
SYNTHETIC DEMONSTRATION ONLY - NOT HUMAN EXPERIMENT RESULTS,1053900,A,0,872.4722513903239,1.0,0,1,typing
SYNTHETIC DEMONSTRATION ONLY - NOT HUMAN EXPERIMENT RESULTS,1053920,A,0,872.3909592748334,1.0,0,1,typing
SYNTHETIC DEMONSTRATION ONLY - NOT HUMAN EXPERIMENT RESULTS,1053940,A,0,872.3100595449246,1.0,0,1,typing
SYNTHETIC DEMONSTRATION ONLY - NOT HUMAN EXPERIMENT RESULTS,1053960,A,0,872.2295533503614,1.0,0,1,typing
SYNTHETIC DEMONSTRATION ONLY - NOT HUMAN EXPERIMENT RESULTS,1053980,A,0,872.1494418353151,1.0,0,1,typing
SYNTHETIC DEMONSTRATION ONLY - NOT HUMAN EXPERIMENT RESULTS,1054000,A,0,872.0697261383476,1.0,0,1,typing
SYNTHETIC DEMONSTRATION ONLY - NOT HUMAN EXPERIMENT RESULTS,1054020,A,0,871.9904073923956,1.0,0,1,typing
SYNTHETIC DEMONSTRATION ONLY - NOT HUMAN EXPERIMENT RESULTS,1054040,A,0,871.9114867247539,1.0,0,1,typing
SYNTHETIC DEMONSTRATION ONLY - NOT HUMAN EXPERIMENT RESULTS,1054060,A,0,871.83296525706,1.0,0,1,typing
SYNTHETIC DEMONSTRATION ONLY - NOT HUMAN EXPERIMENT RESULTS,1054080,A,0,871.7548441052776,1.0,0,1,typing
SYNTHETIC DEMONSTRATION ONLY - NOT HUMAN EXPERIMENT RESULTS,1054100,A,0,871.6771243796812,1.0,0,1,typing
SYNTHETIC DEMONSTRATION ONLY - NOT HUMAN EXPERIMENT RESULTS,1054120,A,0,871.5998071848403,1.0,0,1,typing
SYNTHETIC DEMONSTRATION ONLY - NOT HUMAN EXPERIMENT RESULTS,1054140,A,0,871.5228936196032,1.0,0,1,typing
SYNTHETIC DEMONSTRATION ONLY - NOT HUMAN EXPERIMENT RESULTS,1054160,A,0,871.446384777082,1.0,0,1,typing
SYNTHETIC DEMONSTRATION ONLY - NOT HUMAN EXPERIMENT RESULTS,1054180,A,0,871.3702817446368,1.0,0,1,typing
SYNTHETIC DEMONSTRATION ONLY - NOT HUMAN EXPERIMENT RESULTS,1054200,A,0,871.2945856038599,1.0,0,1,typing
SYNTHETIC DEMONSTRATION ONLY - NOT HUMAN EXPERIMENT RESULTS,1054220,A,0,871.2192974305613,1.0,0,1,typing
SYNTHETIC DEMONSTRATION ONLY - NOT HUMAN EXPERIMENT RESULTS,1054240,A,0,871.1444182947523,1.0,0,1,typing
SYNTHETIC DEMONSTRATION ONLY - NOT HUMAN EXPERIMENT RESULTS,1054260,A,0,871.0699492606315,1.0,0,1,typing
SYNTHETIC DEMONSTRATION ONLY - NOT HUMAN EXPERIMENT RESULTS,1054280,A,0,870.9958913865684,1.0,0,1,typing
SYNTHETIC DEMONSTRATION ONLY - NOT HUMAN EXPERIMENT RESULTS,1054300,A,0,870.9222457250894,1.0,0,1,typing
SYNTHETIC DEMONSTRATION ONLY - NOT HUMAN EXPERIMENT RESULTS,1054320,A,0,870.8490133228624,1.0,0,1,typing
SYNTHETIC DEMONSTRATION ONLY - NOT HUMAN EXPERIMENT RESULTS,1054340,A,0,870.7761952206821,1.0,0,1,typing
SYNTHETIC DEMONSTRATION ONLY - NOT HUMAN EXPERIMENT RESULTS,1054360,A,0,870.7037924534548,1.0,0,1,typing
SYNTHETIC DEMONSTRATION ONLY - NOT HUMAN EXPERIMENT RESULTS,1054380,A,0,870.6318060501839,1.0,0,1,typing
SYNTHETIC DEMONSTRATION ONLY - NOT HUMAN EXPERIMENT RESULTS,1054400,A,0,870.5602370339557,1.0,0,1,typing
SYNTHETIC DEMONSTRATION ONLY - NOT HUMAN EXPERIMENT RESULTS,1054420,A,0,870.4890864219243,1.0,0,1,typing
SYNTHETIC DEMONSTRATION ONLY - NOT HUMAN EXPERIMENT RESULTS,1054440,A,0,870.4183552252974,1.0,0,1,typing
SYNTHETIC DEMONSTRATION ONLY - NOT HUMAN EXPERIMENT RESULTS,1054460,A,0,870.348044449322,1.0,0,1,typing
SYNTHETIC DEMONSTRATION ONLY - NOT HUMAN EXPERIMENT RESULTS,1054480,A,0,870.2781550932696,1.0,0,1,typing
SYNTHETIC DEMONSTRATION ONLY - NOT HUMAN EXPERIMENT RESULTS,1054500,A,0,870.2086881504227,1.0,0,1,typing
SYNTHETIC DEMONSTRATION ONLY - NOT HUMAN EXPERIMENT RESULTS,1054520,A,0,870.1396446080606,1.0,0,1,typing
SYNTHETIC DEMONSTRATION ONLY - NOT HUMAN EXPERIMENT RESULTS,1054540,A,0,870.0710254474446,1.0,0,1,typing
SYNTHETIC DEMONSTRATION ONLY - NOT HUMAN EXPERIMENT RESULTS,1054560,A,0,870.0028316438049,1.0,0,1,typing
SYNTHETIC DEMONSTRATION ONLY - NOT HUMAN EXPERIMENT RESULTS,1054580,A,0,869.9350641663266,1.0,0,1,typing
SYNTHETIC DEMONSTRATION ONLY - NOT HUMAN EXPERIMENT RESULTS,1054600,A,0,869.8677239781352,1.0,0,1,typing
SYNTHETIC DEMONSTRATION ONLY - NOT HUMAN EXPERIMENT RESULTS,1054620,A,0,869.8008120362841,1.0,0,1,typing
SYNTHETIC DEMONSTRATION ONLY - NOT HUMAN EXPERIMENT RESULTS,1054640,A,0,869.73432929174,1.0,0,1,typing
SYNTHETIC DEMONSTRATION ONLY - NOT HUMAN EXPERIMENT RESULTS,1054660,A,0,869.6682766893699,1.0,0,1,typing
SYNTHETIC DEMONSTRATION ONLY - NOT HUMAN EXPERIMENT RESULTS,1054680,A,0,869.6026551679275,1.0,0,1,typing
SYNTHETIC DEMONSTRATION ONLY - NOT HUMAN EXPERIMENT RESULTS,1054700,A,0,869.5374656600399,1.0,0,1,typing
SYNTHETIC DEMONSTRATION ONLY - NOT HUMAN EXPERIMENT RESULTS,1054720,A,0,869.4727090921941,1.0,0,1,typing
SYNTHETIC DEMONSTRATION ONLY - NOT HUMAN EXPERIMENT RESULTS,1054740,A,0,869.4083863847245,1.0,0,1,typing
SYNTHETIC DEMONSTRATION ONLY - NOT HUMAN EXPERIMENT RESULTS,1054760,A,0,869.344498451799,1.0,0,1,typing
SYNTHETIC DEMONSTRATION ONLY - NOT HUMAN EXPERIMENT RESULTS,1054780,A,0,869.2810462014068,1.0,0,1,typing
SYNTHETIC DEMONSTRATION ONLY - NOT HUMAN EXPERIMENT RESULTS,1054800,A,0,869.2180305353445,1.0,0,1,typing
SYNTHETIC DEMONSTRATION ONLY - NOT HUMAN EXPERIMENT RESULTS,1054820,A,0,869.1554523492043,1.0,0,1,typing
SYNTHETIC DEMONSTRATION ONLY - NOT HUMAN EXPERIMENT RESULTS,1054840,A,0,869.0933125323609,1.0,0,1,typing
SYNTHETIC DEMONSTRATION ONLY - NOT HUMAN EXPERIMENT RESULTS,1054860,A,0,869.0316119679585,1.0,0,1,typing
SYNTHETIC DEMONSTRATION ONLY - NOT HUMAN EXPERIMENT RESULTS,1054880,A,0,868.9703515328987,1.0,0,1,typing
SYNTHETIC DEMONSTRATION ONLY - NOT HUMAN EXPERIMENT RESULTS,1054900,A,0,868.9095320978279,1.0,0,1,typing
SYNTHETIC DEMONSTRATION ONLY - NOT HUMAN EXPERIMENT RESULTS,1054920,A,0,868.8491545271249,1.0,0,1,typing
SYNTHETIC DEMONSTRATION ONLY - NOT HUMAN EXPERIMENT RESULTS,1054940,A,0,868.7892196788887,1.0,0,1,typing
SYNTHETIC DEMONSTRATION ONLY - NOT HUMAN EXPERIMENT RESULTS,1054960,A,0,868.729728404926,1.0,0,1,typing
SYNTHETIC DEMONSTRATION ONLY - NOT HUMAN EXPERIMENT RESULTS,1054980,A,0,868.6706815507397,1.0,0,1,typing
SYNTHETIC DEMONSTRATION ONLY - NOT HUMAN EXPERIMENT RESULTS,1055000,A,0,868.612079955516,1.0,0,1,typing
SYNTHETIC DEMONSTRATION ONLY - NOT HUMAN EXPERIMENT RESULTS,1055020,A,0,868.5539244521136,1.0,0,1,typing
SYNTHETIC DEMONSTRATION ONLY - NOT HUMAN EXPERIMENT RESULTS,1055040,A,0,868.4962158670508,1.0,0,1,typing
SYNTHETIC DEMONSTRATION ONLY - NOT HUMAN EXPERIMENT RESULTS,1055060,A,0,868.4389550204943,1.0,0,1,typing
SYNTHETIC DEMONSTRATION ONLY - NOT HUMAN EXPERIMENT RESULTS,1055080,A,0,868.3821427262475,1.0,0,1,typing
SYNTHETIC DEMONSTRATION ONLY - NOT HUMAN EXPERIMENT RESULTS,1055100,A,0,868.3257797917388,1.0,0,1,typing
SYNTHETIC DEMONSTRATION ONLY - NOT HUMAN EXPERIMENT RESULTS,1055120,A,0,868.2698670180104,1.0,0,1,typing
SYNTHETIC DEMONSTRATION ONLY - NOT HUMAN EXPERIMENT RESULTS,1055140,A,0,868.2144051997063,1.0,0,1,typing
SYNTHETIC DEMONSTRATION ONLY - NOT HUMAN EXPERIMENT RESULTS,1055160,A,0,868.1593951250621,1.0,0,1,typing
SYNTHETIC DEMONSTRATION ONLY - NOT HUMAN EXPERIMENT RESULTS,1055180,A,0,868.1048375758925,1.0,0,1,typing
SYNTHETIC DEMONSTRATION ONLY - NOT HUMAN EXPERIMENT RESULTS,1055200,A,0,868.0507333275809,1.0,0,1,typing
SYNTHETIC DEMONSTRATION ONLY - NOT HUMAN EXPERIMENT RESULTS,1055220,A,0,867.9970831490688,1.0,0,1,typing
SYNTHETIC DEMONSTRATION ONLY - NOT HUMAN EXPERIMENT RESULTS,1055240,A,0,867.9438878028436,1.0,0,1,typing
SYNTHETIC DEMONSTRATION ONLY - NOT HUMAN EXPERIMENT RESULTS,1055260,A,0,867.8911480449292,1.0,0,1,typing
SYNTHETIC DEMONSTRATION ONLY - NOT HUMAN EXPERIMENT RESULTS,1055280,A,0,867.8388646248741,1.0,0,1,typing
SYNTHETIC DEMONSTRATION ONLY - NOT HUMAN EXPERIMENT RESULTS,1055300,A,0,867.7870382857416,1.0,0,1,typing
SYNTHETIC DEMONSTRATION ONLY - NOT HUMAN EXPERIMENT RESULTS,1055320,A,0,867.7356697640986,1.0,0,1,typing
SYNTHETIC DEMONSTRATION ONLY - NOT HUMAN EXPERIMENT RESULTS,1055340,A,0,867.6847597900055,1.0,0,1,typing
SYNTHETIC DEMONSTRATION ONLY - NOT HUMAN EXPERIMENT RESULTS,1055360,A,0,867.6343090870058,1.0,0,1,typing
SYNTHETIC DEMONSTRATION ONLY - NOT HUMAN EXPERIMENT RESULTS,1055380,A,0,867.5843183721155,1.0,0,1,typing
SYNTHETIC DEMONSTRATION ONLY - NOT HUMAN EXPERIMENT RESULTS,1055400,A,0,867.5347883558135,1.0,0,1,typing
SYNTHETIC DEMONSTRATION ONLY - NOT HUMAN EXPERIMENT RESULTS,1055420,A,0,867.4857197420308,1.0,0,1,typing
SYNTHETIC DEMONSTRATION ONLY - NOT HUMAN EXPERIMENT RESULTS,1055440,A,0,867.4371132281412,1.0,0,1,typing
SYNTHETIC DEMONSTRATION ONLY - NOT HUMAN EXPERIMENT RESULTS,1055460,A,0,867.3889695049508,1.0,0,1,typing
SYNTHETIC DEMONSTRATION ONLY - NOT HUMAN EXPERIMENT RESULTS,1055480,A,0,867.3412892566882,1.0,0,1,typing
SYNTHETIC DEMONSTRATION ONLY - NOT HUMAN EXPERIMENT RESULTS,1055500,A,0,867.2940731609956,1.0,0,1,typing
SYNTHETIC DEMONSTRATION ONLY - NOT HUMAN EXPERIMENT RESULTS,1055520,A,0,867.2473218889182,1.0,0,1,typing
SYNTHETIC DEMONSTRATION ONLY - NOT HUMAN EXPERIMENT RESULTS,1055540,A,0,867.2010361048949,1.0,0,1,typing
SYNTHETIC DEMONSTRATION ONLY - NOT HUMAN EXPERIMENT RESULTS,1055560,A,0,867.1552164667493,1.0,0,1,typing
SYNTHETIC DEMONSTRATION ONLY - NOT HUMAN EXPERIMENT RESULTS,1055580,A,0,867.1098636256797,1.0,0,1,typing
SYNTHETIC DEMONSTRATION ONLY - NOT HUMAN EXPERIMENT RESULTS,1055600,A,0,867.0649782262506,1.0,0,1,typing
SYNTHETIC DEMONSTRATION ONLY - NOT HUMAN EXPERIMENT RESULTS,1055620,A,0,867.0205609063827,1.0,0,1,typing
SYNTHETIC DEMONSTRATION ONLY - NOT HUMAN EXPERIMENT RESULTS,1055640,A,0,866.9766122973444,1.0,0,1,typing
SYNTHETIC DEMONSTRATION ONLY - NOT HUMAN EXPERIMENT RESULTS,1055660,A,0,866.9331330237429,1.0,0,1,typing
SYNTHETIC DEMONSTRATION ONLY - NOT HUMAN EXPERIMENT RESULTS,1055680,A,0,866.8901237035147,1.0,0,1,typing
SYNTHETIC DEMONSTRATION ONLY - NOT HUMAN EXPERIMENT RESULTS,1055700,A,0,866.8475849479177,1.0,0,1,typing
SYNTHETIC DEMONSTRATION ONLY - NOT HUMAN EXPERIMENT RESULTS,1055720,A,0,866.8055173615215,1.0,0,1,typing
SYNTHETIC DEMONSTRATION ONLY - NOT HUMAN EXPERIMENT RESULTS,1055740,A,0,866.7639215421999,1.0,0,1,typing
SYNTHETIC DEMONSTRATION ONLY - NOT HUMAN EXPERIMENT RESULTS,1055760,A,0,866.7227980811214,1.0,0,1,typing
SYNTHETIC DEMONSTRATION ONLY - NOT HUMAN EXPERIMENT RESULTS,1055780,A,0,866.6821475627413,1.0,0,1,typing
SYNTHETIC DEMONSTRATION ONLY - NOT HUMAN EXPERIMENT RESULTS,1055800,A,0,866.6419705647937,1.0,0,1,typing
SYNTHETIC DEMONSTRATION ONLY - NOT HUMAN EXPERIMENT RESULTS,1055820,A,0,866.6022676582826,1.0,0,1,typing
SYNTHETIC DEMONSTRATION ONLY - NOT HUMAN EXPERIMENT RESULTS,1055840,A,0,866.563039407474,1.0,0,1,typing
SYNTHETIC DEMONSTRATION ONLY - NOT HUMAN EXPERIMENT RESULTS,1055860,A,0,866.5242863698884,1.0,0,1,typing
SYNTHETIC DEMONSTRATION ONLY - NOT HUMAN EXPERIMENT RESULTS,1055880,A,0,866.486009096292,1.0,0,1,typing
SYNTHETIC DEMONSTRATION ONLY - NOT HUMAN EXPERIMENT RESULTS,1055900,A,0,866.4482081306899,1.0,0,1,typing
SYNTHETIC DEMONSTRATION ONLY - NOT HUMAN EXPERIMENT RESULTS,1055920,A,0,866.4108840103172,1.0,0,1,typing
SYNTHETIC DEMONSTRATION ONLY - NOT HUMAN EXPERIMENT RESULTS,1055940,A,0,866.3740372656325,1.0,0,1,typing
SYNTHETIC DEMONSTRATION ONLY - NOT HUMAN EXPERIMENT RESULTS,1055960,A,0,866.3376684203095,1.0,0,1,typing
SYNTHETIC DEMONSTRATION ONLY - NOT HUMAN EXPERIMENT RESULTS,1055980,A,0,866.30177799123,1.0,0,1,typing
SYNTHETIC DEMONSTRATION ONLY - NOT HUMAN EXPERIMENT RESULTS,1056000,A,0,866.2663664884764,1.0,0,1,typing
SYNTHETIC DEMONSTRATION ONLY - NOT HUMAN EXPERIMENT RESULTS,1056020,A,0,866.2314344153245,1.0,0,1,typing
SYNTHETIC DEMONSTRATION ONLY - NOT HUMAN EXPERIMENT RESULTS,1056040,A,0,866.1969822682366,1.0,0,1,typing
SYNTHETIC DEMONSTRATION ONLY - NOT HUMAN EXPERIMENT RESULTS,1056060,A,0,866.1630105368538,1.0,0,1,typing
SYNTHETIC DEMONSTRATION ONLY - NOT HUMAN EXPERIMENT RESULTS,1056080,A,0,866.1295197039896,1.0,0,1,typing
SYNTHETIC DEMONSTRATION ONLY - NOT HUMAN EXPERIMENT RESULTS,1056100,A,0,866.0965102456228,1.0,0,1,typing
SYNTHETIC DEMONSTRATION ONLY - NOT HUMAN EXPERIMENT RESULTS,1056120,A,0,866.063982630891,1.0,0,1,typing
SYNTHETIC DEMONSTRATION ONLY - NOT HUMAN EXPERIMENT RESULTS,1056140,A,0,866.0319373220836,1.0,0,1,typing
SYNTHETIC DEMONSTRATION ONLY - NOT HUMAN EXPERIMENT RESULTS,1056160,A,0,866.0003747746355,1.0,0,1,typing
SYNTHETIC DEMONSTRATION ONLY - NOT HUMAN EXPERIMENT RESULTS,1056180,A,0,865.96929543712,1.0,0,1,typing
SYNTHETIC DEMONSTRATION ONLY - NOT HUMAN EXPERIMENT RESULTS,1056200,A,0,865.9386997512436,1.0,0,1,typing
SYNTHETIC DEMONSTRATION ONLY - NOT HUMAN EXPERIMENT RESULTS,1056220,A,0,865.9085881518384,1.0,0,1,typing
SYNTHETIC DEMONSTRATION ONLY - NOT HUMAN EXPERIMENT RESULTS,1056240,A,0,865.8789610668573,1.0,0,1,typing
SYNTHETIC DEMONSTRATION ONLY - NOT HUMAN EXPERIMENT RESULTS,1056260,A,0,865.8498189173665,1.0,0,1,typing
SYNTHETIC DEMONSTRATION ONLY - NOT HUMAN EXPERIMENT RESULTS,1056280,A,0,865.8211621175404,1.0,0,1,typing
SYNTHETIC DEMONSTRATION ONLY - NOT HUMAN EXPERIMENT RESULTS,1056300,A,0,865.7929910746558,1.0,0,1,typing
SYNTHETIC DEMONSTRATION ONLY - NOT HUMAN EXPERIMENT RESULTS,1056320,A,0,865.7653061890853,1.0,0,1,typing
SYNTHETIC DEMONSTRATION ONLY - NOT HUMAN EXPERIMENT RESULTS,1056340,A,0,865.7381078542925,1.0,0,1,typing
SYNTHETIC DEMONSTRATION ONLY - NOT HUMAN EXPERIMENT RESULTS,1056360,A,0,865.711396456826,1.0,0,1,typing
SYNTHETIC DEMONSTRATION ONLY - NOT HUMAN EXPERIMENT RESULTS,1056380,A,0,865.685172376314,1.0,0,1,typing
SYNTHETIC DEMONSTRATION ONLY - NOT HUMAN EXPERIMENT RESULTS,1056400,A,0,865.6594359854585,1.0,0,1,typing
SYNTHETIC DEMONSTRATION ONLY - NOT HUMAN EXPERIMENT RESULTS,1056420,A,0,865.6341876500305,1.0,0,1,typing
SYNTHETIC DEMONSTRATION ONLY - NOT HUMAN EXPERIMENT RESULTS,1056440,A,0,865.6094277288651,1.0,0,1,typing
SYNTHETIC DEMONSTRATION ONLY - NOT HUMAN EXPERIMENT RESULTS,1056460,A,0,865.5851565738553,1.0,0,1,typing
SYNTHETIC DEMONSTRATION ONLY - NOT HUMAN EXPERIMENT RESULTS,1056480,A,0,865.561374529948,1.0,0,1,typing
SYNTHETIC DEMONSTRATION ONLY - NOT HUMAN EXPERIMENT RESULTS,1056500,A,0,865.5380819351388,1.0,0,1,typing
SYNTHETIC DEMONSTRATION ONLY - NOT HUMAN EXPERIMENT RESULTS,1056520,A,0,865.5152791204669,1.0,0,1,typing
SYNTHETIC DEMONSTRATION ONLY - NOT HUMAN EXPERIMENT RESULTS,1056540,A,0,865.4929664100108,1.0,0,1,typing
SYNTHETIC DEMONSTRATION ONLY - NOT HUMAN EXPERIMENT RESULTS,1056560,A,0,865.4711441208835,1.0,0,1,typing
SYNTHETIC DEMONSTRATION ONLY - NOT HUMAN EXPERIMENT RESULTS,1056580,A,0,865.4498125632281,1.0,0,1,typing
SYNTHETIC DEMONSTRATION ONLY - NOT HUMAN EXPERIMENT RESULTS,1056600,A,0,865.4289720402131,1.0,0,1,typing
SYNTHETIC DEMONSTRATION ONLY - NOT HUMAN EXPERIMENT RESULTS,1056620,A,0,865.4086228480287,1.0,0,1,typing
SYNTHETIC DEMONSTRATION ONLY - NOT HUMAN EXPERIMENT RESULTS,1056640,A,0,865.3887652758817,1.0,0,1,typing
SYNTHETIC DEMONSTRATION ONLY - NOT HUMAN EXPERIMENT RESULTS,1056660,A,0,865.3693996059924,1.0,0,1,typing
SYNTHETIC DEMONSTRATION ONLY - NOT HUMAN EXPERIMENT RESULTS,1056680,A,0,865.3505261135896,1.0,0,1,typing
SYNTHETIC DEMONSTRATION ONLY - NOT HUMAN EXPERIMENT RESULTS,1056700,A,0,865.3321450669076,1.0,0,1,typing
SYNTHETIC DEMONSTRATION ONLY - NOT HUMAN EXPERIMENT RESULTS,1056720,A,0,865.3142567271816,1.0,0,1,typing
SYNTHETIC DEMONSTRATION ONLY - NOT HUMAN EXPERIMENT RESULTS,1056740,A,0,865.2968613486446,1.0,0,1,typing
SYNTHETIC DEMONSTRATION ONLY - NOT HUMAN EXPERIMENT RESULTS,1056760,A,0,865.2799591785235,1.0,0,1,typing
SYNTHETIC DEMONSTRATION ONLY - NOT HUMAN EXPERIMENT RESULTS,1056780,A,0,865.2635504570354,1.0,0,1,typing
SYNTHETIC DEMONSTRATION ONLY - NOT HUMAN EXPERIMENT RESULTS,1056800,A,0,865.2476354173847,1.0,0,1,typing
SYNTHETIC DEMONSTRATION ONLY - NOT HUMAN EXPERIMENT RESULTS,1056820,A,0,865.2322142857591,1.0,0,1,typing
SYNTHETIC DEMONSTRATION ONLY - NOT HUMAN EXPERIMENT RESULTS,1056840,A,0,865.2172872813273,1.0,0,1,typing
SYNTHETIC DEMONSTRATION ONLY - NOT HUMAN EXPERIMENT RESULTS,1056860,A,0,865.202854616235,1.0,0,1,typing
SYNTHETIC DEMONSTRATION ONLY - NOT HUMAN EXPERIMENT RESULTS,1056880,A,0,865.1889164956021,1.0,0,1,typing
SYNTHETIC DEMONSTRATION ONLY - NOT HUMAN EXPERIMENT RESULTS,1056900,A,0,865.1754731175205,1.0,0,1,typing
SYNTHETIC DEMONSTRATION ONLY - NOT HUMAN EXPERIMENT RESULTS,1056920,A,0,865.16252467305,1.0,0,1,typing
SYNTHETIC DEMONSTRATION ONLY - NOT HUMAN EXPERIMENT RESULTS,1056940,A,0,865.1500713462169,1.0,0,1,typing
SYNTHETIC DEMONSTRATION ONLY - NOT HUMAN EXPERIMENT RESULTS,1056960,A,0,865.1381133140105,1.0,0,1,typing
SYNTHETIC DEMONSTRATION ONLY - NOT HUMAN EXPERIMENT RESULTS,1056980,A,0,865.1266507463808,1.0,0,1,typing
SYNTHETIC DEMONSTRATION ONLY - NOT HUMAN EXPERIMENT RESULTS,1057000,A,0,865.1156838062365,1.0,0,1,typing
SYNTHETIC DEMONSTRATION ONLY - NOT HUMAN EXPERIMENT RESULTS,1057020,A,0,865.1052126494418,1.0,0,1,typing
SYNTHETIC DEMONSTRATION ONLY - NOT HUMAN EXPERIMENT RESULTS,1057040,A,0,865.0952374248152,1.0,0,1,typing
SYNTHETIC DEMONSTRATION ONLY - NOT HUMAN EXPERIMENT RESULTS,1057060,A,0,865.0857582741266,1.0,0,1,typing
SYNTHETIC DEMONSTRATION ONLY - NOT HUMAN EXPERIMENT RESULTS,1057080,A,0,865.0767753320958,1.0,0,1,typing
SYNTHETIC DEMONSTRATION ONLY - NOT HUMAN EXPERIMENT RESULTS,1057100,A,0,865.0682887263904,1.0,0,1,typing
SYNTHETIC DEMONSTRATION ONLY - NOT HUMAN EXPERIMENT RESULTS,1057120,A,0,865.0602985776236,1.0,0,1,typing
SYNTHETIC DEMONSTRATION ONLY - NOT HUMAN EXPERIMENT RESULTS,1057140,A,0,865.0528049993533,1.0,0,1,typing
SYNTHETIC DEMONSTRATION ONLY - NOT HUMAN EXPERIMENT RESULTS,1057160,A,0,865.0458080980796,1.0,0,1,typing
SYNTHETIC DEMONSTRATION ONLY - NOT HUMAN EXPERIMENT RESULTS,1057180,A,0,865.0393079732443,1.0,0,1,typing
SYNTHETIC DEMONSTRATION ONLY - NOT HUMAN EXPERIMENT RESULTS,1057200,A,0,865.0333047172284,1.0,0,1,typing
SYNTHETIC DEMONSTRATION ONLY - NOT HUMAN EXPERIMENT RESULTS,1057220,A,0,865.0277984153513,1.0,0,1,typing
SYNTHETIC DEMONSTRATION ONLY - NOT HUMAN EXPERIMENT RESULTS,1057240,A,0,865.0227891458699,1.0,0,1,typing
SYNTHETIC DEMONSTRATION ONLY - NOT HUMAN EXPERIMENT RESULTS,1057260,A,0,865.0182769799769,1.0,0,1,typing
SYNTHETIC DEMONSTRATION ONLY - NOT HUMAN EXPERIMENT RESULTS,1057280,A,0,865.0142619818004,1.0,0,1,typing
SYNTHETIC DEMONSTRATION ONLY - NOT HUMAN EXPERIMENT RESULTS,1057300,A,0,865.0107442084022,1.0,0,1,typing
SYNTHETIC DEMONSTRATION ONLY - NOT HUMAN EXPERIMENT RESULTS,1057320,A,0,865.0077237097777,1.0,0,1,typing
SYNTHETIC DEMONSTRATION ONLY - NOT HUMAN EXPERIMENT RESULTS,1057340,A,0,865.0052005288549,1.0,0,1,typing
SYNTHETIC DEMONSTRATION ONLY - NOT HUMAN EXPERIMENT RESULTS,1057360,A,0,865.0031747014937,1.0,0,1,typing
SYNTHETIC DEMONSTRATION ONLY - NOT HUMAN EXPERIMENT RESULTS,1057380,A,0,865.0016462564856,1.0,0,1,typing
SYNTHETIC DEMONSTRATION ONLY - NOT HUMAN EXPERIMENT RESULTS,1057400,A,0,865.0006152155534,1.0,0,1,typing
SYNTHETIC DEMONSTRATION ONLY - NOT HUMAN EXPERIMENT RESULTS,1057420,A,0,865.0000815933502,1.0,0,1,typing
SYNTHETIC DEMONSTRATION ONLY - NOT HUMAN EXPERIMENT RESULTS,1057440,A,0,865.00004539746,1.0,0,1,typing
SYNTHETIC DEMONSTRATION ONLY - NOT HUMAN EXPERIMENT RESULTS,1057460,A,0,865.0005066283974,1.0,0,1,typing
SYNTHETIC DEMONSTRATION ONLY - NOT HUMAN EXPERIMENT RESULTS,1057480,A,0,865.0014652796071,1.0,0,1,typing
SYNTHETIC DEMONSTRATION ONLY - NOT HUMAN EXPERIMENT RESULTS,1057500,A,0,865.0029213374647,1.0,0,1,typing
SYNTHETIC DEMONSTRATION ONLY - NOT HUMAN EXPERIMENT RESULTS,1057520,A,0,865.0048747812763,1.0,0,1,typing
SYNTHETIC DEMONSTRATION ONLY - NOT HUMAN EXPERIMENT RESULTS,1057540,A,0,865.0073255832791,1.0,0,1,typing
SYNTHETIC DEMONSTRATION ONLY - NOT HUMAN EXPERIMENT RESULTS,1057560,A,0,865.0102737086419,1.0,0,1,typing
SYNTHETIC DEMONSTRATION ONLY - NOT HUMAN EXPERIMENT RESULTS,1057580,A,0,865.0137191154652,1.0,0,1,typing
SYNTHETIC DEMONSTRATION ONLY - NOT HUMAN EXPERIMENT RESULTS,1057600,A,0,865.0176617547821,1.0,0,1,typing
SYNTHETIC DEMONSTRATION ONLY - NOT HUMAN EXPERIMENT RESULTS,1057620,A,0,865.0221015705591,1.0,0,1,typing
SYNTHETIC DEMONSTRATION ONLY - NOT HUMAN EXPERIMENT RESULTS,1057640,A,0,865.0270384996967,1.0,0,1,typing
SYNTHETIC DEMONSTRATION ONLY - NOT HUMAN EXPERIMENT RESULTS,1057660,A,0,865.0324724720299,1.0,0,1,typing
SYNTHETIC DEMONSTRATION ONLY - NOT HUMAN EXPERIMENT RESULTS,1057680,A,0,865.0384034103301,1.0,0,1,typing
SYNTHETIC DEMONSTRATION ONLY - NOT HUMAN EXPERIMENT RESULTS,1057700,A,0,865.0448312303056,1.0,0,1,typing
SYNTHETIC DEMONSTRATION ONLY - NOT HUMAN EXPERIMENT RESULTS,1057720,A,0,865.0517558406027,1.0,0,1,typing
SYNTHETIC DEMONSTRATION ONLY - NOT HUMAN EXPERIMENT RESULTS,1057740,A,0,865.0591771428074,1.0,0,1,typing
SYNTHETIC DEMONSTRATION ONLY - NOT HUMAN EXPERIMENT RESULTS,1057760,A,0,865.0670950314467,1.0,0,1,typing
SYNTHETIC DEMONSTRATION ONLY - NOT HUMAN EXPERIMENT RESULTS,1057780,A,0,865.0755093939896,1.0,0,1,typing
SYNTHETIC DEMONSTRATION ONLY - NOT HUMAN EXPERIMENT RESULTS,1057800,A,0,865.0844201108497,1.0,0,1,typing
SYNTHETIC DEMONSTRATION ONLY - NOT HUMAN EXPERIMENT RESULTS,1057820,A,0,865.0938270553858,1.0,0,1,typing
SYNTHETIC DEMONSTRATION ONLY - NOT HUMAN EXPERIMENT RESULTS,1057840,A,0,865.1037300939045,1.0,0,1,typing
SYNTHETIC DEMONSTRATION ONLY - NOT HUMAN EXPERIMENT RESULTS,1057860,A,0,865.1141290856615,1.0,0,1,typing
SYNTHETIC DEMONSTRATION ONLY - NOT HUMAN EXPERIMENT RESULTS,1057880,A,0,865.1250238828644,1.0,0,1,typing
SYNTHETIC DEMONSTRATION ONLY - NOT HUMAN EXPERIMENT RESULTS,1057900,A,0,865.1364143306738,1.0,0,1,typing
SYNTHETIC DEMONSTRATION ONLY - NOT HUMAN EXPERIMENT RESULTS,1057920,A,0,865.1483002672063,1.0,0,1,typing
SYNTHETIC DEMONSTRATION ONLY - NOT HUMAN EXPERIMENT RESULTS,1057940,A,0,865.1606815235365,1.0,0,1,typing
SYNTHETIC DEMONSTRATION ONLY - NOT HUMAN EXPERIMENT RESULTS,1057960,A,0,865.1735579236991,1.0,0,1,typing
SYNTHETIC DEMONSTRATION ONLY - NOT HUMAN EXPERIMENT RESULTS,1057980,A,0,865.1869292846923,1.0,0,1,typing
SYNTHETIC DEMONSTRATION ONLY - NOT HUMAN EXPERIMENT RESULTS,1058000,A,0,865.2007954164792,1.0,0,1,typing
SYNTHETIC DEMONSTRATION ONLY - NOT HUMAN EXPERIMENT RESULTS,1058020,A,0,865.2151561219914,1.0,0,1,typing
SYNTHETIC DEMONSTRATION ONLY - NOT HUMAN EXPERIMENT RESULTS,1058040,A,0,865.2300111971316,1.0,0,1,typing
SYNTHETIC DEMONSTRATION ONLY - NOT HUMAN EXPERIMENT RESULTS,1058060,A,0,865.2453604307763,1.0,0,1,typing
SYNTHETIC DEMONSTRATION ONLY - NOT HUMAN EXPERIMENT RESULTS,1058080,A,0,865.2612036047788,1.0,0,1,typing
SYNTHETIC DEMONSTRATION ONLY - NOT HUMAN EXPERIMENT RESULTS,1058100,A,0,865.2775404939725,1.0,0,1,typing
SYNTHETIC DEMONSTRATION ONLY - NOT HUMAN EXPERIMENT RESULTS,1058120,A,0,865.2943708661742,1.0,0,1,typing
SYNTHETIC DEMONSTRATION ONLY - NOT HUMAN EXPERIMENT RESULTS,1058140,A,0,865.311694482187,1.0,0,1,typing
SYNTHETIC DEMONSTRATION ONLY - NOT HUMAN EXPERIMENT RESULTS,1058160,A,0,865.3295110958039,1.0,0,1,typing
SYNTHETIC DEMONSTRATION ONLY - NOT HUMAN EXPERIMENT RESULTS,1058180,A,0,865.3478204538116,1.0,0,1,typing
SYNTHETIC DEMONSTRATION ONLY - NOT HUMAN EXPERIMENT RESULTS,1058200,A,0,865.3666222959932,1.0,0,1,typing
SYNTHETIC DEMONSTRATION ONLY - NOT HUMAN EXPERIMENT RESULTS,1058220,A,0,865.3859163551333,1.0,0,1,typing
SYNTHETIC DEMONSTRATION ONLY - NOT HUMAN EXPERIMENT RESULTS,1058240,A,0,865.4057023570203,1.0,0,1,typing
SYNTHETIC DEMONSTRATION ONLY - NOT HUMAN EXPERIMENT RESULTS,1058260,A,0,865.4259800204517,1.0,0,1,typing
SYNTHETIC DEMONSTRATION ONLY - NOT HUMAN EXPERIMENT RESULTS,1058280,A,0,865.4467490572366,1.0,0,1,typing
SYNTHETIC DEMONSTRATION ONLY - NOT HUMAN EXPERIMENT RESULTS,1058300,A,0,865.4680091722013,1.0,0,1,typing
SYNTHETIC DEMONSTRATION ONLY - NOT HUMAN EXPERIMENT RESULTS,1058320,A,0,865.4897600631923,1.0,0,1,typing
SYNTHETIC DEMONSTRATION ONLY - NOT HUMAN EXPERIMENT RESULTS,1058340,A,0,865.5120014210815,1.0,0,1,typing
SYNTHETIC DEMONSTRATION ONLY - NOT HUMAN EXPERIMENT RESULTS,1058360,A,0,865.5347329297699,1.0,0,1,typing
SYNTHETIC DEMONSTRATION ONLY - NOT HUMAN EXPERIMENT RESULTS,1058380,A,0,865.5579542661924,1.0,0,1,typing
SYNTHETIC DEMONSTRATION ONLY - NOT HUMAN EXPERIMENT RESULTS,1058400,A,0,865.5816651003223,1.0,0,1,typing
SYNTHETIC DEMONSTRATION ONLY - NOT HUMAN EXPERIMENT RESULTS,1058420,A,0,865.6058650951765,1.0,0,1,typing
SYNTHETIC DEMONSTRATION ONLY - NOT HUMAN EXPERIMENT RESULTS,1058440,A,0,865.630553906819,1.0,0,1,typing
SYNTHETIC DEMONSTRATION ONLY - NOT HUMAN EXPERIMENT RESULTS,1058460,A,0,865.6557311843677,1.0,0,1,typing
SYNTHETIC DEMONSTRATION ONLY - NOT HUMAN EXPERIMENT RESULTS,1058480,A,0,865.6813965699974,1.0,0,1,typing
SYNTHETIC DEMONSTRATION ONLY - NOT HUMAN EXPERIMENT RESULTS,1058500,A,0,865.7075496989463,1.0,0,1,typing
SYNTHETIC DEMONSTRATION ONLY - NOT HUMAN EXPERIMENT RESULTS,1058520,A,0,865.7341901995204,1.0,0,1,typing
SYNTHETIC DEMONSTRATION ONLY - NOT HUMAN EXPERIMENT RESULTS,1058540,A,0,865.7613176930994,1.0,0,1,typing
SYNTHETIC DEMONSTRATION ONLY - NOT HUMAN EXPERIMENT RESULTS,1058560,A,0,865.7889317941415,1.0,0,1,typing
SYNTHETIC DEMONSTRATION ONLY - NOT HUMAN EXPERIMENT RESULTS,1058580,A,0,865.8170321101891,1.0,0,1,typing
SYNTHETIC DEMONSTRATION ONLY - NOT HUMAN EXPERIMENT RESULTS,1058600,A,0,865.8456182418746,1.0,0,1,typing
SYNTHETIC DEMONSTRATION ONLY - NOT HUMAN EXPERIMENT RESULTS,1058620,A,0,865.8746897829258,1.0,0,1,typing
SYNTHETIC DEMONSTRATION ONLY - NOT HUMAN EXPERIMENT RESULTS,1058640,A,0,865.9042463201718,1.0,0,1,typing
SYNTHETIC DEMONSTRATION ONLY - NOT HUMAN EXPERIMENT RESULTS,1058660,A,0,865.9342874335487,1.0,0,1,typing
SYNTHETIC DEMONSTRATION ONLY - NOT HUMAN EXPERIMENT RESULTS,1058680,A,0,865.9648126961057,1.0,0,1,typing
SYNTHETIC DEMONSTRATION ONLY - NOT HUMAN EXPERIMENT RESULTS,1058700,A,0,865.9958216740115,1.0,0,1,typing
SYNTHETIC DEMONSTRATION ONLY - NOT HUMAN EXPERIMENT RESULTS,1058720,A,0,866.0273139265596,1.0,0,1,typing
SYNTHETIC DEMONSTRATION ONLY - NOT HUMAN EXPERIMENT RESULTS,1058740,A,0,866.0592890061756,1.0,0,1,typing
SYNTHETIC DEMONSTRATION ONLY - NOT HUMAN EXPERIMENT RESULTS,1058760,A,0,866.0917464584228,1.0,0,1,typing
SYNTHETIC DEMONSTRATION ONLY - NOT HUMAN EXPERIMENT RESULTS,1058780,A,0,866.1246858220089,1.0,0,1,typing
SYNTHETIC DEMONSTRATION ONLY - NOT HUMAN EXPERIMENT RESULTS,1058800,A,0,866.1581066287927,1.0,0,1,typing
SYNTHETIC DEMONSTRATION ONLY - NOT HUMAN EXPERIMENT RESULTS,1058820,A,0,866.1920084037904,1.0,0,1,typing
SYNTHETIC DEMONSTRATION ONLY - NOT HUMAN EXPERIMENT RESULTS,1058840,A,0,866.226390665183,1.0,0,1,typing
SYNTHETIC DEMONSTRATION ONLY - NOT HUMAN EXPERIMENT RESULTS,1058860,A,0,866.2612529243222,1.0,0,1,typing
SYNTHETIC DEMONSTRATION ONLY - NOT HUMAN EXPERIMENT RESULTS,1058880,A,0,866.2965946857382,1.0,0,1,typing
SYNTHETIC DEMONSTRATION ONLY - NOT HUMAN EXPERIMENT RESULTS,1058900,A,0,866.3324154471464,1.0,0,1,typing
SYNTHETIC DEMONSTRATION ONLY - NOT HUMAN EXPERIMENT RESULTS,1058920,A,0,866.3687146994546,1.0,0,1,typing
SYNTHETIC DEMONSTRATION ONLY - NOT HUMAN EXPERIMENT RESULTS,1058940,A,0,866.4054919267699,1.0,0,1,typing
SYNTHETIC DEMONSTRATION ONLY - NOT HUMAN EXPERIMENT RESULTS,1058960,A,0,866.4427466064064,1.0,0,1,typing
SYNTHETIC DEMONSTRATION ONLY - NOT HUMAN EXPERIMENT RESULTS,1058980,A,0,866.480478208893,1.0,0,1,typing
SYNTHETIC DEMONSTRATION ONLY - NOT HUMAN EXPERIMENT RESULTS,1059000,A,0,866.5186861979797,1.0,0,1,typing
SYNTHETIC DEMONSTRATION ONLY - NOT HUMAN EXPERIMENT RESULTS,1059020,A,0,866.5573700306468,1.0,0,1,typing
SYNTHETIC DEMONSTRATION ONLY - NOT HUMAN EXPERIMENT RESULTS,1059040,A,0,866.596529157111,1.0,0,1,typing
SYNTHETIC DEMONSTRATION ONLY - NOT HUMAN EXPERIMENT RESULTS,1059060,A,0,866.6361630208347,1.0,0,1,typing
SYNTHETIC DEMONSTRATION ONLY - NOT HUMAN EXPERIMENT RESULTS,1059080,A,0,866.676271058533,1.0,0,1,typing
SYNTHETIC DEMONSTRATION ONLY - NOT HUMAN EXPERIMENT RESULTS,1059100,A,0,866.7168527001817,1.0,0,1,typing
SYNTHETIC DEMONSTRATION ONLY - NOT HUMAN EXPERIMENT RESULTS,1059120,A,0,866.7579073690259,1.0,0,1,typing
SYNTHETIC DEMONSTRATION ONLY - NOT HUMAN EXPERIMENT RESULTS,1059140,A,0,866.799434481588,1.0,0,1,typing
SYNTHETIC DEMONSTRATION ONLY - NOT HUMAN EXPERIMENT RESULTS,1059160,A,0,866.8414334476759,1.0,0,1,typing
SYNTHETIC DEMONSTRATION ONLY - NOT HUMAN EXPERIMENT RESULTS,1059180,A,0,866.883903670391,1.0,0,1,typing
SYNTHETIC DEMONSTRATION ONLY - NOT HUMAN EXPERIMENT RESULTS,1059200,A,0,866.9268445461375,1.0,0,1,typing
SYNTHETIC DEMONSTRATION ONLY - NOT HUMAN EXPERIMENT RESULTS,1059220,A,0,866.9702554646308,1.0,0,1,typing
SYNTHETIC DEMONSTRATION ONLY - NOT HUMAN EXPERIMENT RESULTS,1059240,A,0,867.0141358089054,1.0,0,1,typing
SYNTHETIC DEMONSTRATION ONLY - NOT HUMAN EXPERIMENT RESULTS,1059260,A,0,867.0584849553245,1.0,0,1,typing
SYNTHETIC DEMONSTRATION ONLY - NOT HUMAN EXPERIMENT RESULTS,1059280,A,0,867.1033022735886,1.0,0,1,typing
SYNTHETIC DEMONSTRATION ONLY - NOT HUMAN EXPERIMENT RESULTS,1059300,A,0,867.1485871267445,1.0,0,1,typing
SYNTHETIC DEMONSTRATION ONLY - NOT HUMAN EXPERIMENT RESULTS,1059320,A,0,867.194338871194,1.0,0,1,typing
SYNTHETIC DEMONSTRATION ONLY - NOT HUMAN EXPERIMENT RESULTS,1059340,A,0,867.2405568567037,1.0,0,1,typing
SYNTHETIC DEMONSTRATION ONLY - NOT HUMAN EXPERIMENT RESULTS,1059360,A,0,867.2872404264136,1.0,0,1,typing
SYNTHETIC DEMONSTRATION ONLY - NOT HUMAN EXPERIMENT RESULTS,1059380,A,0,867.334388916847,1.0,0,1,typing
SYNTHETIC DEMONSTRATION ONLY - NOT HUMAN EXPERIMENT RESULTS,1059400,A,0,867.3820016579193,1.0,0,1,typing
SYNTHETIC DEMONSTRATION ONLY - NOT HUMAN EXPERIMENT RESULTS,1059420,A,0,867.4300779729483,1.0,0,1,typing
SYNTHETIC DEMONSTRATION ONLY - NOT HUMAN EXPERIMENT RESULTS,1059440,A,0,867.4786171786628,1.0,0,1,typing
SYNTHETIC DEMONSTRATION ONLY - NOT HUMAN EXPERIMENT RESULTS,1059460,A,0,867.5276185852136,1.0,0,1,typing
SYNTHETIC DEMONSTRATION ONLY - NOT HUMAN EXPERIMENT RESULTS,1059480,A,0,867.5770814961821,1.0,0,1,typing
SYNTHETIC DEMONSTRATION ONLY - NOT HUMAN EXPERIMENT RESULTS,1059500,A,0,867.6270052085907,1.0,0,1,typing
SYNTHETIC DEMONSTRATION ONLY - NOT HUMAN EXPERIMENT RESULTS,1059520,A,0,867.6773890129132,1.0,0,1,typing
SYNTHETIC DEMONSTRATION ONLY - NOT HUMAN EXPERIMENT RESULTS,1059540,A,0,867.7282321930841,1.0,0,1,typing
SYNTHETIC DEMONSTRATION ONLY - NOT HUMAN EXPERIMENT RESULTS,1059560,A,0,867.7795340265092,1.0,0,1,typing
SYNTHETIC DEMONSTRATION ONLY - NOT HUMAN EXPERIMENT RESULTS,1059580,A,0,867.831293784076,1.0,0,1,typing
SYNTHETIC DEMONSTRATION ONLY - NOT HUMAN EXPERIMENT RESULTS,1059600,A,0,867.8835107301637,1.0,0,1,typing
SYNTHETIC DEMONSTRATION ONLY - NOT HUMAN EXPERIMENT RESULTS,1059620,A,0,867.936184122654,1.0,0,1,typing
SYNTHETIC DEMONSTRATION ONLY - NOT HUMAN EXPERIMENT RESULTS,1059640,A,0,867.9893132129413,1.0,0,1,typing
SYNTHETIC DEMONSTRATION ONLY - NOT HUMAN EXPERIMENT RESULTS,1059660,A,0,868.0428972459437,1.0,0,1,typing
SYNTHETIC DEMONSTRATION ONLY - NOT HUMAN EXPERIMENT RESULTS,1059680,A,0,868.0969354601134,1.0,0,1,typing
SYNTHETIC DEMONSTRATION ONLY - NOT HUMAN EXPERIMENT RESULTS,1059700,A,0,868.1514270874478,1.0,0,1,typing
SYNTHETIC DEMONSTRATION ONLY - NOT HUMAN EXPERIMENT RESULTS,1059720,A,0,868.2063713535002,1.0,0,1,typing
SYNTHETIC DEMONSTRATION ONLY - NOT HUMAN EXPERIMENT RESULTS,1059740,A,0,868.2617674773912,1.0,0,1,typing
SYNTHETIC DEMONSTRATION ONLY - NOT HUMAN EXPERIMENT RESULTS,1059760,A,0,868.317614671819,1.0,0,1,typing
SYNTHETIC DEMONSTRATION ONLY - NOT HUMAN EXPERIMENT RESULTS,1059780,A,0,868.3739121430715,1.0,0,1,typing
SYNTHETIC DEMONSTRATION ONLY - NOT HUMAN EXPERIMENT RESULTS,1059800,A,0,868.430659091037,1.0,0,1,typing
SYNTHETIC DEMONSTRATION ONLY - NOT HUMAN EXPERIMENT RESULTS,1059820,A,0,868.4878547092156,1.0,0,1,typing
SYNTHETIC DEMONSTRATION ONLY - NOT HUMAN EXPERIMENT RESULTS,1059840,A,0,868.5454981847312,1.0,0,1,typing
SYNTHETIC DEMONSTRATION ONLY - NOT HUMAN EXPERIMENT RESULTS,1059860,A,0,868.6035886983422,1.0,0,1,typing
SYNTHETIC DEMONSTRATION ONLY - NOT HUMAN EXPERIMENT RESULTS,1059880,A,0,868.662125424454,1.0,0,1,typing
SYNTHETIC DEMONSTRATION ONLY - NOT HUMAN EXPERIMENT RESULTS,1059900,A,0,868.7211075311299,1.0,0,1,typing
SYNTHETIC DEMONSTRATION ONLY - NOT HUMAN EXPERIMENT RESULTS,1059920,A,0,868.7805341801039,1.0,0,1,typing
SYNTHETIC DEMONSTRATION ONLY - NOT HUMAN EXPERIMENT RESULTS,1059940,A,0,868.8404045267916,1.0,0,1,typing
SYNTHETIC DEMONSTRATION ONLY - NOT HUMAN EXPERIMENT RESULTS,1059960,A,0,868.900717720303,1.0,0,1,typing
SYNTHETIC DEMONSTRATION ONLY - NOT HUMAN EXPERIMENT RESULTS,1059980,A,0,868.961472903454,1.0,0,1,typing
SYNTHETIC DEMONSTRATION ONLY - NOT HUMAN EXPERIMENT RESULTS,1060000,A,0,869.022669212779,1.0,0,1,typing
SYNTHETIC DEMONSTRATION ONLY - NOT HUMAN EXPERIMENT RESULTS,1060020,A,0,869.0843057785429,1.0,0,1,typing
SYNTHETIC DEMONSTRATION ONLY - NOT HUMAN EXPERIMENT RESULTS,1060040,A,0,869.1463817247537,1.0,0,1,typing
SYNTHETIC DEMONSTRATION ONLY - NOT HUMAN EXPERIMENT RESULTS,1060060,A,0,869.208896169175,1.0,0,1,typing
SYNTHETIC DEMONSTRATION ONLY - NOT HUMAN EXPERIMENT RESULTS,1060080,A,0,869.2718482233379,1.0,0,1,typing
SYNTHETIC DEMONSTRATION ONLY - NOT HUMAN EXPERIMENT RESULTS,1060100,A,0,869.3352369925544,1.0,0,1,typing
SYNTHETIC DEMONSTRATION ONLY - NOT HUMAN EXPERIMENT RESULTS,1060120,A,0,869.39906157593,1.0,0,1,typing
SYNTHETIC DEMONSTRATION ONLY - NOT HUMAN EXPERIMENT RESULTS,1060140,A,0,869.4633210663759,1.0,0,1,typing
SYNTHETIC DEMONSTRATION ONLY - NOT HUMAN EXPERIMENT RESULTS,1060160,A,0,869.5280145506225,1.0,0,1,typing
SYNTHETIC DEMONSTRATION ONLY - NOT HUMAN EXPERIMENT RESULTS,1060180,A,0,869.5931411092322,1.0,0,1,typing
SYNTHETIC DEMONSTRATION ONLY - NOT HUMAN EXPERIMENT RESULTS,1060200,A,0,869.6586998166126,1.0,0,1,typing
SYNTHETIC DEMONSTRATION ONLY - NOT HUMAN EXPERIMENT RESULTS,1060220,A,0,869.7246897410291,1.0,0,1,typing
SYNTHETIC DEMONSTRATION ONLY - NOT HUMAN EXPERIMENT RESULTS,1060240,A,0,869.791109944619,1.0,0,1,typing
SYNTHETIC DEMONSTRATION ONLY - NOT HUMAN EXPERIMENT RESULTS,1060260,A,0,869.8579594834042,1.0,0,1,typing
SYNTHETIC DEMONSTRATION ONLY - NOT HUMAN EXPERIMENT RESULTS,1060280,A,0,869.9252374073047,1.0,0,1,typing
SYNTHETIC DEMONSTRATION ONLY - NOT HUMAN EXPERIMENT RESULTS,1060300,A,0,869.9929427601522,1.0,0,1,typing
SYNTHETIC DEMONSTRATION ONLY - NOT HUMAN EXPERIMENT RESULTS,1060320,A,0,870.0610745797039,1.0,0,1,typing
SYNTHETIC DEMONSTRATION ONLY - NOT HUMAN EXPERIMENT RESULTS,1060340,A,0,870.1296318976558,1.0,0,1,typing
SYNTHETIC DEMONSTRATION ONLY - NOT HUMAN EXPERIMENT RESULTS,1060360,A,0,870.1986137396567,1.0,0,1,typing
SYNTHETIC DEMONSTRATION ONLY - NOT HUMAN EXPERIMENT RESULTS,1060380,A,0,870.2680191253218,1.0,0,1,typing
SYNTHETIC DEMONSTRATION ONLY - NOT HUMAN EXPERIMENT RESULTS,1060400,A,0,870.337847068247,1.0,0,1,typing
SYNTHETIC DEMONSTRATION ONLY - NOT HUMAN EXPERIMENT RESULTS,1060420,A,0,870.4080965760228,1.0,0,1,typing
SYNTHETIC DEMONSTRATION ONLY - NOT HUMAN EXPERIMENT RESULTS,1060440,A,0,870.478766650248,1.0,0,1,typing
SYNTHETIC DEMONSTRATION ONLY - NOT HUMAN EXPERIMENT RESULTS,1060460,A,0,870.5498562865446,1.0,0,1,typing
SYNTHETIC DEMONSTRATION ONLY - NOT HUMAN EXPERIMENT RESULTS,1060480,A,0,870.6213644745714,1.0,0,1,typing
SYNTHETIC DEMONSTRATION ONLY - NOT HUMAN EXPERIMENT RESULTS,1060500,A,0,870.6932901980387,1.0,0,1,typing
SYNTHETIC DEMONSTRATION ONLY - NOT HUMAN EXPERIMENT RESULTS,1060520,A,0,870.7656324347229,1.0,0,1,typing
SYNTHETIC DEMONSTRATION ONLY - NOT HUMAN EXPERIMENT RESULTS,1060540,A,0,870.8383901564806,1.0,0,1,typing
SYNTHETIC DEMONSTRATION ONLY - NOT HUMAN EXPERIMENT RESULTS,1060560,A,0,870.9115623292636,1.0,0,1,typing
SYNTHETIC DEMONSTRATION ONLY - NOT HUMAN EXPERIMENT RESULTS,1060580,A,0,870.9851479131332,1.0,0,1,typing
SYNTHETIC DEMONSTRATION ONLY - NOT HUMAN EXPERIMENT RESULTS,1060600,A,0,871.0591458622756,1.0,0,1,typing
SYNTHETIC DEMONSTRATION ONLY - NOT HUMAN EXPERIMENT RESULTS,1060620,A,0,871.133555125016,1.0,0,1,typing
SYNTHETIC DEMONSTRATION ONLY - NOT HUMAN EXPERIMENT RESULTS,1060640,A,0,871.2083746438341,1.0,0,1,typing
SYNTHETIC DEMONSTRATION ONLY - NOT HUMAN EXPERIMENT RESULTS,1060660,A,0,871.2836033553789,1.0,0,1,typing
SYNTHETIC DEMONSTRATION ONLY - NOT HUMAN EXPERIMENT RESULTS,1060680,A,0,871.3592401904839,1.0,0,1,typing
SYNTHETIC DEMONSTRATION ONLY - NOT HUMAN EXPERIMENT RESULTS,1060700,A,0,871.4352840741824,1.0,0,1,typing
SYNTHETIC DEMONSTRATION ONLY - NOT HUMAN EXPERIMENT RESULTS,1060720,A,0,871.5117339257222,1.0,0,1,typing
SYNTHETIC DEMONSTRATION ONLY - NOT HUMAN EXPERIMENT RESULTS,1060740,A,0,871.5885886585819,1.0,0,1,typing
SYNTHETIC DEMONSTRATION ONLY - NOT HUMAN EXPERIMENT RESULTS,1060760,A,0,871.6658471804856,1.0,0,1,typing
SYNTHETIC DEMONSTRATION ONLY - NOT HUMAN EXPERIMENT RESULTS,1060780,A,0,871.7435083934186,1.0,0,1,typing
SYNTHETIC DEMONSTRATION ONLY - NOT HUMAN EXPERIMENT RESULTS,1060800,A,0,871.8215711936432,1.0,0,1,typing
SYNTHETIC DEMONSTRATION ONLY - NOT HUMAN EXPERIMENT RESULTS,1060820,A,0,871.9000344717143,1.0,0,1,typing
SYNTHETIC DEMONSTRATION ONLY - NOT HUMAN EXPERIMENT RESULTS,1060840,A,0,871.978897112495,1.0,0,1,typing
SYNTHETIC DEMONSTRATION ONLY - NOT HUMAN EXPERIMENT RESULTS,1060860,A,0,872.0581579951726,1.0,0,1,typing
SYNTHETIC DEMONSTRATION ONLY - NOT HUMAN EXPERIMENT RESULTS,1060880,A,0,872.1378159932744,1.0,0,1,typing
SYNTHETIC DEMONSTRATION ONLY - NOT HUMAN EXPERIMENT RESULTS,1060900,A,0,872.2178699746842,1.0,0,1,typing
SYNTHETIC DEMONSTRATION ONLY - NOT HUMAN EXPERIMENT RESULTS,1060920,A,0,872.2983188016574,1.0,0,1,typing
SYNTHETIC DEMONSTRATION ONLY - NOT HUMAN EXPERIMENT RESULTS,1060940,A,0,872.3791613308382,1.0,0,1,typing
SYNTHETIC DEMONSTRATION ONLY - NOT HUMAN EXPERIMENT RESULTS,1060960,A,0,872.4603964132755,1.0,0,1,typing
SYNTHETIC DEMONSTRATION ONLY - NOT HUMAN EXPERIMENT RESULTS,1060980,A,0,872.5420228944388,1.0,0,1,typing
SYNTHETIC DEMONSTRATION ONLY - NOT HUMAN EXPERIMENT RESULTS,1061000,A,0,872.6240396142351,1.0,0,1,typing
SYNTHETIC DEMONSTRATION ONLY - NOT HUMAN EXPERIMENT RESULTS,1061020,A,0,872.7064454070254,1.0,0,1,typing
SYNTHETIC DEMONSTRATION ONLY - NOT HUMAN EXPERIMENT RESULTS,1061040,A,0,872.7892391016408,1.0,0,1,typing
SYNTHETIC DEMONSTRATION ONLY - NOT HUMAN EXPERIMENT RESULTS,1061060,A,0,872.8724195213998,1.0,0,1,typing
SYNTHETIC DEMONSTRATION ONLY - NOT HUMAN EXPERIMENT RESULTS,1061080,A,0,872.9559854841244,1.0,0,1,typing
SYNTHETIC DEMONSTRATION ONLY - NOT HUMAN EXPERIMENT RESULTS,1061100,A,0,873.0399358021574,1.0,0,1,typing
SYNTHETIC DEMONSTRATION ONLY - NOT HUMAN EXPERIMENT RESULTS,1061120,A,0,873.1242692823788,1.0,0,1,typing
SYNTHETIC DEMONSTRATION ONLY - NOT HUMAN EXPERIMENT RESULTS,1061140,A,0,873.2089847262233,1.0,0,1,typing
SYNTHETIC DEMONSTRATION ONLY - NOT HUMAN EXPERIMENT RESULTS,1061160,A,0,873.294080929697,1.0,0,1,typing
SYNTHETIC DEMONSTRATION ONLY - NOT HUMAN EXPERIMENT RESULTS,1061180,A,0,873.3795566833942,1.0,0,1,typing
SYNTHETIC DEMONSTRATION ONLY - NOT HUMAN EXPERIMENT RESULTS,1061200,A,0,873.4654107725155,1.0,0,1,typing
SYNTHETIC DEMONSTRATION ONLY - NOT HUMAN EXPERIMENT RESULTS,1061220,A,0,873.5516419768842,1.0,0,1,typing
SYNTHETIC DEMONSTRATION ONLY - NOT HUMAN EXPERIMENT RESULTS,1061240,A,0,873.638249070964,1.0,0,1,typing
SYNTHETIC DEMONSTRATION ONLY - NOT HUMAN EXPERIMENT RESULTS,1061260,A,0,873.7252308238764,1.0,0,1,typing
SYNTHETIC DEMONSTRATION ONLY - NOT HUMAN EXPERIMENT RESULTS,1061280,A,0,873.812585999418,1.0,0,1,typing
SYNTHETIC DEMONSTRATION ONLY - NOT HUMAN EXPERIMENT RESULTS,1061300,A,0,873.9003133560786,1.0,0,1,typing
SYNTHETIC DEMONSTRATION ONLY - NOT HUMAN EXPERIMENT RESULTS,1061320,A,0,873.9884116470582,1.0,0,1,typing
SYNTHETIC DEMONSTRATION ONLY - NOT HUMAN EXPERIMENT RESULTS,1061340,A,0,874.0768796202851,1.0,0,1,typing
SYNTHETIC DEMONSTRATION ONLY - NOT HUMAN EXPERIMENT RESULTS,1061360,A,0,874.1657160184336,1.0,0,1,typing
SYNTHETIC DEMONSTRATION ONLY - NOT HUMAN EXPERIMENT RESULTS,1061380,A,0,874.2549195789418,1.0,0,1,typing
SYNTHETIC DEMONSTRATION ONLY - NOT HUMAN EXPERIMENT RESULTS,1061400,A,0,874.3444890340296,1.0,0,1,typing
SYNTHETIC DEMONSTRATION ONLY - NOT HUMAN EXPERIMENT RESULTS,1061420,A,0,874.4344231107169,1.0,0,1,typing
SYNTHETIC DEMONSTRATION ONLY - NOT HUMAN EXPERIMENT RESULTS,1061440,A,0,874.5247205308413,1.0,0,1,typing
SYNTHETIC DEMONSTRATION ONLY - NOT HUMAN EXPERIMENT RESULTS,1061460,A,0,874.6153800110766,1.0,0,1,typing
SYNTHETIC DEMONSTRATION ONLY - NOT HUMAN EXPERIMENT RESULTS,1061480,A,0,874.7064002629509,1.0,0,1,typing
SYNTHETIC DEMONSTRATION ONLY - NOT HUMAN EXPERIMENT RESULTS,1061500,A,0,874.797779992865,1.0,0,1,typing
SYNTHETIC DEMONSTRATION ONLY - NOT HUMAN EXPERIMENT RESULTS,1061520,A,0,874.8895179021107,1.0,0,1,typing
SYNTHETIC DEMONSTRATION ONLY - NOT HUMAN EXPERIMENT RESULTS,1061540,A,0,874.9816126868891,1.0,0,1,typing
SYNTHETIC DEMONSTRATION ONLY - NOT HUMAN EXPERIMENT RESULTS,1061560,A,0,875.0740630383297,1.0,0,1,typing
SYNTHETIC DEMONSTRATION ONLY - NOT HUMAN EXPERIMENT RESULTS,1061580,A,0,875.1668676425081,1.0,0,1,typing
SYNTHETIC DEMONSTRATION ONLY - NOT HUMAN EXPERIMENT RESULTS,1061600,A,0,875.2600251804656,1.0,0,1,typing
SYNTHETIC DEMONSTRATION ONLY - NOT HUMAN EXPERIMENT RESULTS,1061620,A,0,875.3535343282274,1.0,0,1,typing
SYNTHETIC DEMONSTRATION ONLY - NOT HUMAN EXPERIMENT RESULTS,1061640,A,0,875.4473937568214,1.0,0,1,typing
SYNTHETIC DEMONSTRATION ONLY - NOT HUMAN EXPERIMENT RESULTS,1061660,A,0,875.5416021322975,1.0,0,1,typing
SYNTHETIC DEMONSTRATION ONLY - NOT HUMAN EXPERIMENT RESULTS,1061680,A,0,875.6361581157461,1.0,0,1,typing
SYNTHETIC DEMONSTRATION ONLY - NOT HUMAN EXPERIMENT RESULTS,1061700,A,0,875.7310603633173,1.0,0,1,typing
SYNTHETIC DEMONSTRATION ONLY - NOT HUMAN EXPERIMENT RESULTS,1061720,A,0,875.8263075262403,1.0,0,1,typing
SYNTHETIC DEMONSTRATION ONLY - NOT HUMAN EXPERIMENT RESULTS,1061740,A,0,875.9218982508418,1.0,0,1,typing
SYNTHETIC DEMONSTRATION ONLY - NOT HUMAN EXPERIMENT RESULTS,1061760,A,0,876.0178311785662,1.0,0,1,typing
SYNTHETIC DEMONSTRATION ONLY - NOT HUMAN EXPERIMENT RESULTS,1061780,A,0,876.1141049459942,1.0,0,1,typing
SYNTHETIC DEMONSTRATION ONLY - NOT HUMAN EXPERIMENT RESULTS,1061800,A,0,876.2107181848626,1.0,0,1,typing
SYNTHETIC DEMONSTRATION ONLY - NOT HUMAN EXPERIMENT RESULTS,1061820,A,0,876.3076695220831,1.0,0,1,typing
SYNTHETIC DEMONSTRATION ONLY - NOT HUMAN EXPERIMENT RESULTS,1061840,A,0,876.4049575797629,1.0,0,1,typing
SYNTHETIC DEMONSTRATION ONLY - NOT HUMAN EXPERIMENT RESULTS,1061860,A,0,876.5025809752232,1.0,0,1,typing
SYNTHETIC DEMONSTRATION ONLY - NOT HUMAN EXPERIMENT RESULTS,1061880,A,0,876.6005383210195,1.0,0,1,typing
SYNTHETIC DEMONSTRATION ONLY - NOT HUMAN EXPERIMENT RESULTS,1061900,A,0,876.6988282249612,1.0,0,1,typing
SYNTHETIC DEMONSTRATION ONLY - NOT HUMAN EXPERIMENT RESULTS,1061920,A,0,876.797449290131,1.0,0,1,typing
SYNTHETIC DEMONSTRATION ONLY - NOT HUMAN EXPERIMENT RESULTS,1061940,A,0,876.8964001149053,1.0,0,1,typing
SYNTHETIC DEMONSTRATION ONLY - NOT HUMAN EXPERIMENT RESULTS,1061960,A,0,876.995679292974,1.0,0,1,typing
SYNTHETIC DEMONSTRATION ONLY - NOT HUMAN EXPERIMENT RESULTS,1061980,A,0,877.0952854133601,1.0,0,1,typing
SYNTHETIC DEMONSTRATION ONLY - NOT HUMAN EXPERIMENT RESULTS,1062000,A,0,877.1952170604402,1.0,0,1,typing
SYNTHETIC DEMONSTRATION ONLY - NOT HUMAN EXPERIMENT RESULTS,1062020,A,0,877.2954728139644,1.0,0,1,typing
SYNTHETIC DEMONSTRATION ONLY - NOT HUMAN EXPERIMENT RESULTS,1062040,A,0,877.3960512490764,1.0,0,1,typing
SYNTHETIC DEMONSTRATION ONLY - NOT HUMAN EXPERIMENT RESULTS,1062060,A,0,877.4969509363342,1.0,0,1,typing
SYNTHETIC DEMONSTRATION ONLY - NOT HUMAN EXPERIMENT RESULTS,1062080,A,0,877.5981704417297,1.0,0,1,typing
SYNTHETIC DEMONSTRATION ONLY - NOT HUMAN EXPERIMENT RESULTS,1062100,A,0,877.6997083267099,1.0,0,1,typing
SYNTHETIC DEMONSTRATION ONLY - NOT HUMAN EXPERIMENT RESULTS,1062120,A,0,877.8015631481966,1.0,0,1,typing
SYNTHETIC DEMONSTRATION ONLY - NOT HUMAN EXPERIMENT RESULTS,1062140,A,0,877.9037334586073,1.0,0,1,typing
SYNTHETIC DEMONSTRATION ONLY - NOT HUMAN EXPERIMENT RESULTS,1062160,A,0,878.0062178058757,1.0,0,1,typing
SYNTHETIC DEMONSTRATION ONLY - NOT HUMAN EXPERIMENT RESULTS,1062180,A,0,878.1090147334726,1.0,0,1,typing
SYNTHETIC DEMONSTRATION ONLY - NOT HUMAN EXPERIMENT RESULTS,1062200,A,0,878.2121227804257,1.0,0,1,typing
SYNTHETIC DEMONSTRATION ONLY - NOT HUMAN EXPERIMENT RESULTS,1062220,A,0,878.3155404813419,1.0,0,1,typing
SYNTHETIC DEMONSTRATION ONLY - NOT HUMAN EXPERIMENT RESULTS,1062240,A,0,878.4192663664264,1.0,0,1,typing
SYNTHETIC DEMONSTRATION ONLY - NOT HUMAN EXPERIMENT RESULTS,1062260,A,0,878.5232989615049,1.0,0,1,typing
SYNTHETIC DEMONSTRATION ONLY - NOT HUMAN EXPERIMENT RESULTS,1062280,A,0,878.627636788044,1.0,0,1,typing
SYNTHETIC DEMONSTRATION ONLY - NOT HUMAN EXPERIMENT RESULTS,1062300,A,0,878.7322783631722,1.0,0,1,typing
SYNTHETIC DEMONSTRATION ONLY - NOT HUMAN EXPERIMENT RESULTS,1062320,A,0,878.8372221997009,1.0,0,1,typing
SYNTHETIC DEMONSTRATION ONLY - NOT HUMAN EXPERIMENT RESULTS,1062340,A,0,878.9424668061463,1.0,0,1,typing
SYNTHETIC DEMONSTRATION ONLY - NOT HUMAN EXPERIMENT RESULTS,1062360,A,0,879.0480106867492,1.0,0,1,typing
SYNTHETIC DEMONSTRATION ONLY - NOT HUMAN EXPERIMENT RESULTS,1062380,A,0,879.1538523414977,1.0,0,1,typing
SYNTHETIC DEMONSTRATION ONLY - NOT HUMAN EXPERIMENT RESULTS,1062400,A,0,879.2599902661474,1.0,0,1,typing
SYNTHETIC DEMONSTRATION ONLY - NOT HUMAN EXPERIMENT RESULTS,1062420,A,0,879.3664229522435,1.0,0,1,typing
SYNTHETIC DEMONSTRATION ONLY - NOT HUMAN EXPERIMENT RESULTS,1062440,A,0,879.4731488871421,1.0,0,1,typing
SYNTHETIC DEMONSTRATION ONLY - NOT HUMAN EXPERIMENT RESULTS,1062460,A,0,879.5801665540312,1.0,0,1,typing
SYNTHETIC DEMONSTRATION ONLY - NOT HUMAN EXPERIMENT RESULTS,1062480,A,0,879.687474431953,1.0,0,1,typing
SYNTHETIC DEMONSTRATION ONLY - NOT HUMAN EXPERIMENT RESULTS,1062500,A,0,879.795070995825,1.0,0,1,typing
SYNTHETIC DEMONSTRATION ONLY - NOT HUMAN EXPERIMENT RESULTS,1062520,A,0,879.9029547164619,1.0,0,1,typing
SYNTHETIC DEMONSTRATION ONLY - NOT HUMAN EXPERIMENT RESULTS,1062540,A,0,880.0111240605971,1.0,0,1,typing
SYNTHETIC DEMONSTRATION ONLY - NOT HUMAN EXPERIMENT RESULTS,1062560,A,0,880.119577490905,1.0,0,1,typing
SYNTHETIC DEMONSTRATION ONLY - NOT HUMAN EXPERIMENT RESULTS,1062580,A,0,880.2283134660221,1.0,0,1,typing
SYNTHETIC DEMONSTRATION ONLY - NOT HUMAN EXPERIMENT RESULTS,1062600,A,0,880.3373304405696,1.0,0,1,typing
SYNTHETIC DEMONSTRATION ONLY - NOT HUMAN EXPERIMENT RESULTS,1062620,A,0,880.4466268651751,1.0,0,1,typing
SYNTHETIC DEMONSTRATION ONLY - NOT HUMAN EXPERIMENT RESULTS,1062640,A,0,880.5562011864941,1.0,0,1,typing
SYNTHETIC DEMONSTRATION ONLY - NOT HUMAN EXPERIMENT RESULTS,1062660,A,0,880.6660518472333,1.0,0,1,typing
SYNTHETIC DEMONSTRATION ONLY - NOT HUMAN EXPERIMENT RESULTS,1062680,A,0,880.7761772861716,1.0,0,1,typing
SYNTHETIC DEMONSTRATION ONLY - NOT HUMAN EXPERIMENT RESULTS,1062700,A,0,880.8865759381827,1.0,0,1,typing
SYNTHETIC DEMONSTRATION ONLY - NOT HUMAN EXPERIMENT RESULTS,1062720,A,0,880.9972462342573,1.0,0,1,typing
SYNTHETIC DEMONSTRATION ONLY - NOT HUMAN EXPERIMENT RESULTS,1062740,A,0,881.1081866015256,1.0,0,1,typing
SYNTHETIC DEMONSTRATION ONLY - NOT HUMAN EXPERIMENT RESULTS,1062760,A,0,881.2193954632795,1.0,0,1,typing
SYNTHETIC DEMONSTRATION ONLY - NOT HUMAN EXPERIMENT RESULTS,1062780,A,0,881.3308712389949,1.0,0,1,typing
SYNTHETIC DEMONSTRATION ONLY - NOT HUMAN EXPERIMENT RESULTS,1062800,A,0,881.4426123443541,1.0,0,1,typing
SYNTHETIC DEMONSTRATION ONLY - NOT HUMAN EXPERIMENT RESULTS,1062820,A,0,881.5546171912687,1.0,0,1,typing
SYNTHETIC DEMONSTRATION ONLY - NOT HUMAN EXPERIMENT RESULTS,1062840,A,0,881.666884187902,1.0,0,1,typing
SYNTHETIC DEMONSTRATION ONLY - NOT HUMAN EXPERIMENT RESULTS,1062860,A,0,881.7794117386915,1.0,0,1,typing
SYNTHETIC DEMONSTRATION ONLY - NOT HUMAN EXPERIMENT RESULTS,1062880,A,0,881.8921982443715,1.0,0,1,typing
SYNTHETIC DEMONSTRATION ONLY - NOT HUMAN EXPERIMENT RESULTS,1062900,A,0,882.0052421019961,1.0,0,1,typing
SYNTHETIC DEMONSTRATION ONLY - NOT HUMAN EXPERIMENT RESULTS,1062920,A,0,882.1185417049621,1.0,0,1,typing
SYNTHETIC DEMONSTRATION ONLY - NOT HUMAN EXPERIMENT RESULTS,1062940,A,0,882.2320954430311,1.0,0,1,typing
SYNTHETIC DEMONSTRATION ONLY - NOT HUMAN EXPERIMENT RESULTS,1062960,A,0,882.3459017023532,1.0,0,1,typing
SYNTHETIC DEMONSTRATION ONLY - NOT HUMAN EXPERIMENT RESULTS,1062980,A,0,882.4599588654895,1.0,0,1,typing
SYNTHETIC DEMONSTRATION ONLY - NOT HUMAN EXPERIMENT RESULTS,1063000,A,0,882.5742653114354,1.0,0,1,typing
SYNTHETIC DEMONSTRATION ONLY - NOT HUMAN EXPERIMENT RESULTS,1063020,A,0,882.6888194156431,1.0,0,1,typing
SYNTHETIC DEMONSTRATION ONLY - NOT HUMAN EXPERIMENT RESULTS,1063040,A,0,882.8036195500453,1.0,0,1,typing
SYNTHETIC DEMONSTRATION ONLY - NOT HUMAN EXPERIMENT RESULTS,1063060,A,0,882.918664083078,1.0,0,1,typing
SYNTHETIC DEMONSTRATION ONLY - NOT HUMAN EXPERIMENT RESULTS,1063080,A,0,883.0339513797037,1.0,0,1,typing
SYNTHETIC DEMONSTRATION ONLY - NOT HUMAN EXPERIMENT RESULTS,1063100,A,0,883.1494798014347,1.0,0,1,typing
SYNTHETIC DEMONSTRATION ONLY - NOT HUMAN EXPERIMENT RESULTS,1063120,A,0,883.2652477063565,1.0,0,1,typing
SYNTHETIC DEMONSTRATION ONLY - NOT HUMAN EXPERIMENT RESULTS,1063140,A,0,883.3812534491508,1.0,0,1,typing
SYNTHETIC DEMONSTRATION ONLY - NOT HUMAN EXPERIMENT RESULTS,1063160,A,0,883.4974953811193,1.0,0,1,typing
SYNTHETIC DEMONSTRATION ONLY - NOT HUMAN EXPERIMENT RESULTS,1063180,A,0,883.6139718502068,1.0,0,1,typing
SYNTHETIC DEMONSTRATION ONLY - NOT HUMAN EXPERIMENT RESULTS,1063200,A,0,883.7306812010249,1.0,0,1,typing
SYNTHETIC DEMONSTRATION ONLY - NOT HUMAN EXPERIMENT RESULTS,1063220,A,0,883.8476217748753,1.0,0,1,typing
SYNTHETIC DEMONSTRATION ONLY - NOT HUMAN EXPERIMENT RESULTS,1063240,A,0,883.9647919097737,1.0,0,1,typing
SYNTHETIC DEMONSTRATION ONLY - NOT HUMAN EXPERIMENT RESULTS,1063260,A,0,884.0821899404731,1.0,0,1,typing
SYNTHETIC DEMONSTRATION ONLY - NOT HUMAN EXPERIMENT RESULTS,1063280,A,0,884.1998141984875,1.0,0,1,typing
SYNTHETIC DEMONSTRATION ONLY - NOT HUMAN EXPERIMENT RESULTS,1063300,A,0,884.3176630121161,1.0,0,1,typing
SYNTHETIC DEMONSTRATION ONLY - NOT HUMAN EXPERIMENT RESULTS,1063320,A,0,884.4357347064661,1.0,0,1,typing
SYNTHETIC DEMONSTRATION ONLY - NOT HUMAN EXPERIMENT RESULTS,1063340,A,0,884.5540276034776,1.0,0,1,typing
SYNTHETIC DEMONSTRATION ONLY - NOT HUMAN EXPERIMENT RESULTS,1063360,A,0,884.6725400219465,1.0,0,1,typing
SYNTHETIC DEMONSTRATION ONLY - NOT HUMAN EXPERIMENT RESULTS,1063380,A,0,884.7912702775492,1.0,0,1,typing
SYNTHETIC DEMONSTRATION ONLY - NOT HUMAN EXPERIMENT RESULTS,1063400,A,0,884.9102166828657,1.0,0,1,typing
SYNTHETIC DEMONSTRATION ONLY - NOT HUMAN EXPERIMENT RESULTS,1063420,A,0,885.0293775474046,1.0,0,1,typing
SYNTHETIC DEMONSTRATION ONLY - NOT HUMAN EXPERIMENT RESULTS,1063440,A,0,885.1487511776261,1.0,0,1,typing
SYNTHETIC DEMONSTRATION ONLY - NOT HUMAN EXPERIMENT RESULTS,1063460,A,0,885.2683358769666,1.0,0,1,typing
SYNTHETIC DEMONSTRATION ONLY - NOT HUMAN EXPERIMENT RESULTS,1063480,A,0,885.3881299458629,1.0,0,1,typing
SYNTHETIC DEMONSTRATION ONLY - NOT HUMAN EXPERIMENT RESULTS,1063500,A,0,885.5081316817761,1.0,0,1,typing
SYNTHETIC DEMONSTRATION ONLY - NOT HUMAN EXPERIMENT RESULTS,1063520,A,0,885.6283393792161,1.0,0,1,typing
SYNTHETIC DEMONSTRATION ONLY - NOT HUMAN EXPERIMENT RESULTS,1063540,A,0,885.7487513297651,1.0,0,1,typing
SYNTHETIC DEMONSTRATION ONLY - NOT HUMAN EXPERIMENT RESULTS,1063560,A,0,885.8693658221031,1.0,0,1,typing
SYNTHETIC DEMONSTRATION ONLY - NOT HUMAN EXPERIMENT RESULTS,1063580,A,0,885.9901811420308,1.0,0,1,typing
SYNTHETIC DEMONSTRATION ONLY - NOT HUMAN EXPERIMENT RESULTS,1063600,A,0,886.1111955724954,1.0,0,1,typing
SYNTHETIC DEMONSTRATION ONLY - NOT HUMAN EXPERIMENT RESULTS,1063620,A,0,886.2324073936137,1.0,0,1,typing
SYNTHETIC DEMONSTRATION ONLY - NOT HUMAN EXPERIMENT RESULTS,1063640,A,0,886.3538148826977,1.0,0,1,typing
SYNTHETIC DEMONSTRATION ONLY - NOT HUMAN EXPERIMENT RESULTS,1063660,A,0,886.4754163142782,1.0,0,1,typing
SYNTHETIC DEMONSTRATION ONLY - NOT HUMAN EXPERIMENT RESULTS,1063680,A,0,886.5972099601295,1.0,0,1,typing
SYNTHETIC DEMONSTRATION ONLY - NOT HUMAN EXPERIMENT RESULTS,1063700,A,0,886.7191940892944,1.0,0,1,typing
SYNTHETIC DEMONSTRATION ONLY - NOT HUMAN EXPERIMENT RESULTS,1063720,A,0,886.8413669681084,1.0,0,1,typing
SYNTHETIC DEMONSTRATION ONLY - NOT HUMAN EXPERIMENT RESULTS,1063740,A,0,886.9637268602246,1.0,0,1,typing
SYNTHETIC DEMONSTRATION ONLY - NOT HUMAN EXPERIMENT RESULTS,1063760,A,0,887.0862720266379,1.0,0,1,typing
SYNTHETIC DEMONSTRATION ONLY - NOT HUMAN EXPERIMENT RESULTS,1063780,A,0,887.2090007257103,1.0,0,1,typing
SYNTHETIC DEMONSTRATION ONLY - NOT HUMAN EXPERIMENT RESULTS,1063800,A,0,887.3319112131954,1.0,0,1,typing
SYNTHETIC DEMONSTRATION ONLY - NOT HUMAN EXPERIMENT RESULTS,1063820,A,0,887.455001742263,1.0,0,1,typing
SYNTHETIC DEMONSTRATION ONLY - NOT HUMAN EXPERIMENT RESULTS,1063840,A,0,887.5782705635244,1.0,0,1,typing
SYNTHETIC DEMONSTRATION ONLY - NOT HUMAN EXPERIMENT RESULTS,1063860,A,0,887.7017159250564,1.0,0,1,typing
SYNTHETIC DEMONSTRATION ONLY - NOT HUMAN EXPERIMENT RESULTS,1063880,A,0,887.8253360724276,1.0,0,1,typing
SYNTHETIC DEMONSTRATION ONLY - NOT HUMAN EXPERIMENT RESULTS,1063900,A,0,887.9491292487218,1.0,0,1,typing
SYNTHETIC DEMONSTRATION ONLY - NOT HUMAN EXPERIMENT RESULTS,1063920,A,0,888.0730936945641,1.0,0,1,typing
SYNTHETIC DEMONSTRATION ONLY - NOT HUMAN EXPERIMENT RESULTS,1063940,A,0,888.1972276481453,1.0,0,1,typing
SYNTHETIC DEMONSTRATION ONLY - NOT HUMAN EXPERIMENT RESULTS,1063960,A,0,888.321529345247,1.0,0,1,typing
SYNTHETIC DEMONSTRATION ONLY - NOT HUMAN EXPERIMENT RESULTS,1063980,A,0,888.4459970192672,1.0,0,1,typing
SYNTHETIC DEMONSTRATION ONLY - NOT HUMAN EXPERIMENT RESULTS,1064000,A,0,888.5706289012445,1.0,0,1,typing
SYNTHETIC DEMONSTRATION ONLY - NOT HUMAN EXPERIMENT RESULTS,1064020,A,0,888.6954232198841,1.0,0,1,typing
SYNTHETIC DEMONSTRATION ONLY - NOT HUMAN EXPERIMENT RESULTS,1064040,A,0,888.8203782015826,1.0,0,1,typing
SYNTHETIC DEMONSTRATION ONLY - NOT HUMAN EXPERIMENT RESULTS,1064060,A,0,888.9454920704528,1.0,0,1,typing
SYNTHETIC DEMONSTRATION ONLY - NOT HUMAN EXPERIMENT RESULTS,1064080,A,0,889.07076304835,1.0,0,1,typing
SYNTHETIC DEMONSTRATION ONLY - NOT HUMAN EXPERIMENT RESULTS,1064100,A,0,889.1961893548962,1.0,0,1,typing
SYNTHETIC DEMONSTRATION ONLY - NOT HUMAN EXPERIMENT RESULTS,1064120,A,0,889.321769207506,1.0,0,1,typing
SYNTHETIC DEMONSTRATION ONLY - NOT HUMAN EXPERIMENT RESULTS,1064140,A,0,889.4475008214117,1.0,0,1,typing
SYNTHETIC DEMONSTRATION ONLY - NOT HUMAN EXPERIMENT RESULTS,1064160,A,0,889.5733824096886,1.0,0,1,typing
SYNTHETIC DEMONSTRATION ONLY - NOT HUMAN EXPERIMENT RESULTS,1064180,A,0,889.6994121832811,1.0,0,1,typing
SYNTHETIC DEMONSTRATION ONLY - NOT HUMAN EXPERIMENT RESULTS,1064200,A,0,889.8255883510266,1.0,0,1,typing
SYNTHETIC DEMONSTRATION ONLY - NOT HUMAN EXPERIMENT RESULTS,1064220,A,0,889.9519091196828,1.0,0,1,typing
SYNTHETIC DEMONSTRATION ONLY - NOT HUMAN EXPERIMENT RESULTS,1064240,A,0,890.078372693952,1.0,0,1,typing
SYNTHETIC DEMONSTRATION ONLY - NOT HUMAN EXPERIMENT RESULTS,1064260,A,0,890.2049772765067,1.0,0,1,typing
SYNTHETIC DEMONSTRATION ONLY - NOT HUMAN EXPERIMENT RESULTS,1064280,A,0,890.3317210680158,1.0,0,1,typing
SYNTHETIC DEMONSTRATION ONLY - NOT HUMAN EXPERIMENT RESULTS,1064300,A,0,890.4586022671691,1.0,0,1,typing
SYNTHETIC DEMONSTRATION ONLY - NOT HUMAN EXPERIMENT RESULTS,1064320,A,0,890.5856190707043,1.0,0,1,typing
SYNTHETIC DEMONSTRATION ONLY - NOT HUMAN EXPERIMENT RESULTS,1064340,A,0,890.7127696734311,1.0,0,1,typing
SYNTHETIC DEMONSTRATION ONLY - NOT HUMAN EXPERIMENT RESULTS,1064360,A,0,890.8400522682583,1.0,0,1,typing
SYNTHETIC DEMONSTRATION ONLY - NOT HUMAN EXPERIMENT RESULTS,1064380,A,0,890.9674650462184,1.0,0,1,typing
SYNTHETIC DEMONSTRATION ONLY - NOT HUMAN EXPERIMENT RESULTS,1064400,A,0,891.0950061964937,1.0,0,1,typing
SYNTHETIC DEMONSTRATION ONLY - NOT HUMAN EXPERIMENT RESULTS,1064420,A,0,891.2226739064422,1.0,0,1,typing
SYNTHETIC DEMONSTRATION ONLY - NOT HUMAN EXPERIMENT RESULTS,1064440,A,0,891.350466361623,1.0,0,1,typing
SYNTHETIC DEMONSTRATION ONLY - NOT HUMAN EXPERIMENT RESULTS,1064460,A,0,891.478381745823,1.0,0,1,typing
SYNTHETIC DEMONSTRATION ONLY - NOT HUMAN EXPERIMENT RESULTS,1064480,A,0,891.6064182410806,1.0,0,1,typing
SYNTHETIC DEMONSTRATION ONLY - NOT HUMAN EXPERIMENT RESULTS,1064500,A,0,891.7345740277144,1.0,0,1,typing
SYNTHETIC DEMONSTRATION ONLY - NOT HUMAN EXPERIMENT RESULTS,1064520,A,0,891.8628472843468,1.0,0,1,typing
SYNTHETIC DEMONSTRATION ONLY - NOT HUMAN EXPERIMENT RESULTS,1064540,A,0,891.991236187931,1.0,0,1,typing
SYNTHETIC DEMONSTRATION ONLY - NOT HUMAN EXPERIMENT RESULTS,1064560,A,0,892.1197389137764,1.0,0,1,typing
SYNTHETIC DEMONSTRATION ONLY - NOT HUMAN EXPERIMENT RESULTS,1064580,A,0,892.2483536355747,1.0,0,1,typing
SYNTHETIC DEMONSTRATION ONLY - NOT HUMAN EXPERIMENT RESULTS,1064600,A,0,892.3770785254263,1.0,0,1,typing
SYNTHETIC DEMONSTRATION ONLY - NOT HUMAN EXPERIMENT RESULTS,1064620,A,0,892.5059117538655,1.0,0,1,typing
SYNTHETIC DEMONSTRATION ONLY - NOT HUMAN EXPERIMENT RESULTS,1064640,A,0,892.6348514898867,1.0,0,1,typing
SYNTHETIC DEMONSTRATION ONLY - NOT HUMAN EXPERIMENT RESULTS,1064660,A,0,892.7638959009711,1.0,0,1,typing
SYNTHETIC DEMONSTRATION ONLY - NOT HUMAN EXPERIMENT RESULTS,1064680,A,0,892.8930431531119,1.0,0,1,typing
SYNTHETIC DEMONSTRATION ONLY - NOT HUMAN EXPERIMENT RESULTS,1064700,A,0,893.0222914108407,1.0,0,1,typing
SYNTHETIC DEMONSTRATION ONLY - NOT HUMAN EXPERIMENT RESULTS,1064720,A,0,893.1516388372538,1.0,0,1,typing
SYNTHETIC DEMONSTRATION ONLY - NOT HUMAN EXPERIMENT RESULTS,1064740,A,0,893.2810835940379,1.0,0,1,typing
SYNTHETIC DEMONSTRATION ONLY - NOT HUMAN EXPERIMENT RESULTS,1064760,A,0,893.4106238414965,1.0,0,1,typing
SYNTHETIC DEMONSTRATION ONLY - NOT HUMAN EXPERIMENT RESULTS,1064780,A,0,893.540257738576,1.0,0,1,typing
SYNTHETIC DEMONSTRATION ONLY - NOT HUMAN EXPERIMENT RESULTS,1064800,A,0,893.6699834428916,1.0,0,1,typing
SYNTHETIC DEMONSTRATION ONLY - NOT HUMAN EXPERIMENT RESULTS,1064820,A,0,893.7997991107542,1.0,0,1,typing
SYNTHETIC DEMONSTRATION ONLY - NOT HUMAN EXPERIMENT RESULTS,1064840,A,0,893.9297028971954,1.0,0,1,typing
SYNTHETIC DEMONSTRATION ONLY - NOT HUMAN EXPERIMENT RESULTS,1064860,A,0,894.059692955995,1.0,0,1,typing
SYNTHETIC DEMONSTRATION ONLY - NOT HUMAN EXPERIMENT RESULTS,1064880,A,0,894.1897674397068,1.0,0,1,typing
SYNTHETIC DEMONSTRATION ONLY - NOT HUMAN EXPERIMENT RESULTS,1064900,A,0,894.3199244996842,1.0,0,1,typing
SYNTHETIC DEMONSTRATION ONLY - NOT HUMAN EXPERIMENT RESULTS,1064920,A,0,894.4501622861073,1.0,0,1,typing
SYNTHETIC DEMONSTRATION ONLY - NOT HUMAN EXPERIMENT RESULTS,1064940,A,0,894.5804789480089,1.0,0,1,typing
SYNTHETIC DEMONSTRATION ONLY - NOT HUMAN EXPERIMENT RESULTS,1064960,A,0,894.7108726333008,1.0,0,1,typing
SYNTHETIC DEMONSTRATION ONLY - NOT HUMAN EXPERIMENT RESULTS,1064980,A,0,894.8413414888001,1.0,0,1,typing
SYNTHETIC DEMONSTRATION ONLY - NOT HUMAN EXPERIMENT RESULTS,1065000,A,0,894.9718836602557,1.0,0,1,typing
SYNTHETIC DEMONSTRATION ONLY - NOT HUMAN EXPERIMENT RESULTS,1065020,A,0,895.1024972923741,1.0,0,1,typing
SYNTHETIC DEMONSTRATION ONLY - NOT HUMAN EXPERIMENT RESULTS,1065040,A,0,895.2331805288467,1.0,0,1,typing
SYNTHETIC DEMONSTRATION ONLY - NOT HUMAN EXPERIMENT RESULTS,1065060,A,0,895.3639315123752,1.0,0,1,typing
SYNTHETIC DEMONSTRATION ONLY - NOT HUMAN EXPERIMENT RESULTS,1065080,A,0,895.494748384699,1.0,0,1,typing
SYNTHETIC DEMONSTRATION ONLY - NOT HUMAN EXPERIMENT RESULTS,1065100,A,0,895.6256292866207,1.0,0,1,typing
SYNTHETIC DEMONSTRATION ONLY - NOT HUMAN EXPERIMENT RESULTS,1065120,A,0,895.7565723580328,1.0,0,1,typing
SYNTHETIC DEMONSTRATION ONLY - NOT HUMAN EXPERIMENT RESULTS,1065140,A,0,895.8875757379445,1.0,0,1,typing
SYNTHETIC DEMONSTRATION ONLY - NOT HUMAN EXPERIMENT RESULTS,1065160,A,0,896.018637564508,1.0,0,1,typing
SYNTHETIC DEMONSTRATION ONLY - NOT HUMAN EXPERIMENT RESULTS,1065180,A,0,896.1497559750445,1.0,0,1,typing
SYNTHETIC DEMONSTRATION ONLY - NOT HUMAN EXPERIMENT RESULTS,1065200,A,0,896.280929106071,1.0,0,1,typing
SYNTHETIC DEMONSTRATION ONLY - NOT HUMAN EXPERIMENT RESULTS,1065220,A,0,896.4121550933271,1.0,0,1,typing
SYNTHETIC DEMONSTRATION ONLY - NOT HUMAN EXPERIMENT RESULTS,1065240,A,0,896.543432071801,1.0,0,1,typing
SYNTHETIC DEMONSTRATION ONLY - NOT HUMAN EXPERIMENT RESULTS,1065260,A,0,896.6747581757566,1.0,0,1,typing
SYNTHETIC DEMONSTRATION ONLY - NOT HUMAN EXPERIMENT RESULTS,1065280,A,0,896.8061315387586,1.0,0,1,typing
SYNTHETIC DEMONSTRATION ONLY - NOT HUMAN EXPERIMENT RESULTS,1065300,A,0,896.9375502937012,1.0,0,1,typing
SYNTHETIC DEMONSTRATION ONLY - NOT HUMAN EXPERIMENT RESULTS,1065320,A,0,897.0690125728329,1.0,0,1,typing
SYNTHETIC DEMONSTRATION ONLY - NOT HUMAN EXPERIMENT RESULTS,1065340,A,0,897.2005165077837,1.0,0,1,typing
SYNTHETIC DEMONSTRATION ONLY - NOT HUMAN EXPERIMENT RESULTS,1065360,A,0,897.3320602295915,1.0,0,1,typing
SYNTHETIC DEMONSTRATION ONLY - NOT HUMAN EXPERIMENT RESULTS,1065380,A,0,897.463641868729,1.0,0,1,typing
SYNTHETIC DEMONSTRATION ONLY - NOT HUMAN EXPERIMENT RESULTS,1065400,A,0,897.5952595551299,1.0,0,1,typing
SYNTHETIC DEMONSTRATION ONLY - NOT HUMAN EXPERIMENT RESULTS,1065420,A,0,897.7269114182153,1.0,0,1,typing
SYNTHETIC DEMONSTRATION ONLY - NOT HUMAN EXPERIMENT RESULTS,1065440,A,0,897.858595586921,1.0,0,1,typing
SYNTHETIC DEMONSTRATION ONLY - NOT HUMAN EXPERIMENT RESULTS,1065460,A,0,897.9903101897233,1.0,0,1,typing
SYNTHETIC DEMONSTRATION ONLY - NOT HUMAN EXPERIMENT RESULTS,1065480,A,0,898.1220533546664,1.0,0,1,typing
SYNTHETIC DEMONSTRATION ONLY - NOT HUMAN EXPERIMENT RESULTS,1065500,A,0,898.2538232093881,1.0,0,1,typing
SYNTHETIC DEMONSTRATION ONLY - NOT HUMAN EXPERIMENT RESULTS,1065520,A,0,898.3856178811471,1.0,0,1,typing
SYNTHETIC DEMONSTRATION ONLY - NOT HUMAN EXPERIMENT RESULTS,1065540,A,0,898.5174354968497,1.0,0,1,typing
SYNTHETIC DEMONSTRATION ONLY - NOT HUMAN EXPERIMENT RESULTS,1065560,A,0,898.6492741830754,1.0,0,1,typing
SYNTHETIC DEMONSTRATION ONLY - NOT HUMAN EXPERIMENT RESULTS,1065580,A,0,898.7811320661046,1.0,0,1,typing
SYNTHETIC DEMONSTRATION ONLY - NOT HUMAN EXPERIMENT RESULTS,1065600,A,0,898.9130072719454,1.0,0,1,typing
SYNTHETIC DEMONSTRATION ONLY - NOT HUMAN EXPERIMENT RESULTS,1065620,A,0,899.0448979263589,1.0,0,1,typing
SYNTHETIC DEMONSTRATION ONLY - NOT HUMAN EXPERIMENT RESULTS,1065640,A,0,899.1768021548869,1.0,0,1,typing
SYNTHETIC DEMONSTRATION ONLY - NOT HUMAN EXPERIMENT RESULTS,1065660,A,0,899.3087180828784,1.0,0,1,typing
SYNTHETIC DEMONSTRATION ONLY - NOT HUMAN EXPERIMENT RESULTS,1065680,A,0,899.4406438355162,1.0,0,1,typing
SYNTHETIC DEMONSTRATION ONLY - NOT HUMAN EXPERIMENT RESULTS,1065700,A,0,899.5725775378431,1.0,0,1,typing
SYNTHETIC DEMONSTRATION ONLY - NOT HUMAN EXPERIMENT RESULTS,1065720,A,0,899.7045173147894,1.0,0,1,typing
SYNTHETIC DEMONSTRATION ONLY - NOT HUMAN EXPERIMENT RESULTS,1065740,A,0,899.8364612911987,1.0,0,1,typing
SYNTHETIC DEMONSTRATION ONLY - NOT HUMAN EXPERIMENT RESULTS,1065760,A,0,899.968407591855,1.0,0,1,typing
SYNTHETIC DEMONSTRATION ONLY - NOT HUMAN EXPERIMENT RESULTS,1065780,A,0,900.1003543415094,1.0,0,1,typing
SYNTHETIC DEMONSTRATION ONLY - NOT HUMAN EXPERIMENT RESULTS,1065800,A,0,900.2322996649065,1.0,0,1,typing
SYNTHETIC DEMONSTRATION ONLY - NOT HUMAN EXPERIMENT RESULTS,1065820,A,0,900.3642416868112,1.0,0,1,typing
SYNTHETIC DEMONSTRATION ONLY - NOT HUMAN EXPERIMENT RESULTS,1065840,A,0,900.4961785320351,1.0,0,1,typing
SYNTHETIC DEMONSTRATION ONLY - NOT HUMAN EXPERIMENT RESULTS,1065860,A,0,900.6281083254638,1.0,0,1,typing
SYNTHETIC DEMONSTRATION ONLY - NOT HUMAN EXPERIMENT RESULTS,1065880,A,0,900.7600291920829,1.0,0,1,typing
SYNTHETIC DEMONSTRATION ONLY - NOT HUMAN EXPERIMENT RESULTS,1065900,A,0,900.891939257005,1.0,0,1,typing
SYNTHETIC DEMONSTRATION ONLY - NOT HUMAN EXPERIMENT RESULTS,1065920,A,0,901.0238366454957,1.0,0,1,typing
SYNTHETIC DEMONSTRATION ONLY - NOT HUMAN EXPERIMENT RESULTS,1065940,A,0,901.1557194830016,1.0,0,1,typing
SYNTHETIC DEMONSTRATION ONLY - NOT HUMAN EXPERIMENT RESULTS,1065960,A,0,901.2875858951755,1.0,0,1,typing
SYNTHETIC DEMONSTRATION ONLY - NOT HUMAN EXPERIMENT RESULTS,1065980,A,0,901.4194340079036,1.0,0,1,typing
SYNTHETIC DEMONSTRATION ONLY - NOT HUMAN EXPERIMENT RESULTS,1066000,A,0,901.5512619473325,1.0,0,1,typing
SYNTHETIC DEMONSTRATION ONLY - NOT HUMAN EXPERIMENT RESULTS,1066020,A,0,901.6830678398954,1.0,0,1,typing
SYNTHETIC DEMONSTRATION ONLY - NOT HUMAN EXPERIMENT RESULTS,1066040,A,0,901.814849812339,1.0,0,1,typing
SYNTHETIC DEMONSTRATION ONLY - NOT HUMAN EXPERIMENT RESULTS,1066060,A,0,901.9466059917495,1.0,0,1,typing
SYNTHETIC DEMONSTRATION ONLY - NOT HUMAN EXPERIMENT RESULTS,1066080,A,0,902.07833450558,1.0,0,1,typing
SYNTHETIC DEMONSTRATION ONLY - NOT HUMAN EXPERIMENT RESULTS,1066100,A,0,902.2100334816766,1.0,0,1,typing
SYNTHETIC DEMONSTRATION ONLY - NOT HUMAN EXPERIMENT RESULTS,1066120,A,0,902.3417010483058,1.0,0,1,typing
SYNTHETIC DEMONSTRATION ONLY - NOT HUMAN EXPERIMENT RESULTS,1066140,A,0,902.4733353341796,1.0,0,1,typing
SYNTHETIC DEMONSTRATION ONLY - NOT HUMAN EXPERIMENT RESULTS,1066160,A,0,902.6049344684836,1.0,0,1,typing
SYNTHETIC DEMONSTRATION ONLY - NOT HUMAN EXPERIMENT RESULTS,1066180,A,0,902.7364965809028,1.0,0,1,typing
SYNTHETIC DEMONSTRATION ONLY - NOT HUMAN EXPERIMENT RESULTS,1066200,A,0,902.8680198016483,1.0,0,1,typing
SYNTHETIC DEMONSTRATION ONLY - NOT HUMAN EXPERIMENT RESULTS,1066220,A,0,902.9995022614839,1.0,0,1,typing
SYNTHETIC DEMONSTRATION ONLY - NOT HUMAN EXPERIMENT RESULTS,1066240,A,0,903.1309420917531,1.0,0,1,typing
SYNTHETIC DEMONSTRATION ONLY - NOT HUMAN EXPERIMENT RESULTS,1066260,A,0,903.2623374244049,1.0,0,1,typing
SYNTHETIC DEMONSTRATION ONLY - NOT HUMAN EXPERIMENT RESULTS,1066280,A,0,903.3936863920205,1.0,0,1,typing
SYNTHETIC DEMONSTRATION ONLY - NOT HUMAN EXPERIMENT RESULTS,1066300,A,0,903.5249871278406,1.0,0,1,typing
SYNTHETIC DEMONSTRATION ONLY - NOT HUMAN EXPERIMENT RESULTS,1066320,A,0,903.656237765791,1.0,0,1,typing
SYNTHETIC DEMONSTRATION ONLY - NOT HUMAN EXPERIMENT RESULTS,1066340,A,0,903.7874364405099,1.0,0,1,typing
SYNTHETIC DEMONSTRATION ONLY - NOT HUMAN EXPERIMENT RESULTS,1066360,A,0,903.9185812873732,1.0,0,1,typing
SYNTHETIC DEMONSTRATION ONLY - NOT HUMAN EXPERIMENT RESULTS,1066380,A,0,904.0496704425226,1.0,0,1,typing
SYNTHETIC DEMONSTRATION ONLY - NOT HUMAN EXPERIMENT RESULTS,1066400,A,0,904.1807020428911,1.0,0,1,typing
SYNTHETIC DEMONSTRATION ONLY - NOT HUMAN EXPERIMENT RESULTS,1066420,A,0,904.3116742262297,1.0,0,1,typing
SYNTHETIC DEMONSTRATION ONLY - NOT HUMAN EXPERIMENT RESULTS,1066440,A,0,904.4425851311335,1.0,0,1,typing
SYNTHETIC DEMONSTRATION ONLY - NOT HUMAN EXPERIMENT RESULTS,1066460,A,0,904.5734328970689,1.0,0,1,typing
SYNTHETIC DEMONSTRATION ONLY - NOT HUMAN EXPERIMENT RESULTS,1066480,A,0,904.7042156643995,1.0,0,1,typing
SYNTHETIC DEMONSTRATION ONLY - NOT HUMAN EXPERIMENT RESULTS,1066500,A,0,904.8349315744126,1.0,0,1,typing
SYNTHETIC DEMONSTRATION ONLY - NOT HUMAN EXPERIMENT RESULTS,1066520,A,0,904.965578769346,1.0,0,1,typing
SYNTHETIC DEMONSTRATION ONLY - NOT HUMAN EXPERIMENT RESULTS,1066540,A,0,905.096155392414,1.0,0,1,typing
SYNTHETIC DEMONSTRATION ONLY - NOT HUMAN EXPERIMENT RESULTS,1066560,A,0,905.2266595878332,1.0,0,1,typing
SYNTHETIC DEMONSTRATION ONLY - NOT HUMAN EXPERIMENT RESULTS,1066580,A,0,905.3570895008504,1.0,0,1,typing
SYNTHETIC DEMONSTRATION ONLY - NOT HUMAN EXPERIMENT RESULTS,1066600,A,0,905.487443277768,1.0,0,1,typing
SYNTHETIC DEMONSTRATION ONLY - NOT HUMAN EXPERIMENT RESULTS,1066620,A,0,905.61771906597,1.0,0,1,typing
SYNTHETIC DEMONSTRATION ONLY - NOT HUMAN EXPERIMENT RESULTS,1066640,A,0,905.7479150139493,1.0,0,1,typing
SYNTHETIC DEMONSTRATION ONLY - NOT HUMAN EXPERIMENT RESULTS,1066660,A,0,905.8780292713332,1.0,0,1,typing
SYNTHETIC DEMONSTRATION ONLY - NOT HUMAN EXPERIMENT RESULTS,1066680,A,0,906.0080599889102,1.0,0,1,typing
SYNTHETIC DEMONSTRATION ONLY - NOT HUMAN EXPERIMENT RESULTS,1066700,A,0,906.1380053186558,1.0,0,1,typing
SYNTHETIC DEMONSTRATION ONLY - NOT HUMAN EXPERIMENT RESULTS,1066720,A,0,906.2678634137593,1.0,0,1,typing
SYNTHETIC DEMONSTRATION ONLY - NOT HUMAN EXPERIMENT RESULTS,1066740,A,0,906.3976324286497,1.0,0,1,typing
SYNTHETIC DEMONSTRATION ONLY - NOT HUMAN EXPERIMENT RESULTS,1066760,A,0,906.5273105190222,1.0,0,1,typing
SYNTHETIC DEMONSTRATION ONLY - NOT HUMAN EXPERIMENT RESULTS,1066780,A,0,906.656895841864,1.0,0,1,typing
SYNTHETIC DEMONSTRATION ONLY - NOT HUMAN EXPERIMENT RESULTS,1066800,A,0,906.7863865554807,1.0,0,1,typing
SYNTHETIC DEMONSTRATION ONLY - NOT HUMAN EXPERIMENT RESULTS,1066820,A,0,906.9157808195229,1.0,0,1,typing
SYNTHETIC DEMONSTRATION ONLY - NOT HUMAN EXPERIMENT RESULTS,1066840,A,0,907.0450767950114,1.0,0,1,typing
SYNTHETIC DEMONSTRATION ONLY - NOT HUMAN EXPERIMENT RESULTS,1066860,A,0,907.1742726443642,1.0,0,1,typing
SYNTHETIC DEMONSTRATION ONLY - NOT HUMAN EXPERIMENT RESULTS,1066880,A,0,907.3033665314226,1.0,0,1,typing
SYNTHETIC DEMONSTRATION ONLY - NOT HUMAN EXPERIMENT RESULTS,1066900,A,0,907.4323566214766,1.0,0,1,typing
SYNTHETIC DEMONSTRATION ONLY - NOT HUMAN EXPERIMENT RESULTS,1066920,A,0,907.5612410812914,1.0,0,1,typing
SYNTHETIC DEMONSTRATION ONLY - NOT HUMAN EXPERIMENT RESULTS,1066940,A,0,907.6900180791336,1.0,0,1,typing
SYNTHETIC DEMONSTRATION ONLY - NOT HUMAN EXPERIMENT RESULTS,1066960,A,0,907.818685784797,1.0,0,1,typing
SYNTHETIC DEMONSTRATION ONLY - NOT HUMAN EXPERIMENT RESULTS,1066980,A,0,907.9472423696287,1.0,0,1,typing
SYNTHETIC DEMONSTRATION ONLY - NOT HUMAN EXPERIMENT RESULTS,1067000,A,0,908.075686006555,1.0,0,1,typing
SYNTHETIC DEMONSTRATION ONLY - NOT HUMAN EXPERIMENT RESULTS,1067020,A,0,908.2040148701076,1.0,0,1,typing
SYNTHETIC DEMONSTRATION ONLY - NOT HUMAN EXPERIMENT RESULTS,1067040,A,0,908.3322271364493,1.0,0,1,typing
SYNTHETIC DEMONSTRATION ONLY - NOT HUMAN EXPERIMENT RESULTS,1067060,A,0,908.4603209833999,1.0,0,1,typing
SYNTHETIC DEMONSTRATION ONLY - NOT HUMAN EXPERIMENT RESULTS,1067080,A,0,908.5882945904624,1.0,0,1,typing
SYNTHETIC DEMONSTRATION ONLY - NOT HUMAN EXPERIMENT RESULTS,1067100,A,0,908.7161461388486,1.0,0,1,typing
SYNTHETIC DEMONSTRATION ONLY - NOT HUMAN EXPERIMENT RESULTS,1067120,A,0,908.8438738115049,1.0,0,1,typing
SYNTHETIC DEMONSTRATION ONLY - NOT HUMAN EXPERIMENT RESULTS,1067140,A,0,908.9714757931383,1.0,0,1,typing
SYNTHETIC DEMONSTRATION ONLY - NOT HUMAN EXPERIMENT RESULTS,1067160,A,0,909.0989502702423,1.0,0,1,typing
SYNTHETIC DEMONSTRATION ONLY - NOT HUMAN EXPERIMENT RESULTS,1067180,A,0,909.2262954311224,1.0,0,1,typing
SYNTHETIC DEMONSTRATION ONLY - NOT HUMAN EXPERIMENT RESULTS,1067200,A,0,909.353509465922,1.0,0,1,typing
SYNTHETIC DEMONSTRATION ONLY - NOT HUMAN EXPERIMENT RESULTS,1067220,A,0,909.480590566648,1.0,0,1,typing
SYNTHETIC DEMONSTRATION ONLY - NOT HUMAN EXPERIMENT RESULTS,1067240,A,0,909.6075369271966,1.0,0,1,typing
SYNTHETIC DEMONSTRATION ONLY - NOT HUMAN EXPERIMENT RESULTS,1067260,A,0,909.7343467433793,1.0,0,1,typing
SYNTHETIC DEMONSTRATION ONLY - NOT HUMAN EXPERIMENT RESULTS,1067280,A,0,909.8610182129478,1.0,0,1,typing
SYNTHETIC DEMONSTRATION ONLY - NOT HUMAN EXPERIMENT RESULTS,1067300,A,0,909.9875495356199,1.0,0,1,typing
SYNTHETIC DEMONSTRATION ONLY - NOT HUMAN EXPERIMENT RESULTS,1067320,A,0,910.1139389131058,1.0,0,1,typing
SYNTHETIC DEMONSTRATION ONLY - NOT HUMAN EXPERIMENT RESULTS,1067340,A,0,910.2401845491323,1.0,0,1,typing
SYNTHETIC DEMONSTRATION ONLY - NOT HUMAN EXPERIMENT RESULTS,1067360,A,0,910.3662846494698,1.0,0,1,typing
SYNTHETIC DEMONSTRATION ONLY - NOT HUMAN EXPERIMENT RESULTS,1067380,A,0,910.4922374219565,1.0,0,1,typing
SYNTHETIC DEMONSTRATION ONLY - NOT HUMAN EXPERIMENT RESULTS,1067400,A,0,910.6180410765248,1.0,0,1,typing
SYNTHETIC DEMONSTRATION ONLY - NOT HUMAN EXPERIMENT RESULTS,1067420,A,0,910.7436938252264,1.0,0,1,typing
SYNTHETIC DEMONSTRATION ONLY - NOT HUMAN EXPERIMENT RESULTS,1067440,A,0,910.8691938822575,1.0,0,1,typing
SYNTHETIC DEMONSTRATION ONLY - NOT HUMAN EXPERIMENT RESULTS,1067460,A,0,910.9945394639846,1.0,0,1,typing
SYNTHETIC DEMONSTRATION ONLY - NOT HUMAN EXPERIMENT RESULTS,1067480,A,0,911.1197287889693,1.0,0,1,typing
SYNTHETIC DEMONSTRATION ONLY - NOT HUMAN EXPERIMENT RESULTS,1067500,A,0,911.2447600779943,1.0,0,1,typing
SYNTHETIC DEMONSTRATION ONLY - NOT HUMAN EXPERIMENT RESULTS,1067520,A,0,911.3696315540883,1.0,0,1,typing
SYNTHETIC DEMONSTRATION ONLY - NOT HUMAN EXPERIMENT RESULTS,1067540,A,0,911.4943414425512,1.0,0,1,typing
SYNTHETIC DEMONSTRATION ONLY - NOT HUMAN EXPERIMENT RESULTS,1067560,A,0,911.6188879709795,1.0,0,1,typing
SYNTHETIC DEMONSTRATION ONLY - NOT HUMAN EXPERIMENT RESULTS,1067580,A,0,911.743269369291,1.0,0,1,typing
SYNTHETIC DEMONSTRATION ONLY - NOT HUMAN EXPERIMENT RESULTS,1067600,A,0,911.8674838697513,1.0,0,1,typing
SYNTHETIC DEMONSTRATION ONLY - NOT HUMAN EXPERIMENT RESULTS,1067620,A,0,911.991529706997,1.0,0,1,typing
SYNTHETIC DEMONSTRATION ONLY - NOT HUMAN EXPERIMENT RESULTS,1067640,A,0,912.1154051180621,1.0,0,1,typing
SYNTHETIC DEMONSTRATION ONLY - NOT HUMAN EXPERIMENT RESULTS,1067660,A,0,912.239108342403,1.0,0,1,typing
SYNTHETIC DEMONSTRATION ONLY - NOT HUMAN EXPERIMENT RESULTS,1067680,A,0,912.3626376219231,1.0,0,1,typing
SYNTHETIC DEMONSTRATION ONLY - NOT HUMAN EXPERIMENT RESULTS,1067700,A,0,912.4859912009978,1.0,0,1,typing
SYNTHETIC DEMONSTRATION ONLY - NOT HUMAN EXPERIMENT RESULTS,1067720,A,0,912.6091673264997,1.0,0,1,typing
SYNTHETIC DEMONSTRATION ONLY - NOT HUMAN EXPERIMENT RESULTS,1067740,A,0,912.7321642478234,1.0,0,1,typing
SYNTHETIC DEMONSTRATION ONLY - NOT HUMAN EXPERIMENT RESULTS,1067760,A,0,912.8549802169106,1.0,0,1,typing
SYNTHETIC DEMONSTRATION ONLY - NOT HUMAN EXPERIMENT RESULTS,1067780,A,0,912.9776134882742,1.0,0,1,typing
SYNTHETIC DEMONSTRATION ONLY - NOT HUMAN EXPERIMENT RESULTS,1067800,A,0,913.100062319024,1.0,0,1,typing
SYNTHETIC DEMONSTRATION ONLY - NOT HUMAN EXPERIMENT RESULTS,1067820,A,0,913.2223249688914,1.0,0,1,typing
SYNTHETIC DEMONSTRATION ONLY - NOT HUMAN EXPERIMENT RESULTS,1067840,A,0,913.3443997002532,1.0,0,1,typing
SYNTHETIC DEMONSTRATION ONLY - NOT HUMAN EXPERIMENT RESULTS,1067860,A,0,913.4662847781574,1.0,0,1,typing
SYNTHETIC DEMONSTRATION ONLY - NOT HUMAN EXPERIMENT RESULTS,1067880,A,0,913.5879784703473,1.0,0,1,typing
SYNTHETIC DEMONSTRATION ONLY - NOT HUMAN EXPERIMENT RESULTS,1067900,A,0,913.7094790472859,1.0,0,1,typing
SYNTHETIC DEMONSTRATION ONLY - NOT HUMAN EXPERIMENT RESULTS,1067920,A,0,913.8307847821814,1.0,0,1,typing
SYNTHETIC DEMONSTRATION ONLY - NOT HUMAN EXPERIMENT RESULTS,1067940,A,0,913.9518939510104,1.0,0,1,typing
SYNTHETIC DEMONSTRATION ONLY - NOT HUMAN EXPERIMENT RESULTS,1067960,A,0,914.072804832544,1.0,0,1,typing
SYNTHETIC DEMONSTRATION ONLY - NOT HUMAN EXPERIMENT RESULTS,1067980,A,0,914.1935157083706,1.0,0,1,typing
SYNTHETIC DEMONSTRATION ONLY - NOT HUMAN EXPERIMENT RESULTS,1068000,A,0,914.3140248629215,1.0,0,1,typing
SYNTHETIC DEMONSTRATION ONLY - NOT HUMAN EXPERIMENT RESULTS,1068020,A,0,914.434330583495,1.0,0,1,typing
SYNTHETIC DEMONSTRATION ONLY - NOT HUMAN EXPERIMENT RESULTS,1068040,A,0,914.5544311602805,1.0,0,1,typing
SYNTHETIC DEMONSTRATION ONLY - NOT HUMAN EXPERIMENT RESULTS,1068060,A,0,914.6743248863828,1.0,0,1,typing
SYNTHETIC DEMONSTRATION ONLY - NOT HUMAN EXPERIMENT RESULTS,1068080,A,0,914.7940100578468,1.0,0,1,typing
SYNTHETIC DEMONSTRATION ONLY - NOT HUMAN EXPERIMENT RESULTS,1068100,A,0,914.9134849736813,1.0,0,1,typing
SYNTHETIC DEMONSTRATION ONLY - NOT HUMAN EXPERIMENT RESULTS,1068120,A,0,915.0327479358832,1.0,0,1,typing
SYNTHETIC DEMONSTRATION ONLY - NOT HUMAN EXPERIMENT RESULTS,1068140,A,0,915.1517972494619,1.0,0,1,typing
SYNTHETIC DEMONSTRATION ONLY - NOT HUMAN EXPERIMENT RESULTS,1068160,A,0,915.2706312224631,1.0,0,1,typing
SYNTHETIC DEMONSTRATION ONLY - NOT HUMAN EXPERIMENT RESULTS,1068180,A,0,915.3892481659931,1.0,0,1,typing
SYNTHETIC DEMONSTRATION ONLY - NOT HUMAN EXPERIMENT RESULTS,1068200,A,0,915.5076463942422,1.0,0,1,typing
SYNTHETIC DEMONSTRATION ONLY - NOT HUMAN EXPERIMENT RESULTS,1068220,A,0,915.62582422451,1.0,0,1,typing
SYNTHETIC DEMONSTRATION ONLY - NOT HUMAN EXPERIMENT RESULTS,1068240,A,0,915.7437799772276,1.0,0,1,typing
SYNTHETIC DEMONSTRATION ONLY - NOT HUMAN EXPERIMENT RESULTS,1068260,A,0,915.8615119759829,1.0,0,1,typing
SYNTHETIC DEMONSTRATION ONLY - NOT HUMAN EXPERIMENT RESULTS,1068280,A,0,915.9790185475434,1.0,0,1,typing
SYNTHETIC DEMONSTRATION ONLY - NOT HUMAN EXPERIMENT RESULTS,1068300,A,0,916.0962980218808,1.0,0,1,typing
SYNTHETIC DEMONSTRATION ONLY - NOT HUMAN EXPERIMENT RESULTS,1068320,A,0,916.213348732194,1.0,0,1,typing
SYNTHETIC DEMONSTRATION ONLY - NOT HUMAN EXPERIMENT RESULTS,1068340,A,0,916.3301690149334,1.0,0,1,typing
SYNTHETIC DEMONSTRATION ONLY - NOT HUMAN EXPERIMENT RESULTS,1068360,A,0,916.4467572098241,1.0,0,1,typing
SYNTHETIC DEMONSTRATION ONLY - NOT HUMAN EXPERIMENT RESULTS,1068380,A,0,916.56311165989,1.0,0,1,typing
SYNTHETIC DEMONSTRATION ONLY - NOT HUMAN EXPERIMENT RESULTS,1068400,A,0,916.6792307114766,1.0,0,1,typing
SYNTHETIC DEMONSTRATION ONLY - NOT HUMAN EXPERIMENT RESULTS,1068420,A,0,916.7951127142753,1.0,0,1,typing
SYNTHETIC DEMONSTRATION ONLY - NOT HUMAN EXPERIMENT RESULTS,1068440,A,0,916.9107560213462,1.0,0,1,typing
SYNTHETIC DEMONSTRATION ONLY - NOT HUMAN EXPERIMENT RESULTS,1068460,A,0,917.0261589891419,1.0,0,1,typing
SYNTHETIC DEMONSTRATION ONLY - NOT HUMAN EXPERIMENT RESULTS,1068480,A,0,917.141319977531,1.0,0,1,typing
SYNTHETIC DEMONSTRATION ONLY - NOT HUMAN EXPERIMENT RESULTS,1068500,A,0,917.2562373498207,1.0,0,1,typing
SYNTHETIC DEMONSTRATION ONLY - NOT HUMAN EXPERIMENT RESULTS,1068520,A,0,917.370909472781,1.0,0,1,typing
SYNTHETIC DEMONSTRATION ONLY - NOT HUMAN EXPERIMENT RESULTS,1068540,A,0,917.485334716667,1.0,0,1,typing
SYNTHETIC DEMONSTRATION ONLY - NOT HUMAN EXPERIMENT RESULTS,1068560,A,0,917.5995114552429,1.0,0,1,typing
SYNTHETIC DEMONSTRATION ONLY - NOT HUMAN EXPERIMENT RESULTS,1068580,A,0,917.7134380658043,1.0,0,1,typing
SYNTHETIC DEMONSTRATION ONLY - NOT HUMAN EXPERIMENT RESULTS,1068600,A,0,917.8271129292021,1.0,0,1,typing
SYNTHETIC DEMONSTRATION ONLY - NOT HUMAN EXPERIMENT RESULTS,1068620,A,0,917.9405344298647,1.0,0,1,typing
SYNTHETIC DEMONSTRATION ONLY - NOT HUMAN EXPERIMENT RESULTS,1068640,A,0,918.0537009558216,1.0,0,1,typing
SYNTHETIC DEMONSTRATION ONLY - NOT HUMAN EXPERIMENT RESULTS,1068660,A,0,918.1666108987259,1.0,0,1,typing
SYNTHETIC DEMONSTRATION ONLY - NOT HUMAN EXPERIMENT RESULTS,1068680,A,0,918.2792626538776,1.0,0,1,typing
SYNTHETIC DEMONSTRATION ONLY - NOT HUMAN EXPERIMENT RESULTS,1068700,A,0,918.3916546202456,1.0,0,1,typing
SYNTHETIC DEMONSTRATION ONLY - NOT HUMAN EXPERIMENT RESULTS,1068720,A,0,918.5037852004914,1.0,0,1,typing
SYNTHETIC DEMONSTRATION ONLY - NOT HUMAN EXPERIMENT RESULTS,1068740,A,0,918.6156528009914,1.0,0,1,typing
SYNTHETIC DEMONSTRATION ONLY - NOT HUMAN EXPERIMENT RESULTS,1068760,A,0,918.7272558318592,1.0,0,1,typing
SYNTHETIC DEMONSTRATION ONLY - NOT HUMAN EXPERIMENT RESULTS,1068780,A,0,918.8385927069687,1.0,0,1,typing
SYNTHETIC DEMONSTRATION ONLY - NOT HUMAN EXPERIMENT RESULTS,1068800,A,0,918.9496618439765,1.0,0,1,typing
SYNTHETIC DEMONSTRATION ONLY - NOT HUMAN EXPERIMENT RESULTS,1068820,A,0,919.0604616643445,1.0,0,1,typing
SYNTHETIC DEMONSTRATION ONLY - NOT HUMAN EXPERIMENT RESULTS,1068840,A,0,919.1709905933617,1.0,0,1,typing
SYNTHETIC DEMONSTRATION ONLY - NOT HUMAN EXPERIMENT RESULTS,1068860,A,0,919.2812470601674,1.0,0,1,typing
SYNTHETIC DEMONSTRATION ONLY - NOT HUMAN EXPERIMENT RESULTS,1068880,A,0,919.3912294977732,1.0,0,1,typing
SYNTHETIC DEMONSTRATION ONLY - NOT HUMAN EXPERIMENT RESULTS,1068900,A,0,919.5009363430855,1.0,0,1,typing
SYNTHETIC DEMONSTRATION ONLY - NOT HUMAN EXPERIMENT RESULTS,1068920,A,0,919.6103660369267,1.0,0,1,typing
SYNTHETIC DEMONSTRATION ONLY - NOT HUMAN EXPERIMENT RESULTS,1068940,A,0,919.719517024059,1.0,0,1,typing
SYNTHETIC DEMONSTRATION ONLY - NOT HUMAN EXPERIMENT RESULTS,1068960,A,0,919.8283877532051,1.0,0,1,typing
SYNTHETIC DEMONSTRATION ONLY - NOT HUMAN EXPERIMENT RESULTS,1068980,A,0,919.936976677071,1.0,0,1,typing
SYNTHETIC DEMONSTRATION ONLY - NOT HUMAN EXPERIMENT RESULTS,1069000,A,0,920.0452822523677,1.0,0,1,typing
SYNTHETIC DEMONSTRATION ONLY - NOT HUMAN EXPERIMENT RESULTS,1069020,A,0,920.1533029398331,1.0,0,1,typing
SYNTHETIC DEMONSTRATION ONLY - NOT HUMAN EXPERIMENT RESULTS,1069040,A,0,920.2610372042545,1.0,0,1,typing
SYNTHETIC DEMONSTRATION ONLY - NOT HUMAN EXPERIMENT RESULTS,1069060,A,0,920.3684835144892,1.0,0,1,typing
SYNTHETIC DEMONSTRATION ONLY - NOT HUMAN EXPERIMENT RESULTS,1069080,A,0,920.4756403434875,1.0,0,1,typing
SYNTHETIC DEMONSTRATION ONLY - NOT HUMAN EXPERIMENT RESULTS,1069100,A,0,920.5825061683136,1.0,0,1,typing
SYNTHETIC DEMONSTRATION ONLY - NOT HUMAN EXPERIMENT RESULTS,1069120,A,0,920.6890794701675,1.0,0,1,typing
SYNTHETIC DEMONSTRATION ONLY - NOT HUMAN EXPERIMENT RESULTS,1069140,A,0,920.7953587344066,1.0,0,1,typing
SYNTHETIC DEMONSTRATION ONLY - NOT HUMAN EXPERIMENT RESULTS,1069160,A,0,920.9013424505677,1.0,0,1,typing
SYNTHETIC DEMONSTRATION ONLY - NOT HUMAN EXPERIMENT RESULTS,1069180,A,0,921.0070291123872,1.0,0,1,typing
SYNTHETIC DEMONSTRATION ONLY - NOT HUMAN EXPERIMENT RESULTS,1069200,A,0,921.1124172178238,1.0,0,1,typing
SYNTHETIC DEMONSTRATION ONLY - NOT HUMAN EXPERIMENT RESULTS,1069220,A,0,921.2175052690794,1.0,0,1,typing
SYNTHETIC DEMONSTRATION ONLY - NOT HUMAN EXPERIMENT RESULTS,1069240,A,0,921.32229177262,1.0,0,1,typing
SYNTHETIC DEMONSTRATION ONLY - NOT HUMAN EXPERIMENT RESULTS,1069260,A,0,921.4267752391976,1.0,0,1,typing
SYNTHETIC DEMONSTRATION ONLY - NOT HUMAN EXPERIMENT RESULTS,1069280,A,0,921.5309541838707,1.0,0,1,typing
SYNTHETIC DEMONSTRATION ONLY - NOT HUMAN EXPERIMENT RESULTS,1069300,A,0,921.6348271260259,1.0,0,1,typing
SYNTHETIC DEMONSTRATION ONLY - NOT HUMAN EXPERIMENT RESULTS,1069320,A,0,921.7383925893989,1.0,0,1,typing
SYNTHETIC DEMONSTRATION ONLY - NOT HUMAN EXPERIMENT RESULTS,1069340,A,0,921.8416491020952,1.0,0,1,typing
SYNTHETIC DEMONSTRATION ONLY - NOT HUMAN EXPERIMENT RESULTS,1069360,A,0,921.9445951966111,1.0,0,1,typing
SYNTHETIC DEMONSTRATION ONLY - NOT HUMAN EXPERIMENT RESULTS,1069380,A,0,922.0472294098548,1.0,0,1,typing
SYNTHETIC DEMONSTRATION ONLY - NOT HUMAN EXPERIMENT RESULTS,1069400,A,0,922.149550283167,1.0,0,1,typing
SYNTHETIC DEMONSTRATION ONLY - NOT HUMAN EXPERIMENT RESULTS,1069420,A,0,922.2515563623414,1.0,0,1,typing
SYNTHETIC DEMONSTRATION ONLY - NOT HUMAN EXPERIMENT RESULTS,1069440,A,0,922.353246197646,1.0,0,1,typing
SYNTHETIC DEMONSTRATION ONLY - NOT HUMAN EXPERIMENT RESULTS,1069460,A,0,922.4546183438431,1.0,0,1,typing
SYNTHETIC DEMONSTRATION ONLY - NOT HUMAN EXPERIMENT RESULTS,1069480,A,0,922.5556713602101,1.0,0,1,typing
SYNTHETIC DEMONSTRATION ONLY - NOT HUMAN EXPERIMENT RESULTS,1069500,A,0,922.6564038105599,1.0,0,1,typing
SYNTHETIC DEMONSTRATION ONLY - NOT HUMAN EXPERIMENT RESULTS,1069520,A,0,922.7568142632616,1.0,0,1,typing
SYNTHETIC DEMONSTRATION ONLY - NOT HUMAN EXPERIMENT RESULTS,1069540,A,0,922.8569012912603,1.0,0,1,typing
SYNTHETIC DEMONSTRATION ONLY - NOT HUMAN EXPERIMENT RESULTS,1069560,A,0,922.9566634720978,1.0,0,1,typing
SYNTHETIC DEMONSTRATION ONLY - NOT HUMAN EXPERIMENT RESULTS,1069580,A,0,923.0560993879326,1.0,0,1,typing
SYNTHETIC DEMONSTRATION ONLY - NOT HUMAN EXPERIMENT RESULTS,1069600,A,0,923.1552076255604,1.0,0,1,typing
SYNTHETIC DEMONSTRATION ONLY - NOT HUMAN EXPERIMENT RESULTS,1069620,A,0,923.2539867764335,1.0,0,1,typing
SYNTHETIC DEMONSTRATION ONLY - NOT HUMAN EXPERIMENT RESULTS,1069640,A,0,923.3524354366817,1.0,0,1,typing
SYNTHETIC DEMONSTRATION ONLY - NOT HUMAN EXPERIMENT RESULTS,1069660,A,0,923.4505522071318,1.0,0,1,typing
SYNTHETIC DEMONSTRATION ONLY - NOT HUMAN EXPERIMENT RESULTS,1069680,A,0,923.548335693327,1.0,0,1,typing
SYNTHETIC DEMONSTRATION ONLY - NOT HUMAN EXPERIMENT RESULTS,1069700,A,0,923.6457845055476,1.0,0,1,typing
SYNTHETIC DEMONSTRATION ONLY - NOT HUMAN EXPERIMENT RESULTS,1069720,A,0,923.7428972588302,1.0,0,1,typing
SYNTHETIC DEMONSTRATION ONLY - NOT HUMAN EXPERIMENT RESULTS,1069740,A,0,923.8396725729879,1.0,0,1,typing
SYNTHETIC DEMONSTRATION ONLY - NOT HUMAN EXPERIMENT RESULTS,1069760,A,0,923.936109072629,1.0,0,1,typing
SYNTHETIC DEMONSTRATION ONLY - NOT HUMAN EXPERIMENT RESULTS,1069780,A,0,924.0322053871776,1.0,0,1,typing
SYNTHETIC DEMONSTRATION ONLY - NOT HUMAN EXPERIMENT RESULTS,1069800,A,0,924.1279601508921,1.0,0,1,typing
SYNTHETIC DEMONSTRATION ONLY - NOT HUMAN EXPERIMENT RESULTS,1069820,A,0,924.2233720028856,1.0,0,1,typing
SYNTHETIC DEMONSTRATION ONLY - NOT HUMAN EXPERIMENT RESULTS,1069840,A,0,924.3184395871443,1.0,0,1,typing
SYNTHETIC DEMONSTRATION ONLY - NOT HUMAN EXPERIMENT RESULTS,1069860,A,0,924.4131615525475,1.0,0,1,typing
SYNTHETIC DEMONSTRATION ONLY - NOT HUMAN EXPERIMENT RESULTS,1069880,A,0,924.5075365528863,1.0,0,1,typing
SYNTHETIC DEMONSTRATION ONLY - NOT HUMAN EXPERIMENT RESULTS,1069900,A,0,924.6015632468833,1.0,0,1,typing
SYNTHETIC DEMONSTRATION ONLY - NOT HUMAN EXPERIMENT RESULTS,1069920,A,0,924.6952402982107,1.0,0,1,typing
SYNTHETIC DEMONSTRATION ONLY - NOT HUMAN EXPERIMENT RESULTS,1069940,A,0,924.7885663755105,1.0,0,1,typing
SYNTHETIC DEMONSTRATION ONLY - NOT HUMAN EXPERIMENT RESULTS,1069960,A,0,924.8815401524124,1.0,0,1,typing
SYNTHETIC DEMONSTRATION ONLY - NOT HUMAN EXPERIMENT RESULTS,1069980,A,0,924.9741603075533,1.0,0,1,typing
SYNTHETIC DEMONSTRATION ONLY - NOT HUMAN EXPERIMENT RESULTS,1070000,A,0,925.066425524596,1.0,0,1,typing
SYNTHETIC DEMONSTRATION ONLY - NOT HUMAN EXPERIMENT RESULTS,1070020,A,0,925.1583344922471,1.0,0,1,typing
SYNTHETIC DEMONSTRATION ONLY - NOT HUMAN EXPERIMENT RESULTS,1070040,A,0,925.2498859042771,1.0,0,1,typing
SYNTHETIC DEMONSTRATION ONLY - NOT HUMAN EXPERIMENT RESULTS,1070060,A,0,925.3410784595376,1.0,0,1,typing
SYNTHETIC DEMONSTRATION ONLY - NOT HUMAN EXPERIMENT RESULTS,1070080,A,0,925.4319108619807,1.0,0,1,typing
SYNTHETIC DEMONSTRATION ONLY - NOT HUMAN EXPERIMENT RESULTS,1070100,A,0,925.5223818206766,1.0,0,1,typing
SYNTHETIC DEMONSTRATION ONLY - NOT HUMAN EXPERIMENT RESULTS,1070120,A,0,925.6124900498329,1.0,0,1,typing
SYNTHETIC DEMONSTRATION ONLY - NOT HUMAN EXPERIMENT RESULTS,1070140,A,0,925.7022342688123,1.0,0,1,typing
SYNTHETIC DEMONSTRATION ONLY - NOT HUMAN EXPERIMENT RESULTS,1070160,A,0,925.7916132021506,1.0,0,1,typing
SYNTHETIC DEMONSTRATION ONLY - NOT HUMAN EXPERIMENT RESULTS,1070180,A,0,925.8806255795756,1.0,0,1,typing
SYNTHETIC DEMONSTRATION ONLY - NOT HUMAN EXPERIMENT RESULTS,1070200,A,0,925.9692701360241,1.0,0,1,typing
SYNTHETIC DEMONSTRATION ONLY - NOT HUMAN EXPERIMENT RESULTS,1070220,A,0,926.0575456116609,1.0,0,1,typing
SYNTHETIC DEMONSTRATION ONLY - NOT HUMAN EXPERIMENT RESULTS,1070240,A,0,926.145450751896,1.0,0,1,typing
SYNTHETIC DEMONSTRATION ONLY - NOT HUMAN EXPERIMENT RESULTS,1070260,A,0,926.2329843074028,1.0,0,1,typing
SYNTHETIC DEMONSTRATION ONLY - NOT HUMAN EXPERIMENT RESULTS,1070280,A,0,926.3201450341359,1.0,0,1,typing
SYNTHETIC DEMONSTRATION ONLY - NOT HUMAN EXPERIMENT RESULTS,1070300,A,0,926.406931693348,1.0,0,1,typing
SYNTHETIC DEMONSTRATION ONLY - NOT HUMAN EXPERIMENT RESULTS,1070320,A,0,926.4933430516091,1.0,0,1,typing
SYNTHETIC DEMONSTRATION ONLY - NOT HUMAN EXPERIMENT RESULTS,1070340,A,0,926.5793778808222,1.0,0,1,typing
SYNTHETIC DEMONSTRATION ONLY - NOT HUMAN EXPERIMENT RESULTS,1070360,A,0,926.665034958242,1.0,0,1,typing
SYNTHETIC DEMONSTRATION ONLY - NOT HUMAN EXPERIMENT RESULTS,1070380,A,0,926.7503130664918,1.0,0,1,typing
SYNTHETIC DEMONSTRATION ONLY - NOT HUMAN EXPERIMENT RESULTS,1070400,A,0,926.8352109935811,1.0,0,1,typing
SYNTHETIC DEMONSTRATION ONLY - NOT HUMAN EXPERIMENT RESULTS,1070420,A,0,926.9197275329223,1.0,0,1,typing
SYNTHETIC DEMONSTRATION ONLY - NOT HUMAN EXPERIMENT RESULTS,1070440,A,0,927.0038614833481,1.0,0,1,typing
SYNTHETIC DEMONSTRATION ONLY - NOT HUMAN EXPERIMENT RESULTS,1070460,A,0,927.0876116491293,1.0,0,1,typing
SYNTHETIC DEMONSTRATION ONLY - NOT HUMAN EXPERIMENT RESULTS,1070480,A,0,927.1709768399902,1.0,0,1,typing
SYNTHETIC DEMONSTRATION ONLY - NOT HUMAN EXPERIMENT RESULTS,1070500,A,0,927.2539558711271,1.0,0,1,typing
SYNTHETIC DEMONSTRATION ONLY - NOT HUMAN EXPERIMENT RESULTS,1070520,A,0,927.3365475632244,1.0,0,1,typing
SYNTHETIC DEMONSTRATION ONLY - NOT HUMAN EXPERIMENT RESULTS,1070540,A,0,927.4187507424713,1.0,0,1,typing
SYNTHETIC DEMONSTRATION ONLY - NOT HUMAN EXPERIMENT RESULTS,1070560,A,0,927.5005642405783,1.0,0,1,typing
SYNTHETIC DEMONSTRATION ONLY - NOT HUMAN EXPERIMENT RESULTS,1070580,A,0,927.581986894795,1.0,0,1,typing
SYNTHETIC DEMONSTRATION ONLY - NOT HUMAN EXPERIMENT RESULTS,1070600,A,0,927.6630175479252,1.0,0,1,typing
SYNTHETIC DEMONSTRATION ONLY - NOT HUMAN EXPERIMENT RESULTS,1070620,A,0,927.7436550483436,1.0,0,1,typing
SYNTHETIC DEMONSTRATION ONLY - NOT HUMAN EXPERIMENT RESULTS,1070640,A,0,927.823898250013,1.0,0,1,typing
SYNTHETIC DEMONSTRATION ONLY - NOT HUMAN EXPERIMENT RESULTS,1070660,A,0,927.9037460125,1.0,0,1,typing
SYNTHETIC DEMONSTRATION ONLY - NOT HUMAN EXPERIMENT RESULTS,1070680,A,0,927.9831972009911,1.0,0,1,typing
SYNTHETIC DEMONSTRATION ONLY - NOT HUMAN EXPERIMENT RESULTS,1070700,A,0,928.062250686309,1.0,0,1,typing
SYNTHETIC DEMONSTRATION ONLY - NOT HUMAN EXPERIMENT RESULTS,1070720,A,0,928.1409053449287,1.0,0,1,typing
SYNTHETIC DEMONSTRATION ONLY - NOT HUMAN EXPERIMENT RESULTS,1070740,A,0,928.2191600589935,1.0,0,1,typing
SYNTHETIC DEMONSTRATION ONLY - NOT HUMAN EXPERIMENT RESULTS,1070760,A,0,928.2970137163304,1.0,0,1,typing
SYNTHETIC DEMONSTRATION ONLY - NOT HUMAN EXPERIMENT RESULTS,1070780,A,0,928.374465210467,1.0,0,1,typing
SYNTHETIC DEMONSTRATION ONLY - NOT HUMAN EXPERIMENT RESULTS,1070800,A,0,928.4515134406457,1.0,0,1,typing
SYNTHETIC DEMONSTRATION ONLY - NOT HUMAN EXPERIMENT RESULTS,1070820,A,0,928.528157311841,1.0,0,1,typing
SYNTHETIC DEMONSTRATION ONLY - NOT HUMAN EXPERIMENT RESULTS,1070840,A,0,928.6043957347737,1.0,0,1,typing
SYNTHETIC DEMONSTRATION ONLY - NOT HUMAN EXPERIMENT RESULTS,1070860,A,0,928.6802276259269,1.0,0,1,typing
SYNTHETIC DEMONSTRATION ONLY - NOT HUMAN EXPERIMENT RESULTS,1070880,A,0,928.7556519075619,1.0,0,1,typing
SYNTHETIC DEMONSTRATION ONLY - NOT HUMAN EXPERIMENT RESULTS,1070900,A,0,928.8306675077323,1.0,0,1,typing
SYNTHETIC DEMONSTRATION ONLY - NOT HUMAN EXPERIMENT RESULTS,1070920,A,0,928.9052733603007,1.0,0,1,typing
SYNTHETIC DEMONSTRATION ONLY - NOT HUMAN EXPERIMENT RESULTS,1070940,A,0,928.9794684049526,1.0,0,1,typing
SYNTHETIC DEMONSTRATION ONLY - NOT HUMAN EXPERIMENT RESULTS,1070960,A,0,929.0532515872123,1.0,0,1,typing
SYNTHETIC DEMONSTRATION ONLY - NOT HUMAN EXPERIMENT RESULTS,1070980,A,0,929.1266218584574,1.0,0,1,typing
SYNTHETIC DEMONSTRATION ONLY - NOT HUMAN EXPERIMENT RESULTS,1071000,A,0,929.199578175934,1.0,0,1,typing
SYNTHETIC DEMONSTRATION ONLY - NOT HUMAN EXPERIMENT RESULTS,1071020,A,0,929.2721195027713,1.0,0,1,typing
SYNTHETIC DEMONSTRATION ONLY - NOT HUMAN EXPERIMENT RESULTS,1071040,A,0,929.3442448079965,1.0,0,1,typing
SYNTHETIC DEMONSTRATION ONLY - NOT HUMAN EXPERIMENT RESULTS,1071060,A,0,929.4159530665493,1.0,0,1,typing
SYNTHETIC DEMONSTRATION ONLY - NOT HUMAN EXPERIMENT RESULTS,1071080,A,0,929.4872432592965,1.0,0,1,typing
SYNTHETIC DEMONSTRATION ONLY - NOT HUMAN EXPERIMENT RESULTS,1071100,A,0,929.558114373047,1.0,0,1,typing
SYNTHETIC DEMONSTRATION ONLY - NOT HUMAN EXPERIMENT RESULTS,1071120,A,0,929.6285654005652,1.0,0,1,typing
SYNTHETIC DEMONSTRATION ONLY - NOT HUMAN EXPERIMENT RESULTS,1071140,A,0,929.698595340586,1.0,0,1,typing
SYNTHETIC DEMONSTRATION ONLY - NOT HUMAN EXPERIMENT RESULTS,1071160,A,0,929.768203197829,1.0,0,1,typing
SYNTHETIC DEMONSTRATION ONLY - NOT HUMAN EXPERIMENT RESULTS,1071180,A,0,929.8373879830127,1.0,0,1,typing
SYNTHETIC DEMONSTRATION ONLY - NOT HUMAN EXPERIMENT RESULTS,1071200,A,0,929.9061487128678,1.0,0,1,typing
SYNTHETIC DEMONSTRATION ONLY - NOT HUMAN EXPERIMENT RESULTS,1071220,A,0,929.9744844101522,1.0,0,1,typing
SYNTHETIC DEMONSTRATION ONLY - NOT HUMAN EXPERIMENT RESULTS,1071240,A,0,930.0423941036645,1.0,0,1,typing
SYNTHETIC DEMONSTRATION ONLY - NOT HUMAN EXPERIMENT RESULTS,1071260,A,0,930.1098768282576,1.0,0,1,typing
SYNTHETIC DEMONSTRATION ONLY - NOT HUMAN EXPERIMENT RESULTS,1071280,A,0,930.1769316248526,1.0,0,1,typing
SYNTHETIC DEMONSTRATION ONLY - NOT HUMAN EXPERIMENT RESULTS,1071300,A,0,930.2435575404525,1.0,0,1,typing
SYNTHETIC DEMONSTRATION ONLY - NOT HUMAN EXPERIMENT RESULTS,1071320,A,0,930.3097536281552,1.0,0,1,typing
SYNTHETIC DEMONSTRATION ONLY - NOT HUMAN EXPERIMENT RESULTS,1071340,A,0,930.3755189471683,1.0,0,1,typing
SYNTHETIC DEMONSTRATION ONLY - NOT HUMAN EXPERIMENT RESULTS,1071360,A,0,930.4408525628207,1.0,0,1,typing
SYNTHETIC DEMONSTRATION ONLY - NOT HUMAN EXPERIMENT RESULTS,1071380,A,0,930.5057535465772,1.0,0,1,typing
SYNTHETIC DEMONSTRATION ONLY - NOT HUMAN EXPERIMENT RESULTS,1071400,A,0,930.5702209760512,1.0,0,1,typing
SYNTHETIC DEMONSTRATION ONLY - NOT HUMAN EXPERIMENT RESULTS,1071420,A,0,930.6342539350178,1.0,0,1,typing
SYNTHETIC DEMONSTRATION ONLY - NOT HUMAN EXPERIMENT RESULTS,1071440,A,0,930.6978515134268,1.0,0,1,typing
SYNTHETIC DEMONSTRATION ONLY - NOT HUMAN EXPERIMENT RESULTS,1071460,A,0,930.761012807416,1.0,0,1,typing
SYNTHETIC DEMONSTRATION ONLY - NOT HUMAN EXPERIMENT RESULTS,1071480,A,0,930.8237369193236,1.0,0,1,typing
SYNTHETIC DEMONSTRATION ONLY - NOT HUMAN EXPERIMENT RESULTS,1071500,A,0,930.886022957701,1.0,0,1,typing
SYNTHETIC DEMONSTRATION ONLY - NOT HUMAN EXPERIMENT RESULTS,1071520,A,0,930.9478700373259,1.0,0,1,typing
SYNTHETIC DEMONSTRATION ONLY - NOT HUMAN EXPERIMENT RESULTS,1071540,A,0,931.0092772792141,1.0,0,1,typing
SYNTHETIC DEMONSTRATION ONLY - NOT HUMAN EXPERIMENT RESULTS,1071560,A,0,931.0702438106331,1.0,0,1,typing
SYNTHETIC DEMONSTRATION ONLY - NOT HUMAN EXPERIMENT RESULTS,1071580,A,0,931.1307687651133,1.0,0,1,typing
SYNTHETIC DEMONSTRATION ONLY - NOT HUMAN EXPERIMENT RESULTS,1071600,A,0,931.1908512824614,1.0,0,1,typing
SYNTHETIC DEMONSTRATION ONLY - NOT HUMAN EXPERIMENT RESULTS,1071620,A,0,931.2504905087715,1.0,0,1,typing
SYNTHETIC DEMONSTRATION ONLY - NOT HUMAN EXPERIMENT RESULTS,1071640,A,0,931.3096855964384,1.0,0,1,typing
SYNTHETIC DEMONSTRATION ONLY - NOT HUMAN EXPERIMENT RESULTS,1071660,A,0,931.3684357041687,1.0,0,1,typing
SYNTHETIC DEMONSTRATION ONLY - NOT HUMAN EXPERIMENT RESULTS,1071680,A,0,931.4267399969937,1.0,0,1,typing
SYNTHETIC DEMONSTRATION ONLY - NOT HUMAN EXPERIMENT RESULTS,1071700,A,0,931.4845976462799,1.0,0,1,typing
SYNTHETIC DEMONSTRATION ONLY - NOT HUMAN EXPERIMENT RESULTS,1071720,A,0,931.5420078297423,1.0,0,1,typing
SYNTHETIC DEMONSTRATION ONLY - NOT HUMAN EXPERIMENT RESULTS,1071740,A,0,931.598969731455,1.0,0,1,typing
SYNTHETIC DEMONSTRATION ONLY - NOT HUMAN EXPERIMENT RESULTS,1071760,A,0,931.6554825418634,1.0,0,1,typing
SYNTHETIC DEMONSTRATION ONLY - NOT HUMAN EXPERIMENT RESULTS,1071780,A,0,931.7115454577952,1.0,0,1,typing
SYNTHETIC DEMONSTRATION ONLY - NOT HUMAN EXPERIMENT RESULTS,1071800,A,0,931.7671576824724,1.0,0,1,typing
SYNTHETIC DEMONSTRATION ONLY - NOT HUMAN EXPERIMENT RESULTS,1071820,A,0,931.8223184255222,1.0,0,1,typing
SYNTHETIC DEMONSTRATION ONLY - NOT HUMAN EXPERIMENT RESULTS,1071840,A,0,931.8770269029883,1.0,0,1,typing
SYNTHETIC DEMONSTRATION ONLY - NOT HUMAN EXPERIMENT RESULTS,1071860,A,0,931.931282337342,1.0,0,1,typing
SYNTHETIC DEMONSTRATION ONLY - NOT HUMAN EXPERIMENT RESULTS,1071880,A,0,931.9850839574938,1.0,0,1,typing
SYNTHETIC DEMONSTRATION ONLY - NOT HUMAN EXPERIMENT RESULTS,1071900,A,0,932.0384309988034,1.0,0,1,typing
SYNTHETIC DEMONSTRATION ONLY - NOT HUMAN EXPERIMENT RESULTS,1071920,A,0,932.0913227030912,1.0,0,1,typing
SYNTHETIC DEMONSTRATION ONLY - NOT HUMAN EXPERIMENT RESULTS,1071940,A,0,932.1437583186491,1.0,0,1,typing
SYNTHETIC DEMONSTRATION ONLY - NOT HUMAN EXPERIMENT RESULTS,1071960,A,0,932.195737100251,1.0,0,1,typing
SYNTHETIC DEMONSTRATION ONLY - NOT HUMAN EXPERIMENT RESULTS,1071980,A,0,932.2472583091632,1.0,0,1,typing
SYNTHETIC DEMONSTRATION ONLY - NOT HUMAN EXPERIMENT RESULTS,1072000,A,0,932.2983212131553,1.0,0,1,typing
SYNTHETIC DEMONSTRATION ONLY - NOT HUMAN EXPERIMENT RESULTS,1072020,A,0,932.3489250865105,1.0,0,1,typing
SYNTHETIC DEMONSTRATION ONLY - NOT HUMAN EXPERIMENT RESULTS,1072040,A,0,932.3990692100357,1.0,0,1,typing
SYNTHETIC DEMONSTRATION ONLY - NOT HUMAN EXPERIMENT RESULTS,1072060,A,0,932.4487528710719,1.0,0,1,typing
SYNTHETIC DEMONSTRATION ONLY - NOT HUMAN EXPERIMENT RESULTS,1072080,A,0,932.4979753635043,1.0,0,1,typing
SYNTHETIC DEMONSTRATION ONLY - NOT HUMAN EXPERIMENT RESULTS,1072100,A,0,932.5467359877724,1.0,0,1,typing
SYNTHETIC DEMONSTRATION ONLY - NOT HUMAN EXPERIMENT RESULTS,1072120,A,0,932.5950340508797,1.0,0,1,typing
SYNTHETIC DEMONSTRATION ONLY - NOT HUMAN EXPERIMENT RESULTS,1072140,A,0,932.6428688664039,1.0,0,1,typing
SYNTHETIC DEMONSTRATION ONLY - NOT HUMAN EXPERIMENT RESULTS,1072160,A,0,932.6902397545063,1.0,0,1,typing
SYNTHETIC DEMONSTRATION ONLY - NOT HUMAN EXPERIMENT RESULTS,1072180,A,0,932.7371460419417,1.0,0,1,typing
SYNTHETIC DEMONSTRATION ONLY - NOT HUMAN EXPERIMENT RESULTS,1072200,A,0,932.7835870620681,1.0,0,1,typing
SYNTHETIC DEMONSTRATION ONLY - NOT HUMAN EXPERIMENT RESULTS,1072220,A,0,932.8295621548558,1.0,0,1,typing
SYNTHETIC DEMONSTRATION ONLY - NOT HUMAN EXPERIMENT RESULTS,1072240,A,0,932.8750706668967,1.0,0,1,typing
SYNTHETIC DEMONSTRATION ONLY - NOT HUMAN EXPERIMENT RESULTS,1072260,A,0,932.9201119514144,1.0,0,1,typing
SYNTHETIC DEMONSTRATION ONLY - NOT HUMAN EXPERIMENT RESULTS,1072280,A,0,932.9646853682723,1.0,0,1,typing
SYNTHETIC DEMONSTRATION ONLY - NOT HUMAN EXPERIMENT RESULTS,1072300,A,0,933.0087902839837,1.0,0,1,typing
SYNTHETIC DEMONSTRATION ONLY - NOT HUMAN EXPERIMENT RESULTS,1072320,A,0,933.05242607172,1.0,0,1,typing
SYNTHETIC DEMONSTRATION ONLY - NOT HUMAN EXPERIMENT RESULTS,1072340,A,0,933.0955921113201,1.0,0,1,typing
SYNTHETIC DEMONSTRATION ONLY - NOT HUMAN EXPERIMENT RESULTS,1072360,A,0,933.138287789299,1.0,0,1,typing
SYNTHETIC DEMONSTRATION ONLY - NOT HUMAN EXPERIMENT RESULTS,1072380,A,0,933.1805124988567,1.0,0,1,typing
SYNTHETIC DEMONSTRATION ONLY - NOT HUMAN EXPERIMENT RESULTS,1072400,A,0,933.2222656398866,1.0,0,1,typing
SYNTHETIC DEMONSTRATION ONLY - NOT HUMAN EXPERIMENT RESULTS,1072420,A,0,933.263546618984,1.0,0,1,typing
SYNTHETIC DEMONSTRATION ONLY - NOT HUMAN EXPERIMENT RESULTS,1072440,A,0,933.304354849455,1.0,0,1,typing
SYNTHETIC DEMONSTRATION ONLY - NOT HUMAN EXPERIMENT RESULTS,1072460,A,0,933.3446897513242,1.0,0,1,typing
SYNTHETIC DEMONSTRATION ONLY - NOT HUMAN EXPERIMENT RESULTS,1072480,A,0,933.3845507513433,1.0,0,1,typing
SYNTHETIC DEMONSTRATION ONLY - NOT HUMAN EXPERIMENT RESULTS,1072500,A,0,933.4239372829994,1.0,0,1,typing
SYNTHETIC DEMONSTRATION ONLY - NOT HUMAN EXPERIMENT RESULTS,1072520,A,0,933.4628487865226,1.0,0,1,typing
SYNTHETIC DEMONSTRATION ONLY - NOT HUMAN EXPERIMENT RESULTS,1072540,A,0,933.5012847088944,1.0,0,1,typing
SYNTHETIC DEMONSTRATION ONLY - NOT HUMAN EXPERIMENT RESULTS,1072560,A,0,933.5392445038552,1.0,0,1,typing
SYNTHETIC DEMONSTRATION ONLY - NOT HUMAN EXPERIMENT RESULTS,1072580,A,0,933.5767276319124,1.0,0,1,typing
SYNTHETIC DEMONSTRATION ONLY - NOT HUMAN EXPERIMENT RESULTS,1072600,A,0,933.6137335603476,1.0,0,1,typing
SYNTHETIC DEMONSTRATION ONLY - NOT HUMAN EXPERIMENT RESULTS,1072620,A,0,933.6502617632248,1.0,0,1,typing
SYNTHETIC DEMONSTRATION ONLY - NOT HUMAN EXPERIMENT RESULTS,1072640,A,0,933.6863117213971,1.0,0,1,typing
SYNTHETIC DEMONSTRATION ONLY - NOT HUMAN EXPERIMENT RESULTS,1072660,A,0,933.7218829225152,1.0,0,1,typing
SYNTHETIC DEMONSTRATION ONLY - NOT HUMAN EXPERIMENT RESULTS,1072680,A,0,933.7569748610334,1.0,0,1,typing
SYNTHETIC DEMONSTRATION ONLY - NOT HUMAN EXPERIMENT RESULTS,1072700,A,0,933.7915870382175,1.0,0,1,typing
SYNTHETIC DEMONSTRATION ONLY - NOT HUMAN EXPERIMENT RESULTS,1072720,A,0,933.825718962152,1.0,0,1,typing
SYNTHETIC DEMONSTRATION ONLY - NOT HUMAN EXPERIMENT RESULTS,1072740,A,0,933.8593701477465,1.0,0,1,typing
SYNTHETIC DEMONSTRATION ONLY - NOT HUMAN EXPERIMENT RESULTS,1072760,A,0,933.8925401167435,1.0,0,1,typing
SYNTHETIC DEMONSTRATION ONLY - NOT HUMAN EXPERIMENT RESULTS,1072780,A,0,933.925228397724,1.0,0,1,typing
SYNTHETIC DEMONSTRATION ONLY - NOT HUMAN EXPERIMENT RESULTS,1072800,A,0,933.9574345261153,1.0,0,1,typing
SYNTHETIC DEMONSTRATION ONLY - NOT HUMAN EXPERIMENT RESULTS,1072820,A,0,933.9891580441971,1.0,0,1,typing
SYNTHETIC DEMONSTRATION ONLY - NOT HUMAN EXPERIMENT RESULTS,1072840,A,0,934.0203985011079,1.0,0,1,typing
SYNTHETIC DEMONSTRATION ONLY - NOT HUMAN EXPERIMENT RESULTS,1072860,A,0,934.0511554528516,1.0,0,1,typing
SYNTHETIC DEMONSTRATION ONLY - NOT HUMAN EXPERIMENT RESULTS,1072880,A,0,934.081428462304,1.0,0,1,typing
SYNTHETIC DEMONSTRATION ONLY - NOT HUMAN EXPERIMENT RESULTS,1072900,A,0,934.1112170992185,1.0,0,1,typing
SYNTHETIC DEMONSTRATION ONLY - NOT HUMAN EXPERIMENT RESULTS,1072920,A,0,934.1405209402326,1.0,0,1,typing
SYNTHETIC DEMONSTRATION ONLY - NOT HUMAN EXPERIMENT RESULTS,1072940,A,0,934.169339568874,1.0,0,1,typing
SYNTHETIC DEMONSTRATION ONLY - NOT HUMAN EXPERIMENT RESULTS,1072960,A,0,934.197672575566,1.0,0,1,typing
SYNTHETIC DEMONSTRATION ONLY - NOT HUMAN EXPERIMENT RESULTS,1072980,A,0,934.225519557634,1.0,0,1,typing
SYNTHETIC DEMONSTRATION ONLY - NOT HUMAN EXPERIMENT RESULTS,1073000,A,0,934.2528801193108,1.0,0,1,typing
SYNTHETIC DEMONSTRATION ONLY - NOT HUMAN EXPERIMENT RESULTS,1073020,A,0,934.2797538717421,1.0,0,1,typing
SYNTHETIC DEMONSTRATION ONLY - NOT HUMAN EXPERIMENT RESULTS,1073040,A,0,934.3061404329925,1.0,0,1,typing
SYNTHETIC DEMONSTRATION ONLY - NOT HUMAN EXPERIMENT RESULTS,1073060,A,0,934.3320394280505,1.0,0,1,typing
SYNTHETIC DEMONSTRATION ONLY - NOT HUMAN EXPERIMENT RESULTS,1073080,A,0,934.357450488834,1.0,0,1,typing
SYNTHETIC DEMONSTRATION ONLY - NOT HUMAN EXPERIMENT RESULTS,1073100,A,0,934.3823732541958,1.0,0,1,typing
SYNTHETIC DEMONSTRATION ONLY - NOT HUMAN EXPERIMENT RESULTS,1073120,A,0,934.4068073699281,1.0,0,1,typing
SYNTHETIC DEMONSTRATION ONLY - NOT HUMAN EXPERIMENT RESULTS,1073140,A,0,934.4307524887679,1.0,0,1,typing
SYNTHETIC DEMONSTRATION ONLY - NOT HUMAN EXPERIMENT RESULTS,1073160,A,0,934.4542082704022,1.0,0,1,typing
SYNTHETIC DEMONSTRATION ONLY - NOT HUMAN EXPERIMENT RESULTS,1073180,A,0,934.4771743814725,1.0,0,1,typing
SYNTHETIC DEMONSTRATION ONLY - NOT HUMAN EXPERIMENT RESULTS,1073200,A,0,934.4996504955794,1.0,0,1,typing
SYNTHETIC DEMONSTRATION ONLY - NOT HUMAN EXPERIMENT RESULTS,1073220,A,0,934.5216362932875,1.0,0,1,typing
SYNTHETIC DEMONSTRATION ONLY - NOT HUMAN EXPERIMENT RESULTS,1073240,A,0,934.5431314621302,1.0,0,1,typing
SYNTHETIC DEMONSTRATION ONLY - NOT HUMAN EXPERIMENT RESULTS,1073260,A,0,934.5641356966133,1.0,0,1,typing
SYNTHETIC DEMONSTRATION ONLY - NOT HUMAN EXPERIMENT RESULTS,1073280,A,0,934.5846486982203,1.0,0,1,typing
SYNTHETIC DEMONSTRATION ONLY - NOT HUMAN EXPERIMENT RESULTS,1073300,A,0,934.604670175416,1.0,0,1,typing
SYNTHETIC DEMONSTRATION ONLY - NOT HUMAN EXPERIMENT RESULTS,1073320,A,0,934.6241998436509,1.0,0,1,typing
SYNTHETIC DEMONSTRATION ONLY - NOT HUMAN EXPERIMENT RESULTS,1073340,A,0,934.6432374253652,1.0,0,1,typing
SYNTHETIC DEMONSTRATION ONLY - NOT HUMAN EXPERIMENT RESULTS,1073360,A,0,934.6617826499926,1.0,0,1,typing
SYNTHETIC DEMONSTRATION ONLY - NOT HUMAN EXPERIMENT RESULTS,1073380,A,0,934.6798352539646,1.0,0,1,typing
SYNTHETIC DEMONSTRATION ONLY - NOT HUMAN EXPERIMENT RESULTS,1073400,A,0,934.6973949807136,1.0,0,1,typing
SYNTHETIC DEMONSTRATION ONLY - NOT HUMAN EXPERIMENT RESULTS,1073420,A,0,934.714461580677,1.0,0,1,typing
SYNTHETIC DEMONSTRATION ONLY - NOT HUMAN EXPERIMENT RESULTS,1073440,A,0,934.7310348113008,1.0,0,1,typing
SYNTHETIC DEMONSTRATION ONLY - NOT HUMAN EXPERIMENT RESULTS,1073460,A,0,934.7471144370426,1.0,0,1,typing
SYNTHETIC DEMONSTRATION ONLY - NOT HUMAN EXPERIMENT RESULTS,1073480,A,0,934.7627002293752,1.0,0,1,typing
SYNTHETIC DEMONSTRATION ONLY - NOT HUMAN EXPERIMENT RESULTS,1073500,A,0,934.7777919667902,1.0,0,1,typing
SYNTHETIC DEMONSTRATION ONLY - NOT HUMAN EXPERIMENT RESULTS,1073520,A,0,934.7923894348005,1.0,0,1,typing
SYNTHETIC DEMONSTRATION ONLY - NOT HUMAN EXPERIMENT RESULTS,1073540,A,0,934.8064924259438,1.0,0,1,typing
SYNTHETIC DEMONSTRATION ONLY - NOT HUMAN EXPERIMENT RESULTS,1073560,A,0,934.8201007397854,1.0,0,1,typing
SYNTHETIC DEMONSTRATION ONLY - NOT HUMAN EXPERIMENT RESULTS,1073580,A,0,934.8332141829211,1.0,0,1,typing
SYNTHETIC DEMONSTRATION ONLY - NOT HUMAN EXPERIMENT RESULTS,1073600,A,0,934.8458325689796,1.0,0,1,typing
SYNTHETIC DEMONSTRATION ONLY - NOT HUMAN EXPERIMENT RESULTS,1073620,A,0,934.8579557186259,1.0,0,1,typing
SYNTHETIC DEMONSTRATION ONLY - NOT HUMAN EXPERIMENT RESULTS,1073640,A,0,934.8695834595632,1.0,0,1,typing
SYNTHETIC DEMONSTRATION ONLY - NOT HUMAN EXPERIMENT RESULTS,1073660,A,0,934.8807156265356,1.0,0,1,typing
SYNTHETIC DEMONSTRATION ONLY - NOT HUMAN EXPERIMENT RESULTS,1073680,A,0,934.8913520613302,1.0,0,1,typing
SYNTHETIC DEMONSTRATION ONLY - NOT HUMAN EXPERIMENT RESULTS,1073700,A,0,934.9014926127797,1.0,0,1,typing
SYNTHETIC DEMONSTRATION ONLY - NOT HUMAN EXPERIMENT RESULTS,1073720,A,0,934.9111371367648,1.0,0,1,typing
SYNTHETIC DEMONSTRATION ONLY - NOT HUMAN EXPERIMENT RESULTS,1073740,A,0,934.920285496215,1.0,0,1,typing
SYNTHETIC DEMONSTRATION ONLY - NOT HUMAN EXPERIMENT RESULTS,1073760,A,0,934.9289375611122,1.0,0,1,typing
SYNTHETIC DEMONSTRATION ONLY - NOT HUMAN EXPERIMENT RESULTS,1073780,A,0,934.9370932084912,1.0,0,1,typing
SYNTHETIC DEMONSTRATION ONLY - NOT HUMAN EXPERIMENT RESULTS,1073800,A,0,934.9447523224422,1.0,0,1,typing
SYNTHETIC DEMONSTRATION ONLY - NOT HUMAN EXPERIMENT RESULTS,1073820,A,0,934.9519147941124,1.0,0,1,typing
SYNTHETIC DEMONSTRATION ONLY - NOT HUMAN EXPERIMENT RESULTS,1073840,A,0,934.9585805217071,1.0,0,1,typing
SYNTHETIC DEMONSTRATION ONLY - NOT HUMAN EXPERIMENT RESULTS,1073860,A,0,934.9647494104915,1.0,0,1,typing
SYNTHETIC DEMONSTRATION ONLY - NOT HUMAN EXPERIMENT RESULTS,1073880,A,0,934.9704213727923,1.0,0,1,typing
SYNTHETIC DEMONSTRATION ONLY - NOT HUMAN EXPERIMENT RESULTS,1073900,A,0,934.9755963279981,1.0,0,1,typing
SYNTHETIC DEMONSTRATION ONLY - NOT HUMAN EXPERIMENT RESULTS,1073920,A,0,934.9802742025613,1.0,0,1,typing
SYNTHETIC DEMONSTRATION ONLY - NOT HUMAN EXPERIMENT RESULTS,1073940,A,0,934.9844549299992,1.0,0,1,typing
SYNTHETIC DEMONSTRATION ONLY - NOT HUMAN EXPERIMENT RESULTS,1073960,A,0,934.9881384508942,1.0,0,1,typing
SYNTHETIC DEMONSTRATION ONLY - NOT HUMAN EXPERIMENT RESULTS,1073980,A,0,934.9913247128954,1.0,0,1,typing
SYNTHETIC DEMONSTRATION ONLY - NOT HUMAN EXPERIMENT RESULTS,1074000,A,0,934.994013670719,1.0,0,1,typing
SYNTHETIC DEMONSTRATION ONLY - NOT HUMAN EXPERIMENT RESULTS,1074020,A,0,934.9962052861489,1.0,0,1,typing
SYNTHETIC DEMONSTRATION ONLY - NOT HUMAN EXPERIMENT RESULTS,1074040,A,0,934.9978995280374,1.0,0,1,typing
SYNTHETIC DEMONSTRATION ONLY - NOT HUMAN EXPERIMENT RESULTS,1074060,A,0,934.9990963723054,1.0,0,1,typing
SYNTHETIC DEMONSTRATION ONLY - NOT HUMAN EXPERIMENT RESULTS,1074080,A,0,934.9997958019434,1.0,0,1,typing
SYNTHETIC DEMONSTRATION ONLY - NOT HUMAN EXPERIMENT RESULTS,1074100,A,0,934.9999978070108,1.0,0,1,typing
SYNTHETIC DEMONSTRATION ONLY - NOT HUMAN EXPERIMENT RESULTS,1074120,A,0,934.9997023846367,1.0,0,1,typing
SYNTHETIC DEMONSTRATION ONLY - NOT HUMAN EXPERIMENT RESULTS,1074140,A,0,934.9989095390197,1.0,0,1,typing
SYNTHETIC DEMONSTRATION ONLY - NOT HUMAN EXPERIMENT RESULTS,1074160,A,0,934.9976192814279,1.0,0,1,typing
SYNTHETIC DEMONSTRATION ONLY - NOT HUMAN EXPERIMENT RESULTS,1074180,A,0,934.9958316301986,1.0,0,1,typing
SYNTHETIC DEMONSTRATION ONLY - NOT HUMAN EXPERIMENT RESULTS,1074200,A,0,934.9935466107385,1.0,0,1,typing
SYNTHETIC DEMONSTRATION ONLY - NOT HUMAN EXPERIMENT RESULTS,1074220,A,0,934.9907642555225,1.0,0,1,typing
SYNTHETIC DEMONSTRATION ONLY - NOT HUMAN EXPERIMENT RESULTS,1074240,A,0,934.9874846040943,1.0,0,1,typing
SYNTHETIC DEMONSTRATION ONLY - NOT HUMAN EXPERIMENT RESULTS,1074260,A,0,934.983707703065,1.0,0,1,typing
SYNTHETIC DEMONSTRATION ONLY - NOT HUMAN EXPERIMENT RESULTS,1074280,A,0,934.9794336061125,1.0,0,1,typing
SYNTHETIC DEMONSTRATION ONLY - NOT HUMAN EXPERIMENT RESULTS,1074300,A,0,934.9746623739812,1.0,0,1,typing
SYNTHETIC DEMONSTRATION ONLY - NOT HUMAN EXPERIMENT RESULTS,1074320,A,0,934.9693940744811,1.0,0,1,typing
SYNTHETIC DEMONSTRATION ONLY - NOT HUMAN EXPERIMENT RESULTS,1074340,A,0,934.9636287824862,1.0,0,1,typing
SYNTHETIC DEMONSTRATION ONLY - NOT HUMAN EXPERIMENT RESULTS,1074360,A,0,934.9573665799342,1.0,0,1,typing
SYNTHETIC DEMONSTRATION ONLY - NOT HUMAN EXPERIMENT RESULTS,1074380,A,0,934.9506075558246,1.0,0,1,typing
SYNTHETIC DEMONSTRATION ONLY - NOT HUMAN EXPERIMENT RESULTS,1074400,A,0,934.9433518062185,1.0,0,1,typing
SYNTHETIC DEMONSTRATION ONLY - NOT HUMAN EXPERIMENT RESULTS,1074420,A,0,934.9355994342358,1.0,0,1,typing
SYNTHETIC DEMONSTRATION ONLY - NOT HUMAN EXPERIMENT RESULTS,1074440,A,0,934.927350550055,1.0,0,1,typing
SYNTHETIC DEMONSTRATION ONLY - NOT HUMAN EXPERIMENT RESULTS,1074460,A,0,934.9186052709111,1.0,0,1,typing
SYNTHETIC DEMONSTRATION ONLY - NOT HUMAN EXPERIMENT RESULTS,1074480,A,0,934.9093637210938,1.0,0,1,typing
SYNTHETIC DEMONSTRATION ONLY - NOT HUMAN EXPERIMENT RESULTS,1074500,A,0,934.8996260319459,1.0,0,1,typing
SYNTHETIC DEMONSTRATION ONLY - NOT HUMAN EXPERIMENT RESULTS,1074520,A,0,934.8893923418616,1.0,0,1,typing
SYNTHETIC DEMONSTRATION ONLY - NOT HUMAN EXPERIMENT RESULTS,1074540,A,0,934.8786627962842,1.0,0,1,typing
SYNTHETIC DEMONSTRATION ONLY - NOT HUMAN EXPERIMENT RESULTS,1074560,A,0,934.8674375477044,1.0,0,1,typing
SYNTHETIC DEMONSTRATION ONLY - NOT HUMAN EXPERIMENT RESULTS,1074580,A,0,934.8557167556578,1.0,0,1,typing
SYNTHETIC DEMONSTRATION ONLY - NOT HUMAN EXPERIMENT RESULTS,1074600,A,0,934.8435005867228,1.0,0,1,typing
SYNTHETIC DEMONSTRATION ONLY - NOT HUMAN EXPERIMENT RESULTS,1074620,A,0,934.8307892145182,1.0,0,1,typing
SYNTHETIC DEMONSTRATION ONLY - NOT HUMAN EXPERIMENT RESULTS,1074640,A,0,934.8175828197006,1.0,0,1,typing
SYNTHETIC DEMONSTRATION ONLY - NOT HUMAN EXPERIMENT RESULTS,1074660,A,0,934.8038815899624,1.0,0,1,typing
SYNTHETIC DEMONSTRATION ONLY - NOT HUMAN EXPERIMENT RESULTS,1074680,A,0,934.7896857200282,1.0,0,1,typing
SYNTHETIC DEMONSTRATION ONLY - NOT HUMAN EXPERIMENT RESULTS,1074700,A,0,934.7749954116528,1.0,0,1,typing
SYNTHETIC DEMONSTRATION ONLY - NOT HUMAN EXPERIMENT RESULTS,1074720,A,0,934.7598108736178,1.0,0,1,typing
SYNTHETIC DEMONSTRATION ONLY - NOT HUMAN EXPERIMENT RESULTS,1074740,A,0,934.7441323217294,1.0,0,1,typing
SYNTHETIC DEMONSTRATION ONLY - NOT HUMAN EXPERIMENT RESULTS,1074760,A,0,934.7279599788143,1.0,0,1,typing
SYNTHETIC DEMONSTRATION ONLY - NOT HUMAN EXPERIMENT RESULTS,1074780,A,0,934.7112940747174,1.0,0,1,typing
SYNTHETIC DEMONSTRATION ONLY - NOT HUMAN EXPERIMENT RESULTS,1074800,A,0,934.6941348462981,1.0,0,1,typing
SYNTHETIC DEMONSTRATION ONLY - NOT HUMAN EXPERIMENT RESULTS,1074820,A,0,934.676482537427,1.0,0,1,typing
SYNTHETIC DEMONSTRATION ONLY - NOT HUMAN EXPERIMENT RESULTS,1074840,A,0,934.6583373989824,1.0,0,1,typing
SYNTHETIC DEMONSTRATION ONLY - NOT HUMAN EXPERIMENT RESULTS,1074860,A,0,934.639699688847,1.0,0,1,typing
SYNTHETIC DEMONSTRATION ONLY - NOT HUMAN EXPERIMENT RESULTS,1074880,A,0,934.6205696719038,1.0,0,1,typing
SYNTHETIC DEMONSTRATION ONLY - NOT HUMAN EXPERIMENT RESULTS,1074900,A,0,934.6009476200328,1.0,0,1,typing
SYNTHETIC DEMONSTRATION ONLY - NOT HUMAN EXPERIMENT RESULTS,1074920,A,0,934.5808338121068,1.0,0,1,typing
SYNTHETIC DEMONSTRATION ONLY - NOT HUMAN EXPERIMENT RESULTS,1074940,A,0,934.5602285339874,1.0,0,1,typing
SYNTHETIC DEMONSTRATION ONLY - NOT HUMAN EXPERIMENT RESULTS,1074960,A,0,934.5391320785212,1.0,0,1,typing
SYNTHETIC DEMONSTRATION ONLY - NOT HUMAN EXPERIMENT RESULTS,1074980,A,0,934.5175447455357,1.0,0,1,typing
SYNTHETIC DEMONSTRATION ONLY - NOT HUMAN EXPERIMENT RESULTS,1075000,A,0,934.4954668418346,1.0,0,1,typing
SYNTHETIC DEMONSTRATION ONLY - NOT HUMAN EXPERIMENT RESULTS,1075020,A,0,934.4728986811938,1.0,0,1,typing
SYNTHETIC DEMONSTRATION ONLY - NOT HUMAN EXPERIMENT RESULTS,1075040,A,0,934.4498405843568,1.0,0,1,typing
SYNTHETIC DEMONSTRATION ONLY - NOT HUMAN EXPERIMENT RESULTS,1075060,A,0,934.4262928790301,1.0,0,1,typing
SYNTHETIC DEMONSTRATION ONLY - NOT HUMAN EXPERIMENT RESULTS,1075080,A,0,934.4022558998789,1.0,0,1,typing
SYNTHETIC DEMONSTRATION ONLY - NOT HUMAN EXPERIMENT RESULTS,1075100,A,0,934.3777299885218,1.0,0,1,typing
SYNTHETIC DEMONSTRATION ONLY - NOT HUMAN EXPERIMENT RESULTS,1075120,A,0,934.3527154935263,1.0,0,1,typing
SYNTHETIC DEMONSTRATION ONLY - NOT HUMAN EXPERIMENT RESULTS,1075140,A,0,934.3272127704035,1.0,0,1,typing
SYNTHETIC DEMONSTRATION ONLY - NOT HUMAN EXPERIMENT RESULTS,1075160,A,0,934.301222181604,1.0,0,1,typing
SYNTHETIC DEMONSTRATION ONLY - NOT HUMAN EXPERIMENT RESULTS,1075180,A,0,934.2747440965113,1.0,0,1,typing
SYNTHETIC DEMONSTRATION ONLY - NOT HUMAN EXPERIMENT RESULTS,1075200,A,0,934.2477788914376,1.0,0,1,typing
SYNTHETIC DEMONSTRATION ONLY - NOT HUMAN EXPERIMENT RESULTS,1075220,A,0,934.2203269496183,1.0,0,1,typing
SYNTHETIC DEMONSTRATION ONLY - NOT HUMAN EXPERIMENT RESULTS,1075240,A,0,934.1923886612061,1.0,0,1,typing
SYNTHETIC DEMONSTRATION ONLY - NOT HUMAN EXPERIMENT RESULTS,1075260,A,0,934.1639644232661,1.0,0,1,typing
SYNTHETIC DEMONSTRATION ONLY - NOT HUMAN EXPERIMENT RESULTS,1075280,A,0,934.1350546397694,1.0,0,1,typing
SYNTHETIC DEMONSTRATION ONLY - NOT HUMAN EXPERIMENT RESULTS,1075300,A,0,934.1056597215882,1.0,0,1,typing
SYNTHETIC DEMONSTRATION ONLY - NOT HUMAN EXPERIMENT RESULTS,1075320,A,0,934.0757800864893,1.0,0,1,typing
SYNTHETIC DEMONSTRATION ONLY - NOT HUMAN EXPERIMENT RESULTS,1075340,A,0,934.0454161591284,1.0,0,1,typing
SYNTHETIC DEMONSTRATION ONLY - NOT HUMAN EXPERIMENT RESULTS,1075360,A,0,934.0145683710442,1.0,0,1,typing
SYNTHETIC DEMONSTRATION ONLY - NOT HUMAN EXPERIMENT RESULTS,1075380,A,0,933.9832371606522,1.0,0,1,typing
SYNTHETIC DEMONSTRATION ONLY - NOT HUMAN EXPERIMENT RESULTS,1075400,A,0,933.9514229732378,1.0,0,1,typing
SYNTHETIC DEMONSTRATION ONLY - NOT HUMAN EXPERIMENT RESULTS,1075420,A,0,933.9191262609514,1.0,0,1,typing
SYNTHETIC DEMONSTRATION ONLY - NOT HUMAN EXPERIMENT RESULTS,1075440,A,0,933.8863474828007,1.0,0,1,typing
SYNTHETIC DEMONSTRATION ONLY - NOT HUMAN EXPERIMENT RESULTS,1075460,A,0,933.8530871046446,1.0,0,1,typing
SYNTHETIC DEMONSTRATION ONLY - NOT HUMAN EXPERIMENT RESULTS,1075480,A,0,933.8193455991868,1.0,0,1,typing
SYNTHETIC DEMONSTRATION ONLY - NOT HUMAN EXPERIMENT RESULTS,1075500,A,0,933.7851234459687,1.0,0,1,typing
SYNTHETIC DEMONSTRATION ONLY - NOT HUMAN EXPERIMENT RESULTS,1075520,A,0,933.7504211313629,1.0,0,1,typing
SYNTHETIC DEMONSTRATION ONLY - NOT HUMAN EXPERIMENT RESULTS,1075540,A,0,933.7152391485661,1.0,0,1,typing
SYNTHETIC DEMONSTRATION ONLY - NOT HUMAN EXPERIMENT RESULTS,1075560,A,0,933.6795779975921,1.0,0,1,typing
SYNTHETIC DEMONSTRATION ONLY - NOT HUMAN EXPERIMENT RESULTS,1075580,A,0,933.6434381852649,1.0,0,1,typing
SYNTHETIC DEMONSTRATION ONLY - NOT HUMAN EXPERIMENT RESULTS,1075600,A,0,933.6068202252111,1.0,0,1,typing
SYNTHETIC DEMONSTRATION ONLY - NOT HUMAN EXPERIMENT RESULTS,1075620,A,0,933.5697246378531,1.0,0,1,typing
SYNTHETIC DEMONSTRATION ONLY - NOT HUMAN EXPERIMENT RESULTS,1075640,A,0,933.5321519504012,1.0,0,1,typing
SYNTHETIC DEMONSTRATION ONLY - NOT HUMAN EXPERIMENT RESULTS,1075660,A,0,933.4941026968464,1.0,0,1,typing
SYNTHETIC DEMONSTRATION ONLY - NOT HUMAN EXPERIMENT RESULTS,1075680,A,0,933.455577417953,1.0,0,1,typing
SYNTHETIC DEMONSTRATION ONLY - NOT HUMAN EXPERIMENT RESULTS,1075700,A,0,933.4165766612504,1.0,0,1,typing
SYNTHETIC DEMONSTRATION ONLY - NOT HUMAN EXPERIMENT RESULTS,1075720,A,0,933.3771009810256,1.0,0,1,typing
SYNTHETIC DEMONSTRATION ONLY - NOT HUMAN EXPERIMENT RESULTS,1075740,A,0,933.3371509383155,1.0,0,1,typing
SYNTHETIC DEMONSTRATION ONLY - NOT HUMAN EXPERIMENT RESULTS,1075760,A,0,933.2967271008987,1.0,0,1,typing
SYNTHETIC DEMONSTRATION ONLY - NOT HUMAN EXPERIMENT RESULTS,1075780,A,0,933.2558300432872,1.0,0,1,typing
SYNTHETIC DEMONSTRATION ONLY - NOT HUMAN EXPERIMENT RESULTS,1075800,A,0,933.2144603467189,1.0,0,1,typing
SYNTHETIC DEMONSTRATION ONLY - NOT HUMAN EXPERIMENT RESULTS,1075820,A,0,933.1726185991486,1.0,0,1,typing
SYNTHETIC DEMONSTRATION ONLY - NOT HUMAN EXPERIMENT RESULTS,1075840,A,0,933.1303053952403,1.0,0,1,typing
SYNTHETIC DEMONSTRATION ONLY - NOT HUMAN EXPERIMENT RESULTS,1075860,A,0,933.0875213363582,1.0,0,1,typing
SYNTHETIC DEMONSTRATION ONLY - NOT HUMAN EXPERIMENT RESULTS,1075880,A,0,933.0442670305586,1.0,0,1,typing
SYNTHETIC DEMONSTRATION ONLY - NOT HUMAN EXPERIMENT RESULTS,1075900,A,0,933.0005430925808,1.0,0,1,typing
SYNTHETIC DEMONSTRATION ONLY - NOT HUMAN EXPERIMENT RESULTS,1075920,A,0,932.9563501438387,1.0,0,1,typing
SYNTHETIC DEMONSTRATION ONLY - NOT HUMAN EXPERIMENT RESULTS,1075940,A,0,932.911688812412,1.0,0,1,typing
SYNTHETIC DEMONSTRATION ONLY - NOT HUMAN EXPERIMENT RESULTS,1075960,A,0,932.8665597330371,1.0,0,1,typing
SYNTHETIC DEMONSTRATION ONLY - NOT HUMAN EXPERIMENT RESULTS,1075980,A,0,932.8209635470981,1.0,0,1,typing
SYNTHETIC DEMONSTRATION ONLY - NOT HUMAN EXPERIMENT RESULTS,1076000,A,0,932.7749009026178,1.0,0,1,typing
SYNTHETIC DEMONSTRATION ONLY - NOT HUMAN EXPERIMENT RESULTS,1076020,A,0,932.7283724542482,1.0,0,1,typing
SYNTHETIC DEMONSTRATION ONLY - NOT HUMAN EXPERIMENT RESULTS,1076040,A,0,932.6813788632616,1.0,0,1,typing
SYNTHETIC DEMONSTRATION ONLY - NOT HUMAN EXPERIMENT RESULTS,1076060,A,0,932.6339207975409,1.0,0,1,typing
SYNTHETIC DEMONSTRATION ONLY - NOT HUMAN EXPERIMENT RESULTS,1076080,A,0,932.5859989315703,1.0,0,1,typing
SYNTHETIC DEMONSTRATION ONLY - NOT HUMAN EXPERIMENT RESULTS,1076100,A,0,932.5376139464256,1.0,0,1,typing
SYNTHETIC DEMONSTRATION ONLY - NOT HUMAN EXPERIMENT RESULTS,1076120,A,0,932.4887665297647,1.0,0,1,typing
SYNTHETIC DEMONSTRATION ONLY - NOT HUMAN EXPERIMENT RESULTS,1076140,A,0,932.4394573758173,1.0,0,1,typing
SYNTHETIC DEMONSTRATION ONLY - NOT HUMAN EXPERIMENT RESULTS,1076160,A,0,932.3896871853756,1.0,0,1,typing
SYNTHETIC DEMONSTRATION ONLY - NOT HUMAN EXPERIMENT RESULTS,1076180,A,0,932.3394566657842,1.0,0,1,typing
SYNTHETIC DEMONSTRATION ONLY - NOT HUMAN EXPERIMENT RESULTS,1076200,A,0,932.2887665309302,1.0,0,1,typing
SYNTHETIC DEMONSTRATION ONLY - NOT HUMAN EXPERIMENT RESULTS,1076220,A,0,932.2376175012323,1.0,0,1,typing
SYNTHETIC DEMONSTRATION ONLY - NOT HUMAN EXPERIMENT RESULTS,1076240,A,0,932.1860103036315,1.0,0,1,typing
SYNTHETIC DEMONSTRATION ONLY - NOT HUMAN EXPERIMENT RESULTS,1076260,A,0,932.1339456715805,1.0,0,1,typing
SYNTHETIC DEMONSTRATION ONLY - NOT HUMAN EXPERIMENT RESULTS,1076280,A,0,932.0814243450329,1.0,0,1,typing
SYNTHETIC DEMONSTRATION ONLY - NOT HUMAN EXPERIMENT RESULTS,1076300,A,0,932.0284470704329,1.0,0,1,typing
SYNTHETIC DEMONSTRATION ONLY - NOT HUMAN EXPERIMENT RESULTS,1076320,A,0,931.9750146007049,1.0,0,1,typing
SYNTHETIC DEMONSTRATION ONLY - NOT HUMAN EXPERIMENT RESULTS,1076340,A,0,931.9211276952425,1.0,0,1,typing
SYNTHETIC DEMONSTRATION ONLY - NOT HUMAN EXPERIMENT RESULTS,1076360,A,0,931.866787119898,1.0,0,1,typing
SYNTHETIC DEMONSTRATION ONLY - NOT HUMAN EXPERIMENT RESULTS,1076380,A,0,931.8119936469712,1.0,0,1,typing
SYNTHETIC DEMONSTRATION ONLY - NOT HUMAN EXPERIMENT RESULTS,1076400,A,0,931.7567480551987,1.0,0,1,typing
SYNTHETIC DEMONSTRATION ONLY - NOT HUMAN EXPERIMENT RESULTS,1076420,A,0,931.7010511297426,1.0,0,1,typing
SYNTHETIC DEMONSTRATION ONLY - NOT HUMAN EXPERIMENT RESULTS,1076440,A,0,931.6449036621796,1.0,0,1,typing
SYNTHETIC DEMONSTRATION ONLY - NOT HUMAN EXPERIMENT RESULTS,1076460,A,0,931.5883064504892,1.0,0,1,typing
SYNTHETIC DEMONSTRATION ONLY - NOT HUMAN EXPERIMENT RESULTS,1076480,A,0,931.5312602990434,1.0,0,1,typing
SYNTHETIC DEMONSTRATION ONLY - NOT HUMAN EXPERIMENT RESULTS,1076500,A,0,931.4737660185941,1.0,0,1,typing
SYNTHETIC DEMONSTRATION ONLY - NOT HUMAN EXPERIMENT RESULTS,1076520,A,0,931.4158244262624,1.0,0,1,typing
SYNTHETIC DEMONSTRATION ONLY - NOT HUMAN EXPERIMENT RESULTS,1076540,A,0,931.3574363455264,1.0,0,1,typing
SYNTHETIC DEMONSTRATION ONLY - NOT HUMAN EXPERIMENT RESULTS,1076560,A,0,931.2986026062101,1.0,0,1,typing
SYNTHETIC DEMONSTRATION ONLY - NOT HUMAN EXPERIMENT RESULTS,1076580,A,0,931.2393240444711,1.0,0,1,typing
SYNTHETIC DEMONSTRATION ONLY - NOT HUMAN EXPERIMENT RESULTS,1076600,A,0,931.1796015027891,1.0,0,1,typing
SYNTHETIC DEMONSTRATION ONLY - NOT HUMAN EXPERIMENT RESULTS,1076620,A,0,931.1194358299535,1.0,0,1,typing
SYNTHETIC DEMONSTRATION ONLY - NOT HUMAN EXPERIMENT RESULTS,1076640,A,0,931.0588278810518,1.0,0,1,typing
SYNTHETIC DEMONSTRATION ONLY - NOT HUMAN EXPERIMENT RESULTS,1076660,A,0,930.9977785174569,1.0,0,1,typing
SYNTHETIC DEMONSTRATION ONLY - NOT HUMAN EXPERIMENT RESULTS,1076680,A,0,930.9362886068155,1.0,0,1,typing
SYNTHETIC DEMONSTRATION ONLY - NOT HUMAN EXPERIMENT RESULTS,1076700,A,0,930.8743590230355,1.0,0,1,typing
SYNTHETIC DEMONSTRATION ONLY - NOT HUMAN EXPERIMENT RESULTS,1076720,A,0,930.8119906462732,1.0,0,1,typing
SYNTHETIC DEMONSTRATION ONLY - NOT HUMAN EXPERIMENT RESULTS,1076740,A,0,930.7491843629213,1.0,0,1,typing
SYNTHETIC DEMONSTRATION ONLY - NOT HUMAN EXPERIMENT RESULTS,1076760,A,0,930.685941065596,1.0,0,1,typing
SYNTHETIC DEMONSTRATION ONLY - NOT HUMAN EXPERIMENT RESULTS,1076780,A,0,930.6222616531248,1.0,0,1,typing
SYNTHETIC DEMONSTRATION ONLY - NOT HUMAN EXPERIMENT RESULTS,1076800,A,0,930.558147030533,1.0,0,1,typing
SYNTHETIC DEMONSTRATION ONLY - NOT HUMAN EXPERIMENT RESULTS,1076820,A,0,930.4935981090312,1.0,0,1,typing
SYNTHETIC DEMONSTRATION ONLY - NOT HUMAN EXPERIMENT RESULTS,1076840,A,0,930.4286158060025,1.0,0,1,typing
SYNTHETIC DEMONSTRATION ONLY - NOT HUMAN EXPERIMENT RESULTS,1076860,A,0,930.3632010449894,1.0,0,1,typing
SYNTHETIC DEMONSTRATION ONLY - NOT HUMAN EXPERIMENT RESULTS,1076880,A,0,930.2973547556802,1.0,0,1,typing
SYNTHETIC DEMONSTRATION ONLY - NOT HUMAN EXPERIMENT RESULTS,1076900,A,0,930.2310778738967,1.0,0,1,typing
SYNTHETIC DEMONSTRATION ONLY - NOT HUMAN EXPERIMENT RESULTS,1076920,A,0,930.1643713415799,1.0,0,1,typing
SYNTHETIC DEMONSTRATION ONLY - NOT HUMAN EXPERIMENT RESULTS,1076940,A,0,930.0972361067774,1.0,0,1,typing
SYNTHETIC DEMONSTRATION ONLY - NOT HUMAN EXPERIMENT RESULTS,1076960,A,0,930.0296731236293,1.0,0,1,typing
SYNTHETIC DEMONSTRATION ONLY - NOT HUMAN EXPERIMENT RESULTS,1076980,A,0,929.9616833523553,1.0,0,1,typing
SYNTHETIC DEMONSTRATION ONLY - NOT HUMAN EXPERIMENT RESULTS,1077000,A,0,929.8932677592406,1.0,0,1,typing
SYNTHETIC DEMONSTRATION ONLY - NOT HUMAN EXPERIMENT RESULTS,1077020,A,0,929.8244273166222,1.0,0,1,typing
SYNTHETIC DEMONSTRATION ONLY - NOT HUMAN EXPERIMENT RESULTS,1077040,A,0,929.755163002875,1.0,0,1,typing
SYNTHETIC DEMONSTRATION ONLY - NOT HUMAN EXPERIMENT RESULTS,1077060,A,0,929.6854758023983,1.0,0,1,typing
SYNTHETIC DEMONSTRATION ONLY - NOT HUMAN EXPERIMENT RESULTS,1077080,A,0,929.6153667056014,1.0,0,1,typing
SYNTHETIC DEMONSTRATION ONLY - NOT HUMAN EXPERIMENT RESULTS,1077100,A,0,929.54483670889,1.0,0,1,typing
SYNTHETIC DEMONSTRATION ONLY - NOT HUMAN EXPERIMENT RESULTS,1077120,A,0,929.4738868146513,1.0,0,1,typing
SYNTHETIC DEMONSTRATION ONLY - NOT HUMAN EXPERIMENT RESULTS,1077140,A,0,929.4025180312403,1.0,0,1,typing
SYNTHETIC DEMONSTRATION ONLY - NOT HUMAN EXPERIMENT RESULTS,1077160,A,0,929.3307313729656,1.0,0,1,typing
SYNTHETIC DEMONSTRATION ONLY - NOT HUMAN EXPERIMENT RESULTS,1077180,A,0,929.2585278600742,1.0,0,1,typing
SYNTHETIC DEMONSTRATION ONLY - NOT HUMAN EXPERIMENT RESULTS,1077200,A,0,929.1859085187381,1.0,0,1,typing
SYNTHETIC DEMONSTRATION ONLY - NOT HUMAN EXPERIMENT RESULTS,1077220,A,0,929.1128743810388,1.0,0,1,typing
SYNTHETIC DEMONSTRATION ONLY - NOT HUMAN EXPERIMENT RESULTS,1077240,A,0,929.0394264849529,1.0,0,1,typing
SYNTHETIC DEMONSTRATION ONLY - NOT HUMAN EXPERIMENT RESULTS,1077260,A,0,928.9655658743377,1.0,0,1,typing
SYNTHETIC DEMONSTRATION ONLY - NOT HUMAN EXPERIMENT RESULTS,1077280,A,0,928.8912935989161,1.0,0,1,typing
SYNTHETIC DEMONSTRATION ONLY - NOT HUMAN EXPERIMENT RESULTS,1077300,A,0,928.8166107142615,1.0,0,1,typing
SYNTHETIC DEMONSTRATION ONLY - NOT HUMAN EXPERIMENT RESULTS,1077320,A,0,928.7415182817828,1.0,0,1,typing
SYNTHETIC DEMONSTRATION ONLY - NOT HUMAN EXPERIMENT RESULTS,1077340,A,0,928.6660173687098,1.0,0,1,typing
SYNTHETIC DEMONSTRATION ONLY - NOT HUMAN EXPERIMENT RESULTS,1077360,A,0,928.5901090480778,1.0,0,1,typing
SYNTHETIC DEMONSTRATION ONLY - NOT HUMAN EXPERIMENT RESULTS,1077380,A,0,928.5137943987118,1.0,0,1,typing
SYNTHETIC DEMONSTRATION ONLY - NOT HUMAN EXPERIMENT RESULTS,1077400,A,0,928.4370745052117,1.0,0,1,typing
SYNTHETIC DEMONSTRATION ONLY - NOT HUMAN EXPERIMENT RESULTS,1077420,A,0,928.3599504579375,1.0,0,1,typing
SYNTHETIC DEMONSTRATION ONLY - NOT HUMAN EXPERIMENT RESULTS,1077440,A,0,928.2824233529925,1.0,0,1,typing
SYNTHETIC DEMONSTRATION ONLY - NOT HUMAN EXPERIMENT RESULTS,1077460,A,0,928.2044942922081,1.0,0,1,typing
SYNTHETIC DEMONSTRATION ONLY - NOT HUMAN EXPERIMENT RESULTS,1077480,A,0,928.1261643831292,1.0,0,1,typing
SYNTHETIC DEMONSTRATION ONLY - NOT HUMAN EXPERIMENT RESULTS,1077500,A,0,928.0474347389969,1.0,0,1,typing
SYNTHETIC DEMONSTRATION ONLY - NOT HUMAN EXPERIMENT RESULTS,1077520,A,0,927.9683064787339,1.0,0,1,typing
SYNTHETIC DEMONSTRATION ONLY - NOT HUMAN EXPERIMENT RESULTS,1077540,A,0,927.8887807269277,1.0,0,1,typing
SYNTHETIC DEMONSTRATION ONLY - NOT HUMAN EXPERIMENT RESULTS,1077560,A,0,927.8088586138156,1.0,0,1,typing
SYNTHETIC DEMONSTRATION ONLY - NOT HUMAN EXPERIMENT RESULTS,1077580,A,0,927.7285412752674,1.0,0,1,typing
SYNTHETIC DEMONSTRATION ONLY - NOT HUMAN EXPERIMENT RESULTS,1077600,A,0,927.6478298527704,1.0,0,1,typing
SYNTHETIC DEMONSTRATION ONLY - NOT HUMAN EXPERIMENT RESULTS,1077620,A,0,927.5667254934126,1.0,0,1,typing
SYNTHETIC DEMONSTRATION ONLY - NOT HUMAN EXPERIMENT RESULTS,1077640,A,0,927.4852293498666,1.0,0,1,typing
SYNTHETIC DEMONSTRATION ONLY - NOT HUMAN EXPERIMENT RESULTS,1077660,A,0,927.4033425803726,1.0,0,1,typing
SYNTHETIC DEMONSTRATION ONLY - NOT HUMAN EXPERIMENT RESULTS,1077680,A,0,927.3210663487232,1.0,0,1,typing
SYNTHETIC DEMONSTRATION ONLY - NOT HUMAN EXPERIMENT RESULTS,1077700,A,0,927.2384018242457,1.0,0,1,typing
SYNTHETIC DEMONSTRATION ONLY - NOT HUMAN EXPERIMENT RESULTS,1077720,A,0,927.1553501817859,1.0,0,1,typing
SYNTHETIC DEMONSTRATION ONLY - NOT HUMAN EXPERIMENT RESULTS,1077740,A,0,927.0719126016915,1.0,0,1,typing
SYNTHETIC DEMONSTRATION ONLY - NOT HUMAN EXPERIMENT RESULTS,1077760,A,0,926.9880902697952,1.0,0,1,typing
SYNTHETIC DEMONSTRATION ONLY - NOT HUMAN EXPERIMENT RESULTS,1077780,A,0,926.9038843773978,1.0,0,1,typing
SYNTHETIC DEMONSTRATION ONLY - NOT HUMAN EXPERIMENT RESULTS,1077800,A,0,926.8192961212517,1.0,0,1,typing
SYNTHETIC DEMONSTRATION ONLY - NOT HUMAN EXPERIMENT RESULTS,1077820,A,0,926.7343267035429,1.0,0,1,typing
SYNTHETIC DEMONSTRATION ONLY - NOT HUMAN EXPERIMENT RESULTS,1077840,A,0,926.6489773318751,1.0,0,1,typing
SYNTHETIC DEMONSTRATION ONLY - NOT HUMAN EXPERIMENT RESULTS,1077860,A,0,926.5632492192518,1.0,0,1,typing
SYNTHETIC DEMONSTRATION ONLY - NOT HUMAN EXPERIMENT RESULTS,1077880,A,0,926.4771435840593,1.0,0,1,typing
SYNTHETIC DEMONSTRATION ONLY - NOT HUMAN EXPERIMENT RESULTS,1077900,A,0,926.390661650049,1.0,0,1,typing
SYNTHETIC DEMONSTRATION ONLY - NOT HUMAN EXPERIMENT RESULTS,1077920,A,0,926.3038046463208,1.0,0,1,typing
SYNTHETIC DEMONSTRATION ONLY - NOT HUMAN EXPERIMENT RESULTS,1077940,A,0,926.216573807305,1.0,0,1,typing
SYNTHETIC DEMONSTRATION ONLY - NOT HUMAN EXPERIMENT RESULTS,1077960,A,0,926.1289703727449,1.0,0,1,typing
SYNTHETIC DEMONSTRATION ONLY - NOT HUMAN EXPERIMENT RESULTS,1077980,A,0,926.0409955876792,1.0,0,1,typing
SYNTHETIC DEMONSTRATION ONLY - NOT HUMAN EXPERIMENT RESULTS,1078000,A,0,925.9526507024243,1.0,0,1,typing
SYNTHETIC DEMONSTRATION ONLY - NOT HUMAN EXPERIMENT RESULTS,1078020,A,0,925.8639369725566,1.0,0,1,typing
SYNTHETIC DEMONSTRATION ONLY - NOT HUMAN EXPERIMENT RESULTS,1078040,A,0,925.7748556588945,1.0,0,1,typing
SYNTHETIC DEMONSTRATION ONLY - NOT HUMAN EXPERIMENT RESULTS,1078060,A,0,925.6854080274808,1.0,0,1,typing
SYNTHETIC DEMONSTRATION ONLY - NOT HUMAN EXPERIMENT RESULTS,1078080,A,0,925.5955953495642,1.0,0,1,typing
SYNTHETIC DEMONSTRATION ONLY - NOT HUMAN EXPERIMENT RESULTS,1078100,A,0,925.5054189015816,1.0,0,1,typing
SYNTHETIC DEMONSTRATION ONLY - NOT HUMAN EXPERIMENT RESULTS,1078120,A,0,925.4148799651401,1.0,0,1,typing
SYNTHETIC DEMONSTRATION ONLY - NOT HUMAN EXPERIMENT RESULTS,1078140,A,0,925.3239798269984,1.0,0,1,typing
SYNTHETIC DEMONSTRATION ONLY - NOT HUMAN EXPERIMENT RESULTS,1078160,A,0,925.2327197790486,1.0,0,1,typing
SYNTHETIC DEMONSTRATION ONLY - NOT HUMAN EXPERIMENT RESULTS,1078180,A,0,925.1411011182978,1.0,0,1,typing
SYNTHETIC DEMONSTRATION ONLY - NOT HUMAN EXPERIMENT RESULTS,1078200,A,0,925.0491251468503,1.0,0,1,typing
SYNTHETIC DEMONSTRATION ONLY - NOT HUMAN EXPERIMENT RESULTS,1078220,A,0,924.9567931718881,1.0,0,1,typing
SYNTHETIC DEMONSTRATION ONLY - NOT HUMAN EXPERIMENT RESULTS,1078240,A,0,924.8641065056529,1.0,0,1,typing
SYNTHETIC DEMONSTRATION ONLY - NOT HUMAN EXPERIMENT RESULTS,1078260,A,0,924.7710664654273,1.0,0,1,typing
SYNTHETIC DEMONSTRATION ONLY - NOT HUMAN EXPERIMENT RESULTS,1078280,A,0,924.6776743735165,1.0,0,1,typing
SYNTHETIC DEMONSTRATION ONLY - NOT HUMAN EXPERIMENT RESULTS,1078300,A,0,924.5839315572287,1.0,0,1,typing
SYNTHETIC DEMONSTRATION ONLY - NOT HUMAN EXPERIMENT RESULTS,1078320,A,0,924.4898393488567,1.0,0,1,typing
SYNTHETIC DEMONSTRATION ONLY - NOT HUMAN EXPERIMENT RESULTS,1078340,A,0,924.3953990856592,1.0,0,1,typing
SYNTHETIC DEMONSTRATION ONLY - NOT HUMAN EXPERIMENT RESULTS,1078360,A,0,924.3006121098414,1.0,0,1,typing
SYNTHETIC DEMONSTRATION ONLY - NOT HUMAN EXPERIMENT RESULTS,1078380,A,0,924.205479768536,1.0,0,1,typing
SYNTHETIC DEMONSTRATION ONLY - NOT HUMAN EXPERIMENT RESULTS,1078400,A,0,924.1100034137839,1.0,0,1,typing
SYNTHETIC DEMONSTRATION ONLY - NOT HUMAN EXPERIMENT RESULTS,1078420,A,0,924.014184402516,1.0,0,1,typing
SYNTHETIC DEMONSTRATION ONLY - NOT HUMAN EXPERIMENT RESULTS,1078440,A,0,923.9180240965321,1.0,0,1,typing
SYNTHETIC DEMONSTRATION ONLY - NOT HUMAN EXPERIMENT RESULTS,1078460,A,0,923.821523862483,1.0,0,1,typing
SYNTHETIC DEMONSTRATION ONLY - NOT HUMAN EXPERIMENT RESULTS,1078480,A,0,923.7246850718509,1.0,0,1,typing
SYNTHETIC DEMONSTRATION ONLY - NOT HUMAN EXPERIMENT RESULTS,1078500,A,0,923.6275091009292,1.0,0,1,typing
SYNTHETIC DEMONSTRATION ONLY - NOT HUMAN EXPERIMENT RESULTS,1078520,A,0,923.5299973308034,1.0,0,1,typing
SYNTHETIC DEMONSTRATION ONLY - NOT HUMAN EXPERIMENT RESULTS,1078540,A,0,923.4321511473319,1.0,0,1,typing
SYNTHETIC DEMONSTRATION ONLY - NOT HUMAN EXPERIMENT RESULTS,1078560,A,0,923.3339719411254,1.0,0,1,typing
SYNTHETIC DEMONSTRATION ONLY - NOT HUMAN EXPERIMENT RESULTS,1078580,A,0,923.2354611075276,1.0,0,1,typing
SYNTHETIC DEMONSTRATION ONLY - NOT HUMAN EXPERIMENT RESULTS,1078600,A,0,923.1366200465958,1.0,0,1,typing
SYNTHETIC DEMONSTRATION ONLY - NOT HUMAN EXPERIMENT RESULTS,1078620,A,0,923.03745016308,1.0,0,1,typing
SYNTHETIC DEMONSTRATION ONLY - NOT HUMAN EXPERIMENT RESULTS,1078640,A,0,922.937952866404,1.0,0,1,typing
SYNTHETIC DEMONSTRATION ONLY - NOT HUMAN EXPERIMENT RESULTS,1078660,A,0,922.8381295706445,1.0,0,1,typing
SYNTHETIC DEMONSTRATION ONLY - NOT HUMAN EXPERIMENT RESULTS,1078680,A,0,922.7379816945113,1.0,0,1,typing
SYNTHETIC DEMONSTRATION ONLY - NOT HUMAN EXPERIMENT RESULTS,1078700,A,0,922.6375106613277,1.0,0,1,typing
SYNTHETIC DEMONSTRATION ONLY - NOT HUMAN EXPERIMENT RESULTS,1078720,A,0,922.5367178990093,1.0,0,1,typing
SYNTHETIC DEMONSTRATION ONLY - NOT HUMAN EXPERIMENT RESULTS,1078740,A,0,922.4356048400446,1.0,0,1,typing
SYNTHETIC DEMONSTRATION ONLY - NOT HUMAN EXPERIMENT RESULTS,1078760,A,0,922.3341729214735,1.0,0,1,typing
SYNTHETIC DEMONSTRATION ONLY - NOT HUMAN EXPERIMENT RESULTS,1078780,A,0,922.2324235848686,1.0,0,1,typing
SYNTHETIC DEMONSTRATION ONLY - NOT HUMAN EXPERIMENT RESULTS,1078800,A,0,922.1303582763128,1.0,0,1,typing
SYNTHETIC DEMONSTRATION ONLY - NOT HUMAN EXPERIMENT RESULTS,1078820,A,0,922.0279784463803,1.0,0,1,typing
SYNTHETIC DEMONSTRATION ONLY - NOT HUMAN EXPERIMENT RESULTS,1078840,A,0,921.9252855501151,1.0,0,1,typing
SYNTHETIC DEMONSTRATION ONLY - NOT HUMAN EXPERIMENT RESULTS,1078860,A,0,921.8222810470104,1.0,0,1,typing
SYNTHETIC DEMONSTRATION ONLY - NOT HUMAN EXPERIMENT RESULTS,1078880,A,0,921.7189664009884,1.0,0,1,typing
SYNTHETIC DEMONSTRATION ONLY - NOT HUMAN EXPERIMENT RESULTS,1078900,A,0,921.6153430803786,1.0,0,1,typing
SYNTHETIC DEMONSTRATION ONLY - NOT HUMAN EXPERIMENT RESULTS,1078920,A,0,921.5114125578981,1.0,0,1,typing
SYNTHETIC DEMONSTRATION ONLY - NOT HUMAN EXPERIMENT RESULTS,1078940,A,0,921.4071763106296,1.0,0,1,typing
SYNTHETIC DEMONSTRATION ONLY - NOT HUMAN EXPERIMENT RESULTS,1078960,A,0,921.3026358200005,1.0,0,1,typing
SYNTHETIC DEMONSTRATION ONLY - NOT HUMAN EXPERIMENT RESULTS,1078980,A,0,921.1977925717632,1.0,0,1,typing
SYNTHETIC DEMONSTRATION ONLY - NOT HUMAN EXPERIMENT RESULTS,1079000,A,0,921.0926480559721,1.0,0,1,typing
SYNTHETIC DEMONSTRATION ONLY - NOT HUMAN EXPERIMENT RESULTS,1079020,A,0,920.9872037669633,1.0,0,1,typing
SYNTHETIC DEMONSTRATION ONLY - NOT HUMAN EXPERIMENT RESULTS,1079040,A,0,920.8814612033335,1.0,0,1,typing
SYNTHETIC DEMONSTRATION ONLY - NOT HUMAN EXPERIMENT RESULTS,1079060,A,0,920.775421867919,1.0,0,1,typing
SYNTHETIC DEMONSTRATION ONLY - NOT HUMAN EXPERIMENT RESULTS,1079080,A,0,920.6690872677732,1.0,0,1,typing
SYNTHETIC DEMONSTRATION ONLY - NOT HUMAN EXPERIMENT RESULTS,1079100,A,0,920.5624589141462,1.0,0,1,typing
SYNTHETIC DEMONSTRATION ONLY - NOT HUMAN EXPERIMENT RESULTS,1079120,A,0,920.4555383224629,1.0,0,1,typing
SYNTHETIC DEMONSTRATION ONLY - NOT HUMAN EXPERIMENT RESULTS,1079140,A,0,920.3483270123016,1.0,0,1,typing
SYNTHETIC DEMONSTRATION ONLY - NOT HUMAN EXPERIMENT RESULTS,1079160,A,0,920.2408265073724,1.0,0,1,typing
SYNTHETIC DEMONSTRATION ONLY - NOT HUMAN EXPERIMENT RESULTS,1079180,A,0,920.1330383354953,1.0,0,1,typing
SYNTHETIC DEMONSTRATION ONLY - NOT HUMAN EXPERIMENT RESULTS,1079200,A,0,920.0249640285788,1.0,0,1,typing
SYNTHETIC DEMONSTRATION ONLY - NOT HUMAN EXPERIMENT RESULTS,1079220,A,0,919.9166051225982,1.0,0,1,typing
SYNTHETIC DEMONSTRATION ONLY - NOT HUMAN EXPERIMENT RESULTS,1079240,A,0,919.8079631575732,1.0,0,1,typing
SYNTHETIC DEMONSTRATION ONLY - NOT HUMAN EXPERIMENT RESULTS,1079260,A,0,919.6990396775468,1.0,0,1,typing
SYNTHETIC DEMONSTRATION ONLY - NOT HUMAN EXPERIMENT RESULTS,1079280,A,0,919.5898362305626,1.0,0,1,typing
SYNTHETIC DEMONSTRATION ONLY - NOT HUMAN EXPERIMENT RESULTS,1079300,A,0,919.4803543686434,1.0,0,1,typing
SYNTHETIC DEMONSTRATION ONLY - NOT HUMAN EXPERIMENT RESULTS,1079320,A,0,919.3705956477686,1.0,0,1,typing
SYNTHETIC DEMONSTRATION ONLY - NOT HUMAN EXPERIMENT RESULTS,1079340,A,0,919.2605616278529,1.0,0,1,typing
SYNTHETIC DEMONSTRATION ONLY - NOT HUMAN EXPERIMENT RESULTS,1079360,A,0,919.150253872723,1.0,0,1,typing
SYNTHETIC DEMONSTRATION ONLY - NOT HUMAN EXPERIMENT RESULTS,1079380,A,0,919.0396739500965,1.0,0,1,typing
SYNTHETIC DEMONSTRATION ONLY - NOT HUMAN EXPERIMENT RESULTS,1079400,A,0,918.9288234315586,1.0,0,1,typing
SYNTHETIC DEMONSTRATION ONLY - NOT HUMAN EXPERIMENT RESULTS,1079420,A,0,918.8177038925409,1.0,0,1,typing
SYNTHETIC DEMONSTRATION ONLY - NOT HUMAN EXPERIMENT RESULTS,1079440,A,0,918.7063169122977,1.0,0,1,typing
SYNTHETIC DEMONSTRATION ONLY - NOT HUMAN EXPERIMENT RESULTS,1079460,A,0,918.5946640738845,1.0,0,1,typing
SYNTHETIC DEMONSTRATION ONLY - NOT HUMAN EXPERIMENT RESULTS,1079480,A,0,918.4827469641355,1.0,0,1,typing
SYNTHETIC DEMONSTRATION ONLY - NOT HUMAN EXPERIMENT RESULTS,1079500,A,0,918.3705671736406,1.0,0,1,typing
SYNTHETIC DEMONSTRATION ONLY - NOT HUMAN EXPERIMENT RESULTS,1079520,A,0,918.2581262967227,1.0,0,1,typing
SYNTHETIC DEMONSTRATION ONLY - NOT HUMAN EXPERIMENT RESULTS,1079540,A,0,918.1454259314156,1.0,0,1,typing
SYNTHETIC DEMONSTRATION ONLY - NOT HUMAN EXPERIMENT RESULTS,1079560,A,0,918.0324676794412,1.0,0,1,typing
SYNTHETIC DEMONSTRATION ONLY - NOT HUMAN EXPERIMENT RESULTS,1079580,A,0,917.9192531461861,1.0,0,1,typing
SYNTHETIC DEMONSTRATION ONLY - NOT HUMAN EXPERIMENT RESULTS,1079600,A,0,917.8057839406792,1.0,0,1,typing
SYNTHETIC DEMONSTRATION ONLY - NOT HUMAN EXPERIMENT RESULTS,1079620,A,0,917.6920616755696,1.0,0,1,typing
SYNTHETIC DEMONSTRATION ONLY - NOT HUMAN EXPERIMENT RESULTS,1079640,A,0,917.578087967102,1.0,0,1,typing
SYNTHETIC DEMONSTRATION ONLY - NOT HUMAN EXPERIMENT RESULTS,1079660,A,0,917.4638644350952,1.0,0,1,typing
SYNTHETIC DEMONSTRATION ONLY - NOT HUMAN EXPERIMENT RESULTS,1079680,A,0,917.3493927029183,1.0,0,1,typing
SYNTHETIC DEMONSTRATION ONLY - NOT HUMAN EXPERIMENT RESULTS,1079700,A,0,917.2346743974682,1.0,0,1,typing
SYNTHETIC DEMONSTRATION ONLY - NOT HUMAN EXPERIMENT RESULTS,1079720,A,0,917.1197111491459,1.0,0,1,typing
SYNTHETIC DEMONSTRATION ONLY - NOT HUMAN EXPERIMENT RESULTS,1079740,A,0,917.0045045918337,1.0,0,1,typing
SYNTHETIC DEMONSTRATION ONLY - NOT HUMAN EXPERIMENT RESULTS,1079760,A,0,916.8890563628714,1.0,0,1,typing
SYNTHETIC DEMONSTRATION ONLY - NOT HUMAN EXPERIMENT RESULTS,1079780,A,0,916.7733681030344,1.0,0,1,typing
SYNTHETIC DEMONSTRATION ONLY - NOT HUMAN EXPERIMENT RESULTS,1079800,A,0,916.6574414565088,1.0,0,1,typing
SYNTHETIC DEMONSTRATION ONLY - NOT HUMAN EXPERIMENT RESULTS,1079820,A,0,916.5412780708685,1.0,0,1,typing
SYNTHETIC DEMONSTRATION ONLY - NOT HUMAN EXPERIMENT RESULTS,1079840,A,0,916.4248795970527,1.0,0,1,typing
SYNTHETIC DEMONSTRATION ONLY - NOT HUMAN EXPERIMENT RESULTS,1079860,A,0,916.3082476893413,1.0,0,1,typing
SYNTHETIC DEMONSTRATION ONLY - NOT HUMAN EXPERIMENT RESULTS,1079880,A,0,916.1913840053319,1.0,0,1,typing
SYNTHETIC DEMONSTRATION ONLY - NOT HUMAN EXPERIMENT RESULTS,1079900,A,0,916.074290205916,1.0,0,1,typing
SYNTHETIC DEMONSTRATION ONLY - NOT HUMAN EXPERIMENT RESULTS,1079920,A,0,915.9569679552558,1.0,0,1,typing
SYNTHETIC DEMONSTRATION ONLY - NOT HUMAN EXPERIMENT RESULTS,1079940,A,0,915.8394189207601,1.0,0,1,typing
SYNTHETIC DEMONSTRATION ONLY - NOT HUMAN EXPERIMENT RESULTS,1079960,A,0,915.7216447730608,1.0,0,1,typing
SYNTHETIC DEMONSTRATION ONLY - NOT HUMAN EXPERIMENT RESULTS,1079980,A,0,915.6036471859895,1.0,0,1,typing
SYNTHETIC DEMONSTRATION ONLY - NOT HUMAN EXPERIMENT RESULTS,1080000,A,0,915.4854278365528,1.0,0,1,typing
SYNTHETIC DEMONSTRATION ONLY - NOT HUMAN EXPERIMENT RESULTS,1080020,A,0,915.3669884049095,1.0,0,1,typing
SYNTHETIC DEMONSTRATION ONLY - NOT HUMAN EXPERIMENT RESULTS,1080040,A,0,915.2483305743461,1.0,0,1,typing
SYNTHETIC DEMONSTRATION ONLY - NOT HUMAN EXPERIMENT RESULTS,1080060,A,0,915.129456031253,1.0,0,1,typing
SYNTHETIC DEMONSTRATION ONLY - NOT HUMAN EXPERIMENT RESULTS,1080080,A,0,915.0103664651006,1.0,0,1,typing
SYNTHETIC DEMONSTRATION ONLY - NOT HUMAN EXPERIMENT RESULTS,1080100,A,0,914.891063568415,1.0,0,1,typing
SYNTHETIC DEMONSTRATION ONLY - NOT HUMAN EXPERIMENT RESULTS,1080120,A,0,914.7715490367548,1.0,0,1,typing
SYNTHETIC DEMONSTRATION ONLY - NOT HUMAN EXPERIMENT RESULTS,1080140,A,0,914.6518245686858,1.0,0,1,typing
SYNTHETIC DEMONSTRATION ONLY - NOT HUMAN EXPERIMENT RESULTS,1080160,A,0,914.531891865758,1.0,0,1,typing
SYNTHETIC DEMONSTRATION ONLY - NOT HUMAN EXPERIMENT RESULTS,1080180,A,0,914.4117526324801,1.0,0,1,typing
SYNTHETIC DEMONSTRATION ONLY - NOT HUMAN EXPERIMENT RESULTS,1080200,A,0,914.2914085762969,1.0,0,1,typing
SYNTHETIC DEMONSTRATION ONLY - NOT HUMAN EXPERIMENT RESULTS,1080220,A,0,914.1708614075637,1.0,0,1,typing
SYNTHETIC DEMONSTRATION ONLY - NOT HUMAN EXPERIMENT RESULTS,1080240,A,0,914.0501128395227,1.0,0,1,typing
SYNTHETIC DEMONSTRATION ONLY - NOT HUMAN EXPERIMENT RESULTS,1080260,A,0,913.9291645882781,1.0,0,1,typing
SYNTHETIC DEMONSTRATION ONLY - NOT HUMAN EXPERIMENT RESULTS,1080280,A,0,913.8080183727726,1.0,0,1,typing
SYNTHETIC DEMONSTRATION ONLY - NOT HUMAN EXPERIMENT RESULTS,1080300,A,0,913.6866759147618,1.0,0,1,typing
SYNTHETIC DEMONSTRATION ONLY - NOT HUMAN EXPERIMENT RESULTS,1080320,A,0,913.5651389387907,1.0,0,1,typing
SYNTHETIC DEMONSTRATION ONLY - NOT HUMAN EXPERIMENT RESULTS,1080340,A,0,913.4434091721689,1.0,0,1,typing
SYNTHETIC DEMONSTRATION ONLY - NOT HUMAN EXPERIMENT RESULTS,1080360,A,0,913.3214883449457,1.0,0,1,typing
SYNTHETIC DEMONSTRATION ONLY - NOT HUMAN EXPERIMENT RESULTS,1080380,A,0,913.1993781898858,1.0,0,1,typing
SYNTHETIC DEMONSTRATION ONLY - NOT HUMAN EXPERIMENT RESULTS,1080400,A,0,913.077080442445,1.0,0,1,typing
SYNTHETIC DEMONSTRATION ONLY - NOT HUMAN EXPERIMENT RESULTS,1080420,A,0,912.9545968407449,1.0,0,1,typing
SYNTHETIC DEMONSTRATION ONLY - NOT HUMAN EXPERIMENT RESULTS,1080440,A,0,912.8319291255486,1.0,0,1,typing
SYNTHETIC DEMONSTRATION ONLY - NOT HUMAN EXPERIMENT RESULTS,1080460,A,0,912.7090790402359,1.0,0,1,typing
SYNTHETIC DEMONSTRATION ONLY - NOT HUMAN EXPERIMENT RESULTS,1080480,A,0,912.5860483307785,1.0,0,1,typing
SYNTHETIC DEMONSTRATION ONLY - NOT HUMAN EXPERIMENT RESULTS,1080500,A,0,912.462838745715,1.0,0,1,typing
SYNTHETIC DEMONSTRATION ONLY - NOT HUMAN EXPERIMENT RESULTS,1080520,A,0,912.3394520361264,1.0,0,1,typing
SYNTHETIC DEMONSTRATION ONLY - NOT HUMAN EXPERIMENT RESULTS,1080540,A,0,912.2158899556108,1.0,0,1,typing
SYNTHETIC DEMONSTRATION ONLY - NOT HUMAN EXPERIMENT RESULTS,1080560,A,0,912.0921542602591,1.0,0,1,typing
SYNTHETIC DEMONSTRATION ONLY - NOT HUMAN EXPERIMENT RESULTS,1080580,A,0,911.9682467086293,1.0,0,1,typing
SYNTHETIC DEMONSTRATION ONLY - NOT HUMAN EXPERIMENT RESULTS,1080600,A,0,911.8441690617219,1.0,0,1,typing
SYNTHETIC DEMONSTRATION ONLY - NOT HUMAN EXPERIMENT RESULTS,1080620,A,0,911.7199230829551,1.0,0,1,typing
SYNTHETIC DEMONSTRATION ONLY - NOT HUMAN EXPERIMENT RESULTS,1080640,A,0,911.5955105381391,1.0,0,1,typing
SYNTHETIC DEMONSTRATION ONLY - NOT HUMAN EXPERIMENT RESULTS,1080660,A,0,911.4709331954517,1.0,0,1,typing
SYNTHETIC DEMONSTRATION ONLY - NOT HUMAN EXPERIMENT RESULTS,1080680,A,0,911.3461928254127,1.0,0,1,typing
SYNTHETIC DEMONSTRATION ONLY - NOT HUMAN EXPERIMENT RESULTS,1080700,A,0,911.2212912008587,1.0,0,1,typing
SYNTHETIC DEMONSTRATION ONLY - NOT HUMAN EXPERIMENT RESULTS,1080720,A,0,911.0962300969182,1.0,0,1,typing
SYNTHETIC DEMONSTRATION ONLY - NOT HUMAN EXPERIMENT RESULTS,1080740,A,0,910.9710112909868,1.0,0,1,typing
SYNTHETIC DEMONSTRATION ONLY - NOT HUMAN EXPERIMENT RESULTS,1080760,A,0,910.8456365627003,1.0,0,1,typing
SYNTHETIC DEMONSTRATION ONLY - NOT HUMAN EXPERIMENT RESULTS,1080780,A,0,910.7201076939115,1.0,0,1,typing
SYNTHETIC DEMONSTRATION ONLY - NOT HUMAN EXPERIMENT RESULTS,1080800,A,0,910.5944264686633,1.0,0,1,typing
SYNTHETIC DEMONSTRATION ONLY - NOT HUMAN EXPERIMENT RESULTS,1080820,A,0,910.468594673164,1.0,0,1,typing
SYNTHETIC DEMONSTRATION ONLY - NOT HUMAN EXPERIMENT RESULTS,1080840,A,0,910.3426140957623,1.0,0,1,typing
SYNTHETIC DEMONSTRATION ONLY - NOT HUMAN EXPERIMENT RESULTS,1080860,A,0,910.2164865269209,1.0,0,1,typing
SYNTHETIC DEMONSTRATION ONLY - NOT HUMAN EXPERIMENT RESULTS,1080880,A,0,910.0902137591917,1.0,0,1,typing
SYNTHETIC DEMONSTRATION ONLY - NOT HUMAN EXPERIMENT RESULTS,1080900,A,0,909.96379758719,1.0,0,1,typing
SYNTHETIC DEMONSTRATION ONLY - NOT HUMAN EXPERIMENT RESULTS,1080920,A,0,909.83723980757,1.0,0,1,typing
SYNTHETIC DEMONSTRATION ONLY - NOT HUMAN EXPERIMENT RESULTS,1080940,A,0,909.7105422189974,1.0,0,1,typing
SYNTHETIC DEMONSTRATION ONLY - NOT HUMAN EXPERIMENT RESULTS,1080960,A,0,909.5837066221254,1.0,0,1,typing
SYNTHETIC DEMONSTRATION ONLY - NOT HUMAN EXPERIMENT RESULTS,1080980,A,0,909.4567348195689,1.0,0,1,typing
SYNTHETIC DEMONSTRATION ONLY - NOT HUMAN EXPERIMENT RESULTS,1081000,A,0,909.329628615878,1.0,0,1,typing
SYNTHETIC DEMONSTRATION ONLY - NOT HUMAN EXPERIMENT RESULTS,1081020,A,0,909.2023898175133,1.0,0,1,typing
SYNTHETIC DEMONSTRATION ONLY - NOT HUMAN EXPERIMENT RESULTS,1081040,A,0,909.0750202328197,1.0,0,1,typing
SYNTHETIC DEMONSTRATION ONLY - NOT HUMAN EXPERIMENT RESULTS,1081060,A,0,908.9475216720011,1.0,0,1,typing
SYNTHETIC DEMONSTRATION ONLY - NOT HUMAN EXPERIMENT RESULTS,1081080,A,0,908.8198959470941,1.0,0,1,typing
SYNTHETIC DEMONSTRATION ONLY - NOT HUMAN EXPERIMENT RESULTS,1081100,A,0,908.6921448719428,1.0,0,1,typing
SYNTHETIC DEMONSTRATION ONLY - NOT HUMAN EXPERIMENT RESULTS,1081120,A,0,908.5642702621727,1.0,0,1,typing
SYNTHETIC DEMONSTRATION ONLY - NOT HUMAN EXPERIMENT RESULTS,1081140,A,0,908.4362739351652,1.0,0,1,typing
SYNTHETIC DEMONSTRATION ONLY - NOT HUMAN EXPERIMENT RESULTS,1081160,A,0,908.3081577100314,1.0,0,1,typing
SYNTHETIC DEMONSTRATION ONLY - NOT HUMAN EXPERIMENT RESULTS,1081180,A,0,908.1799234075862,1.0,0,1,typing
SYNTHETIC DEMONSTRATION ONLY - NOT HUMAN EXPERIMENT RESULTS,1081200,A,0,908.0515728503233,1.0,0,1,typing
SYNTHETIC DEMONSTRATION ONLY - NOT HUMAN EXPERIMENT RESULTS,1081220,A,0,907.923107862388,1.0,0,1,typing
SYNTHETIC DEMONSTRATION ONLY - NOT HUMAN EXPERIMENT RESULTS,1081240,A,0,907.794530269552,1.0,0,1,typing
SYNTHETIC DEMONSTRATION ONLY - NOT HUMAN EXPERIMENT RESULTS,1081260,A,0,907.6658418991875,1.0,0,1,typing
SYNTHETIC DEMONSTRATION ONLY - NOT HUMAN EXPERIMENT RESULTS,1081280,A,0,907.5370445802415,1.0,0,1,typing
SYNTHETIC DEMONSTRATION ONLY - NOT HUMAN EXPERIMENT RESULTS,1081300,A,0,907.4081401432086,1.0,0,1,typing
SYNTHETIC DEMONSTRATION ONLY - NOT HUMAN EXPERIMENT RESULTS,1081320,A,0,907.2791304201063,1.0,0,1,typing
SYNTHETIC DEMONSTRATION ONLY - NOT HUMAN EXPERIMENT RESULTS,1081340,A,0,907.1500172444485,1.0,0,1,typing
SYNTHETIC DEMONSTRATION ONLY - NOT HUMAN EXPERIMENT RESULTS,1081360,A,0,907.0208024512189,1.0,0,1,typing
SYNTHETIC DEMONSTRATION ONLY - NOT HUMAN EXPERIMENT RESULTS,1081380,A,0,906.8914878768459,1.0,0,1,typing
SYNTHETIC DEMONSTRATION ONLY - NOT HUMAN EXPERIMENT RESULTS,1081400,A,0,906.7620753591757,1.0,0,1,typing
SYNTHETIC DEMONSTRATION ONLY - NOT HUMAN EXPERIMENT RESULTS,1081420,A,0,906.632566737447,1.0,0,1,typing
SYNTHETIC DEMONSTRATION ONLY - NOT HUMAN EXPERIMENT RESULTS,1081440,A,0,906.5029638522635,1.0,0,1,typing
SYNTHETIC DEMONSTRATION ONLY - NOT HUMAN EXPERIMENT RESULTS,1081460,A,0,906.3732685455694,1.0,0,1,typing
SYNTHETIC DEMONSTRATION ONLY - NOT HUMAN EXPERIMENT RESULTS,1081480,A,0,906.2434826606221,1.0,0,1,typing
SYNTHETIC DEMONSTRATION ONLY - NOT HUMAN EXPERIMENT RESULTS,1081500,A,0,906.1136080419662,1.0,0,1,typing
SYNTHETIC DEMONSTRATION ONLY - NOT HUMAN EXPERIMENT RESULTS,1081520,A,0,905.9836465354075,1.0,0,1,typing
SYNTHETIC DEMONSTRATION ONLY - NOT HUMAN EXPERIMENT RESULTS,1081540,A,0,905.8535999879866,1.0,0,1,typing
SYNTHETIC DEMONSTRATION ONLY - NOT HUMAN EXPERIMENT RESULTS,1081560,A,0,905.7234702479531,1.0,0,1,typing
SYNTHETIC DEMONSTRATION ONLY - NOT HUMAN EXPERIMENT RESULTS,1081580,A,0,905.5932591647382,1.0,0,1,typing
SYNTHETIC DEMONSTRATION ONLY - NOT HUMAN EXPERIMENT RESULTS,1081600,A,0,905.4629685889299,1.0,0,1,typing
SYNTHETIC DEMONSTRATION ONLY - NOT HUMAN EXPERIMENT RESULTS,1081620,A,0,905.3326003722458,1.0,0,1,typing
SYNTHETIC DEMONSTRATION ONLY - NOT HUMAN EXPERIMENT RESULTS,1081640,A,0,905.2021563675066,1.0,0,1,typing
SYNTHETIC DEMONSTRATION ONLY - NOT HUMAN EXPERIMENT RESULTS,1081660,A,0,905.0716384286104,1.0,0,1,typing
SYNTHETIC DEMONSTRATION ONLY - NOT HUMAN EXPERIMENT RESULTS,1081680,A,0,904.941048410506,1.0,0,1,typing
SYNTHETIC DEMONSTRATION ONLY - NOT HUMAN EXPERIMENT RESULTS,1081700,A,0,904.8103881691667,1.0,0,1,typing
SYNTHETIC DEMONSTRATION ONLY - NOT HUMAN EXPERIMENT RESULTS,1081720,A,0,904.6796595615638,1.0,0,1,typing
SYNTHETIC DEMONSTRATION ONLY - NOT HUMAN EXPERIMENT RESULTS,1081740,A,0,904.54886444564,1.0,0,1,typing
SYNTHETIC DEMONSTRATION ONLY - NOT HUMAN EXPERIMENT RESULTS,1081760,A,0,904.4180046802833,1.0,0,1,typing
SYNTHETIC DEMONSTRATION ONLY - NOT HUMAN EXPERIMENT RESULTS,1081780,A,0,904.287082125301,1.0,0,1,typing
SYNTHETIC DEMONSTRATION ONLY - NOT HUMAN EXPERIMENT RESULTS,1081800,A,0,904.1560986413922,1.0,0,1,typing
SYNTHETIC DEMONSTRATION ONLY - NOT HUMAN EXPERIMENT RESULTS,1081820,A,0,904.0250560901221,1.0,0,1,typing
SYNTHETIC DEMONSTRATION ONLY - NOT HUMAN EXPERIMENT RESULTS,1081840,A,0,903.8939563338955,1.0,0,1,typing
SYNTHETIC DEMONSTRATION ONLY - NOT HUMAN EXPERIMENT RESULTS,1081860,A,0,903.7628012359302,1.0,0,1,typing
SYNTHETIC DEMONSTRATION ONLY - NOT HUMAN EXPERIMENT RESULTS,1081880,A,0,903.6315926602304,1.0,0,1,typing
SYNTHETIC DEMONSTRATION ONLY - NOT HUMAN EXPERIMENT RESULTS,1081900,A,0,903.5003324715601,1.0,0,1,typing
SYNTHETIC DEMONSTRATION ONLY - NOT HUMAN EXPERIMENT RESULTS,1081920,A,0,903.3690225354175,1.0,0,1,typing
SYNTHETIC DEMONSTRATION ONLY - NOT HUMAN EXPERIMENT RESULTS,1081940,A,0,903.2376647180074,1.0,0,1,typing
SYNTHETIC DEMONSTRATION ONLY - NOT HUMAN EXPERIMENT RESULTS,1081960,A,0,903.106260886215,1.0,0,1,typing
SYNTHETIC DEMONSTRATION ONLY - NOT HUMAN EXPERIMENT RESULTS,1081980,A,0,902.9748129075796,1.0,0,1,typing
SYNTHETIC DEMONSTRATION ONLY - NOT HUMAN EXPERIMENT RESULTS,1082000,A,0,902.8433226502681,1.0,0,1,typing
SYNTHETIC DEMONSTRATION ONLY - NOT HUMAN EXPERIMENT RESULTS,1082020,A,0,902.7117919830481,1.0,0,1,typing
SYNTHETIC DEMONSTRATION ONLY - NOT HUMAN EXPERIMENT RESULTS,1082040,A,0,902.5802227752614,1.0,0,1,typing
SYNTHETIC DEMONSTRATION ONLY - NOT HUMAN EXPERIMENT RESULTS,1082060,A,0,902.4486168967976,1.0,0,1,typing
SYNTHETIC DEMONSTRATION ONLY - NOT HUMAN EXPERIMENT RESULTS,1082080,A,0,902.3169762180679,1.0,0,1,typing
SYNTHETIC DEMONSTRATION ONLY - NOT HUMAN EXPERIMENT RESULTS,1082100,A,0,902.1853026099773,1.0,0,1,typing
SYNTHETIC DEMONSTRATION ONLY - NOT HUMAN EXPERIMENT RESULTS,1082120,A,0,902.0535979438996,1.0,0,1,typing
SYNTHETIC DEMONSTRATION ONLY - NOT HUMAN EXPERIMENT RESULTS,1082140,A,0,901.9218640916494,1.0,0,1,typing
SYNTHETIC DEMONSTRATION ONLY - NOT HUMAN EXPERIMENT RESULTS,1082160,A,0,901.7901029254564,1.0,0,1,typing
SYNTHETIC DEMONSTRATION ONLY - NOT HUMAN EXPERIMENT RESULTS,1082180,A,0,901.6583163179383,1.0,0,1,typing
SYNTHETIC DEMONSTRATION ONLY - NOT HUMAN EXPERIMENT RESULTS,1082200,A,0,901.5265061420748,1.0,0,1,typing
SYNTHETIC DEMONSTRATION ONLY - NOT HUMAN EXPERIMENT RESULTS,1082220,A,0,901.3946742711801,1.0,0,1,typing
SYNTHETIC DEMONSTRATION ONLY - NOT HUMAN EXPERIMENT RESULTS,1082240,A,0,901.2628225788768,1.0,0,1,typing
SYNTHETIC DEMONSTRATION ONLY - NOT HUMAN EXPERIMENT RESULTS,1082260,A,0,901.1309529390694,1.0,0,1,typing
SYNTHETIC DEMONSTRATION ONLY - NOT HUMAN EXPERIMENT RESULTS,1082280,A,0,900.9990672259173,1.0,0,1,typing
SYNTHETIC DEMONSTRATION ONLY - NOT HUMAN EXPERIMENT RESULTS,1082300,A,0,900.8671673138086,1.0,0,1,typing
SYNTHETIC DEMONSTRATION ONLY - NOT HUMAN EXPERIMENT RESULTS,1082320,A,0,900.7352550773328,1.0,0,1,typing
SYNTHETIC DEMONSTRATION ONLY - NOT HUMAN EXPERIMENT RESULTS,1082340,A,0,900.603332391255,1.0,0,1,typing
SYNTHETIC DEMONSTRATION ONLY - NOT HUMAN EXPERIMENT RESULTS,1082360,A,0,900.4714011304883,1.0,0,1,typing
SYNTHETIC DEMONSTRATION ONLY - NOT HUMAN EXPERIMENT RESULTS,1082380,A,0,900.3394631700683,1.0,0,1,typing
SYNTHETIC DEMONSTRATION ONLY - NOT HUMAN EXPERIMENT RESULTS,1082400,A,0,900.2075203851249,1.0,0,1,typing
SYNTHETIC DEMONSTRATION ONLY - NOT HUMAN EXPERIMENT RESULTS,1082420,A,0,900.0755746508577,1.0,0,1,typing
SYNTHETIC DEMONSTRATION ONLY - NOT HUMAN EXPERIMENT RESULTS,1082440,A,0,899.9436278425075,1.0,0,1,typing
SYNTHETIC DEMONSTRATION ONLY - NOT HUMAN EXPERIMENT RESULTS,1082460,A,0,899.8116818353302,1.0,0,1,typing
SYNTHETIC DEMONSTRATION ONLY - NOT HUMAN EXPERIMENT RESULTS,1082480,A,0,899.679738504571,1.0,0,1,typing
SYNTHETIC DEMONSTRATION ONLY - NOT HUMAN EXPERIMENT RESULTS,1082500,A,0,899.5477997254366,1.0,0,1,typing
SYNTHETIC DEMONSTRATION ONLY - NOT HUMAN EXPERIMENT RESULTS,1082520,A,0,899.415867373069,1.0,0,1,typing
SYNTHETIC DEMONSTRATION ONLY - NOT HUMAN EXPERIMENT RESULTS,1082540,A,0,899.2839433225189,1.0,0,1,typing
SYNTHETIC DEMONSTRATION ONLY - NOT HUMAN EXPERIMENT RESULTS,1082560,A,0,899.1520294487193,1.0,0,1,typing
SYNTHETIC DEMONSTRATION ONLY - NOT HUMAN EXPERIMENT RESULTS,1082580,A,0,899.0201276264582,1.0,0,1,typing
SYNTHETIC DEMONSTRATION ONLY - NOT HUMAN EXPERIMENT RESULTS,1082600,A,0,898.8882397303524,1.0,0,1,typing
SYNTHETIC DEMONSTRATION ONLY - NOT HUMAN EXPERIMENT RESULTS,1082620,A,0,898.7563676348211,1.0,0,1,typing
SYNTHETIC DEMONSTRATION ONLY - NOT HUMAN EXPERIMENT RESULTS,1082640,A,0,898.6245132140584,1.0,0,1,typing
SYNTHETIC DEMONSTRATION ONLY - NOT HUMAN EXPERIMENT RESULTS,1082660,A,0,898.4926783420077,1.0,0,1,typing
SYNTHETIC DEMONSTRATION ONLY - NOT HUMAN EXPERIMENT RESULTS,1082680,A,0,898.360864892334,1.0,0,1,typing
SYNTHETIC DEMONSTRATION ONLY - NOT HUMAN EXPERIMENT RESULTS,1082700,A,0,898.2290747383985,1.0,0,1,typing
SYNTHETIC DEMONSTRATION ONLY - NOT HUMAN EXPERIMENT RESULTS,1082720,A,0,898.097309753231,1.0,0,1,typing
SYNTHETIC DEMONSTRATION ONLY - NOT HUMAN EXPERIMENT RESULTS,1082740,A,0,897.9655718095034,1.0,0,1,typing
SYNTHETIC DEMONSTRATION ONLY - NOT HUMAN EXPERIMENT RESULTS,1082760,A,0,897.8338627795038,1.0,0,1,typing
SYNTHETIC DEMONSTRATION ONLY - NOT HUMAN EXPERIMENT RESULTS,1082780,A,0,897.7021845351086,1.0,0,1,typing
SYNTHETIC DEMONSTRATION ONLY - NOT HUMAN EXPERIMENT RESULTS,1082800,A,0,897.5705389477575,1.0,0,1,typing
SYNTHETIC DEMONSTRATION ONLY - NOT HUMAN EXPERIMENT RESULTS,1082820,A,0,897.4389278884256,1.0,0,1,typing
SYNTHETIC DEMONSTRATION ONLY - NOT HUMAN EXPERIMENT RESULTS,1082840,A,0,897.3073532275973,1.0,0,1,typing
SYNTHETIC DEMONSTRATION ONLY - NOT HUMAN EXPERIMENT RESULTS,1082860,A,0,897.17581683524,1.0,0,1,typing
SYNTHETIC DEMONSTRATION ONLY - NOT HUMAN EXPERIMENT RESULTS,1082880,A,0,897.0443205807766,1.0,0,1,typing
SYNTHETIC DEMONSTRATION ONLY - NOT HUMAN EXPERIMENT RESULTS,1082900,A,0,896.9128663330602,1.0,0,1,typing
SYNTHETIC DEMONSTRATION ONLY - NOT HUMAN EXPERIMENT RESULTS,1082920,A,0,896.7814559603466,1.0,0,1,typing
SYNTHETIC DEMONSTRATION ONLY - NOT HUMAN EXPERIMENT RESULTS,1082940,A,0,896.6500913302682,1.0,0,1,typing
SYNTHETIC DEMONSTRATION ONLY - NOT HUMAN EXPERIMENT RESULTS,1082960,A,0,896.5187743098069,1.0,0,1,typing
SYNTHETIC DEMONSTRATION ONLY - NOT HUMAN EXPERIMENT RESULTS,1082980,A,0,896.3875067652683,1.0,0,1,typing
SYNTHETIC DEMONSTRATION ONLY - NOT HUMAN EXPERIMENT RESULTS,1083000,A,0,896.256290562255,1.0,0,1,typing
SYNTHETIC DEMONSTRATION ONLY - NOT HUMAN EXPERIMENT RESULTS,1083020,A,0,896.1251275656396,1.0,0,1,typing
SYNTHETIC DEMONSTRATION ONLY - NOT HUMAN EXPERIMENT RESULTS,1083040,A,0,895.9940196395382,1.0,0,1,typing
SYNTHETIC DEMONSTRATION ONLY - NOT HUMAN EXPERIMENT RESULTS,1083060,A,0,895.8629686472852,1.0,0,1,typing
SYNTHETIC DEMONSTRATION ONLY - NOT HUMAN EXPERIMENT RESULTS,1083080,A,0,895.7319764514052,1.0,0,1,typing
SYNTHETIC DEMONSTRATION ONLY - NOT HUMAN EXPERIMENT RESULTS,1083100,A,0,895.6010449135869,1.0,0,1,typing
SYNTHETIC DEMONSTRATION ONLY - NOT HUMAN EXPERIMENT RESULTS,1083120,A,0,895.4701758946576,1.0,0,1,typing
SYNTHETIC DEMONSTRATION ONLY - NOT HUMAN EXPERIMENT RESULTS,1083140,A,0,895.3393712545555,1.0,0,1,typing
SYNTHETIC DEMONSTRATION ONLY - NOT HUMAN EXPERIMENT RESULTS,1083160,A,0,895.2086328523044,1.0,0,1,typing
SYNTHETIC DEMONSTRATION ONLY - NOT HUMAN EXPERIMENT RESULTS,1083180,A,0,895.077962545986,1.0,0,1,typing
SYNTHETIC DEMONSTRATION ONLY - NOT HUMAN EXPERIMENT RESULTS,1083200,A,0,894.9473621927149,1.0,0,1,typing
SYNTHETIC DEMONSTRATION ONLY - NOT HUMAN EXPERIMENT RESULTS,1083220,A,0,894.816833648611,1.0,0,1,typing
SYNTHETIC DEMONSTRATION ONLY - NOT HUMAN EXPERIMENT RESULTS,1083240,A,0,894.686378768774,1.0,0,1,typing
SYNTHETIC DEMONSTRATION ONLY - NOT HUMAN EXPERIMENT RESULTS,1083260,A,0,894.5559994072563,1.0,0,1,typing
SYNTHETIC DEMONSTRATION ONLY - NOT HUMAN EXPERIMENT RESULTS,1083280,A,0,894.4256974170374,1.0,0,1,typing
SYNTHETIC DEMONSTRATION ONLY - NOT HUMAN EXPERIMENT RESULTS,1083300,A,0,894.2954746499971,1.0,0,1,typing
SYNTHETIC DEMONSTRATION ONLY - NOT HUMAN EXPERIMENT RESULTS,1083320,A,0,894.1653329568887,1.0,0,1,typing
SYNTHETIC DEMONSTRATION ONLY - NOT HUMAN EXPERIMENT RESULTS,1083340,A,0,894.0352741873144,1.0,0,1,typing
SYNTHETIC DEMONSTRATION ONLY - NOT HUMAN EXPERIMENT RESULTS,1083360,A,0,893.9053001896967,1.0,0,1,typing
SYNTHETIC DEMONSTRATION ONLY - NOT HUMAN EXPERIMENT RESULTS,1083380,A,0,893.775412811254,1.0,0,1,typing
SYNTHETIC DEMONSTRATION ONLY - NOT HUMAN EXPERIMENT RESULTS,1083400,A,0,893.6456138979732,1.0,0,1,typing
SYNTHETIC DEMONSTRATION ONLY - NOT HUMAN EXPERIMENT RESULTS,1083420,A,0,893.5159052945846,1.0,0,1,typing
SYNTHETIC DEMONSTRATION ONLY - NOT HUMAN EXPERIMENT RESULTS,1083440,A,0,893.3862888445343,1.0,0,1,typing
SYNTHETIC DEMONSTRATION ONLY - NOT HUMAN EXPERIMENT RESULTS,1083460,A,0,893.256766389959,1.0,0,1,typing
SYNTHETIC DEMONSTRATION ONLY - NOT HUMAN EXPERIMENT RESULTS,1083480,A,0,893.1273397716595,1.0,0,1,typing
SYNTHETIC DEMONSTRATION ONLY - NOT HUMAN EXPERIMENT RESULTS,1083500,A,0,892.9980108290745,1.0,0,1,typing
SYNTHETIC DEMONSTRATION ONLY - NOT HUMAN EXPERIMENT RESULTS,1083520,A,0,892.8687814002545,1.0,0,1,typing
SYNTHETIC DEMONSTRATION ONLY - NOT HUMAN EXPERIMENT RESULTS,1083540,A,0,892.7396533218358,1.0,0,1,typing
SYNTHETIC DEMONSTRATION ONLY - NOT HUMAN EXPERIMENT RESULTS,1083560,A,0,892.6106284290142,1.0,0,1,typing
SYNTHETIC DEMONSTRATION ONLY - NOT HUMAN EXPERIMENT RESULTS,1083580,A,0,892.4817085555192,1.0,0,1,typing
SYNTHETIC DEMONSTRATION ONLY - NOT HUMAN EXPERIMENT RESULTS,1083600,A,0,892.3528955335872,1.0,0,1,typing
SYNTHETIC DEMONSTRATION ONLY - NOT HUMAN EXPERIMENT RESULTS,1083620,A,0,892.2241911939367,1.0,0,1,typing
SYNTHETIC DEMONSTRATION ONLY - NOT HUMAN EXPERIMENT RESULTS,1083640,A,0,892.0955973657411,1.0,0,1,typing
SYNTHETIC DEMONSTRATION ONLY - NOT HUMAN EXPERIMENT RESULTS,1083660,A,0,891.9671158766034,1.0,0,1,typing
SYNTHETIC DEMONSTRATION ONLY - NOT HUMAN EXPERIMENT RESULTS,1083680,A,0,891.8387485525298,1.0,0,1,typing
SYNTHETIC DEMONSTRATION ONLY - NOT HUMAN EXPERIMENT RESULTS,1083700,A,0,891.7104972179043,1.0,0,1,typing
SYNTHETIC DEMONSTRATION ONLY - NOT HUMAN EXPERIMENT RESULTS,1083720,A,0,891.5823636954623,1.0,0,1,typing
SYNTHETIC DEMONSTRATION ONLY - NOT HUMAN EXPERIMENT RESULTS,1083740,A,0,891.4543498062645,1.0,0,1,typing
SYNTHETIC DEMONSTRATION ONLY - NOT HUMAN EXPERIMENT RESULTS,1083760,A,0,891.3264573696719,1.0,0,1,typing
SYNTHETIC DEMONSTRATION ONLY - NOT HUMAN EXPERIMENT RESULTS,1083780,A,0,891.198688203319,1.0,0,1,typing
SYNTHETIC DEMONSTRATION ONLY - NOT HUMAN EXPERIMENT RESULTS,1083800,A,0,891.0710441230885,1.0,0,1,typing
SYNTHETIC DEMONSTRATION ONLY - NOT HUMAN EXPERIMENT RESULTS,1083820,A,0,890.9435269430852,1.0,0,1,typing
SYNTHETIC DEMONSTRATION ONLY - NOT HUMAN EXPERIMENT RESULTS,1083840,A,0,890.8161384756106,1.0,0,1,typing
SYNTHETIC DEMONSTRATION ONLY - NOT HUMAN EXPERIMENT RESULTS,1083860,A,0,890.688880531137,1.0,0,1,typing
SYNTHETIC DEMONSTRATION ONLY - NOT HUMAN EXPERIMENT RESULTS,1083880,A,0,890.561754918281,1.0,0,1,typing
SYNTHETIC DEMONSTRATION ONLY - NOT HUMAN EXPERIMENT RESULTS,1083900,A,0,890.4347634437794,1.0,0,1,typing
SYNTHETIC DEMONSTRATION ONLY - NOT HUMAN EXPERIMENT RESULTS,1083920,A,0,890.3079079124618,1.0,0,1,typing
SYNTHETIC DEMONSTRATION ONLY - NOT HUMAN EXPERIMENT RESULTS,1083940,A,0,890.1811901272265,1.0,0,1,typing
SYNTHETIC DEMONSTRATION ONLY - NOT HUMAN EXPERIMENT RESULTS,1083960,A,0,890.0546118890132,1.0,0,1,typing
SYNTHETIC DEMONSTRATION ONLY - NOT HUMAN EXPERIMENT RESULTS,1083980,A,0,889.9281749967793,1.0,0,1,typing
SYNTHETIC DEMONSTRATION ONLY - NOT HUMAN EXPERIMENT RESULTS,1084000,A,0,889.8018812474727,1.0,0,1,typing
SYNTHETIC DEMONSTRATION ONLY - NOT HUMAN EXPERIMENT RESULTS,1084020,A,0,889.6757324360071,1.0,0,1,typing
SYNTHETIC DEMONSTRATION ONLY - NOT HUMAN EXPERIMENT RESULTS,1084040,A,0,889.5497303552364,1.0,0,1,typing
SYNTHETIC DEMONSTRATION ONLY - NOT HUMAN EXPERIMENT RESULTS,1084060,A,0,889.4238767959292,1.0,0,1,typing
SYNTHETIC DEMONSTRATION ONLY - NOT HUMAN EXPERIMENT RESULTS,1084080,A,0,889.298173546743,1.0,0,1,typing
SYNTHETIC DEMONSTRATION ONLY - NOT HUMAN EXPERIMENT RESULTS,1084100,A,0,889.1726223941993,1.0,0,1,typing
SYNTHETIC DEMONSTRATION ONLY - NOT HUMAN EXPERIMENT RESULTS,1084120,A,0,889.0472251226577,1.0,0,1,typing
SYNTHETIC DEMONSTRATION ONLY - NOT HUMAN EXPERIMENT RESULTS,1084140,A,0,888.9219835142911,1.0,0,1,typing
SYNTHETIC DEMONSTRATION ONLY - NOT HUMAN EXPERIMENT RESULTS,1084160,A,0,888.7968993490603,1.0,0,1,typing
SYNTHETIC DEMONSTRATION ONLY - NOT HUMAN EXPERIMENT RESULTS,1084180,A,0,888.6719744046876,1.0,0,1,typing
SYNTHETIC DEMONSTRATION ONLY - NOT HUMAN EXPERIMENT RESULTS,1084200,A,0,888.5472104566334,1.0,0,1,typing
SYNTHETIC DEMONSTRATION ONLY - NOT HUMAN EXPERIMENT RESULTS,1084220,A,0,888.4226092780692,1.0,0,1,typing
SYNTHETIC DEMONSTRATION ONLY - NOT HUMAN EXPERIMENT RESULTS,1084240,A,0,888.298172639854,1.0,0,1,typing
SYNTHETIC DEMONSTRATION ONLY - NOT HUMAN EXPERIMENT RESULTS,1084260,A,0,888.1739023105076,1.0,0,1,typing
SYNTHETIC DEMONSTRATION ONLY - NOT HUMAN EXPERIMENT RESULTS,1084280,A,0,888.0498000561865,1.0,0,1,typing
SYNTHETIC DEMONSTRATION ONLY - NOT HUMAN EXPERIMENT RESULTS,1084300,A,0,887.9258676406583,1.0,0,1,typing
SYNTHETIC DEMONSTRATION ONLY - NOT HUMAN EXPERIMENT RESULTS,1084320,A,0,887.8021068252773,1.0,0,1,typing
SYNTHETIC DEMONSTRATION ONLY - NOT HUMAN EXPERIMENT RESULTS,1084340,A,0,887.6785193689583,1.0,0,1,typing
SYNTHETIC DEMONSTRATION ONLY - NOT HUMAN EXPERIMENT RESULTS,1084360,A,0,887.5551070281527,1.0,0,1,typing
SYNTHETIC DEMONSTRATION ONLY - NOT HUMAN EXPERIMENT RESULTS,1084380,A,0,887.4318715568231,1.0,0,1,typing
SYNTHETIC DEMONSTRATION ONLY - NOT HUMAN EXPERIMENT RESULTS,1084400,A,0,887.3088147064183,1.0,0,1,typing
SYNTHETIC DEMONSTRATION ONLY - NOT HUMAN EXPERIMENT RESULTS,1084420,A,0,887.1859382258485,1.0,0,1,typing
SYNTHETIC DEMONSTRATION ONLY - NOT HUMAN EXPERIMENT RESULTS,1084440,A,0,887.0632438614606,1.0,0,1,typing
SYNTHETIC DEMONSTRATION ONLY - NOT HUMAN EXPERIMENT RESULTS,1084460,A,0,886.9407333570128,1.0,0,1,typing
SYNTHETIC DEMONSTRATION ONLY - NOT HUMAN EXPERIMENT RESULTS,1084480,A,0,886.8184084536509,1.0,0,1,typing
SYNTHETIC DEMONSTRATION ONLY - NOT HUMAN EXPERIMENT RESULTS,1084500,A,0,886.6962708898824,1.0,0,1,typing
SYNTHETIC DEMONSTRATION ONLY - NOT HUMAN EXPERIMENT RESULTS,1084520,A,0,886.5743224015524,1.0,0,1,typing
SYNTHETIC DEMONSTRATION ONLY - NOT HUMAN EXPERIMENT RESULTS,1084540,A,0,886.4525647218188,1.0,0,1,typing
SYNTHETIC DEMONSTRATION ONLY - NOT HUMAN EXPERIMENT RESULTS,1084560,A,0,886.330999581128,1.0,0,1,typing
SYNTHETIC DEMONSTRATION ONLY - NOT HUMAN EXPERIMENT RESULTS,1084580,A,0,886.2096287071895,1.0,0,1,typing
SYNTHETIC DEMONSTRATION ONLY - NOT HUMAN EXPERIMENT RESULTS,1084600,A,0,886.088453824952,1.0,0,1,typing
SYNTHETIC DEMONSTRATION ONLY - NOT HUMAN EXPERIMENT RESULTS,1084620,A,0,885.967476656579,1.0,0,1,typing
SYNTHETIC DEMONSTRATION ONLY - NOT HUMAN EXPERIMENT RESULTS,1084640,A,0,885.8466989214239,1.0,0,1,typing
SYNTHETIC DEMONSTRATION ONLY - NOT HUMAN EXPERIMENT RESULTS,1084660,A,0,885.7261223360055,1.0,0,1,typing
SYNTHETIC DEMONSTRATION ONLY - NOT HUMAN EXPERIMENT RESULTS,1084680,A,0,885.6057486139838,1.0,0,1,typing
SYNTHETIC DEMONSTRATION ONLY - NOT HUMAN EXPERIMENT RESULTS,1084700,A,0,885.4855794661363,1.0,0,1,typing
SYNTHETIC DEMONSTRATION ONLY - NOT HUMAN EXPERIMENT RESULTS,1084720,A,0,885.3656166003323,1.0,0,1,typing
SYNTHETIC DEMONSTRATION ONLY - NOT HUMAN EXPERIMENT RESULTS,1084740,A,0,885.2458617215095,1.0,0,1,typing
SYNTHETIC DEMONSTRATION ONLY - NOT HUMAN EXPERIMENT RESULTS,1084760,A,0,885.1263165316501,1.0,0,1,typing
SYNTHETIC DEMONSTRATION ONLY - NOT HUMAN EXPERIMENT RESULTS,1084780,A,0,885.0069827297558,1.0,0,1,typing
SYNTHETIC DEMONSTRATION ONLY - NOT HUMAN EXPERIMENT RESULTS,1084800,A,0,884.887862011824,1.0,0,1,typing
SYNTHETIC DEMONSTRATION ONLY - NOT HUMAN EXPERIMENT RESULTS,1084820,A,0,884.7689560708238,1.0,0,1,typing
SYNTHETIC DEMONSTRATION ONLY - NOT HUMAN EXPERIMENT RESULTS,1084840,A,0,884.6502665966718,1.0,0,1,typing
SYNTHETIC DEMONSTRATION ONLY - NOT HUMAN EXPERIMENT RESULTS,1084860,A,0,884.5317952762083,1.0,0,1,typing
SYNTHETIC DEMONSTRATION ONLY - NOT HUMAN EXPERIMENT RESULTS,1084880,A,0,884.4135437931728,1.0,0,1,typing
SYNTHETIC DEMONSTRATION ONLY - NOT HUMAN EXPERIMENT RESULTS,1084900,A,0,884.2955138281807,1.0,0,1,typing
SYNTHETIC DEMONSTRATION ONLY - NOT HUMAN EXPERIMENT RESULTS,1084920,A,0,884.1777070586991,1.0,0,1,typing
SYNTHETIC DEMONSTRATION ONLY - NOT HUMAN EXPERIMENT RESULTS,1084940,A,0,884.060125159023,1.0,0,1,typing
SYNTHETIC DEMONSTRATION ONLY - NOT HUMAN EXPERIMENT RESULTS,1084960,A,0,883.9427698002512,1.0,0,1,typing
SYNTHETIC DEMONSTRATION ONLY - NOT HUMAN EXPERIMENT RESULTS,1084980,A,0,883.8256426502634,1.0,0,1,typing
SYNTHETIC DEMONSTRATION ONLY - NOT HUMAN EXPERIMENT RESULTS,1085000,A,0,883.7087453736956,1.0,0,1,typing
SYNTHETIC DEMONSTRATION ONLY - NOT HUMAN EXPERIMENT RESULTS,1085020,A,0,883.5920796319167,1.0,0,1,typing
SYNTHETIC DEMONSTRATION ONLY - NOT HUMAN EXPERIMENT RESULTS,1085040,A,0,883.4756470830052,1.0,0,1,typing
SYNTHETIC DEMONSTRATION ONLY - NOT HUMAN EXPERIMENT RESULTS,1085060,A,0,883.3594493817257,1.0,0,1,typing
SYNTHETIC DEMONSTRATION ONLY - NOT HUMAN EXPERIMENT RESULTS,1085080,A,0,883.2434881795042,1.0,0,1,typing
SYNTHETIC DEMONSTRATION ONLY - NOT HUMAN EXPERIMENT RESULTS,1085100,A,0,883.1277651244063,1.0,0,1,typing
SYNTHETIC DEMONSTRATION ONLY - NOT HUMAN EXPERIMENT RESULTS,1085120,A,0,883.0122818611128,1.0,0,1,typing
SYNTHETIC DEMONSTRATION ONLY - NOT HUMAN EXPERIMENT RESULTS,1085140,A,0,882.8970400308965,1.0,0,1,typing
SYNTHETIC DEMONSTRATION ONLY - NOT HUMAN EXPERIMENT RESULTS,1085160,A,0,882.7820412715988,1.0,0,1,typing
SYNTHETIC DEMONSTRATION ONLY - NOT HUMAN EXPERIMENT RESULTS,1085180,A,0,882.6672872176067,1.0,0,1,typing
SYNTHETIC DEMONSTRATION ONLY - NOT HUMAN EXPERIMENT RESULTS,1085200,A,0,882.5527794998293,1.0,0,1,typing
SYNTHETIC DEMONSTRATION ONLY - NOT HUMAN EXPERIMENT RESULTS,1085220,A,0,882.4385197456747,1.0,0,1,typing
SYNTHETIC DEMONSTRATION ONLY - NOT HUMAN EXPERIMENT RESULTS,1085240,A,0,882.324509579027,1.0,0,1,typing
SYNTHETIC DEMONSTRATION ONLY - NOT HUMAN EXPERIMENT RESULTS,1085260,A,0,882.2107506202228,1.0,0,1,typing
SYNTHETIC DEMONSTRATION ONLY - NOT HUMAN EXPERIMENT RESULTS,1085280,A,0,882.097244486029,1.0,0,1,typing
SYNTHETIC DEMONSTRATION ONLY - NOT HUMAN EXPERIMENT RESULTS,1085300,A,0,881.983992789619,1.0,0,1,typing
SYNTHETIC DEMONSTRATION ONLY - NOT HUMAN EXPERIMENT RESULTS,1085320,A,0,881.8709971405498,1.0,0,1,typing
SYNTHETIC DEMONSTRATION ONLY - NOT HUMAN EXPERIMENT RESULTS,1085340,A,0,881.75825914474,1.0,0,1,typing
SYNTHETIC DEMONSTRATION ONLY - NOT HUMAN EXPERIMENT RESULTS,1085360,A,0,881.645780404446,1.0,0,1,typing
SYNTHETIC DEMONSTRATION ONLY - NOT HUMAN EXPERIMENT RESULTS,1085380,A,0,881.5335625182395,1.0,0,1,typing
SYNTHETIC DEMONSTRATION ONLY - NOT HUMAN EXPERIMENT RESULTS,1085400,A,0,881.421607080985,1.0,0,1,typing
SYNTHETIC DEMONSTRATION ONLY - NOT HUMAN EXPERIMENT RESULTS,1085420,A,0,881.3099156838176,1.0,0,1,typing
SYNTHETIC DEMONSTRATION ONLY - NOT HUMAN EXPERIMENT RESULTS,1085440,A,0,881.1984899141188,1.0,0,1,typing
SYNTHETIC DEMONSTRATION ONLY - NOT HUMAN EXPERIMENT RESULTS,1085460,A,0,881.0873313554954,1.0,0,1,typing
SYNTHETIC DEMONSTRATION ONLY - NOT HUMAN EXPERIMENT RESULTS,1085480,A,0,880.976441587757,1.0,0,1,typing
SYNTHETIC DEMONSTRATION ONLY - NOT HUMAN EXPERIMENT RESULTS,1085500,A,0,880.8658221868923,1.0,0,1,typing
SYNTHETIC DEMONSTRATION ONLY - NOT HUMAN EXPERIMENT RESULTS,1085520,A,0,880.7554747250479,1.0,0,1,typing
SYNTHETIC DEMONSTRATION ONLY - NOT HUMAN EXPERIMENT RESULTS,1085540,A,0,880.6454007705054,1.0,0,1,typing
SYNTHETIC DEMONSTRATION ONLY - NOT HUMAN EXPERIMENT RESULTS,1085560,A,0,880.5356018876596,1.0,0,1,typing
SYNTHETIC DEMONSTRATION ONLY - NOT HUMAN EXPERIMENT RESULTS,1085580,A,0,880.4260796369955,1.0,0,1,typing
SYNTHETIC DEMONSTRATION ONLY - NOT HUMAN EXPERIMENT RESULTS,1085600,A,0,880.3168355750666,1.0,0,1,typing
SYNTHETIC DEMONSTRATION ONLY - NOT HUMAN EXPERIMENT RESULTS,1085620,A,0,880.2078712544732,1.0,0,1,typing
SYNTHETIC DEMONSTRATION ONLY - NOT HUMAN EXPERIMENT RESULTS,1085640,A,0,880.0991882238391,1.0,0,1,typing
SYNTHETIC DEMONSTRATION ONLY - NOT HUMAN EXPERIMENT RESULTS,1085660,A,0,879.9907880277909,1.0,0,1,typing
SYNTHETIC DEMONSTRATION ONLY - NOT HUMAN EXPERIMENT RESULTS,1085680,A,0,879.8826722069354,1.0,0,1,typing
SYNTHETIC DEMONSTRATION ONLY - NOT HUMAN EXPERIMENT RESULTS,1085700,A,0,879.7748422978376,1.0,0,1,typing
SYNTHETIC DEMONSTRATION ONLY - NOT HUMAN EXPERIMENT RESULTS,1085720,A,0,879.6672998329992,1.0,0,1,typing
SYNTHETIC DEMONSTRATION ONLY - NOT HUMAN EXPERIMENT RESULTS,1085740,A,0,879.5600463408368,1.0,0,1,typing
SYNTHETIC DEMONSTRATION ONLY - NOT HUMAN EXPERIMENT RESULTS,1085760,A,0,879.4530833456597,1.0,0,1,typing
SYNTHETIC DEMONSTRATION ONLY - NOT HUMAN EXPERIMENT RESULTS,1085780,A,0,879.3464123676491,1.0,0,1,typing
SYNTHETIC DEMONSTRATION ONLY - NOT HUMAN EXPERIMENT RESULTS,1085800,A,0,879.2400349228357,1.0,0,1,typing
SYNTHETIC DEMONSTRATION ONLY - NOT HUMAN EXPERIMENT RESULTS,1085820,A,0,879.133952523078,1.0,0,1,typing
SYNTHETIC DEMONSTRATION ONLY - NOT HUMAN EXPERIMENT RESULTS,1085840,A,0,879.0281666760422,1.0,0,1,typing
SYNTHETIC DEMONSTRATION ONLY - NOT HUMAN EXPERIMENT RESULTS,1085860,A,0,878.9226788851794,1.0,0,1,typing
SYNTHETIC DEMONSTRATION ONLY - NOT HUMAN EXPERIMENT RESULTS,1085880,A,0,878.8174906497043,1.0,0,1,typing
SYNTHETIC DEMONSTRATION ONLY - NOT HUMAN EXPERIMENT RESULTS,1085900,A,0,878.7126034645745,1.0,0,1,typing
SYNTHETIC DEMONSTRATION ONLY - NOT HUMAN EXPERIMENT RESULTS,1085920,A,0,878.6080188204693,1.0,0,1,typing
SYNTHETIC DEMONSTRATION ONLY - NOT HUMAN EXPERIMENT RESULTS,1085940,A,0,878.503738203768,1.0,0,1,typing
SYNTHETIC DEMONSTRATION ONLY - NOT HUMAN EXPERIMENT RESULTS,1085960,A,0,878.3997630965289,1.0,0,1,typing
SYNTHETIC DEMONSTRATION ONLY - NOT HUMAN EXPERIMENT RESULTS,1085980,A,0,878.2960949764685,1.0,0,1,typing
SYNTHETIC DEMONSTRATION ONLY - NOT HUMAN EXPERIMENT RESULTS,1086000,A,0,878.19273531694,1.0,0,1,typing
SYNTHETIC DEMONSTRATION ONLY - NOT HUMAN EXPERIMENT RESULTS,1086020,A,0,878.0896855869132,1.0,0,1,typing
SYNTHETIC DEMONSTRATION ONLY - NOT HUMAN EXPERIMENT RESULTS,1086040,A,0,877.9869472509529,1.0,0,1,typing
SYNTHETIC DEMONSTRATION ONLY - NOT HUMAN EXPERIMENT RESULTS,1086060,A,0,877.8845217691982,1.0,0,1,typing
SYNTHETIC DEMONSTRATION ONLY - NOT HUMAN EXPERIMENT RESULTS,1086080,A,0,877.7824105973417,1.0,0,1,typing
SYNTHETIC DEMONSTRATION ONLY - NOT HUMAN EXPERIMENT RESULTS,1086100,A,0,877.6806151866095,1.0,0,1,typing
SYNTHETIC DEMONSTRATION ONLY - NOT HUMAN EXPERIMENT RESULTS,1086120,A,0,877.5791369837397,1.0,0,1,typing
SYNTHETIC DEMONSTRATION ONLY - NOT HUMAN EXPERIMENT RESULTS,1086140,A,0,877.4779774309618,1.0,0,1,typing
SYNTHETIC DEMONSTRATION ONLY - NOT HUMAN EXPERIMENT RESULTS,1086160,A,0,877.3771379659775,1.0,0,1,typing
SYNTHETIC DEMONSTRATION ONLY - NOT HUMAN EXPERIMENT RESULTS,1086180,A,0,877.2766200219382,1.0,0,1,typing
SYNTHETIC DEMONSTRATION ONLY - NOT HUMAN EXPERIMENT RESULTS,1086200,A,0,877.176425027427,1.0,0,1,typing
SYNTHETIC DEMONSTRATION ONLY - NOT HUMAN EXPERIMENT RESULTS,1086220,A,0,877.0765544064361,1.0,0,1,typing
SYNTHETIC DEMONSTRATION ONLY - NOT HUMAN EXPERIMENT RESULTS,1086240,A,0,876.9770095783483,1.0,0,1,typing
SYNTHETIC DEMONSTRATION ONLY - NOT HUMAN EXPERIMENT RESULTS,1086260,A,0,876.8777919579159,1.0,0,1,typing
SYNTHETIC DEMONSTRATION ONLY - NOT HUMAN EXPERIMENT RESULTS,1086280,A,0,876.7789029552408,1.0,0,1,typing
SYNTHETIC DEMONSTRATION ONLY - NOT HUMAN EXPERIMENT RESULTS,1086300,A,0,876.6803439757549,1.0,0,1,typing
SYNTHETIC DEMONSTRATION ONLY - NOT HUMAN EXPERIMENT RESULTS,1086320,A,0,876.5821164201991,1.0,0,1,typing
SYNTHETIC DEMONSTRATION ONLY - NOT HUMAN EXPERIMENT RESULTS,1086340,A,0,876.4842216846048,1.0,0,1,typing
SYNTHETIC DEMONSTRATION ONLY - NOT HUMAN EXPERIMENT RESULTS,1086360,A,0,876.3866611602725,1.0,0,1,typing
SYNTHETIC DEMONSTRATION ONLY - NOT HUMAN EXPERIMENT RESULTS,1086380,A,0,876.2894362337535,1.0,0,1,typing
SYNTHETIC DEMONSTRATION ONLY - NOT HUMAN EXPERIMENT RESULTS,1086400,A,0,876.1925482868289,1.0,0,1,typing
SYNTHETIC DEMONSTRATION ONLY - NOT HUMAN EXPERIMENT RESULTS,1086420,A,0,876.0959986964912,1.0,0,1,typing
SYNTHETIC DEMONSTRATION ONLY - NOT HUMAN EXPERIMENT RESULTS,1086440,A,0,875.9997888349236,1.0,0,1,typing
SYNTHETIC DEMONSTRATION ONLY - NOT HUMAN EXPERIMENT RESULTS,1086460,A,0,875.9039200694812,1.0,0,1,typing
SYNTHETIC DEMONSTRATION ONLY - NOT HUMAN EXPERIMENT RESULTS,1086480,A,0,875.8083937626715,1.0,0,1,typing
SYNTHETIC DEMONSTRATION ONLY - NOT HUMAN EXPERIMENT RESULTS,1086500,A,0,875.7132112721347,1.0,0,1,typing
SYNTHETIC DEMONSTRATION ONLY - NOT HUMAN EXPERIMENT RESULTS,1086520,A,0,875.6183739506246,1.0,0,1,typing
SYNTHETIC DEMONSTRATION ONLY - NOT HUMAN EXPERIMENT RESULTS,1086540,A,0,875.5238831459894,1.0,0,1,typing
SYNTHETIC DEMONSTRATION ONLY - NOT HUMAN EXPERIMENT RESULTS,1086560,A,0,875.429740201153,1.0,0,1,typing
SYNTHETIC DEMONSTRATION ONLY - NOT HUMAN EXPERIMENT RESULTS,1086580,A,0,875.3359464540946,1.0,0,1,typing
SYNTHETIC DEMONSTRATION ONLY - NOT HUMAN EXPERIMENT RESULTS,1086600,A,0,875.242503237831,1.0,0,1,typing
SYNTHETIC DEMONSTRATION ONLY - NOT HUMAN EXPERIMENT RESULTS,1086620,A,0,875.1494118803973,1.0,0,1,typing
SYNTHETIC DEMONSTRATION ONLY - NOT HUMAN EXPERIMENT RESULTS,1086640,A,0,875.0566737048277,1.0,0,1,typing
SYNTHETIC DEMONSTRATION ONLY - NOT HUMAN EXPERIMENT RESULTS,1086660,A,0,874.964290029137,1.0,0,1,typing
SYNTHETIC DEMONSTRATION ONLY - NOT HUMAN EXPERIMENT RESULTS,1086680,A,0,874.8722621663015,1.0,0,1,typing
SYNTHETIC DEMONSTRATION ONLY - NOT HUMAN EXPERIMENT RESULTS,1086700,A,0,874.7805914242413,1.0,0,1,typing
SYNTHETIC DEMONSTRATION ONLY - NOT HUMAN EXPERIMENT RESULTS,1086720,A,0,874.6892791058,1.0,0,1,typing
SYNTHETIC DEMONSTRATION ONLY - NOT HUMAN EXPERIMENT RESULTS,1086740,A,0,874.5983265087282,1.0,0,1,typing
SYNTHETIC DEMONSTRATION ONLY - NOT HUMAN EXPERIMENT RESULTS,1086760,A,0,874.5077349256632,1.0,0,1,typing
SYNTHETIC DEMONSTRATION ONLY - NOT HUMAN EXPERIMENT RESULTS,1086780,A,0,874.4175056441123,1.0,0,1,typing
SYNTHETIC DEMONSTRATION ONLY - NOT HUMAN EXPERIMENT RESULTS,1086800,A,0,874.3276399464332,1.0,0,1,typing
SYNTHETIC DEMONSTRATION ONLY - NOT HUMAN EXPERIMENT RESULTS,1086820,A,0,874.2381391098163,1.0,0,1,typing
SYNTHETIC DEMONSTRATION ONLY - NOT HUMAN EXPERIMENT RESULTS,1086840,A,0,874.1490044062668,1.0,0,1,typing
SYNTHETIC DEMONSTRATION ONLY - NOT HUMAN EXPERIMENT RESULTS,1086860,A,0,874.0602371025859,1.0,0,1,typing
SYNTHETIC DEMONSTRATION ONLY - NOT HUMAN EXPERIMENT RESULTS,1086880,A,0,873.9718384603536,1.0,0,1,typing
SYNTHETIC DEMONSTRATION ONLY - NOT HUMAN EXPERIMENT RESULTS,1086900,A,0,873.8838097359103,1.0,0,1,typing
SYNTHETIC DEMONSTRATION ONLY - NOT HUMAN EXPERIMENT RESULTS,1086920,A,0,873.7961521803389,1.0,0,1,typing
SYNTHETIC DEMONSTRATION ONLY - NOT HUMAN EXPERIMENT RESULTS,1086940,A,0,873.7088670394475,1.0,0,1,typing
SYNTHETIC DEMONSTRATION ONLY - NOT HUMAN EXPERIMENT RESULTS,1086960,A,0,873.6219555537508,1.0,0,1,typing
SYNTHETIC DEMONSTRATION ONLY - NOT HUMAN EXPERIMENT RESULTS,1086980,A,0,873.5354189584538,1.0,0,1,typing
SYNTHETIC DEMONSTRATION ONLY - NOT HUMAN EXPERIMENT RESULTS,1087000,A,0,873.4492584834328,1.0,0,1,typing
SYNTHETIC DEMONSTRATION ONLY - NOT HUMAN EXPERIMENT RESULTS,1087020,A,0,873.3634753532191,1.0,0,1,typing
SYNTHETIC DEMONSTRATION ONLY - NOT HUMAN EXPERIMENT RESULTS,1087040,A,0,873.2780707869805,1.0,0,1,typing
SYNTHETIC DEMONSTRATION ONLY - NOT HUMAN EXPERIMENT RESULTS,1087060,A,0,873.1930459985053,1.0,0,1,typing
SYNTHETIC DEMONSTRATION ONLY - NOT HUMAN EXPERIMENT RESULTS,1087080,A,0,873.1084021961838,1.0,0,1,typing
SYNTHETIC DEMONSTRATION ONLY - NOT HUMAN EXPERIMENT RESULTS,1087100,A,0,873.0241405829917,1.0,0,1,typing
SYNTHETIC DEMONSTRATION ONLY - NOT HUMAN EXPERIMENT RESULTS,1087120,A,0,872.9402623564732,1.0,0,1,typing
SYNTHETIC DEMONSTRATION ONLY - NOT HUMAN EXPERIMENT RESULTS,1087140,A,0,872.8567687087235,1.0,0,1,typing
SYNTHETIC DEMONSTRATION ONLY - NOT HUMAN EXPERIMENT RESULTS,1087160,A,0,872.7736608263721,1.0,0,1,typing
SYNTHETIC DEMONSTRATION ONLY - NOT HUMAN EXPERIMENT RESULTS,1087180,A,0,872.6909398905659,1.0,0,1,typing
SYNTHETIC DEMONSTRATION ONLY - NOT HUMAN EXPERIMENT RESULTS,1087200,A,0,872.6086070769528,1.0,0,1,typing
SYNTHETIC DEMONSTRATION ONLY - NOT HUMAN EXPERIMENT RESULTS,1087220,A,0,872.5266635556641,1.0,0,1,typing
SYNTHETIC DEMONSTRATION ONLY - NOT HUMAN EXPERIMENT RESULTS,1087240,A,0,872.4451104912985,1.0,0,1,typing
SYNTHETIC DEMONSTRATION ONLY - NOT HUMAN EXPERIMENT RESULTS,1087260,A,0,872.3639490429058,1.0,0,1,typing
SYNTHETIC DEMONSTRATION ONLY - NOT HUMAN EXPERIMENT RESULTS,1087280,A,0,872.2831803639697,1.0,0,1,typing
SYNTHETIC DEMONSTRATION ONLY - NOT HUMAN EXPERIMENT RESULTS,1087300,A,0,872.202805602392,1.0,0,1,typing
SYNTHETIC DEMONSTRATION ONLY - NOT HUMAN EXPERIMENT RESULTS,1087320,A,0,872.122825900476,1.0,0,1,typing
SYNTHETIC DEMONSTRATION ONLY - NOT HUMAN EXPERIMENT RESULTS,1087340,A,0,872.0432423949101,1.0,0,1,typing
SYNTHETIC DEMONSTRATION ONLY - NOT HUMAN EXPERIMENT RESULTS,1087360,A,0,871.9640562167523,1.0,0,1,typing
SYNTHETIC DEMONSTRATION ONLY - NOT HUMAN EXPERIMENT RESULTS,1087380,A,0,871.8852684914133,1.0,0,1,typing
SYNTHETIC DEMONSTRATION ONLY - NOT HUMAN EXPERIMENT RESULTS,1087400,A,0,871.8068803386411,1.0,0,1,typing
SYNTHETIC DEMONSTRATION ONLY - NOT HUMAN EXPERIMENT RESULTS,1087420,A,0,871.728892872505,1.0,0,1,typing
SYNTHETIC DEMONSTRATION ONLY - NOT HUMAN EXPERIMENT RESULTS,1087440,A,0,871.6513072013794,1.0,0,1,typing
SYNTHETIC DEMONSTRATION ONLY - NOT HUMAN EXPERIMENT RESULTS,1087460,A,0,871.5741244279285,1.0,0,1,typing
SYNTHETIC DEMONSTRATION ONLY - NOT HUMAN EXPERIMENT RESULTS,1087480,A,0,871.4973456490902,1.0,0,1,typing
SYNTHETIC DEMONSTRATION ONLY - NOT HUMAN EXPERIMENT RESULTS,1087500,A,0,871.4209719560611,1.0,0,1,typing
SYNTHETIC DEMONSTRATION ONLY - NOT HUMAN EXPERIMENT RESULTS,1087520,A,0,871.3450044342802,1.0,0,1,typing
SYNTHETIC DEMONSTRATION ONLY - NOT HUMAN EXPERIMENT RESULTS,1087540,A,0,871.2694441634144,1.0,0,1,typing
SYNTHETIC DEMONSTRATION ONLY - NOT HUMAN EXPERIMENT RESULTS,1087560,A,0,871.1942922173422,1.0,0,1,typing
SYNTHETIC DEMONSTRATION ONLY - NOT HUMAN EXPERIMENT RESULTS,1087580,A,0,871.1195496641393,1.0,0,1,typing
SYNTHETIC DEMONSTRATION ONLY - NOT HUMAN EXPERIMENT RESULTS,1087600,A,0,871.0452175660625,1.0,0,1,typing
SYNTHETIC DEMONSTRATION ONLY - NOT HUMAN EXPERIMENT RESULTS,1087620,A,0,870.9712969795359,1.0,0,1,typing
SYNTHETIC DEMONSTRATION ONLY - NOT HUMAN EXPERIMENT RESULTS,1087640,A,0,870.8977889551343,1.0,0,1,typing
SYNTHETIC DEMONSTRATION ONLY - NOT HUMAN EXPERIMENT RESULTS,1087660,A,0,870.8246945375695,1.0,0,1,typing
SYNTHETIC DEMONSTRATION ONLY - NOT HUMAN EXPERIMENT RESULTS,1087680,A,0,870.752014765675,1.0,0,1,typing
SYNTHETIC DEMONSTRATION ONLY - NOT HUMAN EXPERIMENT RESULTS,1087700,A,0,870.6797506723913,1.0,0,1,typing
SYNTHETIC DEMONSTRATION ONLY - NOT HUMAN EXPERIMENT RESULTS,1087720,A,0,870.607903284751,1.0,0,1,typing
SYNTHETIC DEMONSTRATION ONLY - NOT HUMAN EXPERIMENT RESULTS,1087740,A,0,870.5364736238647,1.0,0,1,typing
SYNTHETIC DEMONSTRATION ONLY - NOT HUMAN EXPERIMENT RESULTS,1087760,A,0,870.4654627049057,1.0,0,1,typing
SYNTHETIC DEMONSTRATION ONLY - NOT HUMAN EXPERIMENT RESULTS,1087780,A,0,870.3948715370967,1.0,0,1,typing
SYNTHETIC DEMONSTRATION ONLY - NOT HUMAN EXPERIMENT RESULTS,1087800,A,0,870.3247011236942,1.0,0,1,typing
SYNTHETIC DEMONSTRATION ONLY - NOT HUMAN EXPERIMENT RESULTS,1087820,A,0,870.2549524619751,1.0,0,1,typing
SYNTHETIC DEMONSTRATION ONLY - NOT HUMAN EXPERIMENT RESULTS,1087840,A,0,870.1856265432224,1.0,0,1,typing
SYNTHETIC DEMONSTRATION ONLY - NOT HUMAN EXPERIMENT RESULTS,1087860,A,0,870.1167243527109,1.0,0,1,typing
SYNTHETIC DEMONSTRATION ONLY - NOT HUMAN EXPERIMENT RESULTS,1087880,A,0,870.048246869693,1.0,0,1,typing
SYNTHETIC DEMONSTRATION ONLY - NOT HUMAN EXPERIMENT RESULTS,1087900,A,0,869.9801950673854,1.0,0,1,typing
SYNTHETIC DEMONSTRATION ONLY - NOT HUMAN EXPERIMENT RESULTS,1087920,A,0,869.912569912955,1.0,0,1,typing
SYNTHETIC DEMONSTRATION ONLY - NOT HUMAN EXPERIMENT RESULTS,1087940,A,0,869.8453723675048,1.0,0,1,typing
SYNTHETIC DEMONSTRATION ONLY - NOT HUMAN EXPERIMENT RESULTS,1087960,A,0,869.7786033860606,1.0,0,1,typing
SYNTHETIC DEMONSTRATION ONLY - NOT HUMAN EXPERIMENT RESULTS,1087980,A,0,869.7122639175576,1.0,0,1,typing
SYNTHETIC DEMONSTRATION ONLY - NOT HUMAN EXPERIMENT RESULTS,1088000,A,0,869.6463549048264,1.0,0,1,typing
SYNTHETIC DEMONSTRATION ONLY - NOT HUMAN EXPERIMENT RESULTS,1088020,A,0,869.58087728458,1.0,0,1,typing
SYNTHETIC DEMONSTRATION ONLY - NOT HUMAN EXPERIMENT RESULTS,1088040,A,0,869.5158319874001,1.0,0,1,typing
SYNTHETIC DEMONSTRATION ONLY - NOT HUMAN EXPERIMENT RESULTS,1088060,A,0,869.4512199377247,1.0,0,1,typing
SYNTHETIC DEMONSTRATION ONLY - NOT HUMAN EXPERIMENT RESULTS,1088080,A,0,869.3870420538337,1.0,0,1,typing
SYNTHETIC DEMONSTRATION ONLY - NOT HUMAN EXPERIMENT RESULTS,1088100,A,0,869.3232992478372,1.0,0,1,typing
SYNTHETIC DEMONSTRATION ONLY - NOT HUMAN EXPERIMENT RESULTS,1088120,A,0,869.2599924256614,1.0,0,1,typing
SYNTHETIC DEMONSTRATION ONLY - NOT HUMAN EXPERIMENT RESULTS,1088140,A,0,869.1971224870364,1.0,0,1,typing
SYNTHETIC DEMONSTRATION ONLY - NOT HUMAN EXPERIMENT RESULTS,1088160,A,0,869.1346903254831,1.0,0,1,typing
SYNTHETIC DEMONSTRATION ONLY - NOT HUMAN EXPERIMENT RESULTS,1088180,A,0,869.0726968283009,1.0,0,1,typing
SYNTHETIC DEMONSTRATION ONLY - NOT HUMAN EXPERIMENT RESULTS,1088200,A,0,869.0111428765546,1.0,0,1,typing
SYNTHETIC DEMONSTRATION ONLY - NOT HUMAN EXPERIMENT RESULTS,1088220,A,0,868.9500293450618,1.0,0,1,typing
SYNTHETIC DEMONSTRATION ONLY - NOT HUMAN EXPERIMENT RESULTS,1088240,A,0,868.8893571023815,1.0,0,1,typing
SYNTHETIC DEMONSTRATION ONLY - NOT HUMAN EXPERIMENT RESULTS,1088260,A,0,868.8291270108002,1.0,0,1,typing
SYNTHETIC DEMONSTRATION ONLY - NOT HUMAN EXPERIMENT RESULTS,1088280,A,0,868.769339926321,1.0,0,1,typing
SYNTHETIC DEMONSTRATION ONLY - NOT HUMAN EXPERIMENT RESULTS,1088300,A,0,868.7099966986507,1.0,0,1,typing
SYNTHETIC DEMONSTRATION ONLY - NOT HUMAN EXPERIMENT RESULTS,1088320,A,0,868.6510981711879,1.0,0,1,typing
SYNTHETIC DEMONSTRATION ONLY - NOT HUMAN EXPERIMENT RESULTS,1088340,A,0,868.592645181011,1.0,0,1,typing
SYNTHETIC DEMONSTRATION ONLY - NOT HUMAN EXPERIMENT RESULTS,1088360,A,0,868.5346385588665,1.0,0,1,typing
SYNTHETIC DEMONSTRATION ONLY - NOT HUMAN EXPERIMENT RESULTS,1088380,A,0,868.4770791291569,1.0,0,1,typing
SYNTHETIC DEMONSTRATION ONLY - NOT HUMAN EXPERIMENT RESULTS,1088400,A,0,868.4199677099289,1.0,0,1,typing
SYNTHETIC DEMONSTRATION ONLY - NOT HUMAN EXPERIMENT RESULTS,1088420,A,0,868.3633051128622,1.0,0,1,typing
SYNTHETIC DEMONSTRATION ONLY - NOT HUMAN EXPERIMENT RESULTS,1088440,A,0,868.307092143258,1.0,0,1,typing
SYNTHETIC DEMONSTRATION ONLY - NOT HUMAN EXPERIMENT RESULTS,1088460,A,0,868.2513296000268,1.0,0,1,typing
SYNTHETIC DEMONSTRATION ONLY - NOT HUMAN EXPERIMENT RESULTS,1088480,A,0,868.196018275678,1.0,0,1,typing
SYNTHETIC DEMONSTRATION ONLY - NOT HUMAN EXPERIMENT RESULTS,1088500,A,0,868.1411589563075,1.0,0,1,typing
SYNTHETIC DEMONSTRATION ONLY - NOT HUMAN EXPERIMENT RESULTS,1088520,A,0,868.0867524215881,1.0,0,1,typing
SYNTHETIC DEMONSTRATION ONLY - NOT HUMAN EXPERIMENT RESULTS,1088540,A,0,868.032799444757,1.0,0,1,typing
SYNTHETIC DEMONSTRATION ONLY - NOT HUMAN EXPERIMENT RESULTS,1088560,A,0,867.9793007926053,1.0,0,1,typing
SYNTHETIC DEMONSTRATION ONLY - NOT HUMAN EXPERIMENT RESULTS,1088580,A,0,867.9262572254672,1.0,0,1,typing
SYNTHETIC DEMONSTRATION ONLY - NOT HUMAN EXPERIMENT RESULTS,1088600,A,0,867.8736694972094,1.0,0,1,typing
SYNTHETIC DEMONSTRATION ONLY - NOT HUMAN EXPERIMENT RESULTS,1088620,A,0,867.8215383552199,1.0,0,1,typing
SYNTHETIC DEMONSTRATION ONLY - NOT HUMAN EXPERIMENT RESULTS,1088640,A,0,867.7698645403976,1.0,0,1,typing
SYNTHETIC DEMONSTRATION ONLY - NOT HUMAN EXPERIMENT RESULTS,1088660,A,0,867.7186487871417,1.0,0,1,typing
SYNTHETIC DEMONSTRATION ONLY - NOT HUMAN EXPERIMENT RESULTS,1088680,A,0,867.6678918233415,1.0,0,1,typing
SYNTHETIC DEMONSTRATION ONLY - NOT HUMAN EXPERIMENT RESULTS,1088700,A,0,867.6175943703657,1.0,0,1,typing
SYNTHETIC DEMONSTRATION ONLY - NOT HUMAN EXPERIMENT RESULTS,1088720,A,0,867.5677571430526,1.0,0,1,typing
SYNTHETIC DEMONSTRATION ONLY - NOT HUMAN EXPERIMENT RESULTS,1088740,A,0,867.5183808496995,1.0,0,1,typing
SYNTHETIC DEMONSTRATION ONLY - NOT HUMAN EXPERIMENT RESULTS,1088760,A,0,867.4694661920526,1.0,0,1,typing
SYNTHETIC DEMONSTRATION ONLY - NOT HUMAN EXPERIMENT RESULTS,1088780,A,0,867.4210138652977,1.0,0,1,typing
SYNTHETIC DEMONSTRATION ONLY - NOT HUMAN EXPERIMENT RESULTS,1088800,A,0,867.3730245580496,1.0,0,1,typing
SYNTHETIC DEMONSTRATION ONLY - NOT HUMAN EXPERIMENT RESULTS,1088820,A,0,867.3254989523424,1.0,0,1,typing
SYNTHETIC DEMONSTRATION ONLY - NOT HUMAN EXPERIMENT RESULTS,1088840,A,0,867.2784377236203,1.0,0,1,typing
SYNTHETIC DEMONSTRATION ONLY - NOT HUMAN EXPERIMENT RESULTS,1088860,A,0,867.2318415407275,1.0,0,1,typing
SYNTHETIC DEMONSTRATION ONLY - NOT HUMAN EXPERIMENT RESULTS,1088880,A,0,867.1857110658989,1.0,0,1,typing
SYNTHETIC DEMONSTRATION ONLY - NOT HUMAN EXPERIMENT RESULTS,1088900,A,0,867.1400469547507,1.0,0,1,typing
SYNTHETIC DEMONSTRATION ONLY - NOT HUMAN EXPERIMENT RESULTS,1088920,A,0,867.0948498562709,1.0,0,1,typing
SYNTHETIC DEMONSTRATION ONLY - NOT HUMAN EXPERIMENT RESULTS,1088940,A,0,867.0501204128104,1.0,0,1,typing
SYNTHETIC DEMONSTRATION ONLY - NOT HUMAN EXPERIMENT RESULTS,1088960,A,0,867.0058592600735,1.0,0,1,typing
SYNTHETIC DEMONSTRATION ONLY - NOT HUMAN EXPERIMENT RESULTS,1088980,A,0,866.9620670271094,1.0,0,1,typing
SYNTHETIC DEMONSTRATION ONLY - NOT HUMAN EXPERIMENT RESULTS,1089000,A,0,866.9187443363023,1.0,0,1,typing
SYNTHETIC DEMONSTRATION ONLY - NOT HUMAN EXPERIMENT RESULTS,1089020,A,0,866.8758918033637,1.0,0,1,typing
SYNTHETIC DEMONSTRATION ONLY - NOT HUMAN EXPERIMENT RESULTS,1089040,A,0,866.8335100373231,1.0,0,1,typing
SYNTHETIC DEMONSTRATION ONLY - NOT HUMAN EXPERIMENT RESULTS,1089060,A,0,866.7915996405189,1.0,0,1,typing
SYNTHETIC DEMONSTRATION ONLY - NOT HUMAN EXPERIMENT RESULTS,1089080,A,0,866.750161208591,1.0,0,1,typing
SYNTHETIC DEMONSTRATION ONLY - NOT HUMAN EXPERIMENT RESULTS,1089100,A,0,866.7091953304708,1.0,0,1,typing
SYNTHETIC DEMONSTRATION ONLY - NOT HUMAN EXPERIMENT RESULTS,1089120,A,0,866.6687025883745,1.0,0,1,typing
SYNTHETIC DEMONSTRATION ONLY - NOT HUMAN EXPERIMENT RESULTS,1089140,A,0,866.6286835577934,1.0,0,1,typing
SYNTHETIC DEMONSTRATION ONLY - NOT HUMAN EXPERIMENT RESULTS,1089160,A,0,866.5891388074864,1.0,0,1,typing
SYNTHETIC DEMONSTRATION ONLY - NOT HUMAN EXPERIMENT RESULTS,1089180,A,0,866.5500688994722,1.0,0,1,typing
SYNTHETIC DEMONSTRATION ONLY - NOT HUMAN EXPERIMENT RESULTS,1089200,A,0,866.5114743890205,1.0,0,1,typing
SYNTHETIC DEMONSTRATION ONLY - NOT HUMAN EXPERIMENT RESULTS,1089220,A,0,866.4733558246447,1.0,0,1,typing
SYNTHETIC DEMONSTRATION ONLY - NOT HUMAN EXPERIMENT RESULTS,1089240,A,0,866.435713748094,1.0,0,1,typing
SYNTHETIC DEMONSTRATION ONLY - NOT HUMAN EXPERIMENT RESULTS,1089260,A,0,866.3985486943458,1.0,0,1,typing
SYNTHETIC DEMONSTRATION ONLY - NOT HUMAN EXPERIMENT RESULTS,1089280,A,0,866.3618611915975,1.0,0,1,typing
SYNTHETIC DEMONSTRATION ONLY - NOT HUMAN EXPERIMENT RESULTS,1089300,A,0,866.32565176126,1.0,0,1,typing
SYNTHETIC DEMONSTRATION ONLY - NOT HUMAN EXPERIMENT RESULTS,1089320,A,0,866.2899209179493,1.0,0,1,typing
SYNTHETIC DEMONSTRATION ONLY - NOT HUMAN EXPERIMENT RESULTS,1089340,A,0,866.2546691694797,1.0,0,1,typing
SYNTHETIC DEMONSTRATION ONLY - NOT HUMAN EXPERIMENT RESULTS,1089360,A,0,866.2198970168567,1.0,0,1,typing
SYNTHETIC DEMONSTRATION ONLY - NOT HUMAN EXPERIMENT RESULTS,1089380,A,0,866.1856049542697,1.0,0,1,typing
SYNTHETIC DEMONSTRATION ONLY - NOT HUMAN EXPERIMENT RESULTS,1089400,A,0,866.1517934690844,1.0,0,1,typing
SYNTHETIC DEMONSTRATION ONLY - NOT HUMAN EXPERIMENT RESULTS,1089420,A,0,866.1184630418372,1.0,0,1,typing
SYNTHETIC DEMONSTRATION ONLY - NOT HUMAN EXPERIMENT RESULTS,1089440,A,0,866.0856141462272,1.0,0,1,typing
SYNTHETIC DEMONSTRATION ONLY - NOT HUMAN EXPERIMENT RESULTS,1089460,A,0,866.0532472491097,1.0,0,1,typing
SYNTHETIC DEMONSTRATION ONLY - NOT HUMAN EXPERIMENT RESULTS,1089480,A,0,866.0213628104902,1.0,0,1,typing
SYNTHETIC DEMONSTRATION ONLY - NOT HUMAN EXPERIMENT RESULTS,1089500,A,0,865.9899612835171,1.0,0,1,typing
SYNTHETIC DEMONSTRATION ONLY - NOT HUMAN EXPERIMENT RESULTS,1089520,A,0,865.9590431144754,1.0,0,1,typing
SYNTHETIC DEMONSTRATION ONLY - NOT HUMAN EXPERIMENT RESULTS,1089540,A,0,865.9286087427811,1.0,0,1,typing
SYNTHETIC DEMONSTRATION ONLY - NOT HUMAN EXPERIMENT RESULTS,1089560,A,0,865.8986586009736,1.0,0,1,typing
SYNTHETIC DEMONSTRATION ONLY - NOT HUMAN EXPERIMENT RESULTS,1089580,A,0,865.8691931147109,1.0,0,1,typing
SYNTHETIC DEMONSTRATION ONLY - NOT HUMAN EXPERIMENT RESULTS,1089600,A,0,865.8402127027629,1.0,0,1,typing
SYNTHETIC DEMONSTRATION ONLY - NOT HUMAN EXPERIMENT RESULTS,1089620,A,0,865.8117177770051,1.0,0,1,typing
SYNTHETIC DEMONSTRATION ONLY - NOT HUMAN EXPERIMENT RESULTS,1089640,A,0,865.7837087424138,1.0,0,1,typing
SYNTHETIC DEMONSTRATION ONLY - NOT HUMAN EXPERIMENT RESULTS,1089660,A,0,865.756185997059,1.0,0,1,typing
SYNTHETIC DEMONSTRATION ONLY - NOT HUMAN EXPERIMENT RESULTS,1089680,A,0,865.7291499321002,1.0,0,1,typing
SYNTHETIC DEMONSTRATION ONLY - NOT HUMAN EXPERIMENT RESULTS,1089700,A,0,865.7026009317794,1.0,0,1,typing
SYNTHETIC DEMONSTRATION ONLY - NOT HUMAN EXPERIMENT RESULTS,1089720,A,0,865.6765393734171,1.0,0,1,typing
SYNTHETIC DEMONSTRATION ONLY - NOT HUMAN EXPERIMENT RESULTS,1089740,A,0,865.6509656274053,1.0,0,1,typing
SYNTHETIC DEMONSTRATION ONLY - NOT HUMAN EXPERIMENT RESULTS,1089760,A,0,865.6258800572036,1.0,0,1,typing
SYNTHETIC DEMONSTRATION ONLY - NOT HUMAN EXPERIMENT RESULTS,1089780,A,0,865.6012830193338,1.0,0,1,typing
SYNTHETIC DEMONSTRATION ONLY - NOT HUMAN EXPERIMENT RESULTS,1089800,A,0,865.5771748633739,1.0,0,1,typing
SYNTHETIC DEMONSTRATION ONLY - NOT HUMAN EXPERIMENT RESULTS,1089820,A,0,865.5535559319544,1.0,0,1,typing
SYNTHETIC DEMONSTRATION ONLY - NOT HUMAN EXPERIMENT RESULTS,1089840,A,0,865.5304265607524,1.0,0,1,typing
SYNTHETIC DEMONSTRATION ONLY - NOT HUMAN EXPERIMENT RESULTS,1089860,A,0,865.5077870784876,1.0,0,1,typing
SYNTHETIC DEMONSTRATION ONLY - NOT HUMAN EXPERIMENT RESULTS,1089880,A,0,865.4856378069171,1.0,0,1,typing
SYNTHETIC DEMONSTRATION ONLY - NOT HUMAN EXPERIMENT RESULTS,1089900,A,0,865.4639790608311,1.0,0,1,typing
SYNTHETIC DEMONSTRATION ONLY - NOT HUMAN EXPERIMENT RESULTS,1089920,A,0,865.4428111480483,1.0,0,1,typing
SYNTHETIC DEMONSTRATION ONLY - NOT HUMAN EXPERIMENT RESULTS,1089940,A,0,865.4221343694117,1.0,0,1,typing
SYNTHETIC DEMONSTRATION ONLY - NOT HUMAN EXPERIMENT RESULTS,1089960,A,0,865.4019490187839,1.0,0,1,typing
SYNTHETIC DEMONSTRATION ONLY - NOT HUMAN EXPERIMENT RESULTS,1089980,A,0,865.3822553830435,1.0,0,1,typing
SYNTHETIC DEMONSTRATION ONLY - NOT HUMAN EXPERIMENT RESULTS,1090000,A,0,865.3630537420806,1.0,0,1,mouse
SYNTHETIC DEMONSTRATION ONLY - NOT HUMAN EXPERIMENT RESULTS,1090020,A,0,865.3443443687931,1.0,0,1,mouse
SYNTHETIC DEMONSTRATION ONLY - NOT HUMAN EXPERIMENT RESULTS,1090040,A,0,865.3261275290828,1.0,0,1,mouse
SYNTHETIC DEMONSTRATION ONLY - NOT HUMAN EXPERIMENT RESULTS,1090060,A,0,865.308403481851,1.0,0,1,mouse
SYNTHETIC DEMONSTRATION ONLY - NOT HUMAN EXPERIMENT RESULTS,1090080,A,0,865.2911724789957,1.0,0,1,mouse
SYNTHETIC DEMONSTRATION ONLY - NOT HUMAN EXPERIMENT RESULTS,1090100,A,0,865.2744347654076,1.0,0,1,mouse
SYNTHETIC DEMONSTRATION ONLY - NOT HUMAN EXPERIMENT RESULTS,1090120,A,0,865.2581905789668,1.0,0,1,mouse
SYNTHETIC DEMONSTRATION ONLY - NOT HUMAN EXPERIMENT RESULTS,1090140,A,0,865.2424401505391,1.0,0,1,mouse
SYNTHETIC DEMONSTRATION ONLY - NOT HUMAN EXPERIMENT RESULTS,1090160,A,0,865.2271837039729,1.0,0,1,mouse
SYNTHETIC DEMONSTRATION ONLY - NOT HUMAN EXPERIMENT RESULTS,1090180,A,0,865.212421456096,1.0,0,1,mouse
SYNTHETIC DEMONSTRATION ONLY - NOT HUMAN EXPERIMENT RESULTS,1090200,A,0,865.1981536167126,1.0,0,1,mouse
SYNTHETIC DEMONSTRATION ONLY - NOT HUMAN EXPERIMENT RESULTS,1090220,A,0,865.1843803886005,1.0,0,1,mouse
SYNTHETIC DEMONSTRATION ONLY - NOT HUMAN EXPERIMENT RESULTS,1090240,A,0,865.1711019675076,1.0,0,1,mouse
SYNTHETIC DEMONSTRATION ONLY - NOT HUMAN EXPERIMENT RESULTS,1090260,A,0,865.1583185421498,1.0,0,1,mouse
SYNTHETIC DEMONSTRATION ONLY - NOT HUMAN EXPERIMENT RESULTS,1090280,A,0,865.1460302942077,1.0,0,1,mouse
SYNTHETIC DEMONSTRATION ONLY - NOT HUMAN EXPERIMENT RESULTS,1090300,A,0,865.1342373983246,1.0,0,1,mouse
SYNTHETIC DEMONSTRATION ONLY - NOT HUMAN EXPERIMENT RESULTS,1090320,A,0,865.1229400221035,1.0,0,1,mouse
SYNTHETIC DEMONSTRATION ONLY - NOT HUMAN EXPERIMENT RESULTS,1090340,A,0,865.1121383261053,1.0,0,1,mouse
SYNTHETIC DEMONSTRATION ONLY - NOT HUMAN EXPERIMENT RESULTS,1090360,A,0,865.101832463846,1.0,0,1,mouse
SYNTHETIC DEMONSTRATION ONLY - NOT HUMAN EXPERIMENT RESULTS,1090380,A,0,865.0920225817946,1.0,0,1,mouse
SYNTHETIC DEMONSTRATION ONLY - NOT HUMAN EXPERIMENT RESULTS,1090400,A,0,865.0827088193714,1.0,0,1,mouse
SYNTHETIC DEMONSTRATION ONLY - NOT HUMAN EXPERIMENT RESULTS,1090420,A,0,865.0738913089453,1.0,0,1,mouse
SYNTHETIC DEMONSTRATION ONLY - NOT HUMAN EXPERIMENT RESULTS,1090440,A,0,865.065570175833,1.0,0,1,mouse
SYNTHETIC DEMONSTRATION ONLY - NOT HUMAN EXPERIMENT RESULTS,1090460,A,0,865.057745538296,1.0,0,1,mouse
SYNTHETIC DEMONSTRATION ONLY - NOT HUMAN EXPERIMENT RESULTS,1090480,A,0,865.0504175075398,1.0,0,1,mouse
SYNTHETIC DEMONSTRATION ONLY - NOT HUMAN EXPERIMENT RESULTS,1090500,A,0,865.0435861877119,1.0,0,1,mouse
SYNTHETIC DEMONSTRATION ONLY - NOT HUMAN EXPERIMENT RESULTS,1090520,A,0,865.0372516759004,1.0,0,1,mouse
SYNTHETIC DEMONSTRATION ONLY - NOT HUMAN EXPERIMENT RESULTS,1090540,A,0,865.0314140621329,1.0,0,1,mouse
SYNTHETIC DEMONSTRATION ONLY - NOT HUMAN EXPERIMENT RESULTS,1090560,A,0,865.0260734293747,1.0,0,1,mouse
SYNTHETIC DEMONSTRATION ONLY - NOT HUMAN EXPERIMENT RESULTS,1090580,A,0,865.021229853528,1.0,0,1,mouse
SYNTHETIC DEMONSTRATION ONLY - NOT HUMAN EXPERIMENT RESULTS,1090600,A,0,865.0168834034308,1.0,0,1,mouse
SYNTHETIC DEMONSTRATION ONLY - NOT HUMAN EXPERIMENT RESULTS,1090620,A,0,865.0130341408558,1.0,0,1,mouse
SYNTHETIC DEMONSTRATION ONLY - NOT HUMAN EXPERIMENT RESULTS,1090640,A,0,865.0096821205094,1.0,0,1,mouse
SYNTHETIC DEMONSTRATION ONLY - NOT HUMAN EXPERIMENT RESULTS,1090660,A,0,865.0068273900314,1.0,0,1,mouse
SYNTHETIC DEMONSTRATION ONLY - NOT HUMAN EXPERIMENT RESULTS,1090680,A,0,865.0044699899937,1.0,0,1,mouse
SYNTHETIC DEMONSTRATION ONLY - NOT HUMAN EXPERIMENT RESULTS,1090700,A,0,865.0026099539002,1.0,0,1,mouse
SYNTHETIC DEMONSTRATION ONLY - NOT HUMAN EXPERIMENT RESULTS,1090720,A,0,865.0012473081863,1.0,0,1,mouse
SYNTHETIC DEMONSTRATION ONLY - NOT HUMAN EXPERIMENT RESULTS,1090740,A,0,865.0003820722179,1.0,0,1,mouse
SYNTHETIC DEMONSTRATION ONLY - NOT HUMAN EXPERIMENT RESULTS,1090760,A,0,865.0000142582923,1.0,0,1,mouse
SYNTHETIC DEMONSTRATION ONLY - NOT HUMAN EXPERIMENT RESULTS,1090780,A,0,865.0001438716365,1.0,0,1,mouse
SYNTHETIC DEMONSTRATION ONLY - NOT HUMAN EXPERIMENT RESULTS,1090800,A,0,865.0007709104088,1.0,0,1,mouse
SYNTHETIC DEMONSTRATION ONLY - NOT HUMAN EXPERIMENT RESULTS,1090820,A,0,865.0018953656975,1.0,0,1,mouse
SYNTHETIC DEMONSTRATION ONLY - NOT HUMAN EXPERIMENT RESULTS,1090840,A,0,865.0035172215214,1.0,0,1,mouse
SYNTHETIC DEMONSTRATION ONLY - NOT HUMAN EXPERIMENT RESULTS,1090860,A,0,865.0056364548306,1.0,0,1,mouse
SYNTHETIC DEMONSTRATION ONLY - NOT HUMAN EXPERIMENT RESULTS,1090880,A,0,865.008253035506,1.0,0,1,mouse
SYNTHETIC DEMONSTRATION ONLY - NOT HUMAN EXPERIMENT RESULTS,1090900,A,0,865.01136692636,1.0,0,1,mouse
SYNTHETIC DEMONSTRATION ONLY - NOT HUMAN EXPERIMENT RESULTS,1090920,A,0,865.0149780831376,1.0,0,1,mouse
SYNTHETIC DEMONSTRATION ONLY - NOT HUMAN EXPERIMENT RESULTS,1090940,A,0,865.0190864545162,1.0,0,1,mouse
SYNTHETIC DEMONSTRATION ONLY - NOT HUMAN EXPERIMENT RESULTS,1090960,A,0,865.0236919821067,1.0,0,1,mouse
SYNTHETIC DEMONSTRATION ONLY - NOT HUMAN EXPERIMENT RESULTS,1090980,A,0,865.0287946004544,1.0,0,1,mouse
SYNTHETIC DEMONSTRATION ONLY - NOT HUMAN EXPERIMENT RESULTS,1091000,A,0,865.0343942370398,1.0,0,1,mouse
SYNTHETIC DEMONSTRATION ONLY - NOT HUMAN EXPERIMENT RESULTS,1091020,A,0,865.0404908122796,1.0,0,1,mouse
SYNTHETIC DEMONSTRATION ONLY - NOT HUMAN EXPERIMENT RESULTS,1091040,A,0,865.047084239528,1.0,0,1,mouse
SYNTHETIC DEMONSTRATION ONLY - NOT HUMAN EXPERIMENT RESULTS,1091060,A,0,865.0541744250778,1.0,0,1,mouse
SYNTHETIC DEMONSTRATION ONLY - NOT HUMAN EXPERIMENT RESULTS,1091080,A,0,865.0617612681618,1.0,0,1,mouse
SYNTHETIC DEMONSTRATION ONLY - NOT HUMAN EXPERIMENT RESULTS,1091100,A,0,865.0698446609542,1.0,0,1,mouse
SYNTHETIC DEMONSTRATION ONLY - NOT HUMAN EXPERIMENT RESULTS,1091120,A,0,865.0784244885721,1.0,0,1,mouse
SYNTHETIC DEMONSTRATION ONLY - NOT HUMAN EXPERIMENT RESULTS,1091140,A,0,865.087500629077,1.0,0,1,mouse
SYNTHETIC DEMONSTRATION ONLY - NOT HUMAN EXPERIMENT RESULTS,1091160,A,0,865.097072953477,1.0,0,1,mouse
SYNTHETIC DEMONSTRATION ONLY - NOT HUMAN EXPERIMENT RESULTS,1091180,A,0,865.1071413257282,1.0,0,1,mouse
SYNTHETIC DEMONSTRATION ONLY - NOT HUMAN EXPERIMENT RESULTS,1091200,A,0,865.1177056027366,1.0,0,1,mouse
SYNTHETIC DEMONSTRATION ONLY - NOT HUMAN EXPERIMENT RESULTS,1091220,A,0,865.1287656343605,1.0,0,1,mouse
SYNTHETIC DEMONSTRATION ONLY - NOT HUMAN EXPERIMENT RESULTS,1091240,A,0,865.1403212634125,1.0,0,1,mouse
SYNTHETIC DEMONSTRATION ONLY - NOT HUMAN EXPERIMENT RESULTS,1091260,A,0,865.1523723256614,1.0,0,1,mouse
SYNTHETIC DEMONSTRATION ONLY - NOT HUMAN EXPERIMENT RESULTS,1091280,A,0,865.164918649835,1.0,0,1,mouse
SYNTHETIC DEMONSTRATION ONLY - NOT HUMAN EXPERIMENT RESULTS,1091300,A,0,865.1779600576222,1.0,0,1,mouse
SYNTHETIC DEMONSTRATION ONLY - NOT HUMAN EXPERIMENT RESULTS,1091320,A,0,865.1914963636757,1.0,0,1,mouse
SYNTHETIC DEMONSTRATION ONLY - NOT HUMAN EXPERIMENT RESULTS,1091340,A,0,865.2055273756147,1.0,0,1,mouse
SYNTHETIC DEMONSTRATION ONLY - NOT HUMAN EXPERIMENT RESULTS,1091360,A,0,865.2200528940275,1.0,0,1,mouse
SYNTHETIC DEMONSTRATION ONLY - NOT HUMAN EXPERIMENT RESULTS,1091380,A,0,865.2350727124742,1.0,0,1,mouse
SYNTHETIC DEMONSTRATION ONLY - NOT HUMAN EXPERIMENT RESULTS,1091400,A,0,865.25058661749,1.0,0,1,mouse
SYNTHETIC DEMONSTRATION ONLY - NOT HUMAN EXPERIMENT RESULTS,1091420,A,0,865.266594388588,1.0,0,1,mouse
SYNTHETIC DEMONSTRATION ONLY - NOT HUMAN EXPERIMENT RESULTS,1091440,A,0,865.2830957982624,1.0,0,1,mouse
SYNTHETIC DEMONSTRATION ONLY - NOT HUMAN EXPERIMENT RESULTS,1091460,A,0,865.3000906119914,1.0,0,1,mouse
SYNTHETIC DEMONSTRATION ONLY - NOT HUMAN EXPERIMENT RESULTS,1091480,A,0,865.3175785882413,1.0,0,1,mouse
SYNTHETIC DEMONSTRATION ONLY - NOT HUMAN EXPERIMENT RESULTS,1091500,A,0,865.3355594784692,1.0,0,1,mouse
SYNTHETIC DEMONSTRATION ONLY - NOT HUMAN EXPERIMENT RESULTS,1091520,A,0,865.3540330271268,1.0,0,1,mouse
SYNTHETIC DEMONSTRATION ONLY - NOT HUMAN EXPERIMENT RESULTS,1091540,A,0,865.3729989716642,1.0,0,1,mouse
SYNTHETIC DEMONSTRATION ONLY - NOT HUMAN EXPERIMENT RESULTS,1091560,A,0,865.3924570425332,1.0,0,1,mouse
SYNTHETIC DEMONSTRATION ONLY - NOT HUMAN EXPERIMENT RESULTS,1091580,A,0,865.4124069631916,1.0,0,1,mouse
SYNTHETIC DEMONSTRATION ONLY - NOT HUMAN EXPERIMENT RESULTS,1091600,A,0,865.4328484501069,1.0,0,1,mouse
SYNTHETIC DEMONSTRATION ONLY - NOT HUMAN EXPERIMENT RESULTS,1091620,A,0,865.4537812127603,1.0,0,1,mouse
SYNTHETIC DEMONSTRATION ONLY - NOT HUMAN EXPERIMENT RESULTS,1091640,A,0,865.4752049536509,1.0,0,1,mouse
SYNTHETIC DEMONSTRATION ONLY - NOT HUMAN EXPERIMENT RESULTS,1091660,A,0,865.4971193682999,1.0,0,1,mouse
SYNTHETIC DEMONSTRATION ONLY - NOT HUMAN EXPERIMENT RESULTS,1091680,A,0,865.519524145255,1.0,0,1,mouse
SYNTHETIC DEMONSTRATION ONLY - NOT HUMAN EXPERIMENT RESULTS,1091700,A,0,865.5424189660946,1.0,0,1,mouse
SYNTHETIC DEMONSTRATION ONLY - NOT HUMAN EXPERIMENT RESULTS,1091720,A,0,865.5658035054329,1.0,0,1,mouse
SYNTHETIC DEMONSTRATION ONLY - NOT HUMAN EXPERIMENT RESULTS,1091740,A,0,865.5896774309236,1.0,0,1,mouse
SYNTHETIC DEMONSTRATION ONLY - NOT HUMAN EXPERIMENT RESULTS,1091760,A,0,865.6140404032654,1.0,0,1,mouse
SYNTHETIC DEMONSTRATION ONLY - NOT HUMAN EXPERIMENT RESULTS,1091780,A,0,865.6388920762066,1.0,0,1,mouse
SYNTHETIC DEMONSTRATION ONLY - NOT HUMAN EXPERIMENT RESULTS,1091800,A,0,865.66423209655,1.0,0,1,mouse
SYNTHETIC DEMONSTRATION ONLY - NOT HUMAN EXPERIMENT RESULTS,1091820,A,0,865.6900601041575,1.0,0,1,mouse
SYNTHETIC DEMONSTRATION ONLY - NOT HUMAN EXPERIMENT RESULTS,1091840,A,0,865.7163757319563,1.0,0,1,mouse
SYNTHETIC DEMONSTRATION ONLY - NOT HUMAN EXPERIMENT RESULTS,1091860,A,0,865.743178605943,1.0,0,1,mouse
SYNTHETIC DEMONSTRATION ONLY - NOT HUMAN EXPERIMENT RESULTS,1091880,A,0,865.7704683451892,1.0,0,1,mouse
SYNTHETIC DEMONSTRATION ONLY - NOT HUMAN EXPERIMENT RESULTS,1091900,A,0,865.7982445618476,1.0,0,1,mouse
SYNTHETIC DEMONSTRATION ONLY - NOT HUMAN EXPERIMENT RESULTS,1091920,A,0,865.8265068611564,1.0,0,1,mouse
SYNTHETIC DEMONSTRATION ONLY - NOT HUMAN EXPERIMENT RESULTS,1091940,A,0,865.8552548414459,1.0,0,1,mouse
SYNTHETIC DEMONSTRATION ONLY - NOT HUMAN EXPERIMENT RESULTS,1091960,A,0,865.8844880941439,1.0,0,1,mouse
SYNTHETIC DEMONSTRATION ONLY - NOT HUMAN EXPERIMENT RESULTS,1091980,A,0,865.9142062037807,1.0,0,1,mouse
SYNTHETIC DEMONSTRATION ONLY - NOT HUMAN EXPERIMENT RESULTS,1092000,A,0,865.9444087479966,1.0,0,1,mouse
SYNTHETIC DEMONSTRATION ONLY - NOT HUMAN EXPERIMENT RESULTS,1092020,A,0,865.9750952975463,1.0,0,1,mouse
SYNTHETIC DEMONSTRATION ONLY - NOT HUMAN EXPERIMENT RESULTS,1092040,A,0,866.0062654163063,1.0,0,1,mouse
SYNTHETIC DEMONSTRATION ONLY - NOT HUMAN EXPERIMENT RESULTS,1092060,A,0,866.0379186612798,1.0,0,1,mouse
SYNTHETIC DEMONSTRATION ONLY - NOT HUMAN EXPERIMENT RESULTS,1092080,A,0,866.0700545826046,1.0,0,1,mouse
SYNTHETIC DEMONSTRATION ONLY - NOT HUMAN EXPERIMENT RESULTS,1092100,A,0,866.1026727235578,1.0,0,1,mouse
SYNTHETIC DEMONSTRATION ONLY - NOT HUMAN EXPERIMENT RESULTS,1092120,A,0,866.1357726205634,1.0,0,1,mouse
SYNTHETIC DEMONSTRATION ONLY - NOT HUMAN EXPERIMENT RESULTS,1092140,A,0,866.1693538031989,1.0,0,1,mouse
SYNTHETIC DEMONSTRATION ONLY - NOT HUMAN EXPERIMENT RESULTS,1092160,A,0,866.2034157942011,1.0,0,1,mouse
SYNTHETIC DEMONSTRATION ONLY - NOT HUMAN EXPERIMENT RESULTS,1092180,A,0,866.2379581094738,1.0,0,1,mouse
SYNTHETIC DEMONSTRATION ONLY - NOT HUMAN EXPERIMENT RESULTS,1092200,A,0,866.2729802580941,1.0,0,1,mouse
SYNTHETIC DEMONSTRATION ONLY - NOT HUMAN EXPERIMENT RESULTS,1092220,A,0,866.3084817423199,1.0,0,1,mouse
SYNTHETIC DEMONSTRATION ONLY - NOT HUMAN EXPERIMENT RESULTS,1092240,A,0,866.3444620575966,1.0,0,1,mouse
SYNTHETIC DEMONSTRATION ONLY - NOT HUMAN EXPERIMENT RESULTS,1092260,A,0,866.3809206925642,1.0,0,1,mouse
SYNTHETIC DEMONSTRATION ONLY - NOT HUMAN EXPERIMENT RESULTS,1092280,A,0,866.4178571290647,1.0,0,1,mouse
SYNTHETIC DEMONSTRATION ONLY - NOT HUMAN EXPERIMENT RESULTS,1092300,A,0,866.4552708421496,1.0,0,1,mouse
SYNTHETIC DEMONSTRATION ONLY - NOT HUMAN EXPERIMENT RESULTS,1092320,A,0,866.4931613000873,1.0,0,1,mouse
SYNTHETIC DEMONSTRATION ONLY - NOT HUMAN EXPERIMENT RESULTS,1092340,A,0,866.5315279643705,1.0,0,1,mouse
SYNTHETIC DEMONSTRATION ONLY - NOT HUMAN EXPERIMENT RESULTS,1092360,A,0,866.570370289724,1.0,0,1,mouse
SYNTHETIC DEMONSTRATION ONLY - NOT HUMAN EXPERIMENT RESULTS,1092380,A,0,866.6096877241123,1.0,0,1,mouse
SYNTHETIC DEMONSTRATION ONLY - NOT HUMAN EXPERIMENT RESULTS,1092400,A,0,866.6494797087478,1.0,0,1,mouse
SYNTHETIC DEMONSTRATION ONLY - NOT HUMAN EXPERIMENT RESULTS,1092420,A,0,866.689745678098,1.0,0,1,mouse
SYNTHETIC DEMONSTRATION ONLY - NOT HUMAN EXPERIMENT RESULTS,1092440,A,0,866.7304850598946,1.0,0,1,mouse
SYNTHETIC DEMONSTRATION ONLY - NOT HUMAN EXPERIMENT RESULTS,1092460,A,0,866.7716972751408,1.0,0,1,mouse
SYNTHETIC DEMONSTRATION ONLY - NOT HUMAN EXPERIMENT RESULTS,1092480,A,0,866.8133817381197,1.0,0,1,mouse
SYNTHETIC DEMONSTRATION ONLY - NOT HUMAN EXPERIMENT RESULTS,1092500,A,0,866.8555378564029,1.0,0,1,mouse
SYNTHETIC DEMONSTRATION ONLY - NOT HUMAN EXPERIMENT RESULTS,1092520,A,0,866.8981650308585,1.0,0,1,mouse
SYNTHETIC DEMONSTRATION ONLY - NOT HUMAN EXPERIMENT RESULTS,1092540,A,0,866.9412626556602,1.0,0,1,mouse
SYNTHETIC DEMONSTRATION ONLY - NOT HUMAN EXPERIMENT RESULTS,1092560,A,0,866.9848301182952,1.0,0,1,mouse
SYNTHETIC DEMONSTRATION ONLY - NOT HUMAN EXPERIMENT RESULTS,1092580,A,0,867.0288667995735,1.0,0,1,mouse
SYNTHETIC DEMONSTRATION ONLY - NOT HUMAN EXPERIMENT RESULTS,1092600,A,0,867.0733720736364,1.0,0,1,mouse
SYNTHETIC DEMONSTRATION ONLY - NOT HUMAN EXPERIMENT RESULTS,1092620,A,0,867.1183453079652,1.0,0,1,mouse
SYNTHETIC DEMONSTRATION ONLY - NOT HUMAN EXPERIMENT RESULTS,1092640,A,0,867.1637858633911,1.0,0,1,mouse
SYNTHETIC DEMONSTRATION ONLY - NOT HUMAN EXPERIMENT RESULTS,1092660,A,0,867.2096930941029,1.0,0,1,mouse
SYNTHETIC DEMONSTRATION ONLY - NOT HUMAN EXPERIMENT RESULTS,1092680,A,0,867.2560663476575,1.0,0,1,mouse
SYNTHETIC DEMONSTRATION ONLY - NOT HUMAN EXPERIMENT RESULTS,1092700,A,0,867.302904964988,1.0,0,1,mouse
SYNTHETIC DEMONSTRATION ONLY - NOT HUMAN EXPERIMENT RESULTS,1092720,A,0,867.3502082804142,1.0,0,1,mouse
SYNTHETIC DEMONSTRATION ONLY - NOT HUMAN EXPERIMENT RESULTS,1092740,A,0,867.3979756216512,1.0,0,1,mouse
SYNTHETIC DEMONSTRATION ONLY - NOT HUMAN EXPERIMENT RESULTS,1092760,A,0,867.4462063098194,1.0,0,1,mouse
SYNTHETIC DEMONSTRATION ONLY - NOT HUMAN EXPERIMENT RESULTS,1092780,A,0,867.494899659454,1.0,0,1,mouse
SYNTHETIC DEMONSTRATION ONLY - NOT HUMAN EXPERIMENT RESULTS,1092800,A,0,867.5440549785146,1.0,0,1,mouse
SYNTHETIC DEMONSTRATION ONLY - NOT HUMAN EXPERIMENT RESULTS,1092820,A,0,867.5936715683954,1.0,0,1,mouse
SYNTHETIC DEMONSTRATION ONLY - NOT HUMAN EXPERIMENT RESULTS,1092840,A,0,867.6437487239347,1.0,0,1,mouse
SYNTHETIC DEMONSTRATION ONLY - NOT HUMAN EXPERIMENT RESULTS,1092860,A,0,867.6942857334253,1.0,0,1,mouse
SYNTHETIC DEMONSTRATION ONLY - NOT HUMAN EXPERIMENT RESULTS,1092880,A,0,867.7452818786246,1.0,0,1,mouse
SYNTHETIC DEMONSTRATION ONLY - NOT HUMAN EXPERIMENT RESULTS,1092900,A,0,867.7967364347645,1.0,0,1,mouse
SYNTHETIC DEMONSTRATION ONLY - NOT HUMAN EXPERIMENT RESULTS,1092920,A,0,867.8486486705616,1.0,0,1,mouse
SYNTHETIC DEMONSTRATION ONLY - NOT HUMAN EXPERIMENT RESULTS,1092940,A,0,867.9010178482283,1.0,0,1,mouse
SYNTHETIC DEMONSTRATION ONLY - NOT HUMAN EXPERIMENT RESULTS,1092960,A,0,867.9538432234826,1.0,0,1,mouse
SYNTHETIC DEMONSTRATION ONLY - NOT HUMAN EXPERIMENT RESULTS,1092980,A,0,868.0071240455592,1.0,0,1,mouse
SYNTHETIC DEMONSTRATION ONLY - NOT HUMAN EXPERIMENT RESULTS,1093000,A,0,868.0608595572194,1.0,0,1,mouse
SYNTHETIC DEMONSTRATION ONLY - NOT HUMAN EXPERIMENT RESULTS,1093020,A,0,868.1150489947628,1.0,0,1,mouse
SYNTHETIC DEMONSTRATION ONLY - NOT HUMAN EXPERIMENT RESULTS,1093040,A,0,868.1696915880374,1.0,0,1,mouse
SYNTHETIC DEMONSTRATION ONLY - NOT HUMAN EXPERIMENT RESULTS,1093060,A,0,868.2247865604512,1.0,0,1,mouse
SYNTHETIC DEMONSTRATION ONLY - NOT HUMAN EXPERIMENT RESULTS,1093080,A,0,868.2803331289825,1.0,0,1,mouse
SYNTHETIC DEMONSTRATION ONLY - NOT HUMAN EXPERIMENT RESULTS,1093100,A,0,868.3363305041917,1.0,0,1,mouse
SYNTHETIC DEMONSTRATION ONLY - NOT HUMAN EXPERIMENT RESULTS,1093120,A,0,868.3927778902322,1.0,0,1,mouse
SYNTHETIC DEMONSTRATION ONLY - NOT HUMAN EXPERIMENT RESULTS,1093140,A,0,868.4496744848616,1.0,0,1,mouse
SYNTHETIC DEMONSTRATION ONLY - NOT HUMAN EXPERIMENT RESULTS,1093160,A,0,868.5070194794533,1.0,0,1,mouse
SYNTHETIC DEMONSTRATION ONLY - NOT HUMAN EXPERIMENT RESULTS,1093180,A,0,868.5648120590081,1.0,0,1,mouse
SYNTHETIC DEMONSTRATION ONLY - NOT HUMAN EXPERIMENT RESULTS,1093200,A,0,868.6230514021655,1.0,0,1,mouse
SYNTHETIC DEMONSTRATION ONLY - NOT HUMAN EXPERIMENT RESULTS,1093220,A,0,868.6817366812156,1.0,0,1,mouse
SYNTHETIC DEMONSTRATION ONLY - NOT HUMAN EXPERIMENT RESULTS,1093240,A,0,868.7408670621106,1.0,0,1,mouse
SYNTHETIC DEMONSTRATION ONLY - NOT HUMAN EXPERIMENT RESULTS,1093260,A,0,868.8004417044768,1.0,0,1,mouse
SYNTHETIC DEMONSTRATION ONLY - NOT HUMAN EXPERIMENT RESULTS,1093280,A,0,868.8604597616269,1.0,0,1,mouse
SYNTHETIC DEMONSTRATION ONLY - NOT HUMAN EXPERIMENT RESULTS,1093300,A,0,868.9209203805711,1.0,0,1,mouse
SYNTHETIC DEMONSTRATION ONLY - NOT HUMAN EXPERIMENT RESULTS,1093320,A,0,868.9818227020306,1.0,0,1,mouse
SYNTHETIC DEMONSTRATION ONLY - NOT HUMAN EXPERIMENT RESULTS,1093340,A,0,869.0431658604484,1.0,0,1,mouse
SYNTHETIC DEMONSTRATION ONLY - NOT HUMAN EXPERIMENT RESULTS,1093360,A,0,869.1049489840024,1.0,0,1,mouse
SYNTHETIC DEMONSTRATION ONLY - NOT HUMAN EXPERIMENT RESULTS,1093380,A,0,869.1671711946176,1.0,0,1,mouse
SYNTHETIC DEMONSTRATION ONLY - NOT HUMAN EXPERIMENT RESULTS,1093400,A,0,869.2298316079789,1.0,0,1,mouse
SYNTHETIC DEMONSTRATION ONLY - NOT HUMAN EXPERIMENT RESULTS,1093420,A,0,869.2929293335429,1.0,0,1,mouse
SYNTHETIC DEMONSTRATION ONLY - NOT HUMAN EXPERIMENT RESULTS,1093440,A,0,869.3564634745513,1.0,0,1,mouse
SYNTHETIC DEMONSTRATION ONLY - NOT HUMAN EXPERIMENT RESULTS,1093460,A,0,869.4204331280434,1.0,0,1,mouse
SYNTHETIC DEMONSTRATION ONLY - NOT HUMAN EXPERIMENT RESULTS,1093480,A,0,869.4848373848689,1.0,0,1,mouse
SYNTHETIC DEMONSTRATION ONLY - NOT HUMAN EXPERIMENT RESULTS,1093500,A,0,869.5496753297004,1.0,0,1,mouse
SYNTHETIC DEMONSTRATION ONLY - NOT HUMAN EXPERIMENT RESULTS,1093520,A,0,869.6149460410476,1.0,0,1,mouse
SYNTHETIC DEMONSTRATION ONLY - NOT HUMAN EXPERIMENT RESULTS,1093540,A,0,869.680648591269,1.0,0,1,mouse
SYNTHETIC DEMONSTRATION ONLY - NOT HUMAN EXPERIMENT RESULTS,1093560,A,0,869.746782046586,1.0,0,1,mouse
SYNTHETIC DEMONSTRATION ONLY - NOT HUMAN EXPERIMENT RESULTS,1093580,A,0,869.8133454670957,1.0,0,1,mouse
SYNTHETIC DEMONSTRATION ONLY - NOT HUMAN EXPERIMENT RESULTS,1093600,A,0,869.8803379067847,1.0,0,1,mouse
SYNTHETIC DEMONSTRATION ONLY - NOT HUMAN EXPERIMENT RESULTS,1093620,A,0,869.947758413542,1.0,0,1,mouse
SYNTHETIC DEMONSTRATION ONLY - NOT HUMAN EXPERIMENT RESULTS,1093640,A,0,870.015606029173,1.0,0,1,mouse
SYNTHETIC DEMONSTRATION ONLY - NOT HUMAN EXPERIMENT RESULTS,1093660,A,0,870.083879789413,1.0,0,1,mouse
SYNTHETIC DEMONSTRATION ONLY - NOT HUMAN EXPERIMENT RESULTS,1093680,A,0,870.1525787239408,1.0,0,1,mouse
SYNTHETIC DEMONSTRATION ONLY - NOT HUMAN EXPERIMENT RESULTS,1093700,A,0,870.2217018563922,1.0,0,1,mouse
SYNTHETIC DEMONSTRATION ONLY - NOT HUMAN EXPERIMENT RESULTS,1093720,A,0,870.2912482043746,1.0,0,1,mouse
SYNTHETIC DEMONSTRATION ONLY - NOT HUMAN EXPERIMENT RESULTS,1093740,A,0,870.3612167794806,1.0,0,1,mouse
SYNTHETIC DEMONSTRATION ONLY - NOT HUMAN EXPERIMENT RESULTS,1093760,A,0,870.4316065873019,1.0,0,1,mouse
SYNTHETIC DEMONSTRATION ONLY - NOT HUMAN EXPERIMENT RESULTS,1093780,A,0,870.5024166274432,1.0,0,1,mouse
SYNTHETIC DEMONSTRATION ONLY - NOT HUMAN EXPERIMENT RESULTS,1093800,A,0,870.5736458935372,1.0,0,1,mouse
SYNTHETIC DEMONSTRATION ONLY - NOT HUMAN EXPERIMENT RESULTS,1093820,A,0,870.6452933732587,1.0,0,1,mouse
SYNTHETIC DEMONSTRATION ONLY - NOT HUMAN EXPERIMENT RESULTS,1093840,A,0,870.7173580483379,1.0,0,1,mouse
SYNTHETIC DEMONSTRATION ONLY - NOT HUMAN EXPERIMENT RESULTS,1093860,A,0,870.7898388945766,1.0,0,1,mouse
SYNTHETIC DEMONSTRATION ONLY - NOT HUMAN EXPERIMENT RESULTS,1093880,A,0,870.8627348818616,1.0,0,1,mouse
SYNTHETIC DEMONSTRATION ONLY - NOT HUMAN EXPERIMENT RESULTS,1093900,A,0,870.9360449741794,1.0,0,1,mouse
SYNTHETIC DEMONSTRATION ONLY - NOT HUMAN EXPERIMENT RESULTS,1093920,A,0,871.0097681296312,1.0,0,1,mouse
SYNTHETIC DEMONSTRATION ONLY - NOT HUMAN EXPERIMENT RESULTS,1093940,A,0,871.0839033004479,1.0,0,1,mouse
SYNTHETIC DEMONSTRATION ONLY - NOT HUMAN EXPERIMENT RESULTS,1093960,A,0,871.1584494330048,1.0,0,1,mouse
SYNTHETIC DEMONSTRATION ONLY - NOT HUMAN EXPERIMENT RESULTS,1093980,A,0,871.2334054678361,1.0,0,1,mouse
SYNTHETIC DEMONSTRATION ONLY - NOT HUMAN EXPERIMENT RESULTS,1094000,A,0,871.3087703396506,1.0,0,1,mouse
SYNTHETIC DEMONSTRATION ONLY - NOT HUMAN EXPERIMENT RESULTS,1094020,A,0,871.3845429773468,1.0,0,1,mouse
SYNTHETIC DEMONSTRATION ONLY - NOT HUMAN EXPERIMENT RESULTS,1094040,A,0,871.4607223040279,1.0,0,1,mouse
SYNTHETIC DEMONSTRATION ONLY - NOT HUMAN EXPERIMENT RESULTS,1094060,A,0,871.5373072370168,1.0,0,1,mouse
SYNTHETIC DEMONSTRATION ONLY - NOT HUMAN EXPERIMENT RESULTS,1094080,A,0,871.6142966878722,1.0,0,1,mouse
SYNTHETIC DEMONSTRATION ONLY - NOT HUMAN EXPERIMENT RESULTS,1094100,A,0,871.6916895624036,1.0,0,1,mouse
SYNTHETIC DEMONSTRATION ONLY - NOT HUMAN EXPERIMENT RESULTS,1094120,A,0,871.7694847606869,1.0,0,1,mouse
SYNTHETIC DEMONSTRATION ONLY - NOT HUMAN EXPERIMENT RESULTS,1094140,A,0,871.84768117708,1.0,0,1,mouse
SYNTHETIC DEMONSTRATION ONLY - NOT HUMAN EXPERIMENT RESULTS,1094160,A,0,871.926277700239,1.0,0,1,mouse
SYNTHETIC DEMONSTRATION ONLY - NOT HUMAN EXPERIMENT RESULTS,1094180,A,0,872.0052732131333,1.0,0,1,mouse
SYNTHETIC DEMONSTRATION ONLY - NOT HUMAN EXPERIMENT RESULTS,1094200,A,0,872.0846665930616,1.0,0,1,mouse
SYNTHETIC DEMONSTRATION ONLY - NOT HUMAN EXPERIMENT RESULTS,1094220,A,0,872.1644567116683,1.0,0,1,mouse
SYNTHETIC DEMONSTRATION ONLY - NOT HUMAN EXPERIMENT RESULTS,1094240,A,0,872.2446424349594,1.0,0,1,mouse
SYNTHETIC DEMONSTRATION ONLY - NOT HUMAN EXPERIMENT RESULTS,1094260,A,0,872.325222623318,1.0,0,1,mouse
SYNTHETIC DEMONSTRATION ONLY - NOT HUMAN EXPERIMENT RESULTS,1094280,A,0,872.4061961315215,1.0,0,1,mouse
SYNTHETIC DEMONSTRATION ONLY - NOT HUMAN EXPERIMENT RESULTS,1094300,A,0,872.4875618087569,1.0,0,1,mouse
SYNTHETIC DEMONSTRATION ONLY - NOT HUMAN EXPERIMENT RESULTS,1094320,A,0,872.569318498638,1.0,0,1,mouse
SYNTHETIC DEMONSTRATION ONLY - NOT HUMAN EXPERIMENT RESULTS,1094340,A,0,872.6514650392212,1.0,0,1,mouse
SYNTHETIC DEMONSTRATION ONLY - NOT HUMAN EXPERIMENT RESULTS,1094360,A,0,872.7340002630223,1.0,0,1,mouse
SYNTHETIC DEMONSTRATION ONLY - NOT HUMAN EXPERIMENT RESULTS,1094380,A,0,872.816922997033,1.0,0,1,mouse
SYNTHETIC DEMONSTRATION ONLY - NOT HUMAN EXPERIMENT RESULTS,1094400,A,0,872.9002320627379,1.0,0,1,mouse
SYNTHETIC DEMONSTRATION ONLY - NOT HUMAN EXPERIMENT RESULTS,1094420,A,0,872.9839262761307,1.0,0,1,mouse
SYNTHETIC DEMONSTRATION ONLY - NOT HUMAN EXPERIMENT RESULTS,1094440,A,0,873.0680044477313,1.0,0,1,mouse
SYNTHETIC DEMONSTRATION ONLY - NOT HUMAN EXPERIMENT RESULTS,1094460,A,0,873.1524653826027,1.0,0,1,mouse
SYNTHETIC DEMONSTRATION ONLY - NOT HUMAN EXPERIMENT RESULTS,1094480,A,0,873.2373078803682,1.0,0,1,mouse
SYNTHETIC DEMONSTRATION ONLY - NOT HUMAN EXPERIMENT RESULTS,1094500,A,0,873.3225307352283,1.0,0,1,mouse
SYNTHETIC DEMONSTRATION ONLY - NOT HUMAN EXPERIMENT RESULTS,1094520,A,0,873.4081327359772,1.0,0,1,mouse
SYNTHETIC DEMONSTRATION ONLY - NOT HUMAN EXPERIMENT RESULTS,1094540,A,0,873.4941126660211,1.0,0,1,mouse
SYNTHETIC DEMONSTRATION ONLY - NOT HUMAN EXPERIMENT RESULTS,1094560,A,0,873.580469303395,1.0,0,1,mouse
SYNTHETIC DEMONSTRATION ONLY - NOT HUMAN EXPERIMENT RESULTS,1094580,A,0,873.66720142078,1.0,0,1,mouse
SYNTHETIC DEMONSTRATION ONLY - NOT HUMAN EXPERIMENT RESULTS,1094600,A,0,873.7543077855205,1.0,0,1,mouse
SYNTHETIC DEMONSTRATION ONLY - NOT HUMAN EXPERIMENT RESULTS,1094620,A,0,873.8417871596423,1.0,0,1,mouse
SYNTHETIC DEMONSTRATION ONLY - NOT HUMAN EXPERIMENT RESULTS,1094640,A,0,873.9296382998699,1.0,0,1,mouse
SYNTHETIC DEMONSTRATION ONLY - NOT HUMAN EXPERIMENT RESULTS,1094660,A,0,874.0178599576442,1.0,0,1,mouse
SYNTHETIC DEMONSTRATION ONLY - NOT HUMAN EXPERIMENT RESULTS,1094680,A,0,874.1064508791401,1.0,0,1,mouse
SYNTHETIC DEMONSTRATION ONLY - NOT HUMAN EXPERIMENT RESULTS,1094700,A,0,874.1954098052845,1.0,0,1,mouse
SYNTHETIC DEMONSTRATION ONLY - NOT HUMAN EXPERIMENT RESULTS,1094720,A,0,874.2847354717742,1.0,0,1,mouse
SYNTHETIC DEMONSTRATION ONLY - NOT HUMAN EXPERIMENT RESULTS,1094740,A,0,874.3744266090936,1.0,0,1,mouse
SYNTHETIC DEMONSTRATION ONLY - NOT HUMAN EXPERIMENT RESULTS,1094760,A,0,874.4644819425333,1.0,0,1,mouse
SYNTHETIC DEMONSTRATION ONLY - NOT HUMAN EXPERIMENT RESULTS,1094780,A,0,874.5549001922077,1.0,0,1,mouse
SYNTHETIC DEMONSTRATION ONLY - NOT HUMAN EXPERIMENT RESULTS,1094800,A,0,874.6456800730731,1.0,0,1,mouse
SYNTHETIC DEMONSTRATION ONLY - NOT HUMAN EXPERIMENT RESULTS,1094820,A,0,874.7368202949467,1.0,0,1,mouse
SYNTHETIC DEMONSTRATION ONLY - NOT HUMAN EXPERIMENT RESULTS,1094840,A,0,874.828319562524,1.0,0,1,mouse
SYNTHETIC DEMONSTRATION ONLY - NOT HUMAN EXPERIMENT RESULTS,1094860,A,0,874.9201765753979,1.0,0,1,mouse
SYNTHETIC DEMONSTRATION ONLY - NOT HUMAN EXPERIMENT RESULTS,1094880,A,0,875.0123900280771,1.0,0,1,mouse
SYNTHETIC DEMONSTRATION ONLY - NOT HUMAN EXPERIMENT RESULTS,1094900,A,0,875.1049586100042,1.0,0,1,mouse
SYNTHETIC DEMONSTRATION ONLY - NOT HUMAN EXPERIMENT RESULTS,1094920,A,0,875.1978810055748,1.0,0,1,mouse
SYNTHETIC DEMONSTRATION ONLY - NOT HUMAN EXPERIMENT RESULTS,1094940,A,0,875.2911558941558,1.0,0,1,mouse
SYNTHETIC DEMONSTRATION ONLY - NOT HUMAN EXPERIMENT RESULTS,1094960,A,0,875.3847819501049,1.0,0,1,mouse
SYNTHETIC DEMONSTRATION ONLY - NOT HUMAN EXPERIMENT RESULTS,1094980,A,0,875.4787578427881,1.0,0,1,mouse
SYNTHETIC DEMONSTRATION ONLY - NOT HUMAN EXPERIMENT RESULTS,1095000,A,0,875.5730822366005,1.0,0,1,mouse
SYNTHETIC DEMONSTRATION ONLY - NOT HUMAN EXPERIMENT RESULTS,1095020,A,0,875.6677537909833,1.0,0,1,mouse
SYNTHETIC DEMONSTRATION ONLY - NOT HUMAN EXPERIMENT RESULTS,1095040,A,0,875.7627711604445,1.0,0,1,mouse
SYNTHETIC DEMONSTRATION ONLY - NOT HUMAN EXPERIMENT RESULTS,1095060,A,0,875.8581329945765,1.0,0,1,mouse
SYNTHETIC DEMONSTRATION ONLY - NOT HUMAN EXPERIMENT RESULTS,1095080,A,0,875.9538379380768,1.0,0,1,mouse
SYNTHETIC DEMONSTRATION ONLY - NOT HUMAN EXPERIMENT RESULTS,1095100,A,0,876.0498846307665,1.0,0,1,mouse
SYNTHETIC DEMONSTRATION ONLY - NOT HUMAN EXPERIMENT RESULTS,1095120,A,0,876.1462717076092,1.0,0,1,mouse
SYNTHETIC DEMONSTRATION ONLY - NOT HUMAN EXPERIMENT RESULTS,1095140,A,0,876.2429977987313,1.0,0,1,mouse
SYNTHETIC DEMONSTRATION ONLY - NOT HUMAN EXPERIMENT RESULTS,1095160,A,0,876.3400615294408,1.0,0,1,mouse
SYNTHETIC DEMONSTRATION ONLY - NOT HUMAN EXPERIMENT RESULTS,1095180,A,0,876.4374615202476,1.0,0,1,mouse
SYNTHETIC DEMONSTRATION ONLY - NOT HUMAN EXPERIMENT RESULTS,1095200,A,0,876.5351963868818,1.0,0,1,mouse
SYNTHETIC DEMONSTRATION ONLY - NOT HUMAN EXPERIMENT RESULTS,1095220,A,0,876.6332647403149,1.0,0,1,mouse
SYNTHETIC DEMONSTRATION ONLY - NOT HUMAN EXPERIMENT RESULTS,1095240,A,0,876.7316651867784,1.0,0,1,mouse
SYNTHETIC DEMONSTRATION ONLY - NOT HUMAN EXPERIMENT RESULTS,1095260,A,0,876.8303963277842,1.0,0,1,mouse
SYNTHETIC DEMONSTRATION ONLY - NOT HUMAN EXPERIMENT RESULTS,1095280,A,0,876.9294567601443,1.0,0,1,mouse
SYNTHETIC DEMONSTRATION ONLY - NOT HUMAN EXPERIMENT RESULTS,1095300,A,0,877.0288450759905,1.0,0,1,mouse
SYNTHETIC DEMONSTRATION ONLY - NOT HUMAN EXPERIMENT RESULTS,1095320,A,0,877.128559862795,1.0,0,1,mouse
SYNTHETIC DEMONSTRATION ONLY - NOT HUMAN EXPERIMENT RESULTS,1095340,A,0,877.2285997033898,1.0,0,1,mouse
SYNTHETIC DEMONSTRATION ONLY - NOT HUMAN EXPERIMENT RESULTS,1095360,A,0,877.3289631759875,1.0,0,1,mouse
SYNTHETIC DEMONSTRATION ONLY - NOT HUMAN EXPERIMENT RESULTS,1095380,A,0,877.4296488542009,1.0,0,1,mouse
SYNTHETIC DEMONSTRATION ONLY - NOT HUMAN EXPERIMENT RESULTS,1095400,A,0,877.5306553070639,1.0,0,1,mouse
SYNTHETIC DEMONSTRATION ONLY - NOT HUMAN EXPERIMENT RESULTS,1095420,A,0,877.6319810990507,1.0,0,1,mouse
SYNTHETIC DEMONSTRATION ONLY - NOT HUMAN EXPERIMENT RESULTS,1095440,A,0,877.7336247900979,1.0,0,1,mouse
SYNTHETIC DEMONSTRATION ONLY - NOT HUMAN EXPERIMENT RESULTS,1095460,A,0,877.8355849356236,1.0,0,1,mouse
SYNTHETIC DEMONSTRATION ONLY - NOT HUMAN EXPERIMENT RESULTS,1095480,A,0,877.9378600865484,1.0,0,1,mouse
SYNTHETIC DEMONSTRATION ONLY - NOT HUMAN EXPERIMENT RESULTS,1095500,A,0,878.040448789316,1.0,0,1,mouse
SYNTHETIC DEMONSTRATION ONLY - NOT HUMAN EXPERIMENT RESULTS,1095520,A,0,878.1433495859139,1.0,0,1,mouse
SYNTHETIC DEMONSTRATION ONLY - NOT HUMAN EXPERIMENT RESULTS,1095540,A,0,878.2465610138942,1.0,0,1,mouse
SYNTHETIC DEMONSTRATION ONLY - NOT HUMAN EXPERIMENT RESULTS,1095560,A,0,878.3500816063936,1.0,0,1,mouse
SYNTHETIC DEMONSTRATION ONLY - NOT HUMAN EXPERIMENT RESULTS,1095580,A,0,878.4539098921556,1.0,0,1,mouse
SYNTHETIC DEMONSTRATION ONLY - NOT HUMAN EXPERIMENT RESULTS,1095600,A,0,878.5580443955505,1.0,0,1,mouse
SYNTHETIC DEMONSTRATION ONLY - NOT HUMAN EXPERIMENT RESULTS,1095620,A,0,878.6624836365963,1.0,0,1,mouse
SYNTHETIC DEMONSTRATION ONLY - NOT HUMAN EXPERIMENT RESULTS,1095640,A,0,878.7672261309805,1.0,0,1,mouse
SYNTHETIC DEMONSTRATION ONLY - NOT HUMAN EXPERIMENT RESULTS,1095660,A,0,878.8722703900801,1.0,0,1,mouse
SYNTHETIC DEMONSTRATION ONLY - NOT HUMAN EXPERIMENT RESULTS,1095680,A,0,878.9776149209839,1.0,0,1,mouse
SYNTHETIC DEMONSTRATION ONLY - NOT HUMAN EXPERIMENT RESULTS,1095700,A,0,879.0832582265127,1.0,0,1,mouse
SYNTHETIC DEMONSTRATION ONLY - NOT HUMAN EXPERIMENT RESULTS,1095720,A,0,879.1891988052415,1.0,0,1,mouse
SYNTHETIC DEMONSTRATION ONLY - NOT HUMAN EXPERIMENT RESULTS,1095740,A,0,879.2954351515202,1.0,0,1,mouse
SYNTHETIC DEMONSTRATION ONLY - NOT HUMAN EXPERIMENT RESULTS,1095760,A,0,879.4019657554949,1.0,0,1,mouse
SYNTHETIC DEMONSTRATION ONLY - NOT HUMAN EXPERIMENT RESULTS,1095780,A,0,879.5087891031301,1.0,0,1,mouse
SYNTHETIC DEMONSTRATION ONLY - NOT HUMAN EXPERIMENT RESULTS,1095800,A,0,879.6159036762296,1.0,0,1,mouse
SYNTHETIC DEMONSTRATION ONLY - NOT HUMAN EXPERIMENT RESULTS,1095820,A,0,879.7233079524581,1.0,0,1,mouse
SYNTHETIC DEMONSTRATION ONLY - NOT HUMAN EXPERIMENT RESULTS,1095840,A,0,879.8310004053633,1.0,0,1,mouse
SYNTHETIC DEMONSTRATION ONLY - NOT HUMAN EXPERIMENT RESULTS,1095860,A,0,879.9389795043968,1.0,0,1,mouse
SYNTHETIC DEMONSTRATION ONLY - NOT HUMAN EXPERIMENT RESULTS,1095880,A,0,880.0472437149367,1.0,0,1,mouse
SYNTHETIC DEMONSTRATION ONLY - NOT HUMAN EXPERIMENT RESULTS,1095900,A,0,880.155791498309,1.0,0,1,mouse
SYNTHETIC DEMONSTRATION ONLY - NOT HUMAN EXPERIMENT RESULTS,1095920,A,0,880.2646213118094,1.0,0,1,mouse
SYNTHETIC DEMONSTRATION ONLY - NOT HUMAN EXPERIMENT RESULTS,1095940,A,0,880.3737316087253,1.0,0,1,mouse
SYNTHETIC DEMONSTRATION ONLY - NOT HUMAN EXPERIMENT RESULTS,1095960,A,0,880.4831208383578,1.0,0,1,mouse
SYNTHETIC DEMONSTRATION ONLY - NOT HUMAN EXPERIMENT RESULTS,1095980,A,0,880.592787446044,1.0,0,1,mouse
SYNTHETIC DEMONSTRATION ONLY - NOT HUMAN EXPERIMENT RESULTS,1096000,A,0,880.7027298731784,1.0,0,1,mouse
SYNTHETIC DEMONSTRATION ONLY - NOT HUMAN EXPERIMENT RESULTS,1096020,A,0,880.8129465572362,1.0,0,1,mouse
SYNTHETIC DEMONSTRATION ONLY - NOT HUMAN EXPERIMENT RESULTS,1096040,A,0,880.9234359317938,1.0,0,1,mouse
SYNTHETIC DEMONSTRATION ONLY - NOT HUMAN EXPERIMENT RESULTS,1096060,A,0,881.0341964265531,1.0,0,1,mouse
SYNTHETIC DEMONSTRATION ONLY - NOT HUMAN EXPERIMENT RESULTS,1096080,A,0,881.1452264673619,1.0,0,1,mouse
SYNTHETIC DEMONSTRATION ONLY - NOT HUMAN EXPERIMENT RESULTS,1096100,A,0,881.2565244762379,1.0,0,1,mouse
SYNTHETIC DEMONSTRATION ONLY - NOT HUMAN EXPERIMENT RESULTS,1096120,A,0,881.3680888713898,1.0,0,1,mouse
SYNTHETIC DEMONSTRATION ONLY - NOT HUMAN EXPERIMENT RESULTS,1096140,A,0,881.4799180672405,1.0,0,1,mouse
SYNTHETIC DEMONSTRATION ONLY - NOT HUMAN EXPERIMENT RESULTS,1096160,A,0,881.59201047445,1.0,0,1,mouse
SYNTHETIC DEMONSTRATION ONLY - NOT HUMAN EXPERIMENT RESULTS,1096180,A,0,881.7043644999368,1.0,0,1,mouse
SYNTHETIC DEMONSTRATION ONLY - NOT HUMAN EXPERIMENT RESULTS,1096200,A,0,881.8169785469015,1.0,0,1,mouse
SYNTHETIC DEMONSTRATION ONLY - NOT HUMAN EXPERIMENT RESULTS,1096220,A,0,881.9298510148493,1.0,0,1,mouse
SYNTHETIC DEMONSTRATION ONLY - NOT HUMAN EXPERIMENT RESULTS,1096240,A,0,882.0429802996125,1.0,0,1,mouse
SYNTHETIC DEMONSTRATION ONLY - NOT HUMAN EXPERIMENT RESULTS,1096260,A,0,882.1563647933737,1.0,0,1,mouse
SYNTHETIC DEMONSTRATION ONLY - NOT HUMAN EXPERIMENT RESULTS,1096280,A,0,882.270002884688,1.0,0,1,mouse
SYNTHETIC DEMONSTRATION ONLY - NOT HUMAN EXPERIMENT RESULTS,1096300,A,0,882.3838929585069,1.0,0,1,mouse
SYNTHETIC DEMONSTRATION ONLY - NOT HUMAN EXPERIMENT RESULTS,1096320,A,0,882.4980333962002,1.0,0,1,mouse
SYNTHETIC DEMONSTRATION ONLY - NOT HUMAN EXPERIMENT RESULTS,1096340,A,0,882.6124225755796,1.0,0,1,mouse
SYNTHETIC DEMONSTRATION ONLY - NOT HUMAN EXPERIMENT RESULTS,1096360,A,0,882.7270588709216,1.0,0,1,mouse
SYNTHETIC DEMONSTRATION ONLY - NOT HUMAN EXPERIMENT RESULTS,1096380,A,0,882.8419406529908,1.0,0,1,mouse
SYNTHETIC DEMONSTRATION ONLY - NOT HUMAN EXPERIMENT RESULTS,1096400,A,0,882.9570662890629,1.0,0,1,mouse
SYNTHETIC DEMONSTRATION ONLY - NOT HUMAN EXPERIMENT RESULTS,1096420,A,0,883.0724341429476,1.0,0,1,mouse
SYNTHETIC DEMONSTRATION ONLY - NOT HUMAN EXPERIMENT RESULTS,1096440,A,0,883.1880425750123,1.0,0,1,mouse
SYNTHETIC DEMONSTRATION ONLY - NOT HUMAN EXPERIMENT RESULTS,1096460,A,0,883.3038899422056,1.0,0,1,mouse
SYNTHETIC DEMONSTRATION ONLY - NOT HUMAN EXPERIMENT RESULTS,1096480,A,0,883.4199745980795,1.0,0,1,mouse
SYNTHETIC DEMONSTRATION ONLY - NOT HUMAN EXPERIMENT RESULTS,1096500,A,0,883.5362948928145,1.0,0,1,mouse
SYNTHETIC DEMONSTRATION ONLY - NOT HUMAN EXPERIMENT RESULTS,1096520,A,0,883.6528491732415,1.0,0,1,mouse
SYNTHETIC DEMONSTRATION ONLY - NOT HUMAN EXPERIMENT RESULTS,1096540,A,0,883.7696357828663,1.0,0,1,mouse
SYNTHETIC DEMONSTRATION ONLY - NOT HUMAN EXPERIMENT RESULTS,1096560,A,0,883.8866530618926,1.0,0,1,mouse
SYNTHETIC DEMONSTRATION ONLY - NOT HUMAN EXPERIMENT RESULTS,1096580,A,0,884.0038993472458,1.0,0,1,mouse
SYNTHETIC DEMONSTRATION ONLY - NOT HUMAN EXPERIMENT RESULTS,1096600,A,0,884.1213729725969,1.0,0,1,mouse
SYNTHETIC DEMONSTRATION ONLY - NOT HUMAN EXPERIMENT RESULTS,1096620,A,0,884.2390722683853,1.0,0,1,mouse
SYNTHETIC DEMONSTRATION ONLY - NOT HUMAN EXPERIMENT RESULTS,1096640,A,0,884.3569955618437,1.0,0,1,mouse
SYNTHETIC DEMONSTRATION ONLY - NOT HUMAN EXPERIMENT RESULTS,1096660,A,0,884.475141177021,1.0,0,1,mouse
SYNTHETIC DEMONSTRATION ONLY - NOT HUMAN EXPERIMENT RESULTS,1096680,A,0,884.5935074348067,1.0,0,1,mouse
SYNTHETIC DEMONSTRATION ONLY - NOT HUMAN EXPERIMENT RESULTS,1096700,A,0,884.712092652954,1.0,0,1,mouse
SYNTHETIC DEMONSTRATION ONLY - NOT HUMAN EXPERIMENT RESULTS,1096720,A,0,884.8308951461046,1.0,0,1,mouse
SYNTHETIC DEMONSTRATION ONLY - NOT HUMAN EXPERIMENT RESULTS,1096740,A,0,884.9499132258121,1.0,0,1,mouse
SYNTHETIC DEMONSTRATION ONLY - NOT HUMAN EXPERIMENT RESULTS,1096760,A,0,885.069145200566,1.0,0,1,mouse
SYNTHETIC DEMONSTRATION ONLY - NOT HUMAN EXPERIMENT RESULTS,1096780,A,0,885.1885893758162,1.0,0,1,mouse
SYNTHETIC DEMONSTRATION ONLY - NOT HUMAN EXPERIMENT RESULTS,1096800,A,0,885.3082440539964,1.0,0,1,mouse
SYNTHETIC DEMONSTRATION ONLY - NOT HUMAN EXPERIMENT RESULTS,1096820,A,0,885.428107534549,1.0,0,1,mouse
SYNTHETIC DEMONSTRATION ONLY - NOT HUMAN EXPERIMENT RESULTS,1096840,A,0,885.5481781139484,1.0,0,1,mouse
SYNTHETIC DEMONSTRATION ONLY - NOT HUMAN EXPERIMENT RESULTS,1096860,A,0,885.668454085726,1.0,0,1,mouse
SYNTHETIC DEMONSTRATION ONLY - NOT HUMAN EXPERIMENT RESULTS,1096880,A,0,885.788933740494,1.0,0,1,mouse
SYNTHETIC DEMONSTRATION ONLY - NOT HUMAN EXPERIMENT RESULTS,1096900,A,0,885.9096153659699,1.0,0,1,mouse
SYNTHETIC DEMONSTRATION ONLY - NOT HUMAN EXPERIMENT RESULTS,1096920,A,0,886.0304972470005,1.0,0,1,mouse
SYNTHETIC DEMONSTRATION ONLY - NOT HUMAN EXPERIMENT RESULTS,1096940,A,0,886.1515776655868,1.0,0,1,mouse
SYNTHETIC DEMONSTRATION ONLY - NOT HUMAN EXPERIMENT RESULTS,1096960,A,0,886.2728549009082,1.0,0,1,mouse
SYNTHETIC DEMONSTRATION ONLY - NOT HUMAN EXPERIMENT RESULTS,1096980,A,0,886.3943272293463,1.0,0,1,mouse
SYNTHETIC DEMONSTRATION ONLY - NOT HUMAN EXPERIMENT RESULTS,1097000,A,0,886.5159929245108,1.0,0,1,mouse
SYNTHETIC DEMONSTRATION ONLY - NOT HUMAN EXPERIMENT RESULTS,1097020,A,0,886.6378502572628,1.0,0,1,mouse
SYNTHETIC DEMONSTRATION ONLY - NOT HUMAN EXPERIMENT RESULTS,1097040,A,0,886.7598974957399,1.0,0,1,mouse
SYNTHETIC DEMONSTRATION ONLY - NOT HUMAN EXPERIMENT RESULTS,1097060,A,0,886.8821329053804,1.0,0,1,mouse
SYNTHETIC DEMONSTRATION ONLY - NOT HUMAN EXPERIMENT RESULTS,1097080,A,0,887.004554748949,1.0,0,1,mouse
SYNTHETIC DEMONSTRATION ONLY - NOT HUMAN EXPERIMENT RESULTS,1097100,A,0,887.1271612865601,1.0,0,1,mouse
SYNTHETIC DEMONSTRATION ONLY - NOT HUMAN EXPERIMENT RESULTS,1097120,A,0,887.2499507757033,1.0,0,1,mouse
SYNTHETIC DEMONSTRATION ONLY - NOT HUMAN EXPERIMENT RESULTS,1097140,A,0,887.3729214712682,1.0,0,1,mouse
SYNTHETIC DEMONSTRATION ONLY - NOT HUMAN EXPERIMENT RESULTS,1097160,A,0,887.4960716255692,1.0,0,1,mouse
SYNTHETIC DEMONSTRATION ONLY - NOT HUMAN EXPERIMENT RESULTS,1097180,A,0,887.61939948837,1.0,0,1,mouse
SYNTHETIC DEMONSTRATION ONLY - NOT HUMAN EXPERIMENT RESULTS,1097200,A,0,887.7429033069085,1.0,0,1,mouse
SYNTHETIC DEMONSTRATION ONLY - NOT HUMAN EXPERIMENT RESULTS,1097220,A,0,887.8665813259222,1.0,0,1,mouse
SYNTHETIC DEMONSTRATION ONLY - NOT HUMAN EXPERIMENT RESULTS,1097240,A,0,887.9904317876726,1.0,0,1,mouse
SYNTHETIC DEMONSTRATION ONLY - NOT HUMAN EXPERIMENT RESULTS,1097260,A,0,888.1144529319706,1.0,0,1,mouse
SYNTHETIC DEMONSTRATION ONLY - NOT HUMAN EXPERIMENT RESULTS,1097280,A,0,888.2386429962011,1.0,0,1,mouse
SYNTHETIC DEMONSTRATION ONLY - NOT HUMAN EXPERIMENT RESULTS,1097300,A,0,888.3630002153485,1.0,0,1,mouse
SYNTHETIC DEMONSTRATION ONLY - NOT HUMAN EXPERIMENT RESULTS,1097320,A,0,888.4875228220213,1.0,0,1,mouse
SYNTHETIC DEMONSTRATION ONLY - NOT HUMAN EXPERIMENT RESULTS,1097340,A,0,888.6122090464778,1.0,0,1,mouse
SYNTHETIC DEMONSTRATION ONLY - NOT HUMAN EXPERIMENT RESULTS,1097360,A,0,888.7370571166507,1.0,0,1,mouse
SYNTHETIC DEMONSTRATION ONLY - NOT HUMAN EXPERIMENT RESULTS,1097380,A,0,888.8620652581725,1.0,0,1,mouse
SYNTHETIC DEMONSTRATION ONLY - NOT HUMAN EXPERIMENT RESULTS,1097400,A,0,888.9872316944009,1.0,0,1,mouse
SYNTHETIC DEMONSTRATION ONLY - NOT HUMAN EXPERIMENT RESULTS,1097420,A,0,889.1125546464438,1.0,0,1,mouse
SYNTHETIC DEMONSTRATION ONLY - NOT HUMAN EXPERIMENT RESULTS,1097440,A,0,889.2380323331845,1.0,0,1,mouse
SYNTHETIC DEMONSTRATION ONLY - NOT HUMAN EXPERIMENT RESULTS,1097460,A,0,889.3636629713075,1.0,0,1,mouse
SYNTHETIC DEMONSTRATION ONLY - NOT HUMAN EXPERIMENT RESULTS,1097480,A,0,889.4894447753231,1.0,0,1,mouse
SYNTHETIC DEMONSTRATION ONLY - NOT HUMAN EXPERIMENT RESULTS,1097500,A,0,889.6153759575938,1.0,0,1,mouse
SYNTHETIC DEMONSTRATION ONLY - NOT HUMAN EXPERIMENT RESULTS,1097520,A,0,889.7414547283585,1.0,0,1,mouse
SYNTHETIC DEMONSTRATION ONLY - NOT HUMAN EXPERIMENT RESULTS,1097540,A,0,889.8676792957589,1.0,0,1,mouse
SYNTHETIC DEMONSTRATION ONLY - NOT HUMAN EXPERIMENT RESULTS,1097560,A,0,889.9940478658643,1.0,0,1,mouse
SYNTHETIC DEMONSTRATION ONLY - NOT HUMAN EXPERIMENT RESULTS,1097580,A,0,890.1205586426978,1.0,0,1,mouse
SYNTHETIC DEMONSTRATION ONLY - NOT HUMAN EXPERIMENT RESULTS,1097600,A,0,890.2472098282614,1.0,0,1,mouse
SYNTHETIC DEMONSTRATION ONLY - NOT HUMAN EXPERIMENT RESULTS,1097620,A,0,890.373999622561,1.0,0,1,mouse
SYNTHETIC DEMONSTRATION ONLY - NOT HUMAN EXPERIMENT RESULTS,1097640,A,0,890.5009262236331,1.0,0,1,mouse
SYNTHETIC DEMONSTRATION ONLY - NOT HUMAN EXPERIMENT RESULTS,1097660,A,0,890.6279878275699,1.0,0,1,mouse
SYNTHETIC DEMONSTRATION ONLY - NOT HUMAN EXPERIMENT RESULTS,1097680,A,0,890.7551826285447,1.0,0,1,mouse
SYNTHETIC DEMONSTRATION ONLY - NOT HUMAN EXPERIMENT RESULTS,1097700,A,0,890.8825088188378,1.0,0,1,mouse
SYNTHETIC DEMONSTRATION ONLY - NOT HUMAN EXPERIMENT RESULTS,1097720,A,0,891.0099645888621,1.0,0,1,mouse
SYNTHETIC DEMONSTRATION ONLY - NOT HUMAN EXPERIMENT RESULTS,1097740,A,0,891.1375481271892,1.0,0,1,mouse
SYNTHETIC DEMONSTRATION ONLY - NOT HUMAN EXPERIMENT RESULTS,1097760,A,0,891.2652576205745,1.0,0,1,mouse
SYNTHETIC DEMONSTRATION ONLY - NOT HUMAN EXPERIMENT RESULTS,1097780,A,0,891.3930912539834,1.0,0,1,mouse
SYNTHETIC DEMONSTRATION ONLY - NOT HUMAN EXPERIMENT RESULTS,1097800,A,0,891.5210472106169,1.0,0,1,mouse
SYNTHETIC DEMONSTRATION ONLY - NOT HUMAN EXPERIMENT RESULTS,1097820,A,0,891.6491236719379,1.0,0,1,mouse
SYNTHETIC DEMONSTRATION ONLY - NOT HUMAN EXPERIMENT RESULTS,1097840,A,0,891.7773188176961,1.0,0,1,mouse
SYNTHETIC DEMONSTRATION ONLY - NOT HUMAN EXPERIMENT RESULTS,1097860,A,0,891.9056308259549,1.0,0,1,mouse
SYNTHETIC DEMONSTRATION ONLY - NOT HUMAN EXPERIMENT RESULTS,1097880,A,0,892.0340578731166,1.0,0,1,mouse
SYNTHETIC DEMONSTRATION ONLY - NOT HUMAN EXPERIMENT RESULTS,1097900,A,0,892.1625981339487,1.0,0,1,mouse
SYNTHETIC DEMONSTRATION ONLY - NOT HUMAN EXPERIMENT RESULTS,1097920,A,0,892.2912497816093,1.0,0,1,mouse
SYNTHETIC DEMONSTRATION ONLY - NOT HUMAN EXPERIMENT RESULTS,1097940,A,0,892.4200109876738,1.0,0,1,mouse
SYNTHETIC DEMONSTRATION ONLY - NOT HUMAN EXPERIMENT RESULTS,1097960,A,0,892.5488799221607,1.0,0,1,mouse
SYNTHETIC DEMONSTRATION ONLY - NOT HUMAN EXPERIMENT RESULTS,1097980,A,0,892.6778547535569,1.0,0,1,mouse
SYNTHETIC DEMONSTRATION ONLY - NOT HUMAN EXPERIMENT RESULTS,1098000,A,0,892.8069336488445,1.0,0,1,mouse
SYNTHETIC DEMONSTRATION ONLY - NOT HUMAN EXPERIMENT RESULTS,1098020,A,0,892.936114773527,1.0,0,1,mouse
SYNTHETIC DEMONSTRATION ONLY - NOT HUMAN EXPERIMENT RESULTS,1098040,A,0,893.0653962916547,1.0,0,1,mouse
SYNTHETIC DEMONSTRATION ONLY - NOT HUMAN EXPERIMENT RESULTS,1098060,A,0,893.1947763658505,1.0,0,1,mouse
SYNTHETIC DEMONSTRATION ONLY - NOT HUMAN EXPERIMENT RESULTS,1098080,A,0,893.3242531573378,1.0,0,1,mouse
SYNTHETIC DEMONSTRATION ONLY - NOT HUMAN EXPERIMENT RESULTS,1098100,A,0,893.4538248259645,1.0,0,1,mouse
SYNTHETIC DEMONSTRATION ONLY - NOT HUMAN EXPERIMENT RESULTS,1098120,A,0,893.5834895302304,1.0,0,1,mouse
SYNTHETIC DEMONSTRATION ONLY - NOT HUMAN EXPERIMENT RESULTS,1098140,A,0,893.713245427313,1.0,0,1,mouse
SYNTHETIC DEMONSTRATION ONLY - NOT HUMAN EXPERIMENT RESULTS,1098160,A,0,893.8430906730938,1.0,0,1,mouse
SYNTHETIC DEMONSTRATION ONLY - NOT HUMAN EXPERIMENT RESULTS,1098180,A,0,893.9730234221847,1.0,0,1,mouse
SYNTHETIC DEMONSTRATION ONLY - NOT HUMAN EXPERIMENT RESULTS,1098200,A,0,894.1030418279533,1.0,0,1,mouse
SYNTHETIC DEMONSTRATION ONLY - NOT HUMAN EXPERIMENT RESULTS,1098220,A,0,894.2331440425505,1.0,0,1,mouse
SYNTHETIC DEMONSTRATION ONLY - NOT HUMAN EXPERIMENT RESULTS,1098240,A,0,894.363328216936,1.0,0,1,mouse
SYNTHETIC DEMONSTRATION ONLY - NOT HUMAN EXPERIMENT RESULTS,1098260,A,0,894.4935925009042,1.0,0,1,mouse
SYNTHETIC DEMONSTRATION ONLY - NOT HUMAN EXPERIMENT RESULTS,1098280,A,0,894.6239350431114,1.0,0,1,mouse
SYNTHETIC DEMONSTRATION ONLY - NOT HUMAN EXPERIMENT RESULTS,1098300,A,0,894.7543539911017,1.0,0,1,mouse
SYNTHETIC DEMONSTRATION ONLY - NOT HUMAN EXPERIMENT RESULTS,1098320,A,0,894.884847491333,1.0,0,1,mouse
SYNTHETIC DEMONSTRATION ONLY - NOT HUMAN EXPERIMENT RESULTS,1098340,A,0,895.0154136892038,1.0,0,1,mouse
SYNTHETIC DEMONSTRATION ONLY - NOT HUMAN EXPERIMENT RESULTS,1098360,A,0,895.1460507290795,1.0,0,1,mouse
SYNTHETIC DEMONSTRATION ONLY - NOT HUMAN EXPERIMENT RESULTS,1098380,A,0,895.2767567543185,1.0,0,1,mouse
SYNTHETIC DEMONSTRATION ONLY - NOT HUMAN EXPERIMENT RESULTS,1098400,A,0,895.4075299072992,1.0,0,1,mouse
SYNTHETIC DEMONSTRATION ONLY - NOT HUMAN EXPERIMENT RESULTS,1098420,A,0,895.5383683294452,1.0,0,1,mouse
SYNTHETIC DEMONSTRATION ONLY - NOT HUMAN EXPERIMENT RESULTS,1098440,A,0,895.669270161253,1.0,0,1,mouse
SYNTHETIC DEMONSTRATION ONLY - NOT HUMAN EXPERIMENT RESULTS,1098460,A,0,895.8002335423182,1.0,0,1,mouse
SYNTHETIC DEMONSTRATION ONLY - NOT HUMAN EXPERIMENT RESULTS,1098480,A,0,895.9312566113607,1.0,0,1,mouse
SYNTHETIC DEMONSTRATION ONLY - NOT HUMAN EXPERIMENT RESULTS,1098500,A,0,896.062337506253,1.0,0,1,mouse
SYNTHETIC DEMONSTRATION ONLY - NOT HUMAN EXPERIMENT RESULTS,1098520,A,0,896.1934743640454,1.0,0,1,mouse
SYNTHETIC DEMONSTRATION ONLY - NOT HUMAN EXPERIMENT RESULTS,1098540,A,0,896.324665320993,1.0,0,1,mouse
SYNTHETIC DEMONSTRATION ONLY - NOT HUMAN EXPERIMENT RESULTS,1098560,A,0,896.4559085125815,1.0,0,1,mouse
SYNTHETIC DEMONSTRATION ONLY - NOT HUMAN EXPERIMENT RESULTS,1098580,A,0,896.587202073555,1.0,0,1,mouse
SYNTHETIC DEMONSTRATION ONLY - NOT HUMAN EXPERIMENT RESULTS,1098600,A,0,896.7185441379413,1.0,0,1,mouse
SYNTHETIC DEMONSTRATION ONLY - NOT HUMAN EXPERIMENT RESULTS,1098620,A,0,896.849932839079,1.0,0,1,mouse
SYNTHETIC DEMONSTRATION ONLY - NOT HUMAN EXPERIMENT RESULTS,1098640,A,0,896.9813663096436,1.0,0,1,mouse
SYNTHETIC DEMONSTRATION ONLY - NOT HUMAN EXPERIMENT RESULTS,1098660,A,0,897.1128426816747,1.0,0,1,mouse
SYNTHETIC DEMONSTRATION ONLY - NOT HUMAN EXPERIMENT RESULTS,1098680,A,0,897.244360086602,1.0,0,1,mouse
SYNTHETIC DEMONSTRATION ONLY - NOT HUMAN EXPERIMENT RESULTS,1098700,A,0,897.3759166552724,1.0,0,1,mouse
SYNTHETIC DEMONSTRATION ONLY - NOT HUMAN EXPERIMENT RESULTS,1098720,A,0,897.5075105179752,1.0,0,1,mouse
SYNTHETIC DEMONSTRATION ONLY - NOT HUMAN EXPERIMENT RESULTS,1098740,A,0,897.6391398044708,1.0,0,1,mouse
SYNTHETIC DEMONSTRATION ONLY - NOT HUMAN EXPERIMENT RESULTS,1098760,A,0,897.7708026440155,1.0,0,1,mouse
SYNTHETIC DEMONSTRATION ONLY - NOT HUMAN EXPERIMENT RESULTS,1098780,A,0,897.9024971653891,1.0,0,1,mouse
SYNTHETIC DEMONSTRATION ONLY - NOT HUMAN EXPERIMENT RESULTS,1098800,A,0,898.0342214969207,1.0,0,1,mouse
SYNTHETIC DEMONSTRATION ONLY - NOT HUMAN EXPERIMENT RESULTS,1098820,A,0,898.1659737665161,1.0,0,1,mouse
SYNTHETIC DEMONSTRATION ONLY - NOT HUMAN EXPERIMENT RESULTS,1098840,A,0,898.297752101684,1.0,0,1,mouse
SYNTHETIC DEMONSTRATION ONLY - NOT HUMAN EXPERIMENT RESULTS,1098860,A,0,898.4295546295624,1.0,0,1,mouse
SYNTHETIC DEMONSTRATION ONLY - NOT HUMAN EXPERIMENT RESULTS,1098880,A,0,898.5613794769457,1.0,0,1,mouse
SYNTHETIC DEMONSTRATION ONLY - NOT HUMAN EXPERIMENT RESULTS,1098900,A,0,898.6932247703111,1.0,0,1,mouse
SYNTHETIC DEMONSTRATION ONLY - NOT HUMAN EXPERIMENT RESULTS,1098920,A,0,898.825088635845,1.0,0,1,mouse
SYNTHETIC DEMONSTRATION ONLY - NOT HUMAN EXPERIMENT RESULTS,1098940,A,0,898.95696919947,1.0,0,1,mouse
SYNTHETIC DEMONSTRATION ONLY - NOT HUMAN EXPERIMENT RESULTS,1098960,A,0,899.0888645868715,1.0,0,1,mouse
SYNTHETIC DEMONSTRATION ONLY - NOT HUMAN EXPERIMENT RESULTS,1098980,A,0,899.220772923524,1.0,0,1,mouse
SYNTHETIC DEMONSTRATION ONLY - NOT HUMAN EXPERIMENT RESULTS,1099000,A,0,899.3526923347181,1.0,0,1,mouse
SYNTHETIC DEMONSTRATION ONLY - NOT HUMAN EXPERIMENT RESULTS,1099020,A,0,899.4846209455869,1.0,0,1,mouse
SYNTHETIC DEMONSTRATION ONLY - NOT HUMAN EXPERIMENT RESULTS,1099040,A,0,899.6165568811331,1.0,0,1,mouse
SYNTHETIC DEMONSTRATION ONLY - NOT HUMAN EXPERIMENT RESULTS,1099060,A,0,899.7484982662545,1.0,0,1,mouse
SYNTHETIC DEMONSTRATION ONLY - NOT HUMAN EXPERIMENT RESULTS,1099080,A,0,899.8804432257723,1.0,0,1,mouse
SYNTHETIC DEMONSTRATION ONLY - NOT HUMAN EXPERIMENT RESULTS,1099100,A,0,900.0123898844565,1.0,0,1,mouse
SYNTHETIC DEMONSTRATION ONLY - NOT HUMAN EXPERIMENT RESULTS,1099120,A,0,900.144336367053,1.0,0,1,mouse
SYNTHETIC DEMONSTRATION ONLY - NOT HUMAN EXPERIMENT RESULTS,1099140,A,0,900.2762807983103,1.0,0,1,mouse
SYNTHETIC DEMONSTRATION ONLY - NOT HUMAN EXPERIMENT RESULTS,1099160,A,0,900.4082213030058,1.0,0,1,mouse
SYNTHETIC DEMONSTRATION ONLY - NOT HUMAN EXPERIMENT RESULTS,1099180,A,0,900.5401560059731,1.0,0,1,mouse
SYNTHETIC DEMONSTRATION ONLY - NOT HUMAN EXPERIMENT RESULTS,1099200,A,0,900.672083032128,1.0,0,1,mouse
SYNTHETIC DEMONSTRATION ONLY - NOT HUMAN EXPERIMENT RESULTS,1099220,A,0,900.8040005064951,1.0,0,1,mouse
SYNTHETIC DEMONSTRATION ONLY - NOT HUMAN EXPERIMENT RESULTS,1099240,A,0,900.9359065542355,1.0,0,1,mouse
SYNTHETIC DEMONSTRATION ONLY - NOT HUMAN EXPERIMENT RESULTS,1099260,A,0,901.0677993006722,1.0,0,1,mouse
SYNTHETIC DEMONSTRATION ONLY - NOT HUMAN EXPERIMENT RESULTS,1099280,A,0,901.199676871317,1.0,0,1,mouse
SYNTHETIC DEMONSTRATION ONLY - NOT HUMAN EXPERIMENT RESULTS,1099300,A,0,901.3315373918981,1.0,0,1,mouse
SYNTHETIC DEMONSTRATION ONLY - NOT HUMAN EXPERIMENT RESULTS,1099320,A,0,901.4633789883857,1.0,0,1,mouse
SYNTHETIC DEMONSTRATION ONLY - NOT HUMAN EXPERIMENT RESULTS,1099340,A,0,901.5951997870184,1.0,0,1,mouse
SYNTHETIC DEMONSTRATION ONLY - NOT HUMAN EXPERIMENT RESULTS,1099360,A,0,901.7269979143313,1.0,0,1,mouse
SYNTHETIC DEMONSTRATION ONLY - NOT HUMAN EXPERIMENT RESULTS,1099380,A,0,901.8587714971809,1.0,0,1,mouse
SYNTHETIC DEMONSTRATION ONLY - NOT HUMAN EXPERIMENT RESULTS,1099400,A,0,901.9905186627734,1.0,0,1,mouse
SYNTHETIC DEMONSTRATION ONLY - NOT HUMAN EXPERIMENT RESULTS,1099420,A,0,902.1222375386895,1.0,0,1,mouse
SYNTHETIC DEMONSTRATION ONLY - NOT HUMAN EXPERIMENT RESULTS,1099440,A,0,902.2539262529127,1.0,0,1,mouse
SYNTHETIC DEMONSTRATION ONLY - NOT HUMAN EXPERIMENT RESULTS,1099460,A,0,902.3855829338548,1.0,0,1,mouse
SYNTHETIC DEMONSTRATION ONLY - NOT HUMAN EXPERIMENT RESULTS,1099480,A,0,902.5172057103828,1.0,0,1,mouse
SYNTHETIC DEMONSTRATION ONLY - NOT HUMAN EXPERIMENT RESULTS,1099500,A,0,902.6487927118458,1.0,0,1,mouse
SYNTHETIC DEMONSTRATION ONLY - NOT HUMAN EXPERIMENT RESULTS,1099520,A,0,902.7803420681013,1.0,0,1,mouse
SYNTHETIC DEMONSTRATION ONLY - NOT HUMAN EXPERIMENT RESULTS,1099540,A,0,902.9118519095417,1.0,0,1,mouse
SYNTHETIC DEMONSTRATION ONLY - NOT HUMAN EXPERIMENT RESULTS,1099560,A,0,903.043320367121,1.0,0,1,mouse
SYNTHETIC DEMONSTRATION ONLY - NOT HUMAN EXPERIMENT RESULTS,1099580,A,0,903.1747455723815,1.0,0,1,mouse
SYNTHETIC DEMONSTRATION ONLY - NOT HUMAN EXPERIMENT RESULTS,1099600,A,0,903.3061256574803,1.0,0,1,mouse
SYNTHETIC DEMONSTRATION ONLY - NOT HUMAN EXPERIMENT RESULTS,1099620,A,0,903.4374587552152,1.0,0,1,mouse
SYNTHETIC DEMONSTRATION ONLY - NOT HUMAN EXPERIMENT RESULTS,1099640,A,0,903.5687429990523,1.0,0,1,mouse
SYNTHETIC DEMONSTRATION ONLY - NOT HUMAN EXPERIMENT RESULTS,1099660,A,0,903.699976523152,1.0,0,1,mouse
SYNTHETIC DEMONSTRATION ONLY - NOT HUMAN EXPERIMENT RESULTS,1099680,A,0,903.8311574623956,1.0,0,1,mouse
SYNTHETIC DEMONSTRATION ONLY - NOT HUMAN EXPERIMENT RESULTS,1099700,A,0,903.9622839524111,1.0,0,1,mouse
SYNTHETIC DEMONSTRATION ONLY - NOT HUMAN EXPERIMENT RESULTS,1099720,A,0,904.0933541296012,1.0,0,1,mouse
SYNTHETIC DEMONSTRATION ONLY - NOT HUMAN EXPERIMENT RESULTS,1099740,A,0,904.2243661311685,1.0,0,1,mouse
SYNTHETIC DEMONSTRATION ONLY - NOT HUMAN EXPERIMENT RESULTS,1099760,A,0,904.3553180951424,1.0,0,1,mouse
SYNTHETIC DEMONSTRATION ONLY - NOT HUMAN EXPERIMENT RESULTS,1099780,A,0,904.4862081604055,1.0,0,1,mouse
SYNTHETIC DEMONSTRATION ONLY - NOT HUMAN EXPERIMENT RESULTS,1099800,A,0,904.6170344667205,1.0,0,1,mouse
SYNTHETIC DEMONSTRATION ONLY - NOT HUMAN EXPERIMENT RESULTS,1099820,A,0,904.747795154756,1.0,0,1,mouse
SYNTHETIC DEMONSTRATION ONLY - NOT HUMAN EXPERIMENT RESULTS,1099840,A,0,904.878488366113,1.0,0,1,mouse
SYNTHETIC DEMONSTRATION ONLY - NOT HUMAN EXPERIMENT RESULTS,1099860,A,0,905.0091122433516,1.0,0,1,mouse
SYNTHETIC DEMONSTRATION ONLY - NOT HUMAN EXPERIMENT RESULTS,1099880,A,0,905.1396649300177,1.0,0,1,mouse
SYNTHETIC DEMONSTRATION ONLY - NOT HUMAN EXPERIMENT RESULTS,1099900,A,0,905.2701445706685,1.0,0,1,mouse
SYNTHETIC DEMONSTRATION ONLY - NOT HUMAN EXPERIMENT RESULTS,1099920,A,0,905.4005493108994,1.0,0,1,mouse
SYNTHETIC DEMONSTRATION ONLY - NOT HUMAN EXPERIMENT RESULTS,1099940,A,0,905.5308772973704,1.0,0,1,mouse
SYNTHETIC DEMONSTRATION ONLY - NOT HUMAN EXPERIMENT RESULTS,1099960,A,0,905.6611266778325,1.0,0,1,mouse
SYNTHETIC DEMONSTRATION ONLY - NOT HUMAN EXPERIMENT RESULTS,1099980,A,0,905.7912956011535,1.0,0,1,mouse
SYNTHETIC DEMONSTRATION ONLY - NOT HUMAN EXPERIMENT RESULTS,1100000,A,0,905.9213822173449,1.0,0,1,mouse
SYNTHETIC DEMONSTRATION ONLY - NOT HUMAN EXPERIMENT RESULTS,1100020,A,0,906.051384677588,1.0,0,1,mouse
SYNTHETIC DEMONSTRATION ONLY - NOT HUMAN EXPERIMENT RESULTS,1100040,A,0,906.1813011342601,1.0,0,1,mouse
SYNTHETIC DEMONSTRATION ONLY - NOT HUMAN EXPERIMENT RESULTS,1100060,A,0,906.3111297409607,1.0,0,1,mouse
SYNTHETIC DEMONSTRATION ONLY - NOT HUMAN EXPERIMENT RESULTS,1100080,A,0,906.440868652538,1.0,0,1,mouse
SYNTHETIC DEMONSTRATION ONLY - NOT HUMAN EXPERIMENT RESULTS,1100100,A,0,906.5705160251148,1.0,0,1,mouse
SYNTHETIC DEMONSTRATION ONLY - NOT HUMAN EXPERIMENT RESULTS,1100120,A,0,906.7000700161151,1.0,0,1,mouse
SYNTHETIC DEMONSTRATION ONLY - NOT HUMAN EXPERIMENT RESULTS,1100140,A,0,906.8295287842898,1.0,0,1,mouse
SYNTHETIC DEMONSTRATION ONLY - NOT HUMAN EXPERIMENT RESULTS,1100160,A,0,906.9588904897432,1.0,0,1,mouse
SYNTHETIC DEMONSTRATION ONLY - NOT HUMAN EXPERIMENT RESULTS,1100180,A,0,907.0881532939592,1.0,0,1,mouse
SYNTHETIC DEMONSTRATION ONLY - NOT HUMAN EXPERIMENT RESULTS,1100200,A,0,907.2173153598272,1.0,0,1,mouse
SYNTHETIC DEMONSTRATION ONLY - NOT HUMAN EXPERIMENT RESULTS,1100220,A,0,907.3463748516687,1.0,0,1,mouse
SYNTHETIC DEMONSTRATION ONLY - NOT HUMAN EXPERIMENT RESULTS,1100240,A,0,907.4753299352619,1.0,0,1,mouse
SYNTHETIC DEMONSTRATION ONLY - NOT HUMAN EXPERIMENT RESULTS,1100260,A,0,907.6041787778703,1.0,0,1,mouse
SYNTHETIC DEMONSTRATION ONLY - NOT HUMAN EXPERIMENT RESULTS,1100280,A,0,907.7329195482662,1.0,0,1,mouse
SYNTHETIC DEMONSTRATION ONLY - NOT HUMAN EXPERIMENT RESULTS,1100300,A,0,907.8615504167586,1.0,0,1,mouse
SYNTHETIC DEMONSTRATION ONLY - NOT HUMAN EXPERIMENT RESULTS,1100320,A,0,907.9900695552179,1.0,0,1,mouse
SYNTHETIC DEMONSTRATION ONLY - NOT HUMAN EXPERIMENT RESULTS,1100340,A,0,908.1184751371028,1.0,0,1,mouse
SYNTHETIC DEMONSTRATION ONLY - NOT HUMAN EXPERIMENT RESULTS,1100360,A,0,908.2467653374857,1.0,0,1,mouse
SYNTHETIC DEMONSTRATION ONLY - NOT HUMAN EXPERIMENT RESULTS,1100380,A,0,908.3749383330788,1.0,0,1,mouse
SYNTHETIC DEMONSTRATION ONLY - NOT HUMAN EXPERIMENT RESULTS,1100400,A,0,908.5029923022605,1.0,0,1,mouse
SYNTHETIC DEMONSTRATION ONLY - NOT HUMAN EXPERIMENT RESULTS,1100420,A,0,908.6309254250999,1.0,0,1,mouse
SYNTHETIC DEMONSTRATION ONLY - NOT HUMAN EXPERIMENT RESULTS,1100440,A,0,908.7587358833845,1.0,0,1,mouse
SYNTHETIC DEMONSTRATION ONLY - NOT HUMAN EXPERIMENT RESULTS,1100460,A,0,908.8864218606448,1.0,0,1,mouse
SYNTHETIC DEMONSTRATION ONLY - NOT HUMAN EXPERIMENT RESULTS,1100480,A,0,909.0139815421802,1.0,0,1,mouse
SYNTHETIC DEMONSTRATION ONLY - NOT HUMAN EXPERIMENT RESULTS,1100500,A,0,909.1414131150854,1.0,0,1,mouse
SYNTHETIC DEMONSTRATION ONLY - NOT HUMAN EXPERIMENT RESULTS,1100520,A,0,909.2687147682756,1.0,0,1,mouse
SYNTHETIC DEMONSTRATION ONLY - NOT HUMAN EXPERIMENT RESULTS,1100540,A,0,909.3958846925127,1.0,0,1,mouse
SYNTHETIC DEMONSTRATION ONLY - NOT HUMAN EXPERIMENT RESULTS,1100560,A,0,909.5229210804305,1.0,0,1,mouse
SYNTHETIC DEMONSTRATION ONLY - NOT HUMAN EXPERIMENT RESULTS,1100580,A,0,909.6498221265606,1.0,0,1,mouse
SYNTHETIC DEMONSTRATION ONLY - NOT HUMAN EXPERIMENT RESULTS,1100600,A,0,909.7765860273585,1.0,0,1,mouse
SYNTHETIC DEMONSTRATION ONLY - NOT HUMAN EXPERIMENT RESULTS,1100620,A,0,909.9032109812282,1.0,0,1,mouse
SYNTHETIC DEMONSTRATION ONLY - NOT HUMAN EXPERIMENT RESULTS,1100640,A,0,910.0296951885492,1.0,0,1,mouse
SYNTHETIC DEMONSTRATION ONLY - NOT HUMAN EXPERIMENT RESULTS,1100660,A,0,910.1560368517007,1.0,0,1,mouse
SYNTHETIC DEMONSTRATION ONLY - NOT HUMAN EXPERIMENT RESULTS,1100680,A,0,910.2822341750883,1.0,0,1,mouse
SYNTHETIC DEMONSTRATION ONLY - NOT HUMAN EXPERIMENT RESULTS,1100700,A,0,910.4082853651682,1.0,0,1,mouse
SYNTHETIC DEMONSTRATION ONLY - NOT HUMAN EXPERIMENT RESULTS,1100720,A,0,910.5341886304744,1.0,0,1,mouse
SYNTHETIC DEMONSTRATION ONLY - NOT HUMAN EXPERIMENT RESULTS,1100740,A,0,910.6599421816428,1.0,0,1,mouse
SYNTHETIC DEMONSTRATION ONLY - NOT HUMAN EXPERIMENT RESULTS,1100760,A,0,910.7855442314369,1.0,0,1,mouse
SYNTHETIC DEMONSTRATION ONLY - NOT HUMAN EXPERIMENT RESULTS,1100780,A,0,910.9109929947736,1.0,0,1,mouse
SYNTHETIC DEMONSTRATION ONLY - NOT HUMAN EXPERIMENT RESULTS,1100800,A,0,911.0362866887482,1.0,0,1,mouse
SYNTHETIC DEMONSTRATION ONLY - NOT HUMAN EXPERIMENT RESULTS,1100820,A,0,911.1614235326601,1.0,0,1,mouse
SYNTHETIC DEMONSTRATION ONLY - NOT HUMAN EXPERIMENT RESULTS,1100840,A,0,911.2864017480379,1.0,0,1,mouse
SYNTHETIC DEMONSTRATION ONLY - NOT HUMAN EXPERIMENT RESULTS,1100860,A,0,911.4112195586641,1.0,0,1,mouse
SYNTHETIC DEMONSTRATION ONLY - NOT HUMAN EXPERIMENT RESULTS,1100880,A,0,911.5358751906017,1.0,0,1,mouse
SYNTHETIC DEMONSTRATION ONLY - NOT HUMAN EXPERIMENT RESULTS,1100900,A,0,911.6603668722182,1.0,0,1,mouse
SYNTHETIC DEMONSTRATION ONLY - NOT HUMAN EXPERIMENT RESULTS,1100920,A,0,911.7846928342111,1.0,0,1,mouse
SYNTHETIC DEMONSTRATION ONLY - NOT HUMAN EXPERIMENT RESULTS,1100940,A,0,911.9088513096333,1.0,0,1,mouse
SYNTHETIC DEMONSTRATION ONLY - NOT HUMAN EXPERIMENT RESULTS,1100960,A,0,912.0328405339181,1.0,0,1,mouse
SYNTHETIC DEMONSTRATION ONLY - NOT HUMAN EXPERIMENT RESULTS,1100980,A,0,912.1566587449042,1.0,0,1,mouse
SYNTHETIC DEMONSTRATION ONLY - NOT HUMAN EXPERIMENT RESULTS,1101000,A,0,912.2803041828606,1.0,0,1,mouse
SYNTHETIC DEMONSTRATION ONLY - NOT HUMAN EXPERIMENT RESULTS,1101020,A,0,912.4037750905121,1.0,0,1,mouse
SYNTHETIC DEMONSTRATION ONLY - NOT HUMAN EXPERIMENT RESULTS,1101040,A,0,912.527069713064,1.0,0,1,mouse
SYNTHETIC DEMONSTRATION ONLY - NOT HUMAN EXPERIMENT RESULTS,1101060,A,0,912.6501862982262,1.0,0,1,mouse
SYNTHETIC DEMONSTRATION ONLY - NOT HUMAN EXPERIMENT RESULTS,1101080,A,0,912.7731230962399,1.0,0,1,mouse
SYNTHETIC DEMONSTRATION ONLY - NOT HUMAN EXPERIMENT RESULTS,1101100,A,0,912.8958783599012,1.0,0,1,mouse
SYNTHETIC DEMONSTRATION ONLY - NOT HUMAN EXPERIMENT RESULTS,1101120,A,0,913.0184503445857,1.0,0,1,mouse
SYNTHETIC DEMONSTRATION ONLY - NOT HUMAN EXPERIMENT RESULTS,1101140,A,0,913.1408373082745,1.0,0,1,mouse
SYNTHETIC DEMONSTRATION ONLY - NOT HUMAN EXPERIMENT RESULTS,1101160,A,0,913.2630375115779,1.0,0,1,mouse
SYNTHETIC DEMONSTRATION ONLY - NOT HUMAN EXPERIMENT RESULTS,1101180,A,0,913.3850492177604,1.0,0,1,mouse
SYNTHETIC DEMONSTRATION ONLY - NOT HUMAN EXPERIMENT RESULTS,1101200,A,0,913.5068706927656,1.0,0,1,mouse
SYNTHETIC DEMONSTRATION ONLY - NOT HUMAN EXPERIMENT RESULTS,1101220,A,0,913.6285002052407,1.0,0,1,mouse
SYNTHETIC DEMONSTRATION ONLY - NOT HUMAN EXPERIMENT RESULTS,1101240,A,0,913.7499360265613,1.0,0,1,mouse
SYNTHETIC DEMONSTRATION ONLY - NOT HUMAN EXPERIMENT RESULTS,1101260,A,0,913.8711764308551,1.0,0,1,mouse
SYNTHETIC DEMONSTRATION ONLY - NOT HUMAN EXPERIMENT RESULTS,1101280,A,0,913.9922196950281,1.0,0,1,mouse
SYNTHETIC DEMONSTRATION ONLY - NOT HUMAN EXPERIMENT RESULTS,1101300,A,0,914.1130640987874,1.0,0,1,mouse
SYNTHETIC DEMONSTRATION ONLY - NOT HUMAN EXPERIMENT RESULTS,1101320,A,0,914.2337079246665,1.0,0,1,mouse
SYNTHETIC DEMONSTRATION ONLY - NOT HUMAN EXPERIMENT RESULTS,1101340,A,0,914.3541494580496,1.0,0,1,mouse
SYNTHETIC DEMONSTRATION ONLY - NOT HUMAN EXPERIMENT RESULTS,1101360,A,0,914.4743869871958,1.0,0,1,mouse
SYNTHETIC DEMONSTRATION ONLY - NOT HUMAN EXPERIMENT RESULTS,1101380,A,0,914.5944188032638,1.0,0,1,mouse
SYNTHETIC DEMONSTRATION ONLY - NOT HUMAN EXPERIMENT RESULTS,1101400,A,0,914.714243200336,1.0,0,1,mouse
SYNTHETIC DEMONSTRATION ONLY - NOT HUMAN EXPERIMENT RESULTS,1101420,A,0,914.8338584754421,1.0,0,1,mouse
SYNTHETIC DEMONSTRATION ONLY - NOT HUMAN EXPERIMENT RESULTS,1101440,A,0,914.9532629285844,1.0,0,1,mouse
SYNTHETIC DEMONSTRATION ONLY - NOT HUMAN EXPERIMENT RESULTS,1101460,A,0,915.0724548627616,1.0,0,1,mouse
SYNTHETIC DEMONSTRATION ONLY - NOT HUMAN EXPERIMENT RESULTS,1101480,A,0,915.191432583992,1.0,0,1,mouse
SYNTHETIC DEMONSTRATION ONLY - NOT HUMAN EXPERIMENT RESULTS,1101500,A,0,915.310194401339,1.0,0,1,mouse
SYNTHETIC DEMONSTRATION ONLY - NOT HUMAN EXPERIMENT RESULTS,1101520,A,0,915.4287386269345,1.0,0,1,mouse
SYNTHETIC DEMONSTRATION ONLY - NOT HUMAN EXPERIMENT RESULTS,1101540,A,0,915.5470635760025,1.0,0,1,mouse
SYNTHETIC DEMONSTRATION ONLY - NOT HUMAN EXPERIMENT RESULTS,1101560,A,0,915.6651675668836,1.0,0,1,mouse
SYNTHETIC DEMONSTRATION ONLY - NOT HUMAN EXPERIMENT RESULTS,1101580,A,0,915.7830489210586,1.0,0,1,mouse
SYNTHETIC DEMONSTRATION ONLY - NOT HUMAN EXPERIMENT RESULTS,1101600,A,0,915.9007059631726,1.0,0,1,mouse
SYNTHETIC DEMONSTRATION ONLY - NOT HUMAN EXPERIMENT RESULTS,1101620,A,0,916.0181370210585,1.0,0,1,mouse
SYNTHETIC DEMONSTRATION ONLY - NOT HUMAN EXPERIMENT RESULTS,1101640,A,0,916.1353404257612,1.0,0,1,mouse
SYNTHETIC DEMONSTRATION ONLY - NOT HUMAN EXPERIMENT RESULTS,1101660,A,0,916.2523145115608,1.0,0,1,mouse
SYNTHETIC DEMONSTRATION ONLY - NOT HUMAN EXPERIMENT RESULTS,1101680,A,0,916.3690576159966,1.0,0,1,mouse
SYNTHETIC DEMONSTRATION ONLY - NOT HUMAN EXPERIMENT RESULTS,1101700,A,0,916.4855680798905,1.0,0,1,mouse
SYNTHETIC DEMONSTRATION ONLY - NOT HUMAN EXPERIMENT RESULTS,1101720,A,0,916.6018442473712,1.0,0,1,mouse
SYNTHETIC DEMONSTRATION ONLY - NOT HUMAN EXPERIMENT RESULTS,1101740,A,0,916.717884465897,1.0,0,1,mouse
SYNTHETIC DEMONSTRATION ONLY - NOT HUMAN EXPERIMENT RESULTS,1101760,A,0,916.8336870862793,1.0,0,1,mouse
SYNTHETIC DEMONSTRATION ONLY - NOT HUMAN EXPERIMENT RESULTS,1101780,A,0,916.9492504627066,1.0,0,1,mouse
SYNTHETIC DEMONSTRATION ONLY - NOT HUMAN EXPERIMENT RESULTS,1101800,A,0,917.0645729527677,1.0,0,1,mouse
SYNTHETIC DEMONSTRATION ONLY - NOT HUMAN EXPERIMENT RESULTS,1101820,A,0,917.1796529174745,1.0,0,1,mouse
SYNTHETIC DEMONSTRATION ONLY - NOT HUMAN EXPERIMENT RESULTS,1101840,A,0,917.2944887212861,1.0,0,1,mouse
SYNTHETIC DEMONSTRATION ONLY - NOT HUMAN EXPERIMENT RESULTS,1101860,A,0,917.4090787321317,1.0,0,1,mouse
SYNTHETIC DEMONSTRATION ONLY - NOT HUMAN EXPERIMENT RESULTS,1101880,A,0,917.5234213214331,1.0,0,1,mouse
SYNTHETIC DEMONSTRATION ONLY - NOT HUMAN EXPERIMENT RESULTS,1101900,A,0,917.6375148641297,1.0,0,1,mouse
SYNTHETIC DEMONSTRATION ONLY - NOT HUMAN EXPERIMENT RESULTS,1101920,A,0,917.7513577386992,1.0,0,1,mouse
SYNTHETIC DEMONSTRATION ONLY - NOT HUMAN EXPERIMENT RESULTS,1101940,A,0,917.8649483271824,1.0,0,1,mouse
SYNTHETIC DEMONSTRATION ONLY - NOT HUMAN EXPERIMENT RESULTS,1101960,A,0,917.9782850152059,1.0,0,1,mouse
SYNTHETIC DEMONSTRATION ONLY - NOT HUMAN EXPERIMENT RESULTS,1101980,A,0,918.0913661920042,1.0,0,1,mouse
SYNTHETIC DEMONSTRATION ONLY - NOT HUMAN EXPERIMENT RESULTS,1102000,A,0,918.2041902504436,1.0,0,1,mouse
SYNTHETIC DEMONSTRATION ONLY - NOT HUMAN EXPERIMENT RESULTS,1102020,A,0,918.3167555870444,1.0,0,1,mouse
SYNTHETIC DEMONSTRATION ONLY - NOT HUMAN EXPERIMENT RESULTS,1102040,A,0,918.4290606020043,1.0,0,1,mouse
SYNTHETIC DEMONSTRATION ONLY - NOT HUMAN EXPERIMENT RESULTS,1102060,A,0,918.5411036992199,1.0,0,1,mouse
SYNTHETIC DEMONSTRATION ONLY - NOT HUMAN EXPERIMENT RESULTS,1102080,A,0,918.6528832863113,1.0,0,1,mouse
SYNTHETIC DEMONSTRATION ONLY - NOT HUMAN EXPERIMENT RESULTS,1102100,A,0,918.7643977746429,1.0,0,1,mouse
SYNTHETIC DEMONSTRATION ONLY - NOT HUMAN EXPERIMENT RESULTS,1102120,A,0,918.8756455793471,1.0,0,1,mouse
SYNTHETIC DEMONSTRATION ONLY - NOT HUMAN EXPERIMENT RESULTS,1102140,A,0,918.9866251193462,1.0,0,1,mouse
SYNTHETIC DEMONSTRATION ONLY - NOT HUMAN EXPERIMENT RESULTS,1102160,A,0,919.0973348173753,1.0,0,1,mouse
SYNTHETIC DEMONSTRATION ONLY - NOT HUMAN EXPERIMENT RESULTS,1102180,A,0,919.2077731000047,1.0,0,1,mouse
SYNTHETIC DEMONSTRATION ONLY - NOT HUMAN EXPERIMENT RESULTS,1102200,A,0,919.3179383976618,1.0,0,1,mouse
SYNTHETIC DEMONSTRATION ONLY - NOT HUMAN EXPERIMENT RESULTS,1102220,A,0,919.4278291446539,1.0,0,1,mouse
SYNTHETIC DEMONSTRATION ONLY - NOT HUMAN EXPERIMENT RESULTS,1102240,A,0,919.5374437791903,1.0,0,1,mouse
SYNTHETIC DEMONSTRATION ONLY - NOT HUMAN EXPERIMENT RESULTS,1102260,A,0,919.6467807434043,1.0,0,1,mouse
SYNTHETIC DEMONSTRATION ONLY - NOT HUMAN EXPERIMENT RESULTS,1102280,A,0,919.7558384833757,1.0,0,1,mouse
SYNTHETIC DEMONSTRATION ONLY - NOT HUMAN EXPERIMENT RESULTS,1102300,A,0,919.8646154491526,1.0,0,1,mouse
SYNTHETIC DEMONSTRATION ONLY - NOT HUMAN EXPERIMENT RESULTS,1102320,A,0,919.9731100947736,1.0,0,1,mouse
SYNTHETIC DEMONSTRATION ONLY - NOT HUMAN EXPERIMENT RESULTS,1102340,A,0,920.0813208782895,1.0,0,1,mouse
SYNTHETIC DEMONSTRATION ONLY - NOT HUMAN EXPERIMENT RESULTS,1102360,A,0,920.1892462617856,1.0,0,1,mouse
SYNTHETIC DEMONSTRATION ONLY - NOT HUMAN EXPERIMENT RESULTS,1102380,A,0,920.2968847114033,1.0,0,1,mouse
SYNTHETIC DEMONSTRATION ONLY - NOT HUMAN EXPERIMENT RESULTS,1102400,A,0,920.4042346973621,1.0,0,1,mouse
SYNTHETIC DEMONSTRATION ONLY - NOT HUMAN EXPERIMENT RESULTS,1102420,A,0,920.5112946939809,1.0,0,1,mouse
SYNTHETIC DEMONSTRATION ONLY - NOT HUMAN EXPERIMENT RESULTS,1102440,A,0,920.6180631797001,1.0,0,1,mouse
SYNTHETIC DEMONSTRATION ONLY - NOT HUMAN EXPERIMENT RESULTS,1102460,A,0,920.7245386371036,1.0,0,1,mouse
SYNTHETIC DEMONSTRATION ONLY - NOT HUMAN EXPERIMENT RESULTS,1102480,A,0,920.8307195529391,1.0,0,1,mouse
SYNTHETIC DEMONSTRATION ONLY - NOT HUMAN EXPERIMENT RESULTS,1102500,A,0,920.9366044181407,1.0,0,1,mouse
SYNTHETIC DEMONSTRATION ONLY - NOT HUMAN EXPERIMENT RESULTS,1102520,A,0,921.0421917278503,1.0,0,1,mouse
SYNTHETIC DEMONSTRATION ONLY - NOT HUMAN EXPERIMENT RESULTS,1102540,A,0,921.1474799814386,1.0,0,1,mouse
SYNTHETIC DEMONSTRATION ONLY - NOT HUMAN EXPERIMENT RESULTS,1102560,A,0,921.2524676825261,1.0,0,1,mouse
SYNTHETIC DEMONSTRATION ONLY - NOT HUMAN EXPERIMENT RESULTS,1102580,A,0,921.3571533390054,1.0,0,1,mouse
SYNTHETIC DEMONSTRATION ONLY - NOT HUMAN EXPERIMENT RESULTS,1102600,A,0,921.4615354630618,1.0,0,1,mouse
SYNTHETIC DEMONSTRATION ONLY - NOT HUMAN EXPERIMENT RESULTS,1102620,A,0,921.5656125711938,1.0,0,1,mouse
SYNTHETIC DEMONSTRATION ONLY - NOT HUMAN EXPERIMENT RESULTS,1102640,A,0,921.6693831842357,1.0,0,1,mouse
SYNTHETIC DEMONSTRATION ONLY - NOT HUMAN EXPERIMENT RESULTS,1102660,A,0,921.7728458273772,1.0,0,1,mouse
SYNTHETIC DEMONSTRATION ONLY - NOT HUMAN EXPERIMENT RESULTS,1102680,A,0,921.8759990301852,1.0,0,1,mouse
SYNTHETIC DEMONSTRATION ONLY - NOT HUMAN EXPERIMENT RESULTS,1102700,A,0,921.9788413266243,1.0,0,1,mouse
SYNTHETIC DEMONSTRATION ONLY - NOT HUMAN EXPERIMENT RESULTS,1102720,A,0,922.081371255078,1.0,0,1,mouse
SYNTHETIC DEMONSTRATION ONLY - NOT HUMAN EXPERIMENT RESULTS,1102740,A,0,922.1835873583689,1.0,0,1,mouse
SYNTHETIC DEMONSTRATION ONLY - NOT HUMAN EXPERIMENT RESULTS,1102760,A,0,922.2854881837799,1.0,0,1,mouse
SYNTHETIC DEMONSTRATION ONLY - NOT HUMAN EXPERIMENT RESULTS,1102780,A,0,922.3870722830746,1.0,0,1,mouse
SYNTHETIC DEMONSTRATION ONLY - NOT HUMAN EXPERIMENT RESULTS,1102800,A,0,922.4883382125184,1.0,0,1,mouse
SYNTHETIC DEMONSTRATION ONLY - NOT HUMAN EXPERIMENT RESULTS,1102820,A,0,922.5892845328983,1.0,0,1,mouse
SYNTHETIC DEMONSTRATION ONLY - NOT HUMAN EXPERIMENT RESULTS,1102840,A,0,922.6899098095432,1.0,0,1,mouse
SYNTHETIC DEMONSTRATION ONLY - NOT HUMAN EXPERIMENT RESULTS,1102860,A,0,922.7902126123456,1.0,0,1,mouse
SYNTHETIC DEMONSTRATION ONLY - NOT HUMAN EXPERIMENT RESULTS,1102880,A,0,922.8901915157805,1.0,0,1,mouse
SYNTHETIC DEMONSTRATION ONLY - NOT HUMAN EXPERIMENT RESULTS,1102900,A,0,922.9898450989266,1.0,0,1,mouse
SYNTHETIC DEMONSTRATION ONLY - NOT HUMAN EXPERIMENT RESULTS,1102920,A,0,923.0891719454855,1.0,0,1,mouse
SYNTHETIC DEMONSTRATION ONLY - NOT HUMAN EXPERIMENT RESULTS,1102940,A,0,923.188170643803,1.0,0,1,mouse
SYNTHETIC DEMONSTRATION ONLY - NOT HUMAN EXPERIMENT RESULTS,1102960,A,0,923.2868397868887,1.0,0,1,mouse
SYNTHETIC DEMONSTRATION ONLY - NOT HUMAN EXPERIMENT RESULTS,1102980,A,0,923.3851779724354,1.0,0,1,mouse
SYNTHETIC DEMONSTRATION ONLY - NOT HUMAN EXPERIMENT RESULTS,1103000,A,0,923.4831838028398,1.0,0,1,mouse
SYNTHETIC DEMONSTRATION ONLY - NOT HUMAN EXPERIMENT RESULTS,1103020,A,0,923.5808558852223,1.0,0,1,mouse
SYNTHETIC DEMONSTRATION ONLY - NOT HUMAN EXPERIMENT RESULTS,1103040,A,0,923.6781928314463,1.0,0,1,mouse
SYNTHETIC DEMONSTRATION ONLY - NOT HUMAN EXPERIMENT RESULTS,1103060,A,0,923.7751932581383,1.0,0,1,mouse
SYNTHETIC DEMONSTRATION ONLY - NOT HUMAN EXPERIMENT RESULTS,1103080,A,0,923.8718557867078,1.0,0,1,mouse
SYNTHETIC DEMONSTRATION ONLY - NOT HUMAN EXPERIMENT RESULTS,1103100,A,0,923.9681790433659,1.0,0,1,mouse
SYNTHETIC DEMONSTRATION ONLY - NOT HUMAN EXPERIMENT RESULTS,1103120,A,0,924.0641616591462,1.0,0,1,mouse
SYNTHETIC DEMONSTRATION ONLY - NOT HUMAN EXPERIMENT RESULTS,1103140,A,0,924.159802269923,1.0,0,1,mouse
SYNTHETIC DEMONSTRATION ONLY - NOT HUMAN EXPERIMENT RESULTS,1103160,A,0,924.255099516432,1.0,0,1,mouse
SYNTHETIC DEMONSTRATION ONLY - NOT HUMAN EXPERIMENT RESULTS,1103180,A,0,924.3500520442878,1.0,0,1,mouse
SYNTHETIC DEMONSTRATION ONLY - NOT HUMAN EXPERIMENT RESULTS,1103200,A,0,924.4446585040051,1.0,0,1,mouse
SYNTHETIC DEMONSTRATION ONLY - NOT HUMAN EXPERIMENT RESULTS,1103220,A,0,924.5389175510168,1.0,0,1,mouse
SYNTHETIC DEMONSTRATION ONLY - NOT HUMAN EXPERIMENT RESULTS,1103240,A,0,924.6328278456931,1.0,0,1,mouse
SYNTHETIC DEMONSTRATION ONLY - NOT HUMAN EXPERIMENT RESULTS,1103260,A,0,924.7263880533608,1.0,0,1,mouse
SYNTHETIC DEMONSTRATION ONLY - NOT HUMAN EXPERIMENT RESULTS,1103280,A,0,924.8195968443222,1.0,0,1,mouse
SYNTHETIC DEMONSTRATION ONLY - NOT HUMAN EXPERIMENT RESULTS,1103300,A,0,924.912452893874,1.0,0,1,mouse
SYNTHETIC DEMONSTRATION ONLY - NOT HUMAN EXPERIMENT RESULTS,1103320,A,0,925.0049548823266,1.0,0,1,mouse
SYNTHETIC DEMONSTRATION ONLY - NOT HUMAN EXPERIMENT RESULTS,1103340,A,0,925.0971014950217,1.0,0,1,mouse
SYNTHETIC DEMONSTRATION ONLY - NOT HUMAN EXPERIMENT RESULTS,1103360,A,0,925.1888914223518,1.0,0,1,mouse
SYNTHETIC DEMONSTRATION ONLY - NOT HUMAN EXPERIMENT RESULTS,1103380,A,0,925.2803233597791,1.0,0,1,mouse
SYNTHETIC DEMONSTRATION ONLY - NOT HUMAN EXPERIMENT RESULTS,1103400,A,0,925.3713960078535,1.0,0,1,mouse
SYNTHETIC DEMONSTRATION ONLY - NOT HUMAN EXPERIMENT RESULTS,1103420,A,0,925.4621080722308,1.0,0,1,mouse
SYNTHETIC DEMONSTRATION ONLY - NOT HUMAN EXPERIMENT RESULTS,1103440,A,0,925.5524582636918,1.0,0,1,mouse
SYNTHETIC DEMONSTRATION ONLY - NOT HUMAN EXPERIMENT RESULTS,1103460,A,0,925.6424452981605,1.0,0,1,mouse
SYNTHETIC DEMONSTRATION ONLY - NOT HUMAN EXPERIMENT RESULTS,1103480,A,0,925.7320678967218,1.0,0,1,mouse
SYNTHETIC DEMONSTRATION ONLY - NOT HUMAN EXPERIMENT RESULTS,1103500,A,0,925.8213247856401,1.0,0,1,mouse
SYNTHETIC DEMONSTRATION ONLY - NOT HUMAN EXPERIMENT RESULTS,1103520,A,0,925.9102146963776,1.0,0,1,mouse
SYNTHETIC DEMONSTRATION ONLY - NOT HUMAN EXPERIMENT RESULTS,1103540,A,0,925.998736365612,1.0,0,1,mouse
SYNTHETIC DEMONSTRATION ONLY - NOT HUMAN EXPERIMENT RESULTS,1103560,A,0,926.0868885352542,1.0,0,1,mouse
SYNTHETIC DEMONSTRATION ONLY - NOT HUMAN EXPERIMENT RESULTS,1103580,A,0,926.1746699524668,1.0,0,1,mouse
SYNTHETIC DEMONSTRATION ONLY - NOT HUMAN EXPERIMENT RESULTS,1103600,A,0,926.2620793696817,1.0,0,1,mouse
SYNTHETIC DEMONSTRATION ONLY - NOT HUMAN EXPERIMENT RESULTS,1103620,A,0,926.3491155446175,1.0,0,1,mouse
SYNTHETIC DEMONSTRATION ONLY - NOT HUMAN EXPERIMENT RESULTS,1103640,A,0,926.4357772402975,1.0,0,1,mouse
SYNTHETIC DEMONSTRATION ONLY - NOT HUMAN EXPERIMENT RESULTS,1103660,A,0,926.5220632250671,1.0,0,1,mouse
SYNTHETIC DEMONSTRATION ONLY - NOT HUMAN EXPERIMENT RESULTS,1103680,A,0,926.6079722726116,1.0,0,1,mouse
SYNTHETIC DEMONSTRATION ONLY - NOT HUMAN EXPERIMENT RESULTS,1103700,A,0,926.6935031619732,1.0,0,1,mouse
SYNTHETIC DEMONSTRATION ONLY - NOT HUMAN EXPERIMENT RESULTS,1103720,A,0,926.7786546775687,1.0,0,1,mouse
SYNTHETIC DEMONSTRATION ONLY - NOT HUMAN EXPERIMENT RESULTS,1103740,A,0,926.8634256092066,1.0,0,1,mouse
SYNTHETIC DEMONSTRATION ONLY - NOT HUMAN EXPERIMENT RESULTS,1103760,A,0,926.9478147521041,1.0,0,1,mouse
SYNTHETIC DEMONSTRATION ONLY - NOT HUMAN EXPERIMENT RESULTS,1103780,A,0,927.031820906905,1.0,0,1,mouse
SYNTHETIC DEMONSTRATION ONLY - NOT HUMAN EXPERIMENT RESULTS,1103800,A,0,927.1154428796956,1.0,0,1,mouse
SYNTHETIC DEMONSTRATION ONLY - NOT HUMAN EXPERIMENT RESULTS,1103820,A,0,927.1986794820228,1.0,0,1,mouse
SYNTHETIC DEMONSTRATION ONLY - NOT HUMAN EXPERIMENT RESULTS,1103840,A,0,927.2815295309101,1.0,0,1,mouse
SYNTHETIC DEMONSTRATION ONLY - NOT HUMAN EXPERIMENT RESULTS,1103860,A,0,927.3639918488749,1.0,0,1,mouse
SYNTHETIC DEMONSTRATION ONLY - NOT HUMAN EXPERIMENT RESULTS,1103880,A,0,927.4460652639452,1.0,0,1,mouse
SYNTHETIC DEMONSTRATION ONLY - NOT HUMAN EXPERIMENT RESULTS,1103900,A,0,927.5277486096762,1.0,0,1,mouse
SYNTHETIC DEMONSTRATION ONLY - NOT HUMAN EXPERIMENT RESULTS,1103920,A,0,927.6090407251666,1.0,0,1,mouse
SYNTHETIC DEMONSTRATION ONLY - NOT HUMAN EXPERIMENT RESULTS,1103940,A,0,927.6899404550754,1.0,0,1,mouse
SYNTHETIC DEMONSTRATION ONLY - NOT HUMAN EXPERIMENT RESULTS,1103960,A,0,927.7704466496388,1.0,0,1,mouse
SYNTHETIC DEMONSTRATION ONLY - NOT HUMAN EXPERIMENT RESULTS,1103980,A,0,927.850558164685,1.0,0,1,mouse
SYNTHETIC DEMONSTRATION ONLY - NOT HUMAN EXPERIMENT RESULTS,1104000,A,0,927.9302738616524,1.0,0,1,mouse
SYNTHETIC DEMONSTRATION ONLY - NOT HUMAN EXPERIMENT RESULTS,1104020,A,0,928.0095926076044,1.0,0,1,mouse
SYNTHETIC DEMONSTRATION ONLY - NOT HUMAN EXPERIMENT RESULTS,1104040,A,0,928.0885132752461,1.0,0,1,mouse
SYNTHETIC DEMONSTRATION ONLY - NOT HUMAN EXPERIMENT RESULTS,1104060,A,0,928.1670347429401,1.0,0,1,mouse
SYNTHETIC DEMONSTRATION ONLY - NOT HUMAN EXPERIMENT RESULTS,1104080,A,0,928.2451558947224,1.0,0,1,mouse
SYNTHETIC DEMONSTRATION ONLY - NOT HUMAN EXPERIMENT RESULTS,1104100,A,0,928.3228756203189,1.0,0,1,mouse
SYNTHETIC DEMONSTRATION ONLY - NOT HUMAN EXPERIMENT RESULTS,1104120,A,0,928.4001928151598,1.0,0,1,mouse
SYNTHETIC DEMONSTRATION ONLY - NOT HUMAN EXPERIMENT RESULTS,1104140,A,0,928.4771063803968,1.0,0,1,mouse
SYNTHETIC DEMONSTRATION ONLY - NOT HUMAN EXPERIMENT RESULTS,1104160,A,0,928.553615222918,1.0,0,1,mouse
SYNTHETIC DEMONSTRATION ONLY - NOT HUMAN EXPERIMENT RESULTS,1104180,A,0,928.6297182553633,1.0,0,1,mouse
SYNTHETIC DEMONSTRATION ONLY - NOT HUMAN EXPERIMENT RESULTS,1104200,A,0,928.7054143961401,1.0,0,1,mouse
SYNTHETIC DEMONSTRATION ONLY - NOT HUMAN EXPERIMENT RESULTS,1104220,A,0,928.7807025694387,1.0,0,1,mouse
SYNTHETIC DEMONSTRATION ONLY - NOT HUMAN EXPERIMENT RESULTS,1104240,A,0,928.8555817052477,1.0,0,1,mouse
SYNTHETIC DEMONSTRATION ONLY - NOT HUMAN EXPERIMENT RESULTS,1104260,A,0,928.9300507393687,1.0,0,1,mouse
SYNTHETIC DEMONSTRATION ONLY - NOT HUMAN EXPERIMENT RESULTS,1104280,A,0,929.0041086134316,1.0,0,1,mouse
SYNTHETIC DEMONSTRATION ONLY - NOT HUMAN EXPERIMENT RESULTS,1104300,A,0,929.0777542749106,1.0,0,1,mouse
SYNTHETIC DEMONSTRATION ONLY - NOT HUMAN EXPERIMENT RESULTS,1104320,A,0,929.1509866771376,1.0,0,1,mouse
SYNTHETIC DEMONSTRATION ONLY - NOT HUMAN EXPERIMENT RESULTS,1104340,A,0,929.2238047793179,1.0,0,1,mouse
SYNTHETIC DEMONSTRATION ONLY - NOT HUMAN EXPERIMENT RESULTS,1104360,A,0,929.2962075465454,1.0,0,1,mouse
SYNTHETIC DEMONSTRATION ONLY - NOT HUMAN EXPERIMENT RESULTS,1104380,A,0,929.3681939498161,1.0,0,1,mouse
SYNTHETIC DEMONSTRATION ONLY - NOT HUMAN EXPERIMENT RESULTS,1104400,A,0,929.4397629660443,1.0,0,1,mouse
SYNTHETIC DEMONSTRATION ONLY - NOT HUMAN EXPERIMENT RESULTS,1104420,A,0,929.5109135780758,1.0,0,1,mouse
SYNTHETIC DEMONSTRATION ONLY - NOT HUMAN EXPERIMENT RESULTS,1104440,A,0,929.5816447747027,1.0,0,1,mouse
SYNTHETIC DEMONSTRATION ONLY - NOT HUMAN EXPERIMENT RESULTS,1104460,A,0,929.6519555506782,1.0,0,1,mouse
SYNTHETIC DEMONSTRATION ONLY - NOT HUMAN EXPERIMENT RESULTS,1104480,A,0,929.7218449067304,1.0,0,1,mouse
SYNTHETIC DEMONSTRATION ONLY - NOT HUMAN EXPERIMENT RESULTS,1104500,A,0,929.7913118495773,1.0,0,1,mouse
SYNTHETIC DEMONSTRATION ONLY - NOT HUMAN EXPERIMENT RESULTS,1104520,A,0,929.8603553919394,1.0,0,1,mouse
SYNTHETIC DEMONSTRATION ONLY - NOT HUMAN EXPERIMENT RESULTS,1104540,A,0,929.9289745525554,1.0,0,1,mouse
SYNTHETIC DEMONSTRATION ONLY - NOT HUMAN EXPERIMENT RESULTS,1104560,A,0,929.9971683561951,1.0,0,1,mouse
SYNTHETIC DEMONSTRATION ONLY - NOT HUMAN EXPERIMENT RESULTS,1104580,A,0,930.0649358336734,1.0,0,1,mouse
SYNTHETIC DEMONSTRATION ONLY - NOT HUMAN EXPERIMENT RESULTS,1104600,A,0,930.1322760218649,1.0,0,1,mouse
SYNTHETIC DEMONSTRATION ONLY - NOT HUMAN EXPERIMENT RESULTS,1104620,A,0,930.1991879637159,1.0,0,1,mouse
SYNTHETIC DEMONSTRATION ONLY - NOT HUMAN EXPERIMENT RESULTS,1104640,A,0,930.26567070826,1.0,0,1,mouse
SYNTHETIC DEMONSTRATION ONLY - NOT HUMAN EXPERIMENT RESULTS,1104660,A,0,930.3317233106301,1.0,0,1,mouse
SYNTHETIC DEMONSTRATION ONLY - NOT HUMAN EXPERIMENT RESULTS,1104680,A,0,930.3973448320726,1.0,0,1,mouse
SYNTHETIC DEMONSTRATION ONLY - NOT HUMAN EXPERIMENT RESULTS,1104700,A,0,930.4625343399601,1.0,0,1,mouse
SYNTHETIC DEMONSTRATION ONLY - NOT HUMAN EXPERIMENT RESULTS,1104720,A,0,930.5272909078059,1.0,0,1,mouse
SYNTHETIC DEMONSTRATION ONLY - NOT HUMAN EXPERIMENT RESULTS,1104740,A,0,930.5916136152755,1.0,0,1,mouse
SYNTHETIC DEMONSTRATION ONLY - NOT HUMAN EXPERIMENT RESULTS,1104760,A,0,930.655501548201,1.0,0,1,mouse
SYNTHETIC DEMONSTRATION ONLY - NOT HUMAN EXPERIMENT RESULTS,1104780,A,0,930.7189537985932,1.0,0,1,mouse
SYNTHETIC DEMONSTRATION ONLY - NOT HUMAN EXPERIMENT RESULTS,1104800,A,0,930.7819694646555,1.0,0,1,mouse
SYNTHETIC DEMONSTRATION ONLY - NOT HUMAN EXPERIMENT RESULTS,1104820,A,0,930.8445476507957,1.0,0,1,mouse
SYNTHETIC DEMONSTRATION ONLY - NOT HUMAN EXPERIMENT RESULTS,1104840,A,0,930.9066874676391,1.0,0,1,mouse
SYNTHETIC DEMONSTRATION ONLY - NOT HUMAN EXPERIMENT RESULTS,1104860,A,0,930.9683880320415,1.0,0,1,mouse
SYNTHETIC DEMONSTRATION ONLY - NOT HUMAN EXPERIMENT RESULTS,1104880,A,0,931.0296484671013,1.0,0,1,mouse
SYNTHETIC DEMONSTRATION ONLY - NOT HUMAN EXPERIMENT RESULTS,1104900,A,0,931.0904679021721,1.0,0,1,mouse
SYNTHETIC DEMONSTRATION ONLY - NOT HUMAN EXPERIMENT RESULTS,1104920,A,0,931.1508454728751,1.0,0,1,mouse
SYNTHETIC DEMONSTRATION ONLY - NOT HUMAN EXPERIMENT RESULTS,1104940,A,0,931.2107803211113,1.0,0,1,mouse
SYNTHETIC DEMONSTRATION ONLY - NOT HUMAN EXPERIMENT RESULTS,1104960,A,0,931.270271595074,1.0,0,1,mouse
SYNTHETIC DEMONSTRATION ONLY - NOT HUMAN EXPERIMENT RESULTS,1104980,A,0,931.3293184492603,1.0,0,1,mouse
SYNTHETIC DEMONSTRATION ONLY - NOT HUMAN EXPERIMENT RESULTS,1105000,A,0,931.387920044484,1.0,0,1,mouse
SYNTHETIC DEMONSTRATION ONLY - NOT HUMAN EXPERIMENT RESULTS,1105020,A,0,931.4460755478864,1.0,0,1,mouse
SYNTHETIC DEMONSTRATION ONLY - NOT HUMAN EXPERIMENT RESULTS,1105040,A,0,931.5037841329492,1.0,0,1,mouse
SYNTHETIC DEMONSTRATION ONLY - NOT HUMAN EXPERIMENT RESULTS,1105060,A,0,931.5610449795057,1.0,0,1,mouse
SYNTHETIC DEMONSTRATION ONLY - NOT HUMAN EXPERIMENT RESULTS,1105080,A,0,931.6178572737525,1.0,0,1,mouse
SYNTHETIC DEMONSTRATION ONLY - NOT HUMAN EXPERIMENT RESULTS,1105100,A,0,931.6742202082612,1.0,0,1,mouse
SYNTHETIC DEMONSTRATION ONLY - NOT HUMAN EXPERIMENT RESULTS,1105120,A,0,931.7301329819898,1.0,0,1,mouse
SYNTHETIC DEMONSTRATION ONLY - NOT HUMAN EXPERIMENT RESULTS,1105140,A,0,931.7855948002937,1.0,0,1,mouse
SYNTHETIC DEMONSTRATION ONLY - NOT HUMAN EXPERIMENT RESULTS,1105160,A,0,931.8406048749379,1.0,0,1,mouse
SYNTHETIC DEMONSTRATION ONLY - NOT HUMAN EXPERIMENT RESULTS,1105180,A,0,931.8951624241076,1.0,0,1,mouse
SYNTHETIC DEMONSTRATION ONLY - NOT HUMAN EXPERIMENT RESULTS,1105200,A,0,931.9492666724191,1.0,0,1,mouse
SYNTHETIC DEMONSTRATION ONLY - NOT HUMAN EXPERIMENT RESULTS,1105220,A,0,932.0029168509313,1.0,0,1,mouse
SYNTHETIC DEMONSTRATION ONLY - NOT HUMAN EXPERIMENT RESULTS,1105240,A,0,932.0561121971565,1.0,0,1,mouse
SYNTHETIC DEMONSTRATION ONLY - NOT HUMAN EXPERIMENT RESULTS,1105260,A,0,932.1088519550709,1.0,0,1,mouse
SYNTHETIC DEMONSTRATION ONLY - NOT HUMAN EXPERIMENT RESULTS,1105280,A,0,932.1611353751259,1.0,0,1,mouse
SYNTHETIC DEMONSTRATION ONLY - NOT HUMAN EXPERIMENT RESULTS,1105300,A,0,932.2129617142584,1.0,0,1,mouse
SYNTHETIC DEMONSTRATION ONLY - NOT HUMAN EXPERIMENT RESULTS,1105320,A,0,932.2643302359014,1.0,0,1,mouse
SYNTHETIC DEMONSTRATION ONLY - NOT HUMAN EXPERIMENT RESULTS,1105340,A,0,932.3152402099945,1.0,0,1,mouse
SYNTHETIC DEMONSTRATION ONLY - NOT HUMAN EXPERIMENT RESULTS,1105360,A,0,932.3656909129943,1.0,0,1,mouse
SYNTHETIC DEMONSTRATION ONLY - NOT HUMAN EXPERIMENT RESULTS,1105380,A,0,932.4156816278845,1.0,0,1,mouse
SYNTHETIC DEMONSTRATION ONLY - NOT HUMAN EXPERIMENT RESULTS,1105400,A,0,932.4652116441865,1.0,0,1,mouse
SYNTHETIC DEMONSTRATION ONLY - NOT HUMAN EXPERIMENT RESULTS,1105420,A,0,932.5142802579692,1.0,0,1,mouse
SYNTHETIC DEMONSTRATION ONLY - NOT HUMAN EXPERIMENT RESULTS,1105440,A,0,932.5628867718588,1.0,0,1,mouse
SYNTHETIC DEMONSTRATION ONLY - NOT HUMAN EXPERIMENT RESULTS,1105460,A,0,932.6110304950494,1.0,0,1,mouse
SYNTHETIC DEMONSTRATION ONLY - NOT HUMAN EXPERIMENT RESULTS,1105480,A,0,932.6587107433118,1.0,0,1,mouse
SYNTHETIC DEMONSTRATION ONLY - NOT HUMAN EXPERIMENT RESULTS,1105500,A,0,932.7059268390044,1.0,0,1,mouse
SYNTHETIC DEMONSTRATION ONLY - NOT HUMAN EXPERIMENT RESULTS,1105520,A,0,932.7526781110818,1.0,0,1,mouse
SYNTHETIC DEMONSTRATION ONLY - NOT HUMAN EXPERIMENT RESULTS,1105540,A,0,932.7989638951051,1.0,0,1,mouse
SYNTHETIC DEMONSTRATION ONLY - NOT HUMAN EXPERIMENT RESULTS,1105560,A,0,932.8447835332507,1.0,0,1,mouse
SYNTHETIC DEMONSTRATION ONLY - NOT HUMAN EXPERIMENT RESULTS,1105580,A,0,932.8901363743203,1.0,0,1,mouse
SYNTHETIC DEMONSTRATION ONLY - NOT HUMAN EXPERIMENT RESULTS,1105600,A,0,932.9350217737494,1.0,0,1,mouse
SYNTHETIC DEMONSTRATION ONLY - NOT HUMAN EXPERIMENT RESULTS,1105620,A,0,932.9794390936174,1.0,0,1,mouse
SYNTHETIC DEMONSTRATION ONLY - NOT HUMAN EXPERIMENT RESULTS,1105640,A,0,933.0233877026556,1.0,0,1,mouse
SYNTHETIC DEMONSTRATION ONLY - NOT HUMAN EXPERIMENT RESULTS,1105660,A,0,933.0668669762571,1.0,0,1,mouse
SYNTHETIC DEMONSTRATION ONLY - NOT HUMAN EXPERIMENT RESULTS,1105680,A,0,933.1098762964853,1.0,0,1,mouse
SYNTHETIC DEMONSTRATION ONLY - NOT HUMAN EXPERIMENT RESULTS,1105700,A,0,933.1524150520823,1.0,0,1,mouse
SYNTHETIC DEMONSTRATION ONLY - NOT HUMAN EXPERIMENT RESULTS,1105720,A,0,933.1944826384785,1.0,0,1,mouse
SYNTHETIC DEMONSTRATION ONLY - NOT HUMAN EXPERIMENT RESULTS,1105740,A,0,933.2360784578001,1.0,0,1,mouse
SYNTHETIC DEMONSTRATION ONLY - NOT HUMAN EXPERIMENT RESULTS,1105760,A,0,933.2772019188786,1.0,0,1,mouse
SYNTHETIC DEMONSTRATION ONLY - NOT HUMAN EXPERIMENT RESULTS,1105780,A,0,933.3178524372587,1.0,0,1,mouse
SYNTHETIC DEMONSTRATION ONLY - NOT HUMAN EXPERIMENT RESULTS,1105800,A,0,933.3580294352063,1.0,0,1,mouse
SYNTHETIC DEMONSTRATION ONLY - NOT HUMAN EXPERIMENT RESULTS,1105820,A,0,933.3977323417175,1.0,0,1,mouse
SYNTHETIC DEMONSTRATION ONLY - NOT HUMAN EXPERIMENT RESULTS,1105840,A,0,933.436960592526,1.0,0,1,mouse
SYNTHETIC DEMONSTRATION ONLY - NOT HUMAN EXPERIMENT RESULTS,1105860,A,0,933.4757136301117,1.0,0,1,mouse
SYNTHETIC DEMONSTRATION ONLY - NOT HUMAN EXPERIMENT RESULTS,1105880,A,0,933.513990903708,1.0,0,1,mouse
SYNTHETIC DEMONSTRATION ONLY - NOT HUMAN EXPERIMENT RESULTS,1105900,A,0,933.5517918693101,1.0,0,1,mouse
SYNTHETIC DEMONSTRATION ONLY - NOT HUMAN EXPERIMENT RESULTS,1105920,A,0,933.5891159896828,1.0,0,1,mouse
SYNTHETIC DEMONSTRATION ONLY - NOT HUMAN EXPERIMENT RESULTS,1105940,A,0,933.6259627343675,1.0,0,1,mouse
SYNTHETIC DEMONSTRATION ONLY - NOT HUMAN EXPERIMENT RESULTS,1105960,A,0,933.6623315796905,1.0,0,1,mouse
SYNTHETIC DEMONSTRATION ONLY - NOT HUMAN EXPERIMENT RESULTS,1105980,A,0,933.69822200877,1.0,0,1,mouse
SYNTHETIC DEMONSTRATION ONLY - NOT HUMAN EXPERIMENT RESULTS,1106000,A,0,933.7336335115236,1.0,0,1,mouse
SYNTHETIC DEMONSTRATION ONLY - NOT HUMAN EXPERIMENT RESULTS,1106020,A,0,933.7685655846755,1.0,0,1,mouse
SYNTHETIC DEMONSTRATION ONLY - NOT HUMAN EXPERIMENT RESULTS,1106040,A,0,933.8030177317635,1.0,0,1,mouse
SYNTHETIC DEMONSTRATION ONLY - NOT HUMAN EXPERIMENT RESULTS,1106060,A,0,933.8369894631462,1.0,0,1,mouse
SYNTHETIC DEMONSTRATION ONLY - NOT HUMAN EXPERIMENT RESULTS,1106080,A,0,933.8704802960104,1.0,0,1,mouse
SYNTHETIC DEMONSTRATION ONLY - NOT HUMAN EXPERIMENT RESULTS,1106100,A,0,933.9034897543772,1.0,0,1,mouse
SYNTHETIC DEMONSTRATION ONLY - NOT HUMAN EXPERIMENT RESULTS,1106120,A,0,933.936017369109,1.0,0,1,mouse
SYNTHETIC DEMONSTRATION ONLY - NOT HUMAN EXPERIMENT RESULTS,1106140,A,0,933.9680626779164,1.0,0,1,mouse
SYNTHETIC DEMONSTRATION ONLY - NOT HUMAN EXPERIMENT RESULTS,1106160,A,0,933.9996252253645,1.0,0,1,mouse
SYNTHETIC DEMONSTRATION ONLY - NOT HUMAN EXPERIMENT RESULTS,1106180,A,0,934.03070456288,1.0,0,1,mouse
SYNTHETIC DEMONSTRATION ONLY - NOT HUMAN EXPERIMENT RESULTS,1106200,A,0,934.0613002487564,1.0,0,1,mouse
SYNTHETIC DEMONSTRATION ONLY - NOT HUMAN EXPERIMENT RESULTS,1106220,A,0,934.0914118481616,1.0,0,1,mouse
SYNTHETIC DEMONSTRATION ONLY - NOT HUMAN EXPERIMENT RESULTS,1106240,A,0,934.1210389331427,1.0,0,1,mouse
SYNTHETIC DEMONSTRATION ONLY - NOT HUMAN EXPERIMENT RESULTS,1106260,A,0,934.1501810826335,1.0,0,1,mouse
SYNTHETIC DEMONSTRATION ONLY - NOT HUMAN EXPERIMENT RESULTS,1106280,A,0,934.1788378824596,1.0,0,1,mouse
SYNTHETIC DEMONSTRATION ONLY - NOT HUMAN EXPERIMENT RESULTS,1106300,A,0,934.2070089253442,1.0,0,1,mouse
SYNTHETIC DEMONSTRATION ONLY - NOT HUMAN EXPERIMENT RESULTS,1106320,A,0,934.2346938109147,1.0,0,1,mouse
SYNTHETIC DEMONSTRATION ONLY - NOT HUMAN EXPERIMENT RESULTS,1106340,A,0,934.2618921457074,1.0,0,1,mouse
SYNTHETIC DEMONSTRATION ONLY - NOT HUMAN EXPERIMENT RESULTS,1106360,A,0,934.288603543174,1.0,0,1,mouse
SYNTHETIC DEMONSTRATION ONLY - NOT HUMAN EXPERIMENT RESULTS,1106380,A,0,934.314827623686,1.0,0,1,mouse
SYNTHETIC DEMONSTRATION ONLY - NOT HUMAN EXPERIMENT RESULTS,1106400,A,0,934.3405640145415,1.0,0,1,mouse
SYNTHETIC DEMONSTRATION ONLY - NOT HUMAN EXPERIMENT RESULTS,1106420,A,0,934.3658123499695,1.0,0,1,mouse
SYNTHETIC DEMONSTRATION ONLY - NOT HUMAN EXPERIMENT RESULTS,1106440,A,0,934.3905722711349,1.0,0,1,mouse
SYNTHETIC DEMONSTRATION ONLY - NOT HUMAN EXPERIMENT RESULTS,1106460,A,0,934.4148434261447,1.0,0,1,mouse
SYNTHETIC DEMONSTRATION ONLY - NOT HUMAN EXPERIMENT RESULTS,1106480,A,0,934.438625470052,1.0,0,1,mouse
SYNTHETIC DEMONSTRATION ONLY - NOT HUMAN EXPERIMENT RESULTS,1106500,A,0,934.4619180648612,1.0,0,1,mouse
SYNTHETIC DEMONSTRATION ONLY - NOT HUMAN EXPERIMENT RESULTS,1106520,A,0,934.4847208795331,1.0,0,1,mouse
SYNTHETIC DEMONSTRATION ONLY - NOT HUMAN EXPERIMENT RESULTS,1106540,A,0,934.5070335899892,1.0,0,1,mouse
SYNTHETIC DEMONSTRATION ONLY - NOT HUMAN EXPERIMENT RESULTS,1106560,A,0,934.5288558791165,1.0,0,1,mouse
SYNTHETIC DEMONSTRATION ONLY - NOT HUMAN EXPERIMENT RESULTS,1106580,A,0,934.5501874367719,1.0,0,1,mouse
SYNTHETIC DEMONSTRATION ONLY - NOT HUMAN EXPERIMENT RESULTS,1106600,A,0,934.5710279597869,1.0,0,1,mouse
SYNTHETIC DEMONSTRATION ONLY - NOT HUMAN EXPERIMENT RESULTS,1106620,A,0,934.5913771519713,1.0,0,1,mouse
SYNTHETIC DEMONSTRATION ONLY - NOT HUMAN EXPERIMENT RESULTS,1106640,A,0,934.6112347241183,1.0,0,1,mouse
SYNTHETIC DEMONSTRATION ONLY - NOT HUMAN EXPERIMENT RESULTS,1106660,A,0,934.6306003940076,1.0,0,1,mouse
SYNTHETIC DEMONSTRATION ONLY - NOT HUMAN EXPERIMENT RESULTS,1106680,A,0,934.6494738864104,1.0,0,1,mouse
SYNTHETIC DEMONSTRATION ONLY - NOT HUMAN EXPERIMENT RESULTS,1106700,A,0,934.6678549330925,1.0,0,1,mouse
SYNTHETIC DEMONSTRATION ONLY - NOT HUMAN EXPERIMENT RESULTS,1106720,A,0,934.6857432728184,1.0,0,1,mouse
SYNTHETIC DEMONSTRATION ONLY - NOT HUMAN EXPERIMENT RESULTS,1106740,A,0,934.7031386513554,1.0,0,1,mouse
SYNTHETIC DEMONSTRATION ONLY - NOT HUMAN EXPERIMENT RESULTS,1106760,A,0,934.7200408214765,1.0,0,1,mouse
SYNTHETIC DEMONSTRATION ONLY - NOT HUMAN EXPERIMENT RESULTS,1106780,A,0,934.7364495429646,1.0,0,1,mouse
SYNTHETIC DEMONSTRATION ONLY - NOT HUMAN EXPERIMENT RESULTS,1106800,A,0,934.7523645826153,1.0,0,1,mouse
SYNTHETIC DEMONSTRATION ONLY - NOT HUMAN EXPERIMENT RESULTS,1106820,A,0,934.7677857142409,1.0,0,1,mouse
SYNTHETIC DEMONSTRATION ONLY - NOT HUMAN EXPERIMENT RESULTS,1106840,A,0,934.7827127186727,1.0,0,1,mouse
SYNTHETIC DEMONSTRATION ONLY - NOT HUMAN EXPERIMENT RESULTS,1106860,A,0,934.797145383765,1.0,0,1,mouse
SYNTHETIC DEMONSTRATION ONLY - NOT HUMAN EXPERIMENT RESULTS,1106880,A,0,934.8110835043979,1.0,0,1,mouse
SYNTHETIC DEMONSTRATION ONLY - NOT HUMAN EXPERIMENT RESULTS,1106900,A,0,934.8245268824796,1.0,0,1,mouse
SYNTHETIC DEMONSTRATION ONLY - NOT HUMAN EXPERIMENT RESULTS,1106920,A,0,934.83747532695,1.0,0,1,mouse
SYNTHETIC DEMONSTRATION ONLY - NOT HUMAN EXPERIMENT RESULTS,1106940,A,0,934.8499286537831,1.0,0,1,mouse
SYNTHETIC DEMONSTRATION ONLY - NOT HUMAN EXPERIMENT RESULTS,1106960,A,0,934.8618866859895,1.0,0,1,mouse
SYNTHETIC DEMONSTRATION ONLY - NOT HUMAN EXPERIMENT RESULTS,1106980,A,0,934.8733492536192,1.0,0,1,mouse
SYNTHETIC DEMONSTRATION ONLY - NOT HUMAN EXPERIMENT RESULTS,1107000,A,0,934.8843161937635,1.0,0,1,mouse
SYNTHETIC DEMONSTRATION ONLY - NOT HUMAN EXPERIMENT RESULTS,1107020,A,0,934.8947873505582,1.0,0,1,mouse
SYNTHETIC DEMONSTRATION ONLY - NOT HUMAN EXPERIMENT RESULTS,1107040,A,0,934.9047625751848,1.0,0,1,mouse
SYNTHETIC DEMONSTRATION ONLY - NOT HUMAN EXPERIMENT RESULTS,1107060,A,0,934.9142417258734,1.0,0,1,mouse
SYNTHETIC DEMONSTRATION ONLY - NOT HUMAN EXPERIMENT RESULTS,1107080,A,0,934.9232246679042,1.0,0,1,mouse
SYNTHETIC DEMONSTRATION ONLY - NOT HUMAN EXPERIMENT RESULTS,1107100,A,0,934.9317112736096,1.0,0,1,mouse
SYNTHETIC DEMONSTRATION ONLY - NOT HUMAN EXPERIMENT RESULTS,1107120,A,0,934.9397014223764,1.0,0,1,mouse
SYNTHETIC DEMONSTRATION ONLY - NOT HUMAN EXPERIMENT RESULTS,1107140,A,0,934.9471950006467,1.0,0,1,mouse
SYNTHETIC DEMONSTRATION ONLY - NOT HUMAN EXPERIMENT RESULTS,1107160,A,0,934.9541919019204,1.0,0,1,mouse
SYNTHETIC DEMONSTRATION ONLY - NOT HUMAN EXPERIMENT RESULTS,1107180,A,0,934.9606920267557,1.0,0,1,mouse
SYNTHETIC DEMONSTRATION ONLY - NOT HUMAN EXPERIMENT RESULTS,1107200,A,0,934.9666952827718,1.0,0,1,mouse
SYNTHETIC DEMONSTRATION ONLY - NOT HUMAN EXPERIMENT RESULTS,1107220,A,0,934.9722015846487,1.0,0,1,mouse
SYNTHETIC DEMONSTRATION ONLY - NOT HUMAN EXPERIMENT RESULTS,1107240,A,0,934.9772108541301,1.0,0,1,mouse
SYNTHETIC DEMONSTRATION ONLY - NOT HUMAN EXPERIMENT RESULTS,1107260,A,0,934.9817230200231,1.0,0,1,mouse
SYNTHETIC DEMONSTRATION ONLY - NOT HUMAN EXPERIMENT RESULTS,1107280,A,0,934.9857380181996,1.0,0,1,mouse
SYNTHETIC DEMONSTRATION ONLY - NOT HUMAN EXPERIMENT RESULTS,1107300,A,0,934.9892557915978,1.0,0,1,mouse
SYNTHETIC DEMONSTRATION ONLY - NOT HUMAN EXPERIMENT RESULTS,1107320,A,0,934.9922762902223,1.0,0,1,mouse
SYNTHETIC DEMONSTRATION ONLY - NOT HUMAN EXPERIMENT RESULTS,1107340,A,0,934.9947994711451,1.0,0,1,mouse
SYNTHETIC DEMONSTRATION ONLY - NOT HUMAN EXPERIMENT RESULTS,1107360,A,0,934.9968252985063,1.0,0,1,mouse
SYNTHETIC DEMONSTRATION ONLY - NOT HUMAN EXPERIMENT RESULTS,1107380,A,0,934.9983537435144,1.0,0,1,mouse
SYNTHETIC DEMONSTRATION ONLY - NOT HUMAN EXPERIMENT RESULTS,1107400,A,0,934.9993847844466,1.0,0,1,mouse
SYNTHETIC DEMONSTRATION ONLY - NOT HUMAN EXPERIMENT RESULTS,1107420,A,0,934.9999184066498,1.0,0,1,mouse
SYNTHETIC DEMONSTRATION ONLY - NOT HUMAN EXPERIMENT RESULTS,1107440,A,0,934.99995460254,1.0,0,1,mouse
SYNTHETIC DEMONSTRATION ONLY - NOT HUMAN EXPERIMENT RESULTS,1107460,A,0,934.9994933716026,1.0,0,1,mouse
SYNTHETIC DEMONSTRATION ONLY - NOT HUMAN EXPERIMENT RESULTS,1107480,A,0,934.9985347203929,1.0,0,1,mouse
SYNTHETIC DEMONSTRATION ONLY - NOT HUMAN EXPERIMENT RESULTS,1107500,A,0,934.9970786625353,1.0,0,1,mouse
SYNTHETIC DEMONSTRATION ONLY - NOT HUMAN EXPERIMENT RESULTS,1107520,A,0,934.9951252187237,1.0,0,1,mouse
SYNTHETIC DEMONSTRATION ONLY - NOT HUMAN EXPERIMENT RESULTS,1107540,A,0,934.9926744167209,1.0,0,1,mouse
SYNTHETIC DEMONSTRATION ONLY - NOT HUMAN EXPERIMENT RESULTS,1107560,A,0,934.9897262913581,1.0,0,1,mouse
SYNTHETIC DEMONSTRATION ONLY - NOT HUMAN EXPERIMENT RESULTS,1107580,A,0,934.9862808845348,1.0,0,1,mouse
SYNTHETIC DEMONSTRATION ONLY - NOT HUMAN EXPERIMENT RESULTS,1107600,A,0,934.9823382452179,1.0,0,1,mouse
SYNTHETIC DEMONSTRATION ONLY - NOT HUMAN EXPERIMENT RESULTS,1107620,A,0,934.9778984294409,1.0,0,1,mouse
SYNTHETIC DEMONSTRATION ONLY - NOT HUMAN EXPERIMENT RESULTS,1107640,A,0,934.9729615003033,1.0,0,1,mouse
SYNTHETIC DEMONSTRATION ONLY - NOT HUMAN EXPERIMENT RESULTS,1107660,A,0,934.9675275279701,1.0,0,1,mouse
SYNTHETIC DEMONSTRATION ONLY - NOT HUMAN EXPERIMENT RESULTS,1107680,A,0,934.9615965896699,1.0,0,1,mouse
SYNTHETIC DEMONSTRATION ONLY - NOT HUMAN EXPERIMENT RESULTS,1107700,A,0,934.9551687696944,1.0,0,1,mouse
SYNTHETIC DEMONSTRATION ONLY - NOT HUMAN EXPERIMENT RESULTS,1107720,A,0,934.9482441593973,1.0,0,1,mouse
SYNTHETIC DEMONSTRATION ONLY - NOT HUMAN EXPERIMENT RESULTS,1107740,A,0,934.9408228571926,1.0,0,1,mouse
SYNTHETIC DEMONSTRATION ONLY - NOT HUMAN EXPERIMENT RESULTS,1107760,A,0,934.9329049685533,1.0,0,1,mouse
SYNTHETIC DEMONSTRATION ONLY - NOT HUMAN EXPERIMENT RESULTS,1107780,A,0,934.9244906060104,1.0,0,1,mouse
SYNTHETIC DEMONSTRATION ONLY - NOT HUMAN EXPERIMENT RESULTS,1107800,A,0,934.9155798891503,1.0,0,1,mouse
SYNTHETIC DEMONSTRATION ONLY - NOT HUMAN EXPERIMENT RESULTS,1107820,A,0,934.9061729446142,1.0,0,1,mouse
SYNTHETIC DEMONSTRATION ONLY - NOT HUMAN EXPERIMENT RESULTS,1107840,A,0,934.8962699060955,1.0,0,1,mouse
SYNTHETIC DEMONSTRATION ONLY - NOT HUMAN EXPERIMENT RESULTS,1107860,A,0,934.8858709143385,1.0,0,1,mouse
SYNTHETIC DEMONSTRATION ONLY - NOT HUMAN EXPERIMENT RESULTS,1107880,A,0,934.8749761171356,1.0,0,1,mouse
SYNTHETIC DEMONSTRATION ONLY - NOT HUMAN EXPERIMENT RESULTS,1107900,A,0,934.8635856693262,1.0,0,1,mouse
SYNTHETIC DEMONSTRATION ONLY - NOT HUMAN EXPERIMENT RESULTS,1107920,A,0,934.8516997327937,1.0,0,1,mouse
SYNTHETIC DEMONSTRATION ONLY - NOT HUMAN EXPERIMENT RESULTS,1107940,A,0,934.8393184764635,1.0,0,1,mouse
SYNTHETIC DEMONSTRATION ONLY - NOT HUMAN EXPERIMENT RESULTS,1107960,A,0,934.8264420763009,1.0,0,1,mouse
SYNTHETIC DEMONSTRATION ONLY - NOT HUMAN EXPERIMENT RESULTS,1107980,A,0,934.8130707153077,1.0,0,1,mouse
SYNTHETIC DEMONSTRATION ONLY - NOT HUMAN EXPERIMENT RESULTS,1108000,A,0,934.7992045835208,1.0,0,1,mouse
SYNTHETIC DEMONSTRATION ONLY - NOT HUMAN EXPERIMENT RESULTS,1108020,A,0,934.7848438780086,1.0,0,1,mouse
SYNTHETIC DEMONSTRATION ONLY - NOT HUMAN EXPERIMENT RESULTS,1108040,A,0,934.7699888028684,1.0,0,1,mouse
SYNTHETIC DEMONSTRATION ONLY - NOT HUMAN EXPERIMENT RESULTS,1108060,A,0,934.7546395692237,1.0,0,1,mouse
SYNTHETIC DEMONSTRATION ONLY - NOT HUMAN EXPERIMENT RESULTS,1108080,A,0,934.7387963952212,1.0,0,1,mouse
SYNTHETIC DEMONSTRATION ONLY - NOT HUMAN EXPERIMENT RESULTS,1108100,A,0,934.7224595060275,1.0,0,1,mouse
SYNTHETIC DEMONSTRATION ONLY - NOT HUMAN EXPERIMENT RESULTS,1108120,A,0,934.7056291338258,1.0,0,1,mouse
SYNTHETIC DEMONSTRATION ONLY - NOT HUMAN EXPERIMENT RESULTS,1108140,A,0,934.688305517813,1.0,0,1,mouse
SYNTHETIC DEMONSTRATION ONLY - NOT HUMAN EXPERIMENT RESULTS,1108160,A,0,934.6704889041961,1.0,0,1,mouse
SYNTHETIC DEMONSTRATION ONLY - NOT HUMAN EXPERIMENT RESULTS,1108180,A,0,934.6521795461884,1.0,0,1,mouse
SYNTHETIC DEMONSTRATION ONLY - NOT HUMAN EXPERIMENT RESULTS,1108200,A,0,934.6333777040068,1.0,0,1,mouse
SYNTHETIC DEMONSTRATION ONLY - NOT HUMAN EXPERIMENT RESULTS,1108220,A,0,934.6140836448667,1.0,0,1,mouse
SYNTHETIC DEMONSTRATION ONLY - NOT HUMAN EXPERIMENT RESULTS,1108240,A,0,934.5942976429795,1.0,0,1,mouse
SYNTHETIC DEMONSTRATION ONLY - NOT HUMAN EXPERIMENT RESULTS,1108260,A,0,934.5740199795483,1.0,0,1,mouse
SYNTHETIC DEMONSTRATION ONLY - NOT HUMAN EXPERIMENT RESULTS,1108280,A,0,934.5532509427634,1.0,0,1,mouse
SYNTHETIC DEMONSTRATION ONLY - NOT HUMAN EXPERIMENT RESULTS,1108300,A,0,934.5319908277987,1.0,0,1,mouse
SYNTHETIC DEMONSTRATION ONLY - NOT HUMAN EXPERIMENT RESULTS,1108320,A,0,934.5102399368076,1.0,0,1,mouse
SYNTHETIC DEMONSTRATION ONLY - NOT HUMAN EXPERIMENT RESULTS,1108340,A,0,934.4879985789185,1.0,0,1,mouse
SYNTHETIC DEMONSTRATION ONLY - NOT HUMAN EXPERIMENT RESULTS,1108360,A,0,934.4652670702301,1.0,0,1,mouse
SYNTHETIC DEMONSTRATION ONLY - NOT HUMAN EXPERIMENT RESULTS,1108380,A,0,934.4420457338076,1.0,0,1,mouse
SYNTHETIC DEMONSTRATION ONLY - NOT HUMAN EXPERIMENT RESULTS,1108400,A,0,934.4183348996777,1.0,0,1,mouse
SYNTHETIC DEMONSTRATION ONLY - NOT HUMAN EXPERIMENT RESULTS,1108420,A,0,934.3941349048235,1.0,0,1,mouse
SYNTHETIC DEMONSTRATION ONLY - NOT HUMAN EXPERIMENT RESULTS,1108440,A,0,934.369446093181,1.0,0,1,mouse
SYNTHETIC DEMONSTRATION ONLY - NOT HUMAN EXPERIMENT RESULTS,1108460,A,0,934.3442688156323,1.0,0,1,mouse
SYNTHETIC DEMONSTRATION ONLY - NOT HUMAN EXPERIMENT RESULTS,1108480,A,0,934.3186034300026,1.0,0,1,mouse
SYNTHETIC DEMONSTRATION ONLY - NOT HUMAN EXPERIMENT RESULTS,1108500,A,0,934.2924503010537,1.0,0,1,mouse
SYNTHETIC DEMONSTRATION ONLY - NOT HUMAN EXPERIMENT RESULTS,1108520,A,0,934.2658098004796,1.0,0,1,mouse
SYNTHETIC DEMONSTRATION ONLY - NOT HUMAN EXPERIMENT RESULTS,1108540,A,0,934.2386823069006,1.0,0,1,mouse
SYNTHETIC DEMONSTRATION ONLY - NOT HUMAN EXPERIMENT RESULTS,1108560,A,0,934.2110682058585,1.0,0,1,mouse
SYNTHETIC DEMONSTRATION ONLY - NOT HUMAN EXPERIMENT RESULTS,1108580,A,0,934.1829678898109,1.0,0,1,mouse
SYNTHETIC DEMONSTRATION ONLY - NOT HUMAN EXPERIMENT RESULTS,1108600,A,0,934.1543817581254,1.0,0,1,mouse
SYNTHETIC DEMONSTRATION ONLY - NOT HUMAN EXPERIMENT RESULTS,1108620,A,0,934.1253102170741,1.0,0,1,mouse
SYNTHETIC DEMONSTRATION ONLY - NOT HUMAN EXPERIMENT RESULTS,1108640,A,0,934.0957536798282,1.0,0,1,mouse
SYNTHETIC DEMONSTRATION ONLY - NOT HUMAN EXPERIMENT RESULTS,1108660,A,0,934.0657125664513,1.0,0,1,mouse
SYNTHETIC DEMONSTRATION ONLY - NOT HUMAN EXPERIMENT RESULTS,1108680,A,0,934.0351873038943,1.0,0,1,mouse
SYNTHETIC DEMONSTRATION ONLY - NOT HUMAN EXPERIMENT RESULTS,1108700,A,0,934.0041783259885,1.0,0,1,mouse
SYNTHETIC DEMONSTRATION ONLY - NOT HUMAN EXPERIMENT RESULTS,1108720,A,0,933.9726860734403,1.0,0,1,mouse
SYNTHETIC DEMONSTRATION ONLY - NOT HUMAN EXPERIMENT RESULTS,1108740,A,0,933.9407109938244,1.0,0,1,mouse
SYNTHETIC DEMONSTRATION ONLY - NOT HUMAN EXPERIMENT RESULTS,1108760,A,0,933.9082535415772,1.0,0,1,mouse
SYNTHETIC DEMONSTRATION ONLY - NOT HUMAN EXPERIMENT RESULTS,1108780,A,0,933.8753141779911,1.0,0,1,mouse
SYNTHETIC DEMONSTRATION ONLY - NOT HUMAN EXPERIMENT RESULTS,1108800,A,0,933.8418933712073,1.0,0,1,mouse
SYNTHETIC DEMONSTRATION ONLY - NOT HUMAN EXPERIMENT RESULTS,1108820,A,0,933.8079915962096,1.0,0,1,mouse
SYNTHETIC DEMONSTRATION ONLY - NOT HUMAN EXPERIMENT RESULTS,1108840,A,0,933.773609334817,1.0,0,1,mouse
SYNTHETIC DEMONSTRATION ONLY - NOT HUMAN EXPERIMENT RESULTS,1108860,A,0,933.7387470756778,1.0,0,1,mouse
SYNTHETIC DEMONSTRATION ONLY - NOT HUMAN EXPERIMENT RESULTS,1108880,A,0,933.7034053142618,1.0,0,1,mouse
SYNTHETIC DEMONSTRATION ONLY - NOT HUMAN EXPERIMENT RESULTS,1108900,A,0,933.6675845528536,1.0,0,1,mouse
SYNTHETIC DEMONSTRATION ONLY - NOT HUMAN EXPERIMENT RESULTS,1108920,A,0,933.6312853005454,1.0,0,1,mouse
SYNTHETIC DEMONSTRATION ONLY - NOT HUMAN EXPERIMENT RESULTS,1108940,A,0,933.5945080732301,1.0,0,1,mouse
SYNTHETIC DEMONSTRATION ONLY - NOT HUMAN EXPERIMENT RESULTS,1108960,A,0,933.5572533935936,1.0,0,1,mouse
SYNTHETIC DEMONSTRATION ONLY - NOT HUMAN EXPERIMENT RESULTS,1108980,A,0,933.519521791107,1.0,0,1,mouse
SYNTHETIC DEMONSTRATION ONLY - NOT HUMAN EXPERIMENT RESULTS,1109000,A,0,933.4813138020203,1.0,0,1,mouse
SYNTHETIC DEMONSTRATION ONLY - NOT HUMAN EXPERIMENT RESULTS,1109020,A,0,933.4426299693533,1.0,0,1,mouse
SYNTHETIC DEMONSTRATION ONLY - NOT HUMAN EXPERIMENT RESULTS,1109040,A,0,933.403470842889,1.0,0,1,mouse
SYNTHETIC DEMONSTRATION ONLY - NOT HUMAN EXPERIMENT RESULTS,1109060,A,0,933.3638369791653,1.0,0,1,mouse
SYNTHETIC DEMONSTRATION ONLY - NOT HUMAN EXPERIMENT RESULTS,1109080,A,0,933.323728941467,1.0,0,1,mouse
SYNTHETIC DEMONSTRATION ONLY - NOT HUMAN EXPERIMENT RESULTS,1109100,A,0,933.2831472998183,1.0,0,1,mouse
SYNTHETIC DEMONSTRATION ONLY - NOT HUMAN EXPERIMENT RESULTS,1109120,A,0,933.2420926309741,1.0,0,1,mouse
SYNTHETIC DEMONSTRATION ONLY - NOT HUMAN EXPERIMENT RESULTS,1109140,A,0,933.200565518412,1.0,0,1,mouse
SYNTHETIC DEMONSTRATION ONLY - NOT HUMAN EXPERIMENT RESULTS,1109160,A,0,933.1585665523243,1.0,0,1,mouse
SYNTHETIC DEMONSTRATION ONLY - NOT HUMAN EXPERIMENT RESULTS,1109180,A,0,933.116096329609,1.0,0,1,mouse
SYNTHETIC DEMONSTRATION ONLY - NOT HUMAN EXPERIMENT RESULTS,1109200,A,0,933.0731554538625,1.0,0,1,mouse
SYNTHETIC DEMONSTRATION ONLY - NOT HUMAN EXPERIMENT RESULTS,1109220,A,0,933.0297445353692,1.0,0,1,mouse
SYNTHETIC DEMONSTRATION ONLY - NOT HUMAN EXPERIMENT RESULTS,1109240,A,0,932.9858641910946,1.0,0,1,mouse
SYNTHETIC DEMONSTRATION ONLY - NOT HUMAN EXPERIMENT RESULTS,1109260,A,0,932.9415150446755,1.0,0,1,mouse
SYNTHETIC DEMONSTRATION ONLY - NOT HUMAN EXPERIMENT RESULTS,1109280,A,0,932.8966977264114,1.0,0,1,mouse
SYNTHETIC DEMONSTRATION ONLY - NOT HUMAN EXPERIMENT RESULTS,1109300,A,0,932.8514128732555,1.0,0,1,mouse
SYNTHETIC DEMONSTRATION ONLY - NOT HUMAN EXPERIMENT RESULTS,1109320,A,0,932.8056611288059,1.0,0,1,mouse
SYNTHETIC DEMONSTRATION ONLY - NOT HUMAN EXPERIMENT RESULTS,1109340,A,0,932.7594431432963,1.0,0,1,mouse
SYNTHETIC DEMONSTRATION ONLY - NOT HUMAN EXPERIMENT RESULTS,1109360,A,0,932.7127595735864,1.0,0,1,mouse
SYNTHETIC DEMONSTRATION ONLY - NOT HUMAN EXPERIMENT RESULTS,1109380,A,0,932.665611083153,1.0,0,1,mouse
SYNTHETIC DEMONSTRATION ONLY - NOT HUMAN EXPERIMENT RESULTS,1109400,A,0,932.6179983420806,1.0,0,1,mouse
SYNTHETIC DEMONSTRATION ONLY - NOT HUMAN EXPERIMENT RESULTS,1109420,A,0,932.5699220270517,1.0,0,1,mouse
SYNTHETIC DEMONSTRATION ONLY - NOT HUMAN EXPERIMENT RESULTS,1109440,A,0,932.521382821337,1.0,0,1,mouse
SYNTHETIC DEMONSTRATION ONLY - NOT HUMAN EXPERIMENT RESULTS,1109460,A,0,932.4723814147864,1.0,0,1,mouse
SYNTHETIC DEMONSTRATION ONLY - NOT HUMAN EXPERIMENT RESULTS,1109480,A,0,932.4229185038179,1.0,0,1,mouse
SYNTHETIC DEMONSTRATION ONLY - NOT HUMAN EXPERIMENT RESULTS,1109500,A,0,932.3729947914093,1.0,0,1,mouse
SYNTHETIC DEMONSTRATION ONLY - NOT HUMAN EXPERIMENT RESULTS,1109520,A,0,932.3226109870868,1.0,0,1,mouse
SYNTHETIC DEMONSTRATION ONLY - NOT HUMAN EXPERIMENT RESULTS,1109540,A,0,932.2717678069159,1.0,0,1,mouse
SYNTHETIC DEMONSTRATION ONLY - NOT HUMAN EXPERIMENT RESULTS,1109560,A,0,932.2204659734907,1.0,0,1,mouse
SYNTHETIC DEMONSTRATION ONLY - NOT HUMAN EXPERIMENT RESULTS,1109580,A,0,932.168706215924,1.0,0,1,mouse
SYNTHETIC DEMONSTRATION ONLY - NOT HUMAN EXPERIMENT RESULTS,1109600,A,0,932.1164892698363,1.0,0,1,mouse
SYNTHETIC DEMONSTRATION ONLY - NOT HUMAN EXPERIMENT RESULTS,1109620,A,0,932.063815877346,1.0,0,1,mouse
SYNTHETIC DEMONSTRATION ONLY - NOT HUMAN EXPERIMENT RESULTS,1109640,A,0,932.0106867870587,1.0,0,1,mouse
SYNTHETIC DEMONSTRATION ONLY - NOT HUMAN EXPERIMENT RESULTS,1109660,A,0,931.9571027540563,1.0,0,1,mouse
SYNTHETIC DEMONSTRATION ONLY - NOT HUMAN EXPERIMENT RESULTS,1109680,A,0,931.9030645398866,1.0,0,1,mouse
SYNTHETIC DEMONSTRATION ONLY - NOT HUMAN EXPERIMENT RESULTS,1109700,A,0,931.8485729125522,1.0,0,1,mouse
SYNTHETIC DEMONSTRATION ONLY - NOT HUMAN EXPERIMENT RESULTS,1109720,A,0,931.7936286464997,1.0,0,1,mouse
SYNTHETIC DEMONSTRATION ONLY - NOT HUMAN EXPERIMENT RESULTS,1109740,A,0,931.7382325226088,1.0,0,1,mouse
SYNTHETIC DEMONSTRATION ONLY - NOT HUMAN EXPERIMENT RESULTS,1109760,A,0,931.6823853281809,1.0,0,1,mouse
SYNTHETIC DEMONSTRATION ONLY - NOT HUMAN EXPERIMENT RESULTS,1109780,A,0,931.6260878569285,1.0,0,1,mouse
SYNTHETIC DEMONSTRATION ONLY - NOT HUMAN EXPERIMENT RESULTS,1109800,A,0,931.569340908963,1.0,0,1,mouse
SYNTHETIC DEMONSTRATION ONLY - NOT HUMAN EXPERIMENT RESULTS,1109820,A,0,931.5121452907844,1.0,0,1,mouse
SYNTHETIC DEMONSTRATION ONLY - NOT HUMAN EXPERIMENT RESULTS,1109840,A,0,931.4545018152688,1.0,0,1,mouse
SYNTHETIC DEMONSTRATION ONLY - NOT HUMAN EXPERIMENT RESULTS,1109860,A,0,931.3964113016578,1.0,0,1,mouse
SYNTHETIC DEMONSTRATION ONLY - NOT HUMAN EXPERIMENT RESULTS,1109880,A,0,931.3378745755462,1.0,0,1,mouse
SYNTHETIC DEMONSTRATION ONLY - NOT HUMAN EXPERIMENT RESULTS,1109900,A,0,931.27889246887,1.0,0,1,mouse
SYNTHETIC DEMONSTRATION ONLY - NOT HUMAN EXPERIMENT RESULTS,1109920,A,0,931.2194658198961,1.0,0,1,mouse
SYNTHETIC DEMONSTRATION ONLY - NOT HUMAN EXPERIMENT RESULTS,1109940,A,0,931.1595954732084,1.0,0,1,mouse
SYNTHETIC DEMONSTRATION ONLY - NOT HUMAN EXPERIMENT RESULTS,1109960,A,0,931.0992822796969,1.0,0,1,mouse
SYNTHETIC DEMONSTRATION ONLY - NOT HUMAN EXPERIMENT RESULTS,1109980,A,0,931.038527096546,1.0,0,1,mouse
SYNTHETIC DEMONSTRATION ONLY - NOT HUMAN EXPERIMENT RESULTS,1110000,A,0,930.977330787221,1.0,0,1,mouse
SYNTHETIC DEMONSTRATION ONLY - NOT HUMAN EXPERIMENT RESULTS,1110020,A,0,930.9156942214571,1.0,0,1,mouse
SYNTHETIC DEMONSTRATION ONLY - NOT HUMAN EXPERIMENT RESULTS,1110040,A,0,930.8536182752462,1.0,0,1,mouse
SYNTHETIC DEMONSTRATION ONLY - NOT HUMAN EXPERIMENT RESULTS,1110060,A,0,930.791103830825,1.0,0,1,mouse
SYNTHETIC DEMONSTRATION ONLY - NOT HUMAN EXPERIMENT RESULTS,1110080,A,0,930.7281517766621,1.0,0,1,mouse
SYNTHETIC DEMONSTRATION ONLY - NOT HUMAN EXPERIMENT RESULTS,1110100,A,0,930.6647630074456,1.0,0,1,mouse
SYNTHETIC DEMONSTRATION ONLY - NOT HUMAN EXPERIMENT RESULTS,1110120,A,0,930.60093842407,1.0,0,1,mouse
SYNTHETIC DEMONSTRATION ONLY - NOT HUMAN EXPERIMENT RESULTS,1110140,A,0,930.5366789336241,1.0,0,1,mouse
SYNTHETIC DEMONSTRATION ONLY - NOT HUMAN EXPERIMENT RESULTS,1110160,A,0,930.4719854493775,1.0,0,1,mouse
SYNTHETIC DEMONSTRATION ONLY - NOT HUMAN EXPERIMENT RESULTS,1110180,A,0,930.4068588907677,1.0,0,1,mouse
SYNTHETIC DEMONSTRATION ONLY - NOT HUMAN EXPERIMENT RESULTS,1110200,A,0,930.3413001833874,1.0,0,1,mouse
SYNTHETIC DEMONSTRATION ONLY - NOT HUMAN EXPERIMENT RESULTS,1110220,A,0,930.2753102589708,1.0,0,1,mouse
SYNTHETIC DEMONSTRATION ONLY - NOT HUMAN EXPERIMENT RESULTS,1110240,A,0,930.2088900553808,1.0,0,1,mouse
SYNTHETIC DEMONSTRATION ONLY - NOT HUMAN EXPERIMENT RESULTS,1110260,A,0,930.1420405165958,1.0,0,1,mouse
SYNTHETIC DEMONSTRATION ONLY - NOT HUMAN EXPERIMENT RESULTS,1110280,A,0,930.0747625926953,1.0,0,1,mouse
SYNTHETIC DEMONSTRATION ONLY - NOT HUMAN EXPERIMENT RESULTS,1110300,A,0,930.0070572398478,1.0,0,1,mouse
SYNTHETIC DEMONSTRATION ONLY - NOT HUMAN EXPERIMENT RESULTS,1110320,A,0,929.9389254202961,1.0,0,1,mouse
SYNTHETIC DEMONSTRATION ONLY - NOT HUMAN EXPERIMENT RESULTS,1110340,A,0,929.8703681023442,1.0,0,1,mouse
SYNTHETIC DEMONSTRATION ONLY - NOT HUMAN EXPERIMENT RESULTS,1110360,A,0,929.8013862603434,1.0,0,1,mouse
SYNTHETIC DEMONSTRATION ONLY - NOT HUMAN EXPERIMENT RESULTS,1110380,A,0,929.7319808746782,1.0,0,1,mouse
SYNTHETIC DEMONSTRATION ONLY - NOT HUMAN EXPERIMENT RESULTS,1110400,A,0,929.662152931753,1.0,0,1,mouse
SYNTHETIC DEMONSTRATION ONLY - NOT HUMAN EXPERIMENT RESULTS,1110420,A,0,929.5919034239772,1.0,0,1,mouse
SYNTHETIC DEMONSTRATION ONLY - NOT HUMAN EXPERIMENT RESULTS,1110440,A,0,929.521233349752,1.0,0,1,mouse
SYNTHETIC DEMONSTRATION ONLY - NOT HUMAN EXPERIMENT RESULTS,1110460,A,0,929.4501437134554,1.0,0,1,mouse
SYNTHETIC DEMONSTRATION ONLY - NOT HUMAN EXPERIMENT RESULTS,1110480,A,0,929.3786355254286,1.0,0,1,mouse
SYNTHETIC DEMONSTRATION ONLY - NOT HUMAN EXPERIMENT RESULTS,1110500,A,0,929.3067098019613,1.0,0,1,mouse
SYNTHETIC DEMONSTRATION ONLY - NOT HUMAN EXPERIMENT RESULTS,1110520,A,0,929.2343675652771,1.0,0,1,mouse
SYNTHETIC DEMONSTRATION ONLY - NOT HUMAN EXPERIMENT RESULTS,1110540,A,0,929.1616098435194,1.0,0,1,mouse
SYNTHETIC DEMONSTRATION ONLY - NOT HUMAN EXPERIMENT RESULTS,1110560,A,0,929.0884376707364,1.0,0,1,mouse
SYNTHETIC DEMONSTRATION ONLY - NOT HUMAN EXPERIMENT RESULTS,1110580,A,0,929.0148520868668,1.0,0,1,mouse
SYNTHETIC DEMONSTRATION ONLY - NOT HUMAN EXPERIMENT RESULTS,1110600,A,0,928.9408541377244,1.0,0,1,mouse
SYNTHETIC DEMONSTRATION ONLY - NOT HUMAN EXPERIMENT RESULTS,1110620,A,0,928.866444874984,1.0,0,1,mouse
SYNTHETIC DEMONSTRATION ONLY - NOT HUMAN EXPERIMENT RESULTS,1110640,A,0,928.7916253561659,1.0,0,1,mouse
SYNTHETIC DEMONSTRATION ONLY - NOT HUMAN EXPERIMENT RESULTS,1110660,A,0,928.7163966446211,1.0,0,1,mouse
SYNTHETIC DEMONSTRATION ONLY - NOT HUMAN EXPERIMENT RESULTS,1110680,A,0,928.640759809516,1.0,0,1,mouse
SYNTHETIC DEMONSTRATION ONLY - NOT HUMAN EXPERIMENT RESULTS,1110700,A,0,928.5647159258177,1.0,0,1,mouse
SYNTHETIC DEMONSTRATION ONLY - NOT HUMAN EXPERIMENT RESULTS,1110720,A,0,928.4882660742778,1.0,0,1,mouse
SYNTHETIC DEMONSTRATION ONLY - NOT HUMAN EXPERIMENT RESULTS,1110740,A,0,928.4114113414181,1.0,0,1,mouse
SYNTHETIC DEMONSTRATION ONLY - NOT HUMAN EXPERIMENT RESULTS,1110760,A,0,928.3341528195144,1.0,0,1,mouse
SYNTHETIC DEMONSTRATION ONLY - NOT HUMAN EXPERIMENT RESULTS,1110780,A,0,928.2564916065814,1.0,0,1,mouse
SYNTHETIC DEMONSTRATION ONLY - NOT HUMAN EXPERIMENT RESULTS,1110800,A,0,928.1784288063568,1.0,0,1,mouse
SYNTHETIC DEMONSTRATION ONLY - NOT HUMAN EXPERIMENT RESULTS,1110820,A,0,928.0999655282856,1.0,0,1,mouse
SYNTHETIC DEMONSTRATION ONLY - NOT HUMAN EXPERIMENT RESULTS,1110840,A,0,928.021102887505,1.0,0,1,mouse
SYNTHETIC DEMONSTRATION ONLY - NOT HUMAN EXPERIMENT RESULTS,1110860,A,0,927.9418420048274,1.0,0,1,mouse
SYNTHETIC DEMONSTRATION ONLY - NOT HUMAN EXPERIMENT RESULTS,1110880,A,0,927.8621840067256,1.0,0,1,mouse
SYNTHETIC DEMONSTRATION ONLY - NOT HUMAN EXPERIMENT RESULTS,1110900,A,0,927.7821300253158,1.0,0,1,mouse
SYNTHETIC DEMONSTRATION ONLY - NOT HUMAN EXPERIMENT RESULTS,1110920,A,0,927.7016811983426,1.0,0,1,mouse
SYNTHETIC DEMONSTRATION ONLY - NOT HUMAN EXPERIMENT RESULTS,1110940,A,0,927.6208386691617,1.0,0,1,mouse
SYNTHETIC DEMONSTRATION ONLY - NOT HUMAN EXPERIMENT RESULTS,1110960,A,0,927.5396035867244,1.0,0,1,mouse
SYNTHETIC DEMONSTRATION ONLY - NOT HUMAN EXPERIMENT RESULTS,1110980,A,0,927.4579771055611,1.0,0,1,mouse
SYNTHETIC DEMONSTRATION ONLY - NOT HUMAN EXPERIMENT RESULTS,1111000,A,0,927.3759603857649,1.0,0,1,mouse
SYNTHETIC DEMONSTRATION ONLY - NOT HUMAN EXPERIMENT RESULTS,1111020,A,0,927.2935545929746,1.0,0,1,mouse
SYNTHETIC DEMONSTRATION ONLY - NOT HUMAN EXPERIMENT RESULTS,1111040,A,0,927.2107608983591,1.0,0,1,mouse
SYNTHETIC DEMONSTRATION ONLY - NOT HUMAN EXPERIMENT RESULTS,1111060,A,0,927.1275804786002,1.0,0,1,mouse
SYNTHETIC DEMONSTRATION ONLY - NOT HUMAN EXPERIMENT RESULTS,1111080,A,0,927.0440145158756,1.0,0,1,mouse
SYNTHETIC DEMONSTRATION ONLY - NOT HUMAN EXPERIMENT RESULTS,1111100,A,0,926.9600641978426,1.0,0,1,mouse
SYNTHETIC DEMONSTRATION ONLY - NOT HUMAN EXPERIMENT RESULTS,1111120,A,0,926.8757307176212,1.0,0,1,mouse
SYNTHETIC DEMONSTRATION ONLY - NOT HUMAN EXPERIMENT RESULTS,1111140,A,0,926.7910152737767,1.0,0,1,mouse
SYNTHETIC DEMONSTRATION ONLY - NOT HUMAN EXPERIMENT RESULTS,1111160,A,0,926.705919070303,1.0,0,1,mouse
SYNTHETIC DEMONSTRATION ONLY - NOT HUMAN EXPERIMENT RESULTS,1111180,A,0,926.6204433166057,1.0,0,1,mouse
SYNTHETIC DEMONSTRATION ONLY - NOT HUMAN EXPERIMENT RESULTS,1111200,A,0,926.5345892274844,1.0,0,1,mouse
SYNTHETIC DEMONSTRATION ONLY - NOT HUMAN EXPERIMENT RESULTS,1111220,A,0,926.4483580231158,1.0,0,1,mouse
SYNTHETIC DEMONSTRATION ONLY - NOT HUMAN EXPERIMENT RESULTS,1111240,A,0,926.3617509290359,1.0,0,1,mouse
SYNTHETIC DEMONSTRATION ONLY - NOT HUMAN EXPERIMENT RESULTS,1111260,A,0,926.2747691761236,1.0,0,1,mouse
SYNTHETIC DEMONSTRATION ONLY - NOT HUMAN EXPERIMENT RESULTS,1111280,A,0,926.187414000582,1.0,0,1,mouse
SYNTHETIC DEMONSTRATION ONLY - NOT HUMAN EXPERIMENT RESULTS,1111300,A,0,926.0996866439214,1.0,0,1,mouse
SYNTHETIC DEMONSTRATION ONLY - NOT HUMAN EXPERIMENT RESULTS,1111320,A,0,926.0115883529417,1.0,0,1,mouse
SYNTHETIC DEMONSTRATION ONLY - NOT HUMAN EXPERIMENT RESULTS,1111340,A,0,925.9231203797148,1.0,0,1,mouse
SYNTHETIC DEMONSTRATION ONLY - NOT HUMAN EXPERIMENT RESULTS,1111360,A,0,925.8342839815664,1.0,0,1,mouse
SYNTHETIC DEMONSTRATION ONLY - NOT HUMAN EXPERIMENT RESULTS,1111380,A,0,925.7450804210582,1.0,0,1,mouse
SYNTHETIC DEMONSTRATION ONLY - NOT HUMAN EXPERIMENT RESULTS,1111400,A,0,925.6555109659703,1.0,0,1,mouse
SYNTHETIC DEMONSTRATION ONLY - NOT HUMAN EXPERIMENT RESULTS,1111420,A,0,925.5655768892831,1.0,0,1,mouse
SYNTHETIC DEMONSTRATION ONLY - NOT HUMAN EXPERIMENT RESULTS,1111440,A,0,925.4752794691587,1.0,0,1,mouse
SYNTHETIC DEMONSTRATION ONLY - NOT HUMAN EXPERIMENT RESULTS,1111460,A,0,925.3846199889234,1.0,0,1,mouse
SYNTHETIC DEMONSTRATION ONLY - NOT HUMAN EXPERIMENT RESULTS,1111480,A,0,925.293599737049,1.0,0,1,mouse
SYNTHETIC DEMONSTRATION ONLY - NOT HUMAN EXPERIMENT RESULTS,1111500,A,0,925.2022200071349,1.0,0,1,mouse
SYNTHETIC DEMONSTRATION ONLY - NOT HUMAN EXPERIMENT RESULTS,1111520,A,0,925.1104820978893,1.0,0,1,mouse
SYNTHETIC DEMONSTRATION ONLY - NOT HUMAN EXPERIMENT RESULTS,1111540,A,0,925.0183873131108,1.0,0,1,mouse
SYNTHETIC DEMONSTRATION ONLY - NOT HUMAN EXPERIMENT RESULTS,1111560,A,0,924.9259369616702,1.0,0,1,mouse
SYNTHETIC DEMONSTRATION ONLY - NOT HUMAN EXPERIMENT RESULTS,1111580,A,0,924.8331323574919,1.0,0,1,mouse
SYNTHETIC DEMONSTRATION ONLY - NOT HUMAN EXPERIMENT RESULTS,1111600,A,0,924.7399748195344,1.0,0,1,mouse
SYNTHETIC DEMONSTRATION ONLY - NOT HUMAN EXPERIMENT RESULTS,1111620,A,0,924.6464656717726,1.0,0,1,mouse
SYNTHETIC DEMONSTRATION ONLY - NOT HUMAN EXPERIMENT RESULTS,1111640,A,0,924.5526062431786,1.0,0,1,mouse
SYNTHETIC DEMONSTRATION ONLY - NOT HUMAN EXPERIMENT RESULTS,1111660,A,0,924.4583978677024,1.0,0,1,mouse
SYNTHETIC DEMONSTRATION ONLY - NOT HUMAN EXPERIMENT RESULTS,1111680,A,0,924.3638418842539,1.0,0,1,mouse
SYNTHETIC DEMONSTRATION ONLY - NOT HUMAN EXPERIMENT RESULTS,1111700,A,0,924.2689396366827,1.0,0,1,mouse
SYNTHETIC DEMONSTRATION ONLY - NOT HUMAN EXPERIMENT RESULTS,1111720,A,0,924.1736924737598,1.0,0,1,mouse
SYNTHETIC DEMONSTRATION ONLY - NOT HUMAN EXPERIMENT RESULTS,1111740,A,0,924.0781017491581,1.0,0,1,mouse
SYNTHETIC DEMONSTRATION ONLY - NOT HUMAN EXPERIMENT RESULTS,1111760,A,0,923.9821688214338,1.0,0,1,mouse
SYNTHETIC DEMONSTRATION ONLY - NOT HUMAN EXPERIMENT RESULTS,1111780,A,0,923.8858950540058,1.0,0,1,mouse
SYNTHETIC DEMONSTRATION ONLY - NOT HUMAN EXPERIMENT RESULTS,1111800,A,0,923.7892818151375,1.0,0,1,mouse
SYNTHETIC DEMONSTRATION ONLY - NOT HUMAN EXPERIMENT RESULTS,1111820,A,0,923.6923304779168,1.0,0,1,mouse
SYNTHETIC DEMONSTRATION ONLY - NOT HUMAN EXPERIMENT RESULTS,1111840,A,0,923.5950424202371,1.0,0,1,mouse
SYNTHETIC DEMONSTRATION ONLY - NOT HUMAN EXPERIMENT RESULTS,1111860,A,0,923.4974190247768,1.0,0,1,mouse
SYNTHETIC DEMONSTRATION ONLY - NOT HUMAN EXPERIMENT RESULTS,1111880,A,0,923.3994616789805,1.0,0,1,mouse
SYNTHETIC DEMONSTRATION ONLY - NOT HUMAN EXPERIMENT RESULTS,1111900,A,0,923.3011717750388,1.0,0,1,mouse
SYNTHETIC DEMONSTRATION ONLY - NOT HUMAN EXPERIMENT RESULTS,1111920,A,0,923.202550709869,1.0,0,1,mouse
SYNTHETIC DEMONSTRATION ONLY - NOT HUMAN EXPERIMENT RESULTS,1111940,A,0,923.1035998850947,1.0,0,1,mouse
SYNTHETIC DEMONSTRATION ONLY - NOT HUMAN EXPERIMENT RESULTS,1111960,A,0,923.004320707026,1.0,0,1,mouse
SYNTHETIC DEMONSTRATION ONLY - NOT HUMAN EXPERIMENT RESULTS,1111980,A,0,922.9047145866399,1.0,0,1,mouse
SYNTHETIC DEMONSTRATION ONLY - NOT HUMAN EXPERIMENT RESULTS,1112000,A,0,922.8047829395598,1.0,0,1,mouse
SYNTHETIC DEMONSTRATION ONLY - NOT HUMAN EXPERIMENT RESULTS,1112020,A,0,922.7045271860356,1.0,0,1,mouse
SYNTHETIC DEMONSTRATION ONLY - NOT HUMAN EXPERIMENT RESULTS,1112040,A,0,922.6039487509236,1.0,0,1,mouse
SYNTHETIC DEMONSTRATION ONLY - NOT HUMAN EXPERIMENT RESULTS,1112060,A,0,922.5030490636658,1.0,0,1,mouse
SYNTHETIC DEMONSTRATION ONLY - NOT HUMAN EXPERIMENT RESULTS,1112080,A,0,922.4018295582703,1.0,0,1,mouse
SYNTHETIC DEMONSTRATION ONLY - NOT HUMAN EXPERIMENT RESULTS,1112100,A,0,922.30029167329,1.0,0,1,mouse
SYNTHETIC DEMONSTRATION ONLY - NOT HUMAN EXPERIMENT RESULTS,1112120,A,0,922.1984368518033,1.0,0,1,mouse
SYNTHETIC DEMONSTRATION ONLY - NOT HUMAN EXPERIMENT RESULTS,1112140,A,0,922.0962665413927,1.0,0,1,mouse
SYNTHETIC DEMONSTRATION ONLY - NOT HUMAN EXPERIMENT RESULTS,1112160,A,0,921.9937821941243,1.0,0,1,mouse
SYNTHETIC DEMONSTRATION ONLY - NOT HUMAN EXPERIMENT RESULTS,1112180,A,0,921.8909852665274,1.0,0,1,mouse
SYNTHETIC DEMONSTRATION ONLY - NOT HUMAN EXPERIMENT RESULTS,1112200,A,0,921.7878772195742,1.0,0,1,mouse
SYNTHETIC DEMONSTRATION ONLY - NOT HUMAN EXPERIMENT RESULTS,1112220,A,0,921.6844595186582,1.0,0,1,mouse
SYNTHETIC DEMONSTRATION ONLY - NOT HUMAN EXPERIMENT RESULTS,1112240,A,0,921.5807336335736,1.0,0,1,mouse
SYNTHETIC DEMONSTRATION ONLY - NOT HUMAN EXPERIMENT RESULTS,1112260,A,0,921.476701038495,1.0,0,1,mouse
SYNTHETIC DEMONSTRATION ONLY - NOT HUMAN EXPERIMENT RESULTS,1112280,A,0,921.372363211956,1.0,0,1,mouse
SYNTHETIC DEMONSTRATION ONLY - NOT HUMAN EXPERIMENT RESULTS,1112300,A,0,921.2677216368278,1.0,0,1,mouse
SYNTHETIC DEMONSTRATION ONLY - NOT HUMAN EXPERIMENT RESULTS,1112320,A,0,921.162777800299,1.0,0,1,mouse
SYNTHETIC DEMONSTRATION ONLY - NOT HUMAN EXPERIMENT RESULTS,1112340,A,0,921.0575331938537,1.0,0,1,mouse
SYNTHETIC DEMONSTRATION ONLY - NOT HUMAN EXPERIMENT RESULTS,1112360,A,0,920.9519893132507,1.0,0,1,mouse
SYNTHETIC DEMONSTRATION ONLY - NOT HUMAN EXPERIMENT RESULTS,1112380,A,0,920.8461476585023,1.0,0,1,mouse
SYNTHETIC DEMONSTRATION ONLY - NOT HUMAN EXPERIMENT RESULTS,1112400,A,0,920.7400097338526,1.0,0,1,mouse
SYNTHETIC DEMONSTRATION ONLY - NOT HUMAN EXPERIMENT RESULTS,1112420,A,0,920.6335770477565,1.0,0,1,mouse
SYNTHETIC DEMONSTRATION ONLY - NOT HUMAN EXPERIMENT RESULTS,1112440,A,0,920.5268511128579,1.0,0,1,mouse
SYNTHETIC DEMONSTRATION ONLY - NOT HUMAN EXPERIMENT RESULTS,1112460,A,0,920.4198334459687,1.0,0,1,mouse
SYNTHETIC DEMONSTRATION ONLY - NOT HUMAN EXPERIMENT RESULTS,1112480,A,0,920.3125255680469,1.0,0,1,mouse
SYNTHETIC DEMONSTRATION ONLY - NOT HUMAN EXPERIMENT RESULTS,1112500,A,0,920.204929004175,1.0,0,1,mouse
SYNTHETIC DEMONSTRATION ONLY - NOT HUMAN EXPERIMENT RESULTS,1112520,A,0,920.0970452835381,1.0,0,1,mouse
SYNTHETIC DEMONSTRATION ONLY - NOT HUMAN EXPERIMENT RESULTS,1112540,A,0,919.9888759394028,1.0,0,1,mouse
SYNTHETIC DEMONSTRATION ONLY - NOT HUMAN EXPERIMENT RESULTS,1112560,A,0,919.880422509095,1.0,0,1,mouse
SYNTHETIC DEMONSTRATION ONLY - NOT HUMAN EXPERIMENT RESULTS,1112580,A,0,919.7716865339778,1.0,0,1,mouse
SYNTHETIC DEMONSTRATION ONLY - NOT HUMAN EXPERIMENT RESULTS,1112600,A,0,919.6626695594302,1.0,0,1,mouse
SYNTHETIC DEMONSTRATION ONLY - NOT HUMAN EXPERIMENT RESULTS,1112620,A,0,919.5533731348249,1.0,0,1,mouse
SYNTHETIC DEMONSTRATION ONLY - NOT HUMAN EXPERIMENT RESULTS,1112640,A,0,919.4437988135059,1.0,0,1,mouse
SYNTHETIC DEMONSTRATION ONLY - NOT HUMAN EXPERIMENT RESULTS,1112660,A,0,919.3339481527667,1.0,0,1,mouse
SYNTHETIC DEMONSTRATION ONLY - NOT HUMAN EXPERIMENT RESULTS,1112680,A,0,919.2238227138283,1.0,0,1,mouse
SYNTHETIC DEMONSTRATION ONLY - NOT HUMAN EXPERIMENT RESULTS,1112700,A,0,919.1134240618172,1.0,0,1,mouse
SYNTHETIC DEMONSTRATION ONLY - NOT HUMAN EXPERIMENT RESULTS,1112720,A,0,919.0027537657427,1.0,0,1,mouse
SYNTHETIC DEMONSTRATION ONLY - NOT HUMAN EXPERIMENT RESULTS,1112740,A,0,918.8918133984743,1.0,0,1,mouse
SYNTHETIC DEMONSTRATION ONLY - NOT HUMAN EXPERIMENT RESULTS,1112760,A,0,918.7806045367204,1.0,0,1,mouse
SYNTHETIC DEMONSTRATION ONLY - NOT HUMAN EXPERIMENT RESULTS,1112780,A,0,918.6691287610051,1.0,0,1,mouse
SYNTHETIC DEMONSTRATION ONLY - NOT HUMAN EXPERIMENT RESULTS,1112800,A,0,918.5573876556459,1.0,0,1,mouse
SYNTHETIC DEMONSTRATION ONLY - NOT HUMAN EXPERIMENT RESULTS,1112820,A,0,918.4453828087312,1.0,0,1,mouse
SYNTHETIC DEMONSTRATION ONLY - NOT HUMAN EXPERIMENT RESULTS,1112840,A,0,918.333115812098,1.0,0,1,mouse
SYNTHETIC DEMONSTRATION ONLY - NOT HUMAN EXPERIMENT RESULTS,1112860,A,0,918.2205882613085,1.0,0,1,mouse
SYNTHETIC DEMONSTRATION ONLY - NOT HUMAN EXPERIMENT RESULTS,1112880,A,0,918.1078017556284,1.0,0,1,mouse
SYNTHETIC DEMONSTRATION ONLY - NOT HUMAN EXPERIMENT RESULTS,1112900,A,0,917.9947578980037,1.0,0,1,mouse
SYNTHETIC DEMONSTRATION ONLY - NOT HUMAN EXPERIMENT RESULTS,1112920,A,0,917.8814582950378,1.0,0,1,mouse
SYNTHETIC DEMONSTRATION ONLY - NOT HUMAN EXPERIMENT RESULTS,1112940,A,0,917.7679045569688,1.0,0,1,mouse
SYNTHETIC DEMONSTRATION ONLY - NOT HUMAN EXPERIMENT RESULTS,1112960,A,0,917.6540982976468,1.0,0,1,mouse
SYNTHETIC DEMONSTRATION ONLY - NOT HUMAN EXPERIMENT RESULTS,1112980,A,0,917.5400411345105,1.0,0,1,mouse
SYNTHETIC DEMONSTRATION ONLY - NOT HUMAN EXPERIMENT RESULTS,1113000,A,0,917.4257346885645,1.0,0,1,mouse
SYNTHETIC DEMONSTRATION ONLY - NOT HUMAN EXPERIMENT RESULTS,1113020,A,0,917.3111805843569,1.0,0,1,mouse
SYNTHETIC DEMONSTRATION ONLY - NOT HUMAN EXPERIMENT RESULTS,1113040,A,0,917.1963804499546,1.0,0,1,mouse
SYNTHETIC DEMONSTRATION ONLY - NOT HUMAN EXPERIMENT RESULTS,1113060,A,0,917.081335916922,1.0,0,1,mouse
SYNTHETIC DEMONSTRATION ONLY - NOT HUMAN EXPERIMENT RESULTS,1113080,A,0,916.9660486202962,1.0,0,1,mouse
SYNTHETIC DEMONSTRATION ONLY - NOT HUMAN EXPERIMENT RESULTS,1113100,A,0,916.8505201985653,1.0,0,1,mouse
SYNTHETIC DEMONSTRATION ONLY - NOT HUMAN EXPERIMENT RESULTS,1113120,A,0,916.7347522936435,1.0,0,1,mouse
SYNTHETIC DEMONSTRATION ONLY - NOT HUMAN EXPERIMENT RESULTS,1113140,A,0,916.6187465508492,1.0,0,1,mouse
SYNTHETIC DEMONSTRATION ONLY - NOT HUMAN EXPERIMENT RESULTS,1113160,A,0,916.5025046188807,1.0,0,1,mouse
SYNTHETIC DEMONSTRATION ONLY - NOT HUMAN EXPERIMENT RESULTS,1113180,A,0,916.3860281497931,1.0,0,1,mouse
SYNTHETIC DEMONSTRATION ONLY - NOT HUMAN EXPERIMENT RESULTS,1113200,A,0,916.2693187989751,1.0,0,1,mouse
SYNTHETIC DEMONSTRATION ONLY - NOT HUMAN EXPERIMENT RESULTS,1113220,A,0,916.1523782251247,1.0,0,1,mouse
SYNTHETIC DEMONSTRATION ONLY - NOT HUMAN EXPERIMENT RESULTS,1113240,A,0,916.0352080902262,1.0,0,1,mouse
SYNTHETIC DEMONSTRATION ONLY - NOT HUMAN EXPERIMENT RESULTS,1113260,A,0,915.9178100595269,1.0,0,1,mouse
SYNTHETIC DEMONSTRATION ONLY - NOT HUMAN EXPERIMENT RESULTS,1113280,A,0,915.8001858015125,1.0,0,1,mouse
SYNTHETIC DEMONSTRATION ONLY - NOT HUMAN EXPERIMENT RESULTS,1113300,A,0,915.682336987884,1.0,0,1,mouse
SYNTHETIC DEMONSTRATION ONLY - NOT HUMAN EXPERIMENT RESULTS,1113320,A,0,915.5642652935338,1.0,0,1,mouse
SYNTHETIC DEMONSTRATION ONLY - NOT HUMAN EXPERIMENT RESULTS,1113340,A,0,915.4459723965225,1.0,0,1,mouse
SYNTHETIC DEMONSTRATION ONLY - NOT HUMAN EXPERIMENT RESULTS,1113360,A,0,915.3274599780535,1.0,0,1,mouse
SYNTHETIC DEMONSTRATION ONLY - NOT HUMAN EXPERIMENT RESULTS,1113380,A,0,915.2087297224509,1.0,0,1,mouse
SYNTHETIC DEMONSTRATION ONLY - NOT HUMAN EXPERIMENT RESULTS,1113400,A,0,915.0897833171342,1.0,0,1,mouse
SYNTHETIC DEMONSTRATION ONLY - NOT HUMAN EXPERIMENT RESULTS,1113420,A,0,914.9706224525954,1.0,0,1,mouse
SYNTHETIC DEMONSTRATION ONLY - NOT HUMAN EXPERIMENT RESULTS,1113440,A,0,914.851248822374,1.0,0,1,mouse
SYNTHETIC DEMONSTRATION ONLY - NOT HUMAN EXPERIMENT RESULTS,1113460,A,0,914.7316641230334,1.0,0,1,mouse
SYNTHETIC DEMONSTRATION ONLY - NOT HUMAN EXPERIMENT RESULTS,1113480,A,0,914.6118700541371,1.0,0,1,mouse
SYNTHETIC DEMONSTRATION ONLY - NOT HUMAN EXPERIMENT RESULTS,1113500,A,0,914.4918683182239,1.0,0,1,mouse
SYNTHETIC DEMONSTRATION ONLY - NOT HUMAN EXPERIMENT RESULTS,1113520,A,0,914.3716606207839,1.0,0,1,mouse
SYNTHETIC DEMONSTRATION ONLY - NOT HUMAN EXPERIMENT RESULTS,1113540,A,0,914.2512486702349,1.0,0,1,mouse
SYNTHETIC DEMONSTRATION ONLY - NOT HUMAN EXPERIMENT RESULTS,1113560,A,0,914.130634177897,1.0,0,1,mouse
SYNTHETIC DEMONSTRATION ONLY - NOT HUMAN EXPERIMENT RESULTS,1113580,A,0,914.0098188579692,1.0,0,1,mouse
SYNTHETIC DEMONSTRATION ONLY - NOT HUMAN EXPERIMENT RESULTS,1113600,A,0,913.8888044275046,1.0,0,1,mouse
SYNTHETIC DEMONSTRATION ONLY - NOT HUMAN EXPERIMENT RESULTS,1113620,A,0,913.7675926063862,1.0,0,1,mouse
SYNTHETIC DEMONSTRATION ONLY - NOT HUMAN EXPERIMENT RESULTS,1113640,A,0,913.6461851173023,1.0,0,1,mouse
SYNTHETIC DEMONSTRATION ONLY - NOT HUMAN EXPERIMENT RESULTS,1113660,A,0,913.5245836857218,1.0,0,1,mouse
SYNTHETIC DEMONSTRATION ONLY - NOT HUMAN EXPERIMENT RESULTS,1113680,A,0,913.4027900398704,1.0,0,1,mouse
SYNTHETIC DEMONSTRATION ONLY - NOT HUMAN EXPERIMENT RESULTS,1113700,A,0,913.2808059107056,1.0,0,1,mouse
SYNTHETIC DEMONSTRATION ONLY - NOT HUMAN EXPERIMENT RESULTS,1113720,A,0,913.1586330318916,1.0,0,1,mouse
SYNTHETIC DEMONSTRATION ONLY - NOT HUMAN EXPERIMENT RESULTS,1113740,A,0,913.0362731397753,1.0,0,1,mouse
SYNTHETIC DEMONSTRATION ONLY - NOT HUMAN EXPERIMENT RESULTS,1113760,A,0,912.913727973362,1.0,0,1,mouse
SYNTHETIC DEMONSTRATION ONLY - NOT HUMAN EXPERIMENT RESULTS,1113780,A,0,912.7909992742896,1.0,0,1,mouse
SYNTHETIC DEMONSTRATION ONLY - NOT HUMAN EXPERIMENT RESULTS,1113800,A,0,912.6680887868046,1.0,0,1,mouse
SYNTHETIC DEMONSTRATION ONLY - NOT HUMAN EXPERIMENT RESULTS,1113820,A,0,912.5449982577369,1.0,0,1,mouse
SYNTHETIC DEMONSTRATION ONLY - NOT HUMAN EXPERIMENT RESULTS,1113840,A,0,912.4217294364756,1.0,0,1,mouse
SYNTHETIC DEMONSTRATION ONLY - NOT HUMAN EXPERIMENT RESULTS,1113860,A,0,912.2982840749436,1.0,0,1,mouse
SYNTHETIC DEMONSTRATION ONLY - NOT HUMAN EXPERIMENT RESULTS,1113880,A,0,912.1746639275724,1.0,0,1,mouse
SYNTHETIC DEMONSTRATION ONLY - NOT HUMAN EXPERIMENT RESULTS,1113900,A,0,912.0508707512781,1.0,0,1,mouse
SYNTHETIC DEMONSTRATION ONLY - NOT HUMAN EXPERIMENT RESULTS,1113920,A,0,911.9269063054359,1.0,0,1,mouse
SYNTHETIC DEMONSTRATION ONLY - NOT HUMAN EXPERIMENT RESULTS,1113940,A,0,911.8027723518547,1.0,0,1,mouse
SYNTHETIC DEMONSTRATION ONLY - NOT HUMAN EXPERIMENT RESULTS,1113960,A,0,911.6784706547529,1.0,0,1,mouse
SYNTHETIC DEMONSTRATION ONLY - NOT HUMAN EXPERIMENT RESULTS,1113980,A,0,911.5540029807328,1.0,0,1,mouse
SYNTHETIC DEMONSTRATION ONLY - NOT HUMAN EXPERIMENT RESULTS,1114000,A,0,911.4293710987555,1.0,0,1,mouse
SYNTHETIC DEMONSTRATION ONLY - NOT HUMAN EXPERIMENT RESULTS,1114020,A,0,911.3045767801159,1.0,0,1,mouse
SYNTHETIC DEMONSTRATION ONLY - NOT HUMAN EXPERIMENT RESULTS,1114040,A,0,911.1796217984174,1.0,0,1,mouse
SYNTHETIC DEMONSTRATION ONLY - NOT HUMAN EXPERIMENT RESULTS,1114060,A,0,911.0545079295471,1.0,0,1,mouse
SYNTHETIC DEMONSTRATION ONLY - NOT HUMAN EXPERIMENT RESULTS,1114080,A,0,910.92923695165,1.0,0,1,mouse
SYNTHETIC DEMONSTRATION ONLY - NOT HUMAN EXPERIMENT RESULTS,1114100,A,0,910.8038106451037,1.0,0,1,mouse
SYNTHETIC DEMONSTRATION ONLY - NOT HUMAN EXPERIMENT RESULTS,1114120,A,0,910.6782307924939,1.0,0,1,mouse
SYNTHETIC DEMONSTRATION ONLY - NOT HUMAN EXPERIMENT RESULTS,1114140,A,0,910.5524991785883,1.0,0,1,mouse
SYNTHETIC DEMONSTRATION ONLY - NOT HUMAN EXPERIMENT RESULTS,1114160,A,0,910.4266175903114,1.0,0,1,mouse
SYNTHETIC DEMONSTRATION ONLY - NOT HUMAN EXPERIMENT RESULTS,1114180,A,0,910.3005878167189,1.0,0,1,mouse
SYNTHETIC DEMONSTRATION ONLY - NOT HUMAN EXPERIMENT RESULTS,1114200,A,0,910.1744116489733,1.0,0,1,mouse
SYNTHETIC DEMONSTRATION ONLY - NOT HUMAN EXPERIMENT RESULTS,1114220,A,0,910.0480908803171,1.0,0,1,mouse
SYNTHETIC DEMONSTRATION ONLY - NOT HUMAN EXPERIMENT RESULTS,1114240,A,0,909.9216273060479,1.0,0,1,mouse
SYNTHETIC DEMONSTRATION ONLY - NOT HUMAN EXPERIMENT RESULTS,1114260,A,0,909.7950227234932,1.0,0,1,mouse
SYNTHETIC DEMONSTRATION ONLY - NOT HUMAN EXPERIMENT RESULTS,1114280,A,0,909.6682789319842,1.0,0,1,mouse
SYNTHETIC DEMONSTRATION ONLY - NOT HUMAN EXPERIMENT RESULTS,1114300,A,0,909.5413977328308,1.0,0,1,mouse
SYNTHETIC DEMONSTRATION ONLY - NOT HUMAN EXPERIMENT RESULTS,1114320,A,0,909.4143809292957,1.0,0,1,mouse
SYNTHETIC DEMONSTRATION ONLY - NOT HUMAN EXPERIMENT RESULTS,1114340,A,0,909.2872303265688,1.0,0,1,mouse
SYNTHETIC DEMONSTRATION ONLY - NOT HUMAN EXPERIMENT RESULTS,1114360,A,0,909.1599477317416,1.0,0,1,mouse
SYNTHETIC DEMONSTRATION ONLY - NOT HUMAN EXPERIMENT RESULTS,1114380,A,0,909.0325349537816,1.0,0,1,mouse
SYNTHETIC DEMONSTRATION ONLY - NOT HUMAN EXPERIMENT RESULTS,1114400,A,0,908.9049938035063,1.0,0,1,mouse
SYNTHETIC DEMONSTRATION ONLY - NOT HUMAN EXPERIMENT RESULTS,1114420,A,0,908.7773260935577,1.0,0,1,mouse
SYNTHETIC DEMONSTRATION ONLY - NOT HUMAN EXPERIMENT RESULTS,1114440,A,0,908.6495336383769,1.0,0,1,mouse
SYNTHETIC DEMONSTRATION ONLY - NOT HUMAN EXPERIMENT RESULTS,1114460,A,0,908.5216182541772,1.0,0,1,mouse
SYNTHETIC DEMONSTRATION ONLY - NOT HUMAN EXPERIMENT RESULTS,1114480,A,0,908.3935817589194,1.0,0,1,mouse
SYNTHETIC DEMONSTRATION ONLY - NOT HUMAN EXPERIMENT RESULTS,1114500,A,0,908.2654259722856,1.0,0,1,mouse
SYNTHETIC DEMONSTRATION ONLY - NOT HUMAN EXPERIMENT RESULTS,1114520,A,0,908.1371527156531,1.0,0,1,mouse
SYNTHETIC DEMONSTRATION ONLY - NOT HUMAN EXPERIMENT RESULTS,1114540,A,0,908.008763812069,1.0,0,1,mouse
SYNTHETIC DEMONSTRATION ONLY - NOT HUMAN EXPERIMENT RESULTS,1114560,A,0,907.8802610862236,1.0,0,1,mouse
SYNTHETIC DEMONSTRATION ONLY - NOT HUMAN EXPERIMENT RESULTS,1114580,A,0,907.7516463644253,1.0,0,1,mouse
SYNTHETIC DEMONSTRATION ONLY - NOT HUMAN EXPERIMENT RESULTS,1114600,A,0,907.6229214745736,1.0,0,1,mouse
SYNTHETIC DEMONSTRATION ONLY - NOT HUMAN EXPERIMENT RESULTS,1114620,A,0,907.4940882461345,1.0,0,1,mouse
SYNTHETIC DEMONSTRATION ONLY - NOT HUMAN EXPERIMENT RESULTS,1114640,A,0,907.3651485101134,1.0,0,1,mouse
SYNTHETIC DEMONSTRATION ONLY - NOT HUMAN EXPERIMENT RESULTS,1114660,A,0,907.236104099029,1.0,0,1,mouse
SYNTHETIC DEMONSTRATION ONLY - NOT HUMAN EXPERIMENT RESULTS,1114680,A,0,907.1069568468881,1.0,0,1,mouse
SYNTHETIC DEMONSTRATION ONLY - NOT HUMAN EXPERIMENT RESULTS,1114700,A,0,906.9777085891593,1.0,0,1,mouse
SYNTHETIC DEMONSTRATION ONLY - NOT HUMAN EXPERIMENT RESULTS,1114720,A,0,906.8483611627462,1.0,0,1,mouse
SYNTHETIC DEMONSTRATION ONLY - NOT HUMAN EXPERIMENT RESULTS,1114740,A,0,906.718916405962,1.0,0,1,mouse
SYNTHETIC DEMONSTRATION ONLY - NOT HUMAN EXPERIMENT RESULTS,1114760,A,0,906.5893761585035,1.0,0,1,mouse
SYNTHETIC DEMONSTRATION ONLY - NOT HUMAN EXPERIMENT RESULTS,1114780,A,0,906.459742261424,1.0,0,1,mouse
SYNTHETIC DEMONSTRATION ONLY - NOT HUMAN EXPERIMENT RESULTS,1114800,A,0,906.3300165571084,1.0,0,1,mouse
SYNTHETIC DEMONSTRATION ONLY - NOT HUMAN EXPERIMENT RESULTS,1114820,A,0,906.2002008892458,1.0,0,1,mouse
SYNTHETIC DEMONSTRATION ONLY - NOT HUMAN EXPERIMENT RESULTS,1114840,A,0,906.0702971028046,1.0,0,1,mouse
SYNTHETIC DEMONSTRATION ONLY - NOT HUMAN EXPERIMENT RESULTS,1114860,A,0,905.940307044005,1.0,0,1,mouse
SYNTHETIC DEMONSTRATION ONLY - NOT HUMAN EXPERIMENT RESULTS,1114880,A,0,905.8102325602932,1.0,0,1,mouse
SYNTHETIC DEMONSTRATION ONLY - NOT HUMAN EXPERIMENT RESULTS,1114900,A,0,905.6800755003158,1.0,0,1,mouse
SYNTHETIC DEMONSTRATION ONLY - NOT HUMAN EXPERIMENT RESULTS,1114920,A,0,905.5498377138927,1.0,0,1,mouse
SYNTHETIC DEMONSTRATION ONLY - NOT HUMAN EXPERIMENT RESULTS,1114940,A,0,905.4195210519911,1.0,0,1,mouse
SYNTHETIC DEMONSTRATION ONLY - NOT HUMAN EXPERIMENT RESULTS,1114960,A,0,905.2891273666991,1.0,0,1,mouse
SYNTHETIC DEMONSTRATION ONLY - NOT HUMAN EXPERIMENT RESULTS,1114980,A,0,905.1586585111997,1.0,0,1,mouse
SYNTHETIC DEMONSTRATION ONLY - NOT HUMAN EXPERIMENT RESULTS,1115000,A,0,905.0281163397443,1.0,0,1,mouse
SYNTHETIC DEMONSTRATION ONLY - NOT HUMAN EXPERIMENT RESULTS,1115020,A,0,904.897502707626,1.0,0,1,mouse
SYNTHETIC DEMONSTRATION ONLY - NOT HUMAN EXPERIMENT RESULTS,1115040,A,0,904.7668194711533,1.0,0,1,mouse
SYNTHETIC DEMONSTRATION ONLY - NOT HUMAN EXPERIMENT RESULTS,1115060,A,0,904.6360684876247,1.0,0,1,mouse
SYNTHETIC DEMONSTRATION ONLY - NOT HUMAN EXPERIMENT RESULTS,1115080,A,0,904.505251615301,1.0,0,1,mouse
SYNTHETIC DEMONSTRATION ONLY - NOT HUMAN EXPERIMENT RESULTS,1115100,A,0,904.3743707133792,1.0,0,1,mouse
SYNTHETIC DEMONSTRATION ONLY - NOT HUMAN EXPERIMENT RESULTS,1115120,A,0,904.2434276419672,1.0,0,1,mouse
SYNTHETIC DEMONSTRATION ONLY - NOT HUMAN EXPERIMENT RESULTS,1115140,A,0,904.1124242620554,1.0,0,1,mouse
SYNTHETIC DEMONSTRATION ONLY - NOT HUMAN EXPERIMENT RESULTS,1115160,A,0,903.981362435492,1.0,0,1,mouse
SYNTHETIC DEMONSTRATION ONLY - NOT HUMAN EXPERIMENT RESULTS,1115180,A,0,903.8502440249555,1.0,0,1,mouse
SYNTHETIC DEMONSTRATION ONLY - NOT HUMAN EXPERIMENT RESULTS,1115200,A,0,903.7190708939289,1.0,0,1,mouse
SYNTHETIC DEMONSTRATION ONLY - NOT HUMAN EXPERIMENT RESULTS,1115220,A,0,903.5878449066728,1.0,0,1,mouse
SYNTHETIC DEMONSTRATION ONLY - NOT HUMAN EXPERIMENT RESULTS,1115240,A,0,903.4565679281988,1.0,0,1,mouse
SYNTHETIC DEMONSTRATION ONLY - NOT HUMAN EXPERIMENT RESULTS,1115260,A,0,903.3252418242434,1.0,0,1,mouse
SYNTHETIC DEMONSTRATION ONLY - NOT HUMAN EXPERIMENT RESULTS,1115280,A,0,903.1938684612413,1.0,0,1,mouse
SYNTHETIC DEMONSTRATION ONLY - NOT HUMAN EXPERIMENT RESULTS,1115300,A,0,903.0624497062988,1.0,0,1,mouse
SYNTHETIC DEMONSTRATION ONLY - NOT HUMAN EXPERIMENT RESULTS,1115320,A,0,902.930987427167,1.0,0,1,mouse
SYNTHETIC DEMONSTRATION ONLY - NOT HUMAN EXPERIMENT RESULTS,1115340,A,0,902.7994834922163,1.0,0,1,mouse
SYNTHETIC DEMONSTRATION ONLY - NOT HUMAN EXPERIMENT RESULTS,1115360,A,0,902.6679397704085,1.0,0,1,mouse
SYNTHETIC DEMONSTRATION ONLY - NOT HUMAN EXPERIMENT RESULTS,1115380,A,0,902.536358131271,1.0,0,1,mouse
SYNTHETIC DEMONSTRATION ONLY - NOT HUMAN EXPERIMENT RESULTS,1115400,A,0,902.4047404448701,1.0,0,1,mouse
SYNTHETIC DEMONSTRATION ONLY - NOT HUMAN EXPERIMENT RESULTS,1115420,A,0,902.2730885817847,1.0,0,1,mouse
SYNTHETIC DEMONSTRATION ONLY - NOT HUMAN EXPERIMENT RESULTS,1115440,A,0,902.141404413079,1.0,0,1,mouse
SYNTHETIC DEMONSTRATION ONLY - NOT HUMAN EXPERIMENT RESULTS,1115460,A,0,902.0096898102765,1.0,0,1,mouse
SYNTHETIC DEMONSTRATION ONLY - NOT HUMAN EXPERIMENT RESULTS,1115480,A,0,901.8779466453335,1.0,0,1,mouse
SYNTHETIC DEMONSTRATION ONLY - NOT HUMAN EXPERIMENT RESULTS,1115500,A,0,901.7461767906119,1.0,0,1,mouse
SYNTHETIC DEMONSTRATION ONLY - NOT HUMAN EXPERIMENT RESULTS,1115520,A,0,901.6143821188529,1.0,0,1,mouse
SYNTHETIC DEMONSTRATION ONLY - NOT HUMAN EXPERIMENT RESULTS,1115540,A,0,901.4825645031503,1.0,0,1,mouse
SYNTHETIC DEMONSTRATION ONLY - NOT HUMAN EXPERIMENT RESULTS,1115560,A,0,901.3507258169246,1.0,0,1,mouse
SYNTHETIC DEMONSTRATION ONLY - NOT HUMAN EXPERIMENT RESULTS,1115580,A,0,901.2188679338952,1.0,0,1,mouse
SYNTHETIC DEMONSTRATION ONLY - NOT HUMAN EXPERIMENT RESULTS,1115600,A,0,901.0869927280545,1.0,0,1,mouse
SYNTHETIC DEMONSTRATION ONLY - NOT HUMAN EXPERIMENT RESULTS,1115620,A,0,900.9551020736411,1.0,0,1,mouse
SYNTHETIC DEMONSTRATION ONLY - NOT HUMAN EXPERIMENT RESULTS,1115640,A,0,900.8231978451131,1.0,0,1,mouse
SYNTHETIC DEMONSTRATION ONLY - NOT HUMAN EXPERIMENT RESULTS,1115660,A,0,900.6912819171216,1.0,0,1,mouse
SYNTHETIC DEMONSTRATION ONLY - NOT HUMAN EXPERIMENT RESULTS,1115680,A,0,900.5593561644837,1.0,0,1,mouse
SYNTHETIC DEMONSTRATION ONLY - NOT HUMAN EXPERIMENT RESULTS,1115700,A,0,900.4274224621568,1.0,0,1,mouse
SYNTHETIC DEMONSTRATION ONLY - NOT HUMAN EXPERIMENT RESULTS,1115720,A,0,900.2954826852106,1.0,0,1,mouse
SYNTHETIC DEMONSTRATION ONLY - NOT HUMAN EXPERIMENT RESULTS,1115740,A,0,900.1635387088013,1.0,0,1,mouse
SYNTHETIC DEMONSTRATION ONLY - NOT HUMAN EXPERIMENT RESULTS,1115760,A,0,900.0315924081449,1.0,0,1,mouse
SYNTHETIC DEMONSTRATION ONLY - NOT HUMAN EXPERIMENT RESULTS,1115780,A,0,899.8996456584905,1.0,0,1,mouse
SYNTHETIC DEMONSTRATION ONLY - NOT HUMAN EXPERIMENT RESULTS,1115800,A,0,899.7677003350935,1.0,0,1,mouse
SYNTHETIC DEMONSTRATION ONLY - NOT HUMAN EXPERIMENT RESULTS,1115820,A,0,899.635758313189,1.0,0,1,mouse
SYNTHETIC DEMONSTRATION ONLY - NOT HUMAN EXPERIMENT RESULTS,1115840,A,0,899.5038214679649,1.0,0,1,mouse
SYNTHETIC DEMONSTRATION ONLY - NOT HUMAN EXPERIMENT RESULTS,1115860,A,0,899.3718916745361,1.0,0,1,mouse
SYNTHETIC DEMONSTRATION ONLY - NOT HUMAN EXPERIMENT RESULTS,1115880,A,0,899.239970807917,1.0,0,1,mouse
SYNTHETIC DEMONSTRATION ONLY - NOT HUMAN EXPERIMENT RESULTS,1115900,A,0,899.108060742995,1.0,0,1,mouse
SYNTHETIC DEMONSTRATION ONLY - NOT HUMAN EXPERIMENT RESULTS,1115920,A,0,898.9761633545043,1.0,0,1,mouse
SYNTHETIC DEMONSTRATION ONLY - NOT HUMAN EXPERIMENT RESULTS,1115940,A,0,898.8442805169983,1.0,0,1,mouse
SYNTHETIC DEMONSTRATION ONLY - NOT HUMAN EXPERIMENT RESULTS,1115960,A,0,898.7124141048246,1.0,0,1,mouse
SYNTHETIC DEMONSTRATION ONLY - NOT HUMAN EXPERIMENT RESULTS,1115980,A,0,898.5805659920965,1.0,0,1,mouse
SYNTHETIC DEMONSTRATION ONLY - NOT HUMAN EXPERIMENT RESULTS,1116000,A,0,898.4487380526675,1.0,0,1,mouse
SYNTHETIC DEMONSTRATION ONLY - NOT HUMAN EXPERIMENT RESULTS,1116020,A,0,898.3169321601046,1.0,0,1,mouse
SYNTHETIC DEMONSTRATION ONLY - NOT HUMAN EXPERIMENT RESULTS,1116040,A,0,898.185150187661,1.0,0,1,mouse
SYNTHETIC DEMONSTRATION ONLY - NOT HUMAN EXPERIMENT RESULTS,1116060,A,0,898.0533940082505,1.0,0,1,mouse
SYNTHETIC DEMONSTRATION ONLY - NOT HUMAN EXPERIMENT RESULTS,1116080,A,0,897.92166549442,1.0,0,1,mouse
SYNTHETIC DEMONSTRATION ONLY - NOT HUMAN EXPERIMENT RESULTS,1116100,A,0,897.7899665183232,1.0,0,1,mouse
SYNTHETIC DEMONSTRATION ONLY - NOT HUMAN EXPERIMENT RESULTS,1116120,A,0,897.6582989516942,1.0,0,1,mouse
SYNTHETIC DEMONSTRATION ONLY - NOT HUMAN EXPERIMENT RESULTS,1116140,A,0,897.5266646658204,1.0,0,1,mouse
SYNTHETIC DEMONSTRATION ONLY - NOT HUMAN EXPERIMENT RESULTS,1116160,A,0,897.3950655315165,1.0,0,1,mouse
SYNTHETIC DEMONSTRATION ONLY - NOT HUMAN EXPERIMENT RESULTS,1116180,A,0,897.2635034190972,1.0,0,1,mouse
SYNTHETIC DEMONSTRATION ONLY - NOT HUMAN EXPERIMENT RESULTS,1116200,A,0,897.1319801983517,1.0,0,1,mouse
SYNTHETIC DEMONSTRATION ONLY - NOT HUMAN EXPERIMENT RESULTS,1116220,A,0,897.0004977385161,1.0,0,1,mouse
SYNTHETIC DEMONSTRATION ONLY - NOT HUMAN EXPERIMENT RESULTS,1116240,A,0,896.8690579082468,1.0,0,1,mouse
SYNTHETIC DEMONSTRATION ONLY - NOT HUMAN EXPERIMENT RESULTS,1116260,A,0,896.7376625755951,1.0,0,1,mouse
SYNTHETIC DEMONSTRATION ONLY - NOT HUMAN EXPERIMENT RESULTS,1116280,A,0,896.6063136079795,1.0,0,1,mouse
SYNTHETIC DEMONSTRATION ONLY - NOT HUMAN EXPERIMENT RESULTS,1116300,A,0,896.4750128721594,1.0,0,1,mouse
SYNTHETIC DEMONSTRATION ONLY - NOT HUMAN EXPERIMENT RESULTS,1116320,A,0,896.3437622342088,1.0,0,1,mouse
SYNTHETIC DEMONSTRATION ONLY - NOT HUMAN EXPERIMENT RESULTS,1116340,A,0,896.2125635594901,1.0,0,1,mouse
SYNTHETIC DEMONSTRATION ONLY - NOT HUMAN EXPERIMENT RESULTS,1116360,A,0,896.0814187126268,1.0,0,1,mouse
SYNTHETIC DEMONSTRATION ONLY - NOT HUMAN EXPERIMENT RESULTS,1116380,A,0,895.9503295574774,1.0,0,1,mouse
SYNTHETIC DEMONSTRATION ONLY - NOT HUMAN EXPERIMENT RESULTS,1116400,A,0,895.8192979571088,1.0,0,1,mouse
SYNTHETIC DEMONSTRATION ONLY - NOT HUMAN EXPERIMENT RESULTS,1116420,A,0,895.6883257737703,1.0,0,1,mouse
SYNTHETIC DEMONSTRATION ONLY - NOT HUMAN EXPERIMENT RESULTS,1116440,A,0,895.5574148688665,1.0,0,1,mouse
SYNTHETIC DEMONSTRATION ONLY - NOT HUMAN EXPERIMENT RESULTS,1116460,A,0,895.4265671029311,1.0,0,1,mouse
SYNTHETIC DEMONSTRATION ONLY - NOT HUMAN EXPERIMENT RESULTS,1116480,A,0,895.2957843356005,1.0,0,1,mouse
SYNTHETIC DEMONSTRATION ONLY - NOT HUMAN EXPERIMENT RESULTS,1116500,A,0,895.1650684255873,1.0,0,1,mouse
SYNTHETIC DEMONSTRATION ONLY - NOT HUMAN EXPERIMENT RESULTS,1116520,A,0,895.034421230654,1.0,0,1,mouse
SYNTHETIC DEMONSTRATION ONLY - NOT HUMAN EXPERIMENT RESULTS,1116540,A,0,894.903844607586,1.0,0,1,mouse
SYNTHETIC DEMONSTRATION ONLY - NOT HUMAN EXPERIMENT RESULTS,1116560,A,0,894.7733404121668,1.0,0,1,mouse
SYNTHETIC DEMONSTRATION ONLY - NOT HUMAN EXPERIMENT RESULTS,1116580,A,0,894.6429104991496,1.0,0,1,mouse
SYNTHETIC DEMONSTRATION ONLY - NOT HUMAN EXPERIMENT RESULTS,1116600,A,0,894.5125567222319,1.0,0,1,mouse
SYNTHETIC DEMONSTRATION ONLY - NOT HUMAN EXPERIMENT RESULTS,1116620,A,0,894.3822809340298,1.0,0,1,mouse
SYNTHETIC DEMONSTRATION ONLY - NOT HUMAN EXPERIMENT RESULTS,1116640,A,0,894.2520849860506,1.0,0,1,mouse
SYNTHETIC DEMONSTRATION ONLY - NOT HUMAN EXPERIMENT RESULTS,1116660,A,0,894.1219707286667,1.0,0,1,mouse
SYNTHETIC DEMONSTRATION ONLY - NOT HUMAN EXPERIMENT RESULTS,1116680,A,0,893.9919400110897,1.0,0,1,mouse
SYNTHETIC DEMONSTRATION ONLY - NOT HUMAN EXPERIMENT RESULTS,1116700,A,0,893.8619946813442,1.0,0,1,mouse
SYNTHETIC DEMONSTRATION ONLY - NOT HUMAN EXPERIMENT RESULTS,1116720,A,0,893.7321365862407,1.0,0,1,mouse
SYNTHETIC DEMONSTRATION ONLY - NOT HUMAN EXPERIMENT RESULTS,1116740,A,0,893.6023675713501,1.0,0,1,mouse
SYNTHETIC DEMONSTRATION ONLY - NOT HUMAN EXPERIMENT RESULTS,1116760,A,0,893.4726894809777,1.0,0,1,mouse
SYNTHETIC DEMONSTRATION ONLY - NOT HUMAN EXPERIMENT RESULTS,1116780,A,0,893.343104158136,1.0,0,1,mouse
SYNTHETIC DEMONSTRATION ONLY - NOT HUMAN EXPERIMENT RESULTS,1116800,A,0,893.2136134445193,1.0,0,1,mouse
SYNTHETIC DEMONSTRATION ONLY - NOT HUMAN EXPERIMENT RESULTS,1116820,A,0,893.0842191804771,1.0,0,1,mouse
SYNTHETIC DEMONSTRATION ONLY - NOT HUMAN EXPERIMENT RESULTS,1116840,A,0,892.9549232049886,1.0,0,1,mouse
SYNTHETIC DEMONSTRATION ONLY - NOT HUMAN EXPERIMENT RESULTS,1116860,A,0,892.8257273556356,1.0,0,1,mouse
SYNTHETIC DEMONSTRATION ONLY - NOT HUMAN EXPERIMENT RESULTS,1116880,A,0,892.6966334685773,1.0,0,1,mouse
SYNTHETIC DEMONSTRATION ONLY - NOT HUMAN EXPERIMENT RESULTS,1116900,A,0,892.5676433785233,1.0,0,1,mouse
SYNTHETIC DEMONSTRATION ONLY - NOT HUMAN EXPERIMENT RESULTS,1116920,A,0,892.4387589187086,1.0,0,1,mouse
SYNTHETIC DEMONSTRATION ONLY - NOT HUMAN EXPERIMENT RESULTS,1116940,A,0,892.3099819208663,1.0,0,1,mouse
SYNTHETIC DEMONSTRATION ONLY - NOT HUMAN EXPERIMENT RESULTS,1116960,A,0,892.1813142152029,1.0,0,1,mouse
SYNTHETIC DEMONSTRATION ONLY - NOT HUMAN EXPERIMENT RESULTS,1116980,A,0,892.0527576303713,1.0,0,1,mouse
SYNTHETIC DEMONSTRATION ONLY - NOT HUMAN EXPERIMENT RESULTS,1117000,A,0,891.9243139934449,1.0,0,1,mouse
SYNTHETIC DEMONSTRATION ONLY - NOT HUMAN EXPERIMENT RESULTS,1117020,A,0,891.7959851298924,1.0,0,1,mouse
SYNTHETIC DEMONSTRATION ONLY - NOT HUMAN EXPERIMENT RESULTS,1117040,A,0,891.6677728635506,1.0,0,1,mouse
SYNTHETIC DEMONSTRATION ONLY - NOT HUMAN EXPERIMENT RESULTS,1117060,A,0,891.5396790166,1.0,0,1,mouse
SYNTHETIC DEMONSTRATION ONLY - NOT HUMAN EXPERIMENT RESULTS,1117080,A,0,891.4117054095375,1.0,0,1,mouse
SYNTHETIC DEMONSTRATION ONLY - NOT HUMAN EXPERIMENT RESULTS,1117100,A,0,891.2838538611513,1.0,0,1,mouse
SYNTHETIC DEMONSTRATION ONLY - NOT HUMAN EXPERIMENT RESULTS,1117120,A,0,891.156126188495,1.0,0,1,mouse
SYNTHETIC DEMONSTRATION ONLY - NOT HUMAN EXPERIMENT RESULTS,1117140,A,0,891.0285242068617,1.0,0,1,mouse
SYNTHETIC DEMONSTRATION ONLY - NOT HUMAN EXPERIMENT RESULTS,1117160,A,0,890.9010497297577,1.0,0,1,mouse
SYNTHETIC DEMONSTRATION ONLY - NOT HUMAN EXPERIMENT RESULTS,1117180,A,0,890.7737045688776,1.0,0,1,mouse
SYNTHETIC DEMONSTRATION ONLY - NOT HUMAN EXPERIMENT RESULTS,1117200,A,0,890.646490534078,1.0,0,1,mouse
SYNTHETIC DEMONSTRATION ONLY - NOT HUMAN EXPERIMENT RESULTS,1117220,A,0,890.5194094333519,1.0,0,1,mouse
SYNTHETIC DEMONSTRATION ONLY - NOT HUMAN EXPERIMENT RESULTS,1117240,A,0,890.3924630728033,1.0,0,1,mouse
SYNTHETIC DEMONSTRATION ONLY - NOT HUMAN EXPERIMENT RESULTS,1117260,A,0,890.2656532566207,1.0,0,1,mouse
SYNTHETIC DEMONSTRATION ONLY - NOT HUMAN EXPERIMENT RESULTS,1117280,A,0,890.1389817870521,1.0,0,1,mouse
SYNTHETIC DEMONSTRATION ONLY - NOT HUMAN EXPERIMENT RESULTS,1117300,A,0,890.01245046438,1.0,0,1,mouse
SYNTHETIC DEMONSTRATION ONLY - NOT HUMAN EXPERIMENT RESULTS,1117320,A,0,889.8860610868942,1.0,0,1,mouse
SYNTHETIC DEMONSTRATION ONLY - NOT HUMAN EXPERIMENT RESULTS,1117340,A,0,889.7598154508677,1.0,0,1,mouse
SYNTHETIC DEMONSTRATION ONLY - NOT HUMAN EXPERIMENT RESULTS,1117360,A,0,889.6337153505303,1.0,0,1,mouse
SYNTHETIC DEMONSTRATION ONLY - NOT HUMAN EXPERIMENT RESULTS,1117380,A,0,889.5077625780434,1.0,0,1,mouse
SYNTHETIC DEMONSTRATION ONLY - NOT HUMAN EXPERIMENT RESULTS,1117400,A,0,889.3819589234752,1.0,0,1,mouse
SYNTHETIC DEMONSTRATION ONLY - NOT HUMAN EXPERIMENT RESULTS,1117420,A,0,889.2563061747736,1.0,0,1,mouse
SYNTHETIC DEMONSTRATION ONLY - NOT HUMAN EXPERIMENT RESULTS,1117440,A,0,889.1308061177426,1.0,0,1,mouse
SYNTHETIC DEMONSTRATION ONLY - NOT HUMAN EXPERIMENT RESULTS,1117460,A,0,889.0054605360154,1.0,0,1,mouse
SYNTHETIC DEMONSTRATION ONLY - NOT HUMAN EXPERIMENT RESULTS,1117480,A,0,888.8802712110307,1.0,0,1,mouse
SYNTHETIC DEMONSTRATION ONLY - NOT HUMAN EXPERIMENT RESULTS,1117500,A,0,888.7552399220058,1.0,0,1,mouse
SYNTHETIC DEMONSTRATION ONLY - NOT HUMAN EXPERIMENT RESULTS,1117520,A,0,888.6303684459117,1.0,0,1,mouse
SYNTHETIC DEMONSTRATION ONLY - NOT HUMAN EXPERIMENT RESULTS,1117540,A,0,888.5056585574488,1.0,0,1,mouse
SYNTHETIC DEMONSTRATION ONLY - NOT HUMAN EXPERIMENT RESULTS,1117560,A,0,888.3811120290205,1.0,0,1,mouse
SYNTHETIC DEMONSTRATION ONLY - NOT HUMAN EXPERIMENT RESULTS,1117580,A,0,888.256730630709,1.0,0,1,mouse
SYNTHETIC DEMONSTRATION ONLY - NOT HUMAN EXPERIMENT RESULTS,1117600,A,0,888.1325161302486,1.0,0,1,mouse
SYNTHETIC DEMONSTRATION ONLY - NOT HUMAN EXPERIMENT RESULTS,1117620,A,0,888.008470293003,1.0,0,1,mouse
SYNTHETIC DEMONSTRATION ONLY - NOT HUMAN EXPERIMENT RESULTS,1117640,A,0,887.8845948819379,1.0,0,1,mouse
SYNTHETIC DEMONSTRATION ONLY - NOT HUMAN EXPERIMENT RESULTS,1117660,A,0,887.760891657597,1.0,0,1,mouse
SYNTHETIC DEMONSTRATION ONLY - NOT HUMAN EXPERIMENT RESULTS,1117680,A,0,887.6373623780769,1.0,0,1,mouse
SYNTHETIC DEMONSTRATION ONLY - NOT HUMAN EXPERIMENT RESULTS,1117700,A,0,887.5140087990022,1.0,0,1,mouse
SYNTHETIC DEMONSTRATION ONLY - NOT HUMAN EXPERIMENT RESULTS,1117720,A,0,887.3908326735003,1.0,0,1,mouse
SYNTHETIC DEMONSTRATION ONLY - NOT HUMAN EXPERIMENT RESULTS,1117740,A,0,887.2678357521766,1.0,0,1,mouse
SYNTHETIC DEMONSTRATION ONLY - NOT HUMAN EXPERIMENT RESULTS,1117760,A,0,887.1450197830894,1.0,0,1,mouse
SYNTHETIC DEMONSTRATION ONLY - NOT HUMAN EXPERIMENT RESULTS,1117780,A,0,887.0223865117258,1.0,0,1,mouse
SYNTHETIC DEMONSTRATION ONLY - NOT HUMAN EXPERIMENT RESULTS,1117800,A,0,886.899937680976,1.0,0,1,mouse
SYNTHETIC DEMONSTRATION ONLY - NOT HUMAN EXPERIMENT RESULTS,1117820,A,0,886.7776750311085,1.0,0,1,mouse
SYNTHETIC DEMONSTRATION ONLY - NOT HUMAN EXPERIMENT RESULTS,1117840,A,0,886.6556002997468,1.0,0,1,mouse
SYNTHETIC DEMONSTRATION ONLY - NOT HUMAN EXPERIMENT RESULTS,1117860,A,0,886.5337152218426,1.0,0,1,mouse
SYNTHETIC DEMONSTRATION ONLY - NOT HUMAN EXPERIMENT RESULTS,1117880,A,0,886.4120215296527,1.0,0,1,mouse
SYNTHETIC DEMONSTRATION ONLY - NOT HUMAN EXPERIMENT RESULTS,1117900,A,0,886.290520952714,1.0,0,1,mouse
SYNTHETIC DEMONSTRATION ONLY - NOT HUMAN EXPERIMENT RESULTS,1117920,A,0,886.1692152178186,1.0,0,1,mouse
SYNTHETIC DEMONSTRATION ONLY - NOT HUMAN EXPERIMENT RESULTS,1117940,A,0,886.0481060489896,1.0,0,1,mouse
SYNTHETIC DEMONSTRATION ONLY - NOT HUMAN EXPERIMENT RESULTS,1117960,A,0,885.9271951674559,1.0,0,1,mouse
SYNTHETIC DEMONSTRATION ONLY - NOT HUMAN EXPERIMENT RESULTS,1117980,A,0,885.8064842916293,1.0,0,1,mouse
SYNTHETIC DEMONSTRATION ONLY - NOT HUMAN EXPERIMENT RESULTS,1118000,A,0,885.6859751370785,1.0,0,1,mouse
SYNTHETIC DEMONSTRATION ONLY - NOT HUMAN EXPERIMENT RESULTS,1118020,A,0,885.565669416505,1.0,0,1,mouse
SYNTHETIC DEMONSTRATION ONLY - NOT HUMAN EXPERIMENT RESULTS,1118040,A,0,885.4455688397194,1.0,0,1,mouse
SYNTHETIC DEMONSTRATION ONLY - NOT HUMAN EXPERIMENT RESULTS,1118060,A,0,885.3256751136171,1.0,0,1,mouse
SYNTHETIC DEMONSTRATION ONLY - NOT HUMAN EXPERIMENT RESULTS,1118080,A,0,885.2059899421531,1.0,0,1,mouse
SYNTHETIC DEMONSTRATION ONLY - NOT HUMAN EXPERIMENT RESULTS,1118100,A,0,885.0865150263186,1.0,0,1,mouse
SYNTHETIC DEMONSTRATION ONLY - NOT HUMAN EXPERIMENT RESULTS,1118120,A,0,884.9672520641167,1.0,0,1,mouse
SYNTHETIC DEMONSTRATION ONLY - NOT HUMAN EXPERIMENT RESULTS,1118140,A,0,884.848202750538,1.0,0,1,mouse
SYNTHETIC DEMONSTRATION ONLY - NOT HUMAN EXPERIMENT RESULTS,1118160,A,0,884.7293687775369,1.0,0,1,mouse
SYNTHETIC DEMONSTRATION ONLY - NOT HUMAN EXPERIMENT RESULTS,1118180,A,0,884.6107518340069,1.0,0,1,mouse
SYNTHETIC DEMONSTRATION ONLY - NOT HUMAN EXPERIMENT RESULTS,1118200,A,0,884.4923536057577,1.0,0,1,mouse
SYNTHETIC DEMONSTRATION ONLY - NOT HUMAN EXPERIMENT RESULTS,1118220,A,0,884.37417577549,1.0,0,1,mouse
SYNTHETIC DEMONSTRATION ONLY - NOT HUMAN EXPERIMENT RESULTS,1118240,A,0,884.2562200227723,1.0,0,1,mouse
SYNTHETIC DEMONSTRATION ONLY - NOT HUMAN EXPERIMENT RESULTS,1118260,A,0,884.138488024017,1.0,0,1,mouse
SYNTHETIC DEMONSTRATION ONLY - NOT HUMAN EXPERIMENT RESULTS,1118280,A,0,884.0209814524565,1.0,0,1,mouse
SYNTHETIC DEMONSTRATION ONLY - NOT HUMAN EXPERIMENT RESULTS,1118300,A,0,883.9037019781192,1.0,0,1,mouse
SYNTHETIC DEMONSTRATION ONLY - NOT HUMAN EXPERIMENT RESULTS,1118320,A,0,883.7866512678058,1.0,0,1,mouse
SYNTHETIC DEMONSTRATION ONLY - NOT HUMAN EXPERIMENT RESULTS,1118340,A,0,883.6698309850665,1.0,0,1,mouse
SYNTHETIC DEMONSTRATION ONLY - NOT HUMAN EXPERIMENT RESULTS,1118360,A,0,883.5532427901758,1.0,0,1,mouse
SYNTHETIC DEMONSTRATION ONLY - NOT HUMAN EXPERIMENT RESULTS,1118380,A,0,883.43688834011,1.0,0,1,mouse
SYNTHETIC DEMONSTRATION ONLY - NOT HUMAN EXPERIMENT RESULTS,1118400,A,0,883.3207692885233,1.0,0,1,mouse
SYNTHETIC DEMONSTRATION ONLY - NOT HUMAN EXPERIMENT RESULTS,1118420,A,0,883.2048872857247,1.0,0,1,mouse
SYNTHETIC DEMONSTRATION ONLY - NOT HUMAN EXPERIMENT RESULTS,1118440,A,0,883.0892439786538,1.0,0,1,mouse
SYNTHETIC DEMONSTRATION ONLY - NOT HUMAN EXPERIMENT RESULTS,1118460,A,0,882.973841010858,1.0,0,1,mouse
SYNTHETIC DEMONSTRATION ONLY - NOT HUMAN EXPERIMENT RESULTS,1118480,A,0,882.8586800224689,1.0,0,1,mouse
SYNTHETIC DEMONSTRATION ONLY - NOT HUMAN EXPERIMENT RESULTS,1118500,A,0,882.7437626501792,1.0,0,1,mouse
SYNTHETIC DEMONSTRATION ONLY - NOT HUMAN EXPERIMENT RESULTS,1118520,A,0,882.629090527219,1.0,0,1,mouse
SYNTHETIC DEMONSTRATION ONLY - NOT HUMAN EXPERIMENT RESULTS,1118540,A,0,882.5146652833329,1.0,0,1,mouse
SYNTHETIC DEMONSTRATION ONLY - NOT HUMAN EXPERIMENT RESULTS,1118560,A,0,882.4004885447571,1.0,0,1,mouse
SYNTHETIC DEMONSTRATION ONLY - NOT HUMAN EXPERIMENT RESULTS,1118580,A,0,882.2865619341956,1.0,0,1,mouse
SYNTHETIC DEMONSTRATION ONLY - NOT HUMAN EXPERIMENT RESULTS,1118600,A,0,882.1728870707979,1.0,0,1,mouse
SYNTHETIC DEMONSTRATION ONLY - NOT HUMAN EXPERIMENT RESULTS,1118620,A,0,882.0594655701352,1.0,0,1,mouse
SYNTHETIC DEMONSTRATION ONLY - NOT HUMAN EXPERIMENT RESULTS,1118640,A,0,881.9462990441783,1.0,0,1,mouse
SYNTHETIC DEMONSTRATION ONLY - NOT HUMAN EXPERIMENT RESULTS,1118660,A,0,881.833389101274,1.0,0,1,mouse
SYNTHETIC DEMONSTRATION ONLY - NOT HUMAN EXPERIMENT RESULTS,1118680,A,0,881.7207373461224,1.0,0,1,mouse
SYNTHETIC DEMONSTRATION ONLY - NOT HUMAN EXPERIMENT RESULTS,1118700,A,0,881.6083453797544,1.0,0,1,mouse
SYNTHETIC DEMONSTRATION ONLY - NOT HUMAN EXPERIMENT RESULTS,1118720,A,0,881.4962147995085,1.0,0,1,mouse
SYNTHETIC DEMONSTRATION ONLY - NOT HUMAN EXPERIMENT RESULTS,1118740,A,0,881.3843471990085,1.0,0,1,mouse
SYNTHETIC DEMONSTRATION ONLY - NOT HUMAN EXPERIMENT RESULTS,1118760,A,0,881.2727441681408,1.0,0,1,mouse
SYNTHETIC DEMONSTRATION ONLY - NOT HUMAN EXPERIMENT RESULTS,1118780,A,0,881.1614072930313,1.0,0,1,mouse
SYNTHETIC DEMONSTRATION ONLY - NOT HUMAN EXPERIMENT RESULTS,1118800,A,0,881.0503381560234,1.0,0,1,mouse
SYNTHETIC DEMONSTRATION ONLY - NOT HUMAN EXPERIMENT RESULTS,1118820,A,0,880.9395383356555,1.0,0,1,mouse
SYNTHETIC DEMONSTRATION ONLY - NOT HUMAN EXPERIMENT RESULTS,1118840,A,0,880.8290094066383,1.0,0,1,mouse
SYNTHETIC DEMONSTRATION ONLY - NOT HUMAN EXPERIMENT RESULTS,1118860,A,0,880.7187529398326,1.0,0,1,mouse
SYNTHETIC DEMONSTRATION ONLY - NOT HUMAN EXPERIMENT RESULTS,1118880,A,0,880.6087705022268,1.0,0,1,mouse
SYNTHETIC DEMONSTRATION ONLY - NOT HUMAN EXPERIMENT RESULTS,1118900,A,0,880.4990636569146,1.0,0,1,mouse
SYNTHETIC DEMONSTRATION ONLY - NOT HUMAN EXPERIMENT RESULTS,1118920,A,0,880.3896339630733,1.0,0,1,mouse
SYNTHETIC DEMONSTRATION ONLY - NOT HUMAN EXPERIMENT RESULTS,1118940,A,0,880.280482975941,1.0,0,1,mouse
SYNTHETIC DEMONSTRATION ONLY - NOT HUMAN EXPERIMENT RESULTS,1118960,A,0,880.1716122467949,1.0,0,1,mouse
SYNTHETIC DEMONSTRATION ONLY - NOT HUMAN EXPERIMENT RESULTS,1118980,A,0,880.0630233229291,1.0,0,1,mouse
SYNTHETIC DEMONSTRATION ONLY - NOT HUMAN EXPERIMENT RESULTS,1119000,A,0,879.9547177476323,1.0,0,1,mouse
SYNTHETIC DEMONSTRATION ONLY - NOT HUMAN EXPERIMENT RESULTS,1119020,A,0,879.8466970601669,1.0,0,1,mouse
SYNTHETIC DEMONSTRATION ONLY - NOT HUMAN EXPERIMENT RESULTS,1119040,A,0,879.7389627957455,1.0,0,1,mouse
SYNTHETIC DEMONSTRATION ONLY - NOT HUMAN EXPERIMENT RESULTS,1119060,A,0,879.6315164855108,1.0,0,1,mouse
SYNTHETIC DEMONSTRATION ONLY - NOT HUMAN EXPERIMENT RESULTS,1119080,A,0,879.5243596565125,1.0,0,1,mouse
SYNTHETIC DEMONSTRATION ONLY - NOT HUMAN EXPERIMENT RESULTS,1119100,A,0,879.4174938316864,1.0,0,1,mouse
SYNTHETIC DEMONSTRATION ONLY - NOT HUMAN EXPERIMENT RESULTS,1119120,A,0,879.3109205298326,1.0,0,1,mouse
SYNTHETIC DEMONSTRATION ONLY - NOT HUMAN EXPERIMENT RESULTS,1119140,A,0,879.2046412655934,1.0,0,1,mouse
SYNTHETIC DEMONSTRATION ONLY - NOT HUMAN EXPERIMENT RESULTS,1119160,A,0,879.0986575494325,1.0,0,1,mouse
SYNTHETIC DEMONSTRATION ONLY - NOT HUMAN EXPERIMENT RESULTS,1119180,A,0,878.9929708876128,1.0,0,1,mouse
SYNTHETIC DEMONSTRATION ONLY - NOT HUMAN EXPERIMENT RESULTS,1119200,A,0,878.8875827821762,1.0,0,1,mouse
SYNTHETIC DEMONSTRATION ONLY - NOT HUMAN EXPERIMENT RESULTS,1119220,A,0,878.7824947309207,1.0,0,1,mouse
SYNTHETIC DEMONSTRATION ONLY - NOT HUMAN EXPERIMENT RESULTS,1119240,A,0,878.67770822738,1.0,0,1,mouse
SYNTHETIC DEMONSTRATION ONLY - NOT HUMAN EXPERIMENT RESULTS,1119260,A,0,878.5732247608024,1.0,0,1,mouse
SYNTHETIC DEMONSTRATION ONLY - NOT HUMAN EXPERIMENT RESULTS,1119280,A,0,878.4690458161293,1.0,0,1,mouse
SYNTHETIC DEMONSTRATION ONLY - NOT HUMAN EXPERIMENT RESULTS,1119300,A,0,878.3651728739741,1.0,0,1,mouse
SYNTHETIC DEMONSTRATION ONLY - NOT HUMAN EXPERIMENT RESULTS,1119320,A,0,878.2616074106011,1.0,0,1,mouse
SYNTHETIC DEMONSTRATION ONLY - NOT HUMAN EXPERIMENT RESULTS,1119340,A,0,878.1583508979048,1.0,0,1,mouse
SYNTHETIC DEMONSTRATION ONLY - NOT HUMAN EXPERIMENT RESULTS,1119360,A,0,878.0554048033889,1.0,0,1,mouse
SYNTHETIC DEMONSTRATION ONLY - NOT HUMAN EXPERIMENT RESULTS,1119380,A,0,877.9527705901453,1.0,0,1,mouse
SYNTHETIC DEMONSTRATION ONLY - NOT HUMAN EXPERIMENT RESULTS,1119400,A,0,877.850449716833,1.0,0,1,mouse
SYNTHETIC DEMONSTRATION ONLY - NOT HUMAN EXPERIMENT RESULTS,1119420,A,0,877.7484436376586,1.0,0,1,mouse
SYNTHETIC DEMONSTRATION ONLY - NOT HUMAN EXPERIMENT RESULTS,1119440,A,0,877.646753802354,1.0,0,1,mouse
SYNTHETIC DEMONSTRATION ONLY - NOT HUMAN EXPERIMENT RESULTS,1119460,A,0,877.5453816561569,1.0,0,1,mouse
SYNTHETIC DEMONSTRATION ONLY - NOT HUMAN EXPERIMENT RESULTS,1119480,A,0,877.4443286397899,1.0,0,1,mouse
SYNTHETIC DEMONSTRATION ONLY - NOT HUMAN EXPERIMENT RESULTS,1119500,A,0,877.34359618944,1.0,0,1,mouse
SYNTHETIC DEMONSTRATION ONLY - NOT HUMAN EXPERIMENT RESULTS,1119520,A,0,877.2431857367384,1.0,0,1,mouse
SYNTHETIC DEMONSTRATION ONLY - NOT HUMAN EXPERIMENT RESULTS,1119540,A,0,877.1430987087396,1.0,0,1,mouse
SYNTHETIC DEMONSTRATION ONLY - NOT HUMAN EXPERIMENT RESULTS,1119560,A,0,877.0433365279022,1.0,0,1,mouse
SYNTHETIC DEMONSTRATION ONLY - NOT HUMAN EXPERIMENT RESULTS,1119580,A,0,876.9439006120674,1.0,0,1,mouse
SYNTHETIC DEMONSTRATION ONLY - NOT HUMAN EXPERIMENT RESULTS,1119600,A,0,876.8447923744396,1.0,0,1,mouse
SYNTHETIC DEMONSTRATION ONLY - NOT HUMAN EXPERIMENT RESULTS,1119620,A,0,876.7460132235665,1.0,0,1,mouse
SYNTHETIC DEMONSTRATION ONLY - NOT HUMAN EXPERIMENT RESULTS,1119640,A,0,876.6475645633182,1.0,0,1,mouse
SYNTHETIC DEMONSTRATION ONLY - NOT HUMAN EXPERIMENT RESULTS,1119660,A,0,876.5494477928682,1.0,0,1,mouse
SYNTHETIC DEMONSTRATION ONLY - NOT HUMAN EXPERIMENT RESULTS,1119680,A,0,876.451664306673,1.0,0,1,mouse
SYNTHETIC DEMONSTRATION ONLY - NOT HUMAN EXPERIMENT RESULTS,1119700,A,0,876.3542154944524,1.0,0,1,mouse
SYNTHETIC DEMONSTRATION ONLY - NOT HUMAN EXPERIMENT RESULTS,1119720,A,0,876.2571027411698,1.0,0,1,mouse
SYNTHETIC DEMONSTRATION ONLY - NOT HUMAN EXPERIMENT RESULTS,1119740,A,0,876.160327427012,1.0,0,1,mouse
SYNTHETIC DEMONSTRATION ONLY - NOT HUMAN EXPERIMENT RESULTS,1119760,A,0,876.0638909273708,1.0,0,1,mouse
SYNTHETIC DEMONSTRATION ONLY - NOT HUMAN EXPERIMENT RESULTS,1119780,A,0,875.9677946128223,1.0,0,1,mouse
SYNTHETIC DEMONSTRATION ONLY - NOT HUMAN EXPERIMENT RESULTS,1119800,A,0,875.8720398491079,1.0,0,1,mouse
SYNTHETIC DEMONSTRATION ONLY - NOT HUMAN EXPERIMENT RESULTS,1119820,A,0,875.7766279971144,1.0,0,1,mouse
SYNTHETIC DEMONSTRATION ONLY - NOT HUMAN EXPERIMENT RESULTS,1119840,A,0,875.6815604128557,1.0,0,1,mouse
SYNTHETIC DEMONSTRATION ONLY - NOT HUMAN EXPERIMENT RESULTS,1119860,A,0,875.5868384474525,1.0,0,1,mouse
SYNTHETIC DEMONSTRATION ONLY - NOT HUMAN EXPERIMENT RESULTS,1119880,A,0,875.4924634471137,1.0,0,1,mouse
SYNTHETIC DEMONSTRATION ONLY - NOT HUMAN EXPERIMENT RESULTS,1119900,A,0,875.3984367531167,1.0,0,1,mouse
SYNTHETIC DEMONSTRATION ONLY - NOT HUMAN EXPERIMENT RESULTS,1119920,A,0,875.3047597017893,1.0,0,1,mouse
SYNTHETIC DEMONSTRATION ONLY - NOT HUMAN EXPERIMENT RESULTS,1119940,A,0,875.2114336244895,1.0,0,1,mouse
SYNTHETIC DEMONSTRATION ONLY - NOT HUMAN EXPERIMENT RESULTS,1119960,A,0,875.1184598475875,1.0,0,1,mouse
SYNTHETIC DEMONSTRATION ONLY - NOT HUMAN EXPERIMENT RESULTS,1119980,A,0,875.0258396924465,1.0,0,1,mouse
SYNTHETIC DEMONSTRATION ONLY - NOT HUMAN EXPERIMENT RESULTS,1120000,A,0,874.9335744754039,1.0,0,1,mouse
SYNTHETIC DEMONSTRATION ONLY - NOT HUMAN EXPERIMENT RESULTS,1120020,A,0,874.8416655077529,1.0,0,1,mouse
SYNTHETIC DEMONSTRATION ONLY - NOT HUMAN EXPERIMENT RESULTS,1120040,A,0,874.7501140957229,1.0,0,1,mouse
SYNTHETIC DEMONSTRATION ONLY - NOT HUMAN EXPERIMENT RESULTS,1120060,A,0,874.6589215404623,1.0,0,1,mouse
SYNTHETIC DEMONSTRATION ONLY - NOT HUMAN EXPERIMENT RESULTS,1120080,A,0,874.5680891380193,1.0,0,1,mouse
SYNTHETIC DEMONSTRATION ONLY - NOT HUMAN EXPERIMENT RESULTS,1120100,A,0,874.4776181793234,1.0,0,1,mouse
SYNTHETIC DEMONSTRATION ONLY - NOT HUMAN EXPERIMENT RESULTS,1120120,A,0,874.3875099501671,1.0,0,1,mouse
SYNTHETIC DEMONSTRATION ONLY - NOT HUMAN EXPERIMENT RESULTS,1120140,A,0,874.2977657311876,1.0,0,1,mouse
SYNTHETIC DEMONSTRATION ONLY - NOT HUMAN EXPERIMENT RESULTS,1120160,A,0,874.2083867978492,1.0,0,1,mouse
SYNTHETIC DEMONSTRATION ONLY - NOT HUMAN EXPERIMENT RESULTS,1120180,A,0,874.1193744204244,1.0,0,1,mouse
SYNTHETIC DEMONSTRATION ONLY - NOT HUMAN EXPERIMENT RESULTS,1120200,A,0,874.0307298639759,1.0,0,1,mouse
SYNTHETIC DEMONSTRATION ONLY - NOT HUMAN EXPERIMENT RESULTS,1120220,A,0,873.9424543883391,1.0,0,1,mouse
SYNTHETIC DEMONSTRATION ONLY - NOT HUMAN EXPERIMENT RESULTS,1120240,A,0,873.8545492481039,1.0,0,1,mouse
SYNTHETIC DEMONSTRATION ONLY - NOT HUMAN EXPERIMENT RESULTS,1120260,A,0,873.7670156925972,1.0,0,1,mouse
SYNTHETIC DEMONSTRATION ONLY - NOT HUMAN EXPERIMENT RESULTS,1120280,A,0,873.6798549658643,1.0,0,1,mouse
SYNTHETIC DEMONSTRATION ONLY - NOT HUMAN EXPERIMENT RESULTS,1120300,A,0,873.593068306652,1.0,0,1,mouse
SYNTHETIC DEMONSTRATION ONLY - NOT HUMAN EXPERIMENT RESULTS,1120320,A,0,873.5066569483909,1.0,0,1,mouse
SYNTHETIC DEMONSTRATION ONLY - NOT HUMAN EXPERIMENT RESULTS,1120340,A,0,873.4206221191778,1.0,0,1,mouse
SYNTHETIC DEMONSTRATION ONLY - NOT HUMAN EXPERIMENT RESULTS,1120360,A,0,873.334965041758,1.0,0,1,mouse
SYNTHETIC DEMONSTRATION ONLY - NOT HUMAN EXPERIMENT RESULTS,1120380,A,0,873.2496869335082,1.0,0,1,mouse
SYNTHETIC DEMONSTRATION ONLY - NOT HUMAN EXPERIMENT RESULTS,1120400,A,0,873.1647890064189,1.0,0,1,mouse
SYNTHETIC DEMONSTRATION ONLY - NOT HUMAN EXPERIMENT RESULTS,1120420,A,0,873.0802724670777,1.0,0,1,mouse
SYNTHETIC DEMONSTRATION ONLY - NOT HUMAN EXPERIMENT RESULTS,1120440,A,0,872.9961385166519,1.0,0,1,mouse
SYNTHETIC DEMONSTRATION ONLY - NOT HUMAN EXPERIMENT RESULTS,1120460,A,0,872.9123883508707,1.0,0,1,mouse
SYNTHETIC DEMONSTRATION ONLY - NOT HUMAN EXPERIMENT RESULTS,1120480,A,0,872.8290231600098,1.0,0,1,mouse
SYNTHETIC DEMONSTRATION ONLY - NOT HUMAN EXPERIMENT RESULTS,1120500,A,0,872.7460441288729,1.0,0,1,mouse
SYNTHETIC DEMONSTRATION ONLY - NOT HUMAN EXPERIMENT RESULTS,1120520,A,0,872.6634524367756,1.0,0,1,mouse
SYNTHETIC DEMONSTRATION ONLY - NOT HUMAN EXPERIMENT RESULTS,1120540,A,0,872.5812492575287,1.0,0,1,mouse
SYNTHETIC DEMONSTRATION ONLY - NOT HUMAN EXPERIMENT RESULTS,1120560,A,0,872.4994357594217,1.0,0,1,mouse
SYNTHETIC DEMONSTRATION ONLY - NOT HUMAN EXPERIMENT RESULTS,1120580,A,0,872.418013105205,1.0,0,1,mouse
SYNTHETIC DEMONSTRATION ONLY - NOT HUMAN EXPERIMENT RESULTS,1120600,A,0,872.3369824520748,1.0,0,1,mouse
SYNTHETIC DEMONSTRATION ONLY - NOT HUMAN EXPERIMENT RESULTS,1120620,A,0,872.2563449516564,1.0,0,1,mouse
SYNTHETIC DEMONSTRATION ONLY - NOT HUMAN EXPERIMENT RESULTS,1120640,A,0,872.176101749987,1.0,0,1,mouse
SYNTHETIC DEMONSTRATION ONLY - NOT HUMAN EXPERIMENT RESULTS,1120660,A,0,872.0962539875,1.0,0,1,mouse
SYNTHETIC DEMONSTRATION ONLY - NOT HUMAN EXPERIMENT RESULTS,1120680,A,0,872.0168027990088,1.0,0,1,mouse
SYNTHETIC DEMONSTRATION ONLY - NOT HUMAN EXPERIMENT RESULTS,1120700,A,0,871.937749313691,1.0,0,1,mouse
SYNTHETIC DEMONSTRATION ONLY - NOT HUMAN EXPERIMENT RESULTS,1120720,A,0,871.8590946550713,1.0,0,1,mouse
SYNTHETIC DEMONSTRATION ONLY - NOT HUMAN EXPERIMENT RESULTS,1120740,A,0,871.7808399410065,1.0,0,1,mouse
SYNTHETIC DEMONSTRATION ONLY - NOT HUMAN EXPERIMENT RESULTS,1120760,A,0,871.7029862836696,1.0,0,1,mouse
SYNTHETIC DEMONSTRATION ONLY - NOT HUMAN EXPERIMENT RESULTS,1120780,A,0,871.625534789533,1.0,0,1,mouse
SYNTHETIC DEMONSTRATION ONLY - NOT HUMAN EXPERIMENT RESULTS,1120800,A,0,871.5484865593543,1.0,0,1,mouse
SYNTHETIC DEMONSTRATION ONLY - NOT HUMAN EXPERIMENT RESULTS,1120820,A,0,871.4718426881589,1.0,0,1,mouse
SYNTHETIC DEMONSTRATION ONLY - NOT HUMAN EXPERIMENT RESULTS,1120840,A,0,871.3956042652263,1.0,0,1,mouse
SYNTHETIC DEMONSTRATION ONLY - NOT HUMAN EXPERIMENT RESULTS,1120860,A,0,871.3197723740731,1.0,0,1,mouse
SYNTHETIC DEMONSTRATION ONLY - NOT HUMAN EXPERIMENT RESULTS,1120880,A,0,871.2443480924381,1.0,0,1,mouse
SYNTHETIC DEMONSTRATION ONLY - NOT HUMAN EXPERIMENT RESULTS,1120900,A,0,871.1693324922676,1.0,0,1,mouse
SYNTHETIC DEMONSTRATION ONLY - NOT HUMAN EXPERIMENT RESULTS,1120920,A,0,871.0947266396993,1.0,0,1,mouse
SYNTHETIC DEMONSTRATION ONLY - NOT HUMAN EXPERIMENT RESULTS,1120940,A,0,871.0205315950474,1.0,0,1,mouse
SYNTHETIC DEMONSTRATION ONLY - NOT HUMAN EXPERIMENT RESULTS,1120960,A,0,870.9467484127877,1.0,0,1,mouse
SYNTHETIC DEMONSTRATION ONLY - NOT HUMAN EXPERIMENT RESULTS,1120980,A,0,870.8733781415425,1.0,0,1,mouse
SYNTHETIC DEMONSTRATION ONLY - NOT HUMAN EXPERIMENT RESULTS,1121000,A,0,870.800421824066,1.0,0,1,mouse
SYNTHETIC DEMONSTRATION ONLY - NOT HUMAN EXPERIMENT RESULTS,1121020,A,0,870.7278804972287,1.0,0,1,mouse
SYNTHETIC DEMONSTRATION ONLY - NOT HUMAN EXPERIMENT RESULTS,1121040,A,0,870.6557551920035,1.0,0,1,mouse
SYNTHETIC DEMONSTRATION ONLY - NOT HUMAN EXPERIMENT RESULTS,1121060,A,0,870.5840469334507,1.0,0,1,mouse
SYNTHETIC DEMONSTRATION ONLY - NOT HUMAN EXPERIMENT RESULTS,1121080,A,0,870.5127567407035,1.0,0,1,mouse
SYNTHETIC DEMONSTRATION ONLY - NOT HUMAN EXPERIMENT RESULTS,1121100,A,0,870.441885626953,1.0,0,1,mouse
SYNTHETIC DEMONSTRATION ONLY - NOT HUMAN EXPERIMENT RESULTS,1121120,A,0,870.3714345994348,1.0,0,1,mouse
SYNTHETIC DEMONSTRATION ONLY - NOT HUMAN EXPERIMENT RESULTS,1121140,A,0,870.301404659414,1.0,0,1,mouse
SYNTHETIC DEMONSTRATION ONLY - NOT HUMAN EXPERIMENT RESULTS,1121160,A,0,870.231796802171,1.0,0,1,mouse
SYNTHETIC DEMONSTRATION ONLY - NOT HUMAN EXPERIMENT RESULTS,1121180,A,0,870.1626120169873,1.0,0,1,mouse
SYNTHETIC DEMONSTRATION ONLY - NOT HUMAN EXPERIMENT RESULTS,1121200,A,0,870.0938512871322,1.0,0,1,mouse
SYNTHETIC DEMONSTRATION ONLY - NOT HUMAN EXPERIMENT RESULTS,1121220,A,0,870.0255155898478,1.0,0,1,mouse
SYNTHETIC DEMONSTRATION ONLY - NOT HUMAN EXPERIMENT RESULTS,1121240,A,0,869.9576058963354,1.0,0,1,mouse
SYNTHETIC DEMONSTRATION ONLY - NOT HUMAN EXPERIMENT RESULTS,1121260,A,0,869.8901231717424,1.0,0,1,mouse
SYNTHETIC DEMONSTRATION ONLY - NOT HUMAN EXPERIMENT RESULTS,1121280,A,0,869.8230683751474,1.0,0,1,mouse
SYNTHETIC DEMONSTRATION ONLY - NOT HUMAN EXPERIMENT RESULTS,1121300,A,0,869.7564424595475,1.0,0,1,mouse
SYNTHETIC DEMONSTRATION ONLY - NOT HUMAN EXPERIMENT RESULTS,1121320,A,0,869.6902463718446,1.0,0,1,mouse
SYNTHETIC DEMONSTRATION ONLY - NOT HUMAN EXPERIMENT RESULTS,1121340,A,0,869.6244810528316,1.0,0,1,mouse
SYNTHETIC DEMONSTRATION ONLY - NOT HUMAN EXPERIMENT RESULTS,1121360,A,0,869.5591474371793,1.0,0,1,mouse
SYNTHETIC DEMONSTRATION ONLY - NOT HUMAN EXPERIMENT RESULTS,1121380,A,0,869.4942464534228,1.0,0,1,mouse
SYNTHETIC DEMONSTRATION ONLY - NOT HUMAN EXPERIMENT RESULTS,1121400,A,0,869.4297790239486,1.0,0,1,mouse
SYNTHETIC DEMONSTRATION ONLY - NOT HUMAN EXPERIMENT RESULTS,1121420,A,0,869.3657460649822,1.0,0,1,mouse
SYNTHETIC DEMONSTRATION ONLY - NOT HUMAN EXPERIMENT RESULTS,1121440,A,0,869.3021484865731,1.0,0,1,mouse
SYNTHETIC DEMONSTRATION ONLY - NOT HUMAN EXPERIMENT RESULTS,1121460,A,0,869.238987192584,1.0,0,1,mouse
SYNTHETIC DEMONSTRATION ONLY - NOT HUMAN EXPERIMENT RESULTS,1121480,A,0,869.1762630806763,1.0,0,1,mouse
SYNTHETIC DEMONSTRATION ONLY - NOT HUMAN EXPERIMENT RESULTS,1121500,A,0,869.113977042299,1.0,0,1,mouse
SYNTHETIC DEMONSTRATION ONLY - NOT HUMAN EXPERIMENT RESULTS,1121520,A,0,869.0521299626741,1.0,0,1,mouse
SYNTHETIC DEMONSTRATION ONLY - NOT HUMAN EXPERIMENT RESULTS,1121540,A,0,868.9907227207859,1.0,0,1,mouse
SYNTHETIC DEMONSTRATION ONLY - NOT HUMAN EXPERIMENT RESULTS,1121560,A,0,868.9297561893669,1.0,0,1,mouse
SYNTHETIC DEMONSTRATION ONLY - NOT HUMAN EXPERIMENT RESULTS,1121580,A,0,868.8692312348867,1.0,0,1,mouse
SYNTHETIC DEMONSTRATION ONLY - NOT HUMAN EXPERIMENT RESULTS,1121600,A,0,868.8091487175386,1.0,0,1,mouse
SYNTHETIC DEMONSTRATION ONLY - NOT HUMAN EXPERIMENT RESULTS,1121620,A,0,868.7495094912285,1.0,0,1,mouse
SYNTHETIC DEMONSTRATION ONLY - NOT HUMAN EXPERIMENT RESULTS,1121640,A,0,868.6903144035616,1.0,0,1,mouse
SYNTHETIC DEMONSTRATION ONLY - NOT HUMAN EXPERIMENT RESULTS,1121660,A,0,868.6315642958311,1.0,0,1,mouse
SYNTHETIC DEMONSTRATION ONLY - NOT HUMAN EXPERIMENT RESULTS,1121680,A,0,868.5732600030063,1.0,0,1,mouse
SYNTHETIC DEMONSTRATION ONLY - NOT HUMAN EXPERIMENT RESULTS,1121700,A,0,868.5154023537201,1.0,0,1,mouse
SYNTHETIC DEMONSTRATION ONLY - NOT HUMAN EXPERIMENT RESULTS,1121720,A,0,868.4579921702577,1.0,0,1,mouse
SYNTHETIC DEMONSTRATION ONLY - NOT HUMAN EXPERIMENT RESULTS,1121740,A,0,868.401030268545,1.0,0,1,mouse
SYNTHETIC DEMONSTRATION ONLY - NOT HUMAN EXPERIMENT RESULTS,1121760,A,0,868.3445174581366,1.0,0,1,mouse
SYNTHETIC DEMONSTRATION ONLY - NOT HUMAN EXPERIMENT RESULTS,1121780,A,0,868.2884545422048,1.0,0,1,mouse
SYNTHETIC DEMONSTRATION ONLY - NOT HUMAN EXPERIMENT RESULTS,1121800,A,0,868.2328423175276,1.0,0,1,mouse
SYNTHETIC DEMONSTRATION ONLY - NOT HUMAN EXPERIMENT RESULTS,1121820,A,0,868.1776815744778,1.0,0,1,mouse
SYNTHETIC DEMONSTRATION ONLY - NOT HUMAN EXPERIMENT RESULTS,1121840,A,0,868.1229730970117,1.0,0,1,mouse
SYNTHETIC DEMONSTRATION ONLY - NOT HUMAN EXPERIMENT RESULTS,1121860,A,0,868.068717662658,1.0,0,1,mouse
SYNTHETIC DEMONSTRATION ONLY - NOT HUMAN EXPERIMENT RESULTS,1121880,A,0,868.0149160425062,1.0,0,1,mouse
SYNTHETIC DEMONSTRATION ONLY - NOT HUMAN EXPERIMENT RESULTS,1121900,A,0,867.9615690011966,1.0,0,1,mouse
SYNTHETIC DEMONSTRATION ONLY - NOT HUMAN EXPERIMENT RESULTS,1121920,A,0,867.9086772969088,1.0,0,1,mouse
SYNTHETIC DEMONSTRATION ONLY - NOT HUMAN EXPERIMENT RESULTS,1121940,A,0,867.8562416813509,1.0,0,1,mouse
SYNTHETIC DEMONSTRATION ONLY - NOT HUMAN EXPERIMENT RESULTS,1121960,A,0,867.804262899749,1.0,0,1,mouse
SYNTHETIC DEMONSTRATION ONLY - NOT HUMAN EXPERIMENT RESULTS,1121980,A,0,867.7527416908368,1.0,0,1,mouse
SYNTHETIC DEMONSTRATION ONLY - NOT HUMAN EXPERIMENT RESULTS,1122000,A,0,867.7016787868447,1.0,0,1,mouse
SYNTHETIC DEMONSTRATION ONLY - NOT HUMAN EXPERIMENT RESULTS,1122020,A,0,867.6510749134895,1.0,0,1,mouse
SYNTHETIC DEMONSTRATION ONLY - NOT HUMAN EXPERIMENT RESULTS,1122040,A,0,867.6009307899643,1.0,0,1,mouse
SYNTHETIC DEMONSTRATION ONLY - NOT HUMAN EXPERIMENT RESULTS,1122060,A,0,867.5512471289281,1.0,0,1,mouse
SYNTHETIC DEMONSTRATION ONLY - NOT HUMAN EXPERIMENT RESULTS,1122080,A,0,867.5020246364957,1.0,0,1,mouse
SYNTHETIC DEMONSTRATION ONLY - NOT HUMAN EXPERIMENT RESULTS,1122100,A,0,867.4532640122276,1.0,0,1,mouse
SYNTHETIC DEMONSTRATION ONLY - NOT HUMAN EXPERIMENT RESULTS,1122120,A,0,867.4049659491203,1.0,0,1,mouse
SYNTHETIC DEMONSTRATION ONLY - NOT HUMAN EXPERIMENT RESULTS,1122140,A,0,867.3571311335961,1.0,0,1,mouse
SYNTHETIC DEMONSTRATION ONLY - NOT HUMAN EXPERIMENT RESULTS,1122160,A,0,867.3097602454937,1.0,0,1,mouse
SYNTHETIC DEMONSTRATION ONLY - NOT HUMAN EXPERIMENT RESULTS,1122180,A,0,867.2628539580581,1.0,0,1,mouse
SYNTHETIC DEMONSTRATION ONLY - NOT HUMAN EXPERIMENT RESULTS,1122200,A,0,867.2164129379319,1.0,0,1,mouse
SYNTHETIC DEMONSTRATION ONLY - NOT HUMAN EXPERIMENT RESULTS,1122220,A,0,867.1704378451442,1.0,0,1,mouse
SYNTHETIC DEMONSTRATION ONLY - NOT HUMAN EXPERIMENT RESULTS,1122240,A,0,867.1249293331032,1.0,0,1,mouse
SYNTHETIC DEMONSTRATION ONLY - NOT HUMAN EXPERIMENT RESULTS,1122260,A,0,867.0798880485856,1.0,0,1,mouse
SYNTHETIC DEMONSTRATION ONLY - NOT HUMAN EXPERIMENT RESULTS,1122280,A,0,867.0353146317276,1.0,0,1,mouse
SYNTHETIC DEMONSTRATION ONLY - NOT HUMAN EXPERIMENT RESULTS,1122300,A,0,866.9912097160163,1.0,0,1,mouse
SYNTHETIC DEMONSTRATION ONLY - NOT HUMAN EXPERIMENT RESULTS,1122320,A,0,866.9475739282799,1.0,0,1,mouse
SYNTHETIC DEMONSTRATION ONLY - NOT HUMAN EXPERIMENT RESULTS,1122340,A,0,866.9044078886798,1.0,0,1,mouse
SYNTHETIC DEMONSTRATION ONLY - NOT HUMAN EXPERIMENT RESULTS,1122360,A,0,866.861712210701,1.0,0,1,mouse
SYNTHETIC DEMONSTRATION ONLY - NOT HUMAN EXPERIMENT RESULTS,1122380,A,0,866.8194875011432,1.0,0,1,mouse
SYNTHETIC DEMONSTRATION ONLY - NOT HUMAN EXPERIMENT RESULTS,1122400,A,0,866.7777343601133,1.0,0,1,mouse
SYNTHETIC DEMONSTRATION ONLY - NOT HUMAN EXPERIMENT RESULTS,1122420,A,0,866.736453381016,1.0,0,1,mouse
SYNTHETIC DEMONSTRATION ONLY - NOT HUMAN EXPERIMENT RESULTS,1122440,A,0,866.695645150545,1.0,0,1,mouse
SYNTHETIC DEMONSTRATION ONLY - NOT HUMAN EXPERIMENT RESULTS,1122460,A,0,866.6553102486758,1.0,0,1,mouse
SYNTHETIC DEMONSTRATION ONLY - NOT HUMAN EXPERIMENT RESULTS,1122480,A,0,866.6154492486567,1.0,0,1,mouse
SYNTHETIC DEMONSTRATION ONLY - NOT HUMAN EXPERIMENT RESULTS,1122500,A,0,866.5760627170006,1.0,0,1,mouse
SYNTHETIC DEMONSTRATION ONLY - NOT HUMAN EXPERIMENT RESULTS,1122520,A,0,866.5371512134774,1.0,0,1,mouse
SYNTHETIC DEMONSTRATION ONLY - NOT HUMAN EXPERIMENT RESULTS,1122540,A,0,866.4987152911056,1.0,0,1,mouse
SYNTHETIC DEMONSTRATION ONLY - NOT HUMAN EXPERIMENT RESULTS,1122560,A,0,866.4607554961448,1.0,0,1,mouse
SYNTHETIC DEMONSTRATION ONLY - NOT HUMAN EXPERIMENT RESULTS,1122580,A,0,866.4232723680876,1.0,0,1,mouse
SYNTHETIC DEMONSTRATION ONLY - NOT HUMAN EXPERIMENT RESULTS,1122600,A,0,866.3862664396524,1.0,0,1,mouse
SYNTHETIC DEMONSTRATION ONLY - NOT HUMAN EXPERIMENT RESULTS,1122620,A,0,866.3497382367752,1.0,0,1,mouse
SYNTHETIC DEMONSTRATION ONLY - NOT HUMAN EXPERIMENT RESULTS,1122640,A,0,866.3136882786029,1.0,0,1,mouse
SYNTHETIC DEMONSTRATION ONLY - NOT HUMAN EXPERIMENT RESULTS,1122660,A,0,866.2781170774848,1.0,0,1,mouse
SYNTHETIC DEMONSTRATION ONLY - NOT HUMAN EXPERIMENT RESULTS,1122680,A,0,866.2430251389666,1.0,0,1,mouse
SYNTHETIC DEMONSTRATION ONLY - NOT HUMAN EXPERIMENT RESULTS,1122700,A,0,866.2084129617825,1.0,0,1,mouse
SYNTHETIC DEMONSTRATION ONLY - NOT HUMAN EXPERIMENT RESULTS,1122720,A,0,866.174281037848,1.0,0,1,mouse
SYNTHETIC DEMONSTRATION ONLY - NOT HUMAN EXPERIMENT RESULTS,1122740,A,0,866.1406298522534,1.0,0,1,mouse
SYNTHETIC DEMONSTRATION ONLY - NOT HUMAN EXPERIMENT RESULTS,1122760,A,0,866.1074598832565,1.0,0,1,mouse
SYNTHETIC DEMONSTRATION ONLY - NOT HUMAN EXPERIMENT RESULTS,1122780,A,0,866.074771602276,1.0,0,1,mouse
SYNTHETIC DEMONSTRATION ONLY - NOT HUMAN EXPERIMENT RESULTS,1122800,A,0,866.0425654738846,1.0,0,1,mouse
SYNTHETIC DEMONSTRATION ONLY - NOT HUMAN EXPERIMENT RESULTS,1122820,A,0,866.0108419558028,1.0,0,1,mouse
SYNTHETIC DEMONSTRATION ONLY - NOT HUMAN EXPERIMENT RESULTS,1122840,A,0,865.9796014988921,1.0,0,1,mouse
SYNTHETIC DEMONSTRATION ONLY - NOT HUMAN EXPERIMENT RESULTS,1122860,A,0,865.9488445471484,1.0,0,1,mouse
SYNTHETIC DEMONSTRATION ONLY - NOT HUMAN EXPERIMENT RESULTS,1122880,A,0,865.918571537696,1.0,0,1,mouse
SYNTHETIC DEMONSTRATION ONLY - NOT HUMAN EXPERIMENT RESULTS,1122900,A,0,865.8887829007815,1.0,0,1,mouse
SYNTHETIC DEMONSTRATION ONLY - NOT HUMAN EXPERIMENT RESULTS,1122920,A,0,865.8594790597674,1.0,0,1,mouse
SYNTHETIC DEMONSTRATION ONLY - NOT HUMAN EXPERIMENT RESULTS,1122940,A,0,865.830660431126,1.0,0,1,mouse
SYNTHETIC DEMONSTRATION ONLY - NOT HUMAN EXPERIMENT RESULTS,1122960,A,0,865.802327424434,1.0,0,1,mouse
SYNTHETIC DEMONSTRATION ONLY - NOT HUMAN EXPERIMENT RESULTS,1122980,A,0,865.774480442366,1.0,0,1,mouse
SYNTHETIC DEMONSTRATION ONLY - NOT HUMAN EXPERIMENT RESULTS,1123000,A,0,865.7471198806892,1.0,0,1,mouse
SYNTHETIC DEMONSTRATION ONLY - NOT HUMAN EXPERIMENT RESULTS,1123020,A,0,865.7202461282579,1.0,0,1,mouse
SYNTHETIC DEMONSTRATION ONLY - NOT HUMAN EXPERIMENT RESULTS,1123040,A,0,865.6938595670075,1.0,0,1,mouse
SYNTHETIC DEMONSTRATION ONLY - NOT HUMAN EXPERIMENT RESULTS,1123060,A,0,865.6679605719495,1.0,0,1,mouse
SYNTHETIC DEMONSTRATION ONLY - NOT HUMAN EXPERIMENT RESULTS,1123080,A,0,865.642549511166,1.0,0,1,mouse
SYNTHETIC DEMONSTRATION ONLY - NOT HUMAN EXPERIMENT RESULTS,1123100,A,0,865.6176267458042,1.0,0,1,mouse
SYNTHETIC DEMONSTRATION ONLY - NOT HUMAN EXPERIMENT RESULTS,1123120,A,0,865.5931926300719,1.0,0,1,mouse
SYNTHETIC DEMONSTRATION ONLY - NOT HUMAN EXPERIMENT RESULTS,1123140,A,0,865.5692475112321,1.0,0,1,mouse
SYNTHETIC DEMONSTRATION ONLY - NOT HUMAN EXPERIMENT RESULTS,1123160,A,0,865.5457917295978,1.0,0,1,mouse
SYNTHETIC DEMONSTRATION ONLY - NOT HUMAN EXPERIMENT RESULTS,1123180,A,0,865.5228256185275,1.0,0,1,mouse
SYNTHETIC DEMONSTRATION ONLY - NOT HUMAN EXPERIMENT RESULTS,1123200,A,0,865.5003495044206,1.0,0,1,mouse
SYNTHETIC DEMONSTRATION ONLY - NOT HUMAN EXPERIMENT RESULTS,1123220,A,0,865.4783637067125,1.0,0,1,mouse
SYNTHETIC DEMONSTRATION ONLY - NOT HUMAN EXPERIMENT RESULTS,1123240,A,0,865.4568685378698,1.0,0,1,mouse
SYNTHETIC DEMONSTRATION ONLY - NOT HUMAN EXPERIMENT RESULTS,1123260,A,0,865.4358643033867,1.0,0,1,mouse
SYNTHETIC DEMONSTRATION ONLY - NOT HUMAN EXPERIMENT RESULTS,1123280,A,0,865.4153513017797,1.0,0,1,mouse
SYNTHETIC DEMONSTRATION ONLY - NOT HUMAN EXPERIMENT RESULTS,1123300,A,0,865.395329824584,1.0,0,1,mouse
SYNTHETIC DEMONSTRATION ONLY - NOT HUMAN EXPERIMENT RESULTS,1123320,A,0,865.3758001563491,1.0,0,1,mouse
SYNTHETIC DEMONSTRATION ONLY - NOT HUMAN EXPERIMENT RESULTS,1123340,A,0,865.3567625746348,1.0,0,1,mouse
SYNTHETIC DEMONSTRATION ONLY - NOT HUMAN EXPERIMENT RESULTS,1123360,A,0,865.3382173500074,1.0,0,1,mouse
SYNTHETIC DEMONSTRATION ONLY - NOT HUMAN EXPERIMENT RESULTS,1123380,A,0,865.3201647460354,1.0,0,1,mouse
SYNTHETIC DEMONSTRATION ONLY - NOT HUMAN EXPERIMENT RESULTS,1123400,A,0,865.3026050192864,1.0,0,1,mouse
SYNTHETIC DEMONSTRATION ONLY - NOT HUMAN EXPERIMENT RESULTS,1123420,A,0,865.285538419323,1.0,0,1,mouse
SYNTHETIC DEMONSTRATION ONLY - NOT HUMAN EXPERIMENT RESULTS,1123440,A,0,865.2689651886992,1.0,0,1,mouse
SYNTHETIC DEMONSTRATION ONLY - NOT HUMAN EXPERIMENT RESULTS,1123460,A,0,865.2528855629574,1.0,0,1,mouse
SYNTHETIC DEMONSTRATION ONLY - NOT HUMAN EXPERIMENT RESULTS,1123480,A,0,865.2372997706248,1.0,0,1,mouse
SYNTHETIC DEMONSTRATION ONLY - NOT HUMAN EXPERIMENT RESULTS,1123500,A,0,865.2222080332098,1.0,0,1,mouse
SYNTHETIC DEMONSTRATION ONLY - NOT HUMAN EXPERIMENT RESULTS,1123520,A,0,865.2076105651995,1.0,0,1,mouse
SYNTHETIC DEMONSTRATION ONLY - NOT HUMAN EXPERIMENT RESULTS,1123540,A,0,865.1935075740562,1.0,0,1,mouse
SYNTHETIC DEMONSTRATION ONLY - NOT HUMAN EXPERIMENT RESULTS,1123560,A,0,865.1798992602146,1.0,0,1,mouse
SYNTHETIC DEMONSTRATION ONLY - NOT HUMAN EXPERIMENT RESULTS,1123580,A,0,865.1667858170789,1.0,0,1,mouse
SYNTHETIC DEMONSTRATION ONLY - NOT HUMAN EXPERIMENT RESULTS,1123600,A,0,865.1541674310204,1.0,0,1,mouse
SYNTHETIC DEMONSTRATION ONLY - NOT HUMAN EXPERIMENT RESULTS,1123620,A,0,865.1420442813741,1.0,0,1,mouse
SYNTHETIC DEMONSTRATION ONLY - NOT HUMAN EXPERIMENT RESULTS,1123640,A,0,865.1304165404367,1.0,0,1,mouse
SYNTHETIC DEMONSTRATION ONLY - NOT HUMAN EXPERIMENT RESULTS,1123660,A,0,865.1192843734644,1.0,0,1,mouse
SYNTHETIC DEMONSTRATION ONLY - NOT HUMAN EXPERIMENT RESULTS,1123680,A,0,865.1086479386698,1.0,0,1,mouse
SYNTHETIC DEMONSTRATION ONLY - NOT HUMAN EXPERIMENT RESULTS,1123700,A,0,865.0985073872203,1.0,0,1,mouse
SYNTHETIC DEMONSTRATION ONLY - NOT HUMAN EXPERIMENT RESULTS,1123720,A,0,865.0888628632352,1.0,0,1,mouse
SYNTHETIC DEMONSTRATION ONLY - NOT HUMAN EXPERIMENT RESULTS,1123740,A,0,865.079714503785,1.0,0,1,mouse
SYNTHETIC DEMONSTRATION ONLY - NOT HUMAN EXPERIMENT RESULTS,1123760,A,0,865.0710624388878,1.0,0,1,mouse
SYNTHETIC DEMONSTRATION ONLY - NOT HUMAN EXPERIMENT RESULTS,1123780,A,0,865.0629067915088,1.0,0,1,mouse
SYNTHETIC DEMONSTRATION ONLY - NOT HUMAN EXPERIMENT RESULTS,1123800,A,0,865.0552476775578,1.0,0,1,mouse
SYNTHETIC DEMONSTRATION ONLY - NOT HUMAN EXPERIMENT RESULTS,1123820,A,0,865.0480852058876,1.0,0,1,mouse
SYNTHETIC DEMONSTRATION ONLY - NOT HUMAN EXPERIMENT RESULTS,1123840,A,0,865.0414194782929,1.0,0,1,mouse
SYNTHETIC DEMONSTRATION ONLY - NOT HUMAN EXPERIMENT RESULTS,1123860,A,0,865.0352505895085,1.0,0,1,mouse
SYNTHETIC DEMONSTRATION ONLY - NOT HUMAN EXPERIMENT RESULTS,1123880,A,0,865.0295786272077,1.0,0,1,mouse
SYNTHETIC DEMONSTRATION ONLY - NOT HUMAN EXPERIMENT RESULTS,1123900,A,0,865.0244036720019,1.0,0,1,mouse
SYNTHETIC DEMONSTRATION ONLY - NOT HUMAN EXPERIMENT RESULTS,1123920,A,0,865.0197257974387,1.0,0,1,mouse
SYNTHETIC DEMONSTRATION ONLY - NOT HUMAN EXPERIMENT RESULTS,1123940,A,0,865.0155450700008,1.0,0,1,mouse
SYNTHETIC DEMONSTRATION ONLY - NOT HUMAN EXPERIMENT RESULTS,1123960,A,0,865.0118615491058,1.0,0,1,mouse
SYNTHETIC DEMONSTRATION ONLY - NOT HUMAN EXPERIMENT RESULTS,1123980,A,0,865.0086752871046,1.0,0,1,mouse
SYNTHETIC DEMONSTRATION ONLY - NOT HUMAN EXPERIMENT RESULTS,1124000,A,0,865.005986329281,1.0,0,1,mouse
SYNTHETIC DEMONSTRATION ONLY - NOT HUMAN EXPERIMENT RESULTS,1124020,A,0,865.0037947138511,1.0,0,1,mouse
SYNTHETIC DEMONSTRATION ONLY - NOT HUMAN EXPERIMENT RESULTS,1124040,A,0,865.0021004719626,1.0,0,1,mouse
SYNTHETIC DEMONSTRATION ONLY - NOT HUMAN EXPERIMENT RESULTS,1124060,A,0,865.0009036276946,1.0,0,1,mouse
SYNTHETIC DEMONSTRATION ONLY - NOT HUMAN EXPERIMENT RESULTS,1124080,A,0,865.0002041980566,1.0,0,1,mouse
SYNTHETIC DEMONSTRATION ONLY - NOT HUMAN EXPERIMENT RESULTS,1124100,A,0,865.0000021929892,1.0,0,1,mouse
SYNTHETIC DEMONSTRATION ONLY - NOT HUMAN EXPERIMENT RESULTS,1124120,A,0,865.0002976153633,1.0,0,1,mouse
SYNTHETIC DEMONSTRATION ONLY - NOT HUMAN EXPERIMENT RESULTS,1124140,A,0,865.0010904609803,1.0,0,1,mouse
SYNTHETIC DEMONSTRATION ONLY - NOT HUMAN EXPERIMENT RESULTS,1124160,A,0,865.0023807185721,1.0,0,1,mouse
SYNTHETIC DEMONSTRATION ONLY - NOT HUMAN EXPERIMENT RESULTS,1124180,A,0,865.0041683698014,1.0,0,1,mouse
SYNTHETIC DEMONSTRATION ONLY - NOT HUMAN EXPERIMENT RESULTS,1124200,A,0,865.0064533892615,1.0,0,1,mouse
SYNTHETIC DEMONSTRATION ONLY - NOT HUMAN EXPERIMENT RESULTS,1124220,A,0,865.0092357444775,1.0,0,1,mouse
SYNTHETIC DEMONSTRATION ONLY - NOT HUMAN EXPERIMENT RESULTS,1124240,A,0,865.0125153959057,1.0,0,1,mouse
SYNTHETIC DEMONSTRATION ONLY - NOT HUMAN EXPERIMENT RESULTS,1124260,A,0,865.016292296935,1.0,0,1,mouse
SYNTHETIC DEMONSTRATION ONLY - NOT HUMAN EXPERIMENT RESULTS,1124280,A,0,865.0205663938876,1.0,0,1,mouse
SYNTHETIC DEMONSTRATION ONLY - NOT HUMAN EXPERIMENT RESULTS,1124300,A,0,865.0253376260188,1.0,0,1,mouse
SYNTHETIC DEMONSTRATION ONLY - NOT HUMAN EXPERIMENT RESULTS,1124320,A,0,865.0306059255189,1.0,0,1,mouse
SYNTHETIC DEMONSTRATION ONLY - NOT HUMAN EXPERIMENT RESULTS,1124340,A,0,865.0363712175138,1.0,0,1,mouse
SYNTHETIC DEMONSTRATION ONLY - NOT HUMAN EXPERIMENT RESULTS,1124360,A,0,865.0426334200658,1.0,0,1,mouse
SYNTHETIC DEMONSTRATION ONLY - NOT HUMAN EXPERIMENT RESULTS,1124380,A,0,865.0493924441754,1.0,0,1,mouse
SYNTHETIC DEMONSTRATION ONLY - NOT HUMAN EXPERIMENT RESULTS,1124400,A,0,865.0566481937815,1.0,0,1,mouse
SYNTHETIC DEMONSTRATION ONLY - NOT HUMAN EXPERIMENT RESULTS,1124420,A,0,865.0644005657642,1.0,0,1,mouse
SYNTHETIC DEMONSTRATION ONLY - NOT HUMAN EXPERIMENT RESULTS,1124440,A,0,865.072649449945,1.0,0,1,mouse
SYNTHETIC DEMONSTRATION ONLY - NOT HUMAN EXPERIMENT RESULTS,1124460,A,0,865.0813947290889,1.0,0,1,mouse
SYNTHETIC DEMONSTRATION ONLY - NOT HUMAN EXPERIMENT RESULTS,1124480,A,0,865.0906362789062,1.0,0,1,mouse
SYNTHETIC DEMONSTRATION ONLY - NOT HUMAN EXPERIMENT RESULTS,1124500,A,0,865.1003739680541,1.0,0,1,mouse
SYNTHETIC DEMONSTRATION ONLY - NOT HUMAN EXPERIMENT RESULTS,1124520,A,0,865.1106076581385,1.0,0,1,mouse
SYNTHETIC DEMONSTRATION ONLY - NOT HUMAN EXPERIMENT RESULTS,1124540,A,0,865.1213372037158,1.0,0,1,mouse
SYNTHETIC DEMONSTRATION ONLY - NOT HUMAN EXPERIMENT RESULTS,1124560,A,0,865.1325624522956,1.0,0,1,mouse
SYNTHETIC DEMONSTRATION ONLY - NOT HUMAN EXPERIMENT RESULTS,1124580,A,0,865.1442832443422,1.0,0,1,mouse
SYNTHETIC DEMONSTRATION ONLY - NOT HUMAN EXPERIMENT RESULTS,1124600,A,0,865.1564994132772,1.0,0,1,mouse
SYNTHETIC DEMONSTRATION ONLY - NOT HUMAN EXPERIMENT RESULTS,1124620,A,0,865.1692107854818,1.0,0,1,mouse
SYNTHETIC DEMONSTRATION ONLY - NOT HUMAN EXPERIMENT RESULTS,1124640,A,0,865.1824171802994,1.0,0,1,mouse
SYNTHETIC DEMONSTRATION ONLY - NOT HUMAN EXPERIMENT RESULTS,1124660,A,0,865.1961184100376,1.0,0,1,mouse
SYNTHETIC DEMONSTRATION ONLY - NOT HUMAN EXPERIMENT RESULTS,1124680,A,0,865.2103142799718,1.0,0,1,mouse
SYNTHETIC DEMONSTRATION ONLY - NOT HUMAN EXPERIMENT RESULTS,1124700,A,0,865.2250045883472,1.0,0,1,mouse
SYNTHETIC DEMONSTRATION ONLY - NOT HUMAN EXPERIMENT RESULTS,1124720,A,0,865.2401891263822,1.0,0,1,mouse
SYNTHETIC DEMONSTRATION ONLY - NOT HUMAN EXPERIMENT RESULTS,1124740,A,0,865.2558676782706,1.0,0,1,mouse
SYNTHETIC DEMONSTRATION ONLY - NOT HUMAN EXPERIMENT RESULTS,1124760,A,0,865.2720400211857,1.0,0,1,mouse
SYNTHETIC DEMONSTRATION ONLY - NOT HUMAN EXPERIMENT RESULTS,1124780,A,0,865.2887059252826,1.0,0,1,mouse
SYNTHETIC DEMONSTRATION ONLY - NOT HUMAN EXPERIMENT RESULTS,1124800,A,0,865.3058651537019,1.0,0,1,mouse
SYNTHETIC DEMONSTRATION ONLY - NOT HUMAN EXPERIMENT RESULTS,1124820,A,0,865.323517462573,1.0,0,1,mouse
SYNTHETIC DEMONSTRATION ONLY - NOT HUMAN EXPERIMENT RESULTS,1124840,A,0,865.3416626010176,1.0,0,1,mouse
SYNTHETIC DEMONSTRATION ONLY - NOT HUMAN EXPERIMENT RESULTS,1124860,A,0,865.360300311153,1.0,0,1,mouse
SYNTHETIC DEMONSTRATION ONLY - NOT HUMAN EXPERIMENT RESULTS,1124880,A,0,865.3794303280962,1.0,0,1,mouse
SYNTHETIC DEMONSTRATION ONLY - NOT HUMAN EXPERIMENT RESULTS,1124900,A,0,865.3990523799672,1.0,0,1,mouse
SYNTHETIC DEMONSTRATION ONLY - NOT HUMAN EXPERIMENT RESULTS,1124920,A,0,865.4191661878932,1.0,0,1,mouse
SYNTHETIC DEMONSTRATION ONLY - NOT HUMAN EXPERIMENT RESULTS,1124940,A,0,865.4397714660126,1.0,0,1,mouse
SYNTHETIC DEMONSTRATION ONLY - NOT HUMAN EXPERIMENT RESULTS,1124960,A,0,865.4608679214788,1.0,0,1,mouse
SYNTHETIC DEMONSTRATION ONLY - NOT HUMAN EXPERIMENT RESULTS,1124980,A,0,865.4824552544643,1.0,0,1,mouse
SYNTHETIC DEMONSTRATION ONLY - NOT HUMAN EXPERIMENT RESULTS,1125000,A,0,865.5045331581654,1.0,0,1,mouse
SYNTHETIC DEMONSTRATION ONLY - NOT HUMAN EXPERIMENT RESULTS,1125020,A,0,865.5271013188062,1.0,0,1,mouse
SYNTHETIC DEMONSTRATION ONLY - NOT HUMAN EXPERIMENT RESULTS,1125040,A,0,865.5501594156432,1.0,0,1,mouse
SYNTHETIC DEMONSTRATION ONLY - NOT HUMAN EXPERIMENT RESULTS,1125060,A,0,865.5737071209699,1.0,0,1,mouse
SYNTHETIC DEMONSTRATION ONLY - NOT HUMAN EXPERIMENT RESULTS,1125080,A,0,865.5977441001211,1.0,0,1,mouse
SYNTHETIC DEMONSTRATION ONLY - NOT HUMAN EXPERIMENT RESULTS,1125100,A,0,865.6222700114782,1.0,0,1,mouse
SYNTHETIC DEMONSTRATION ONLY - NOT HUMAN EXPERIMENT RESULTS,1125120,A,0,865.6472845064737,1.0,0,1,mouse
SYNTHETIC DEMONSTRATION ONLY - NOT HUMAN EXPERIMENT RESULTS,1125140,A,0,865.6727872295965,1.0,0,1,mouse
SYNTHETIC DEMONSTRATION ONLY - NOT HUMAN EXPERIMENT RESULTS,1125160,A,0,865.698777818396,1.0,0,1,mouse
SYNTHETIC DEMONSTRATION ONLY - NOT HUMAN EXPERIMENT RESULTS,1125180,A,0,865.7252559034887,1.0,0,1,mouse
SYNTHETIC DEMONSTRATION ONLY - NOT HUMAN EXPERIMENT RESULTS,1125200,A,0,865.7522211085624,1.0,0,1,mouse
SYNTHETIC DEMONSTRATION ONLY - NOT HUMAN EXPERIMENT RESULTS,1125220,A,0,865.7796730503817,1.0,0,1,mouse
SYNTHETIC DEMONSTRATION ONLY - NOT HUMAN EXPERIMENT RESULTS,1125240,A,0,865.8076113387939,1.0,0,1,mouse
SYNTHETIC DEMONSTRATION ONLY - NOT HUMAN EXPERIMENT RESULTS,1125260,A,0,865.8360355767339,1.0,0,1,mouse
SYNTHETIC DEMONSTRATION ONLY - NOT HUMAN EXPERIMENT RESULTS,1125280,A,0,865.8649453602306,1.0,0,1,mouse
SYNTHETIC DEMONSTRATION ONLY - NOT HUMAN EXPERIMENT RESULTS,1125300,A,0,865.8943402784118,1.0,0,1,mouse
SYNTHETIC DEMONSTRATION ONLY - NOT HUMAN EXPERIMENT RESULTS,1125320,A,0,865.9242199135107,1.0,0,1,mouse
SYNTHETIC DEMONSTRATION ONLY - NOT HUMAN EXPERIMENT RESULTS,1125340,A,0,865.9545838408716,1.0,0,1,mouse
SYNTHETIC DEMONSTRATION ONLY - NOT HUMAN EXPERIMENT RESULTS,1125360,A,0,865.9854316289558,1.0,0,1,mouse
SYNTHETIC DEMONSTRATION ONLY - NOT HUMAN EXPERIMENT RESULTS,1125380,A,0,866.016762839348,1.0,0,1,mouse
SYNTHETIC DEMONSTRATION ONLY - NOT HUMAN EXPERIMENT RESULTS,1125400,A,0,866.0485770267622,1.0,0,1,mouse
SYNTHETIC DEMONSTRATION ONLY - NOT HUMAN EXPERIMENT RESULTS,1125420,A,0,866.0808737390486,1.0,0,1,mouse
SYNTHETIC DEMONSTRATION ONLY - NOT HUMAN EXPERIMENT RESULTS,1125440,A,0,866.1136525171993,1.0,0,1,mouse
SYNTHETIC DEMONSTRATION ONLY - NOT HUMAN EXPERIMENT RESULTS,1125460,A,0,866.1469128953554,1.0,0,1,mouse
SYNTHETIC DEMONSTRATION ONLY - NOT HUMAN EXPERIMENT RESULTS,1125480,A,0,866.1806544008132,1.0,0,1,mouse
SYNTHETIC DEMONSTRATION ONLY - NOT HUMAN EXPERIMENT RESULTS,1125500,A,0,866.2148765540313,1.0,0,1,mouse
SYNTHETIC DEMONSTRATION ONLY - NOT HUMAN EXPERIMENT RESULTS,1125520,A,0,866.2495788686371,1.0,0,1,mouse
SYNTHETIC DEMONSTRATION ONLY - NOT HUMAN EXPERIMENT RESULTS,1125540,A,0,866.2847608514339,1.0,0,1,mouse
SYNTHETIC DEMONSTRATION ONLY - NOT HUMAN EXPERIMENT RESULTS,1125560,A,0,866.3204220024079,1.0,0,1,mouse
SYNTHETIC DEMONSTRATION ONLY - NOT HUMAN EXPERIMENT RESULTS,1125580,A,0,866.3565618147351,1.0,0,1,mouse
SYNTHETIC DEMONSTRATION ONLY - NOT HUMAN EXPERIMENT RESULTS,1125600,A,0,866.3931797747889,1.0,0,1,mouse
SYNTHETIC DEMONSTRATION ONLY - NOT HUMAN EXPERIMENT RESULTS,1125620,A,0,866.430275362147,1.0,0,1,mouse
SYNTHETIC DEMONSTRATION ONLY - NOT HUMAN EXPERIMENT RESULTS,1125640,A,0,866.4678480495988,1.0,0,1,mouse
SYNTHETIC DEMONSTRATION ONLY - NOT HUMAN EXPERIMENT RESULTS,1125660,A,0,866.5058973031536,1.0,0,1,mouse
SYNTHETIC DEMONSTRATION ONLY - NOT HUMAN EXPERIMENT RESULTS,1125680,A,0,866.544422582047,1.0,0,1,mouse
SYNTHETIC DEMONSTRATION ONLY - NOT HUMAN EXPERIMENT RESULTS,1125700,A,0,866.5834233387496,1.0,0,1,mouse
SYNTHETIC DEMONSTRATION ONLY - NOT HUMAN EXPERIMENT RESULTS,1125720,A,0,866.6228990189744,1.0,0,1,mouse
SYNTHETIC DEMONSTRATION ONLY - NOT HUMAN EXPERIMENT RESULTS,1125740,A,0,866.6628490616845,1.0,0,1,mouse
SYNTHETIC DEMONSTRATION ONLY - NOT HUMAN EXPERIMENT RESULTS,1125760,A,0,866.7032728991013,1.0,0,1,mouse
SYNTHETIC DEMONSTRATION ONLY - NOT HUMAN EXPERIMENT RESULTS,1125780,A,0,866.7441699567128,1.0,0,1,mouse
SYNTHETIC DEMONSTRATION ONLY - NOT HUMAN EXPERIMENT RESULTS,1125800,A,0,866.7855396532811,1.0,0,1,mouse
SYNTHETIC DEMONSTRATION ONLY - NOT HUMAN EXPERIMENT RESULTS,1125820,A,0,866.8273814008514,1.0,0,1,mouse
SYNTHETIC DEMONSTRATION ONLY - NOT HUMAN EXPERIMENT RESULTS,1125840,A,0,866.8696946047597,1.0,0,1,mouse
SYNTHETIC DEMONSTRATION ONLY - NOT HUMAN EXPERIMENT RESULTS,1125860,A,0,866.9124786636418,1.0,0,1,mouse
SYNTHETIC DEMONSTRATION ONLY - NOT HUMAN EXPERIMENT RESULTS,1125880,A,0,866.9557329694414,1.0,0,1,mouse
SYNTHETIC DEMONSTRATION ONLY - NOT HUMAN EXPERIMENT RESULTS,1125900,A,0,866.9994569074192,1.0,0,1,mouse
SYNTHETIC DEMONSTRATION ONLY - NOT HUMAN EXPERIMENT RESULTS,1125920,A,0,867.0436498561613,1.0,0,1,mouse
SYNTHETIC DEMONSTRATION ONLY - NOT HUMAN EXPERIMENT RESULTS,1125940,A,0,867.0883111875879,1.0,0,1,mouse
SYNTHETIC DEMONSTRATION ONLY - NOT HUMAN EXPERIMENT RESULTS,1125960,A,0,867.1334402669629,1.0,0,1,mouse
SYNTHETIC DEMONSTRATION ONLY - NOT HUMAN EXPERIMENT RESULTS,1125980,A,0,867.1790364529019,1.0,0,1,mouse
SYNTHETIC DEMONSTRATION ONLY - NOT HUMAN EXPERIMENT RESULTS,1126000,A,0,867.2250990973822,1.0,0,1,mouse
SYNTHETIC DEMONSTRATION ONLY - NOT HUMAN EXPERIMENT RESULTS,1126020,A,0,867.2716275457518,1.0,0,1,mouse
SYNTHETIC DEMONSTRATION ONLY - NOT HUMAN EXPERIMENT RESULTS,1126040,A,0,867.3186211367384,1.0,0,1,mouse
SYNTHETIC DEMONSTRATION ONLY - NOT HUMAN EXPERIMENT RESULTS,1126060,A,0,867.3660792024591,1.0,0,1,mouse
SYNTHETIC DEMONSTRATION ONLY - NOT HUMAN EXPERIMENT RESULTS,1126080,A,0,867.4140010684297,1.0,0,1,mouse
SYNTHETIC DEMONSTRATION ONLY - NOT HUMAN EXPERIMENT RESULTS,1126100,A,0,867.4623860535744,1.0,0,1,mouse
SYNTHETIC DEMONSTRATION ONLY - NOT HUMAN EXPERIMENT RESULTS,1126120,A,0,867.5112334702353,1.0,0,1,mouse
SYNTHETIC DEMONSTRATION ONLY - NOT HUMAN EXPERIMENT RESULTS,1126140,A,0,867.5605426241827,1.0,0,1,mouse
SYNTHETIC DEMONSTRATION ONLY - NOT HUMAN EXPERIMENT RESULTS,1126160,A,0,867.6103128146244,1.0,0,1,mouse
SYNTHETIC DEMONSTRATION ONLY - NOT HUMAN EXPERIMENT RESULTS,1126180,A,0,867.6605433342158,1.0,0,1,mouse
SYNTHETIC DEMONSTRATION ONLY - NOT HUMAN EXPERIMENT RESULTS,1126200,A,0,867.7112334690698,1.0,0,1,mouse
SYNTHETIC DEMONSTRATION ONLY - NOT HUMAN EXPERIMENT RESULTS,1126220,A,0,867.7623824987677,1.0,0,1,mouse
SYNTHETIC DEMONSTRATION ONLY - NOT HUMAN EXPERIMENT RESULTS,1126240,A,0,867.8139896963685,1.0,0,1,mouse
SYNTHETIC DEMONSTRATION ONLY - NOT HUMAN EXPERIMENT RESULTS,1126260,A,0,867.8660543284195,1.0,0,1,mouse
SYNTHETIC DEMONSTRATION ONLY - NOT HUMAN EXPERIMENT RESULTS,1126280,A,0,867.9185756549671,1.0,0,1,mouse
SYNTHETIC DEMONSTRATION ONLY - NOT HUMAN EXPERIMENT RESULTS,1126300,A,0,867.9715529295671,1.0,0,1,mouse
SYNTHETIC DEMONSTRATION ONLY - NOT HUMAN EXPERIMENT RESULTS,1126320,A,0,868.0249853992951,1.0,0,1,mouse
SYNTHETIC DEMONSTRATION ONLY - NOT HUMAN EXPERIMENT RESULTS,1126340,A,0,868.0788723047575,1.0,0,1,mouse
SYNTHETIC DEMONSTRATION ONLY - NOT HUMAN EXPERIMENT RESULTS,1126360,A,0,868.133212880102,1.0,0,1,mouse
SYNTHETIC DEMONSTRATION ONLY - NOT HUMAN EXPERIMENT RESULTS,1126380,A,0,868.1880063530288,1.0,0,1,mouse
SYNTHETIC DEMONSTRATION ONLY - NOT HUMAN EXPERIMENT RESULTS,1126400,A,0,868.2432519448013,1.0,0,1,mouse
SYNTHETIC DEMONSTRATION ONLY - NOT HUMAN EXPERIMENT RESULTS,1126420,A,0,868.2989488702574,1.0,0,1,mouse
SYNTHETIC DEMONSTRATION ONLY - NOT HUMAN EXPERIMENT RESULTS,1126440,A,0,868.3550963378204,1.0,0,1,mouse
SYNTHETIC DEMONSTRATION ONLY - NOT HUMAN EXPERIMENT RESULTS,1126460,A,0,868.4116935495108,1.0,0,1,mouse
SYNTHETIC DEMONSTRATION ONLY - NOT HUMAN EXPERIMENT RESULTS,1126480,A,0,868.4687397009566,1.0,0,1,mouse
SYNTHETIC DEMONSTRATION ONLY - NOT HUMAN EXPERIMENT RESULTS,1126500,A,0,868.5262339814059,1.0,0,1,mouse
SYNTHETIC DEMONSTRATION ONLY - NOT HUMAN EXPERIMENT RESULTS,1126520,A,0,868.5841755737376,1.0,0,1,mouse
SYNTHETIC DEMONSTRATION ONLY - NOT HUMAN EXPERIMENT RESULTS,1126540,A,0,868.6425636544736,1.0,0,1,mouse
SYNTHETIC DEMONSTRATION ONLY - NOT HUMAN EXPERIMENT RESULTS,1126560,A,0,868.70139739379,1.0,0,1,mouse
SYNTHETIC DEMONSTRATION ONLY - NOT HUMAN EXPERIMENT RESULTS,1126580,A,0,868.7606759555289,1.0,0,1,mouse
SYNTHETIC DEMONSTRATION ONLY - NOT HUMAN EXPERIMENT RESULTS,1126600,A,0,868.8203984972109,1.0,0,1,mouse
SYNTHETIC DEMONSTRATION ONLY - NOT HUMAN EXPERIMENT RESULTS,1126620,A,0,868.8805641700466,1.0,0,1,mouse
SYNTHETIC DEMONSTRATION ONLY - NOT HUMAN EXPERIMENT RESULTS,1126640,A,0,868.9411721189483,1.0,0,1,mouse
SYNTHETIC DEMONSTRATION ONLY - NOT HUMAN EXPERIMENT RESULTS,1126660,A,0,869.0022214825431,1.0,0,1,mouse
SYNTHETIC DEMONSTRATION ONLY - NOT HUMAN EXPERIMENT RESULTS,1126680,A,0,869.0637113931845,1.0,0,1,mouse
SYNTHETIC DEMONSTRATION ONLY - NOT HUMAN EXPERIMENT RESULTS,1126700,A,0,869.1256409769645,1.0,0,1,mouse
SYNTHETIC DEMONSTRATION ONLY - NOT HUMAN EXPERIMENT RESULTS,1126720,A,0,869.1880093537268,1.0,0,1,mouse
SYNTHETIC DEMONSTRATION ONLY - NOT HUMAN EXPERIMENT RESULTS,1126740,A,0,869.2508156370787,1.0,0,1,mouse
SYNTHETIC DEMONSTRATION ONLY - NOT HUMAN EXPERIMENT RESULTS,1126760,A,0,869.314058934404,1.0,0,1,mouse
SYNTHETIC DEMONSTRATION ONLY - NOT HUMAN EXPERIMENT RESULTS,1126780,A,0,869.3777383468752,1.0,0,1,mouse
SYNTHETIC DEMONSTRATION ONLY - NOT HUMAN EXPERIMENT RESULTS,1126800,A,0,869.441852969467,1.0,0,1,mouse
SYNTHETIC DEMONSTRATION ONLY - NOT HUMAN EXPERIMENT RESULTS,1126820,A,0,869.5064018909688,1.0,0,1,mouse
SYNTHETIC DEMONSTRATION ONLY - NOT HUMAN EXPERIMENT RESULTS,1126840,A,0,869.5713841939976,1.0,0,1,mouse
SYNTHETIC DEMONSTRATION ONLY - NOT HUMAN EXPERIMENT RESULTS,1126860,A,0,869.6367989550107,1.0,0,1,mouse
SYNTHETIC DEMONSTRATION ONLY - NOT HUMAN EXPERIMENT RESULTS,1126880,A,0,869.7026452443198,1.0,0,1,mouse
SYNTHETIC DEMONSTRATION ONLY - NOT HUMAN EXPERIMENT RESULTS,1126900,A,0,869.7689221261033,1.0,0,1,mouse
SYNTHETIC DEMONSTRATION ONLY - NOT HUMAN EXPERIMENT RESULTS,1126920,A,0,869.8356286584202,1.0,0,1,mouse
SYNTHETIC DEMONSTRATION ONLY - NOT HUMAN EXPERIMENT RESULTS,1126940,A,0,869.9027638932226,1.0,0,1,mouse
SYNTHETIC DEMONSTRATION ONLY - NOT HUMAN EXPERIMENT RESULTS,1126960,A,0,869.9703268763708,1.0,0,1,mouse
SYNTHETIC DEMONSTRATION ONLY - NOT HUMAN EXPERIMENT RESULTS,1126980,A,0,870.0383166476447,1.0,0,1,mouse
SYNTHETIC DEMONSTRATION ONLY - NOT HUMAN EXPERIMENT RESULTS,1127000,A,0,870.1067322407594,1.0,0,1,mouse
SYNTHETIC DEMONSTRATION ONLY - NOT HUMAN EXPERIMENT RESULTS,1127020,A,0,870.1755726833778,1.0,0,1,mouse
SYNTHETIC DEMONSTRATION ONLY - NOT HUMAN EXPERIMENT RESULTS,1127040,A,0,870.2448369971252,1.0,0,1,mouse
SYNTHETIC DEMONSTRATION ONLY - NOT HUMAN EXPERIMENT RESULTS,1127060,A,0,870.3145241976017,1.0,0,1,mouse
SYNTHETIC DEMONSTRATION ONLY - NOT HUMAN EXPERIMENT RESULTS,1127080,A,0,870.3846332943986,1.0,0,1,mouse
SYNTHETIC DEMONSTRATION ONLY - NOT HUMAN EXPERIMENT RESULTS,1127100,A,0,870.4551632911099,1.0,0,1,mouse
SYNTHETIC DEMONSTRATION ONLY - NOT HUMAN EXPERIMENT RESULTS,1127120,A,0,870.5261131853488,1.0,0,1,mouse
SYNTHETIC DEMONSTRATION ONLY - NOT HUMAN EXPERIMENT RESULTS,1127140,A,0,870.5974819687597,1.0,0,1,mouse
SYNTHETIC DEMONSTRATION ONLY - NOT HUMAN EXPERIMENT RESULTS,1127160,A,0,870.6692686270345,1.0,0,1,mouse
SYNTHETIC DEMONSTRATION ONLY - NOT HUMAN EXPERIMENT RESULTS,1127180,A,0,870.7414721399258,1.0,0,1,mouse
SYNTHETIC DEMONSTRATION ONLY - NOT HUMAN EXPERIMENT RESULTS,1127200,A,0,870.814091481262,1.0,0,1,mouse
SYNTHETIC DEMONSTRATION ONLY - NOT HUMAN EXPERIMENT RESULTS,1127220,A,0,870.8871256189614,1.0,0,1,mouse
SYNTHETIC DEMONSTRATION ONLY - NOT HUMAN EXPERIMENT RESULTS,1127240,A,0,870.9605735150471,1.0,0,1,mouse
SYNTHETIC DEMONSTRATION ONLY - NOT HUMAN EXPERIMENT RESULTS,1127260,A,0,871.0344341256623,1.0,0,1,mouse
SYNTHETIC DEMONSTRATION ONLY - NOT HUMAN EXPERIMENT RESULTS,1127280,A,0,871.1087064010839,1.0,0,1,mouse
SYNTHETIC DEMONSTRATION ONLY - NOT HUMAN EXPERIMENT RESULTS,1127300,A,0,871.1833892857386,1.0,0,1,mouse
SYNTHETIC DEMONSTRATION ONLY - NOT HUMAN EXPERIMENT RESULTS,1127320,A,0,871.2584817182172,1.0,0,1,mouse
SYNTHETIC DEMONSTRATION ONLY - NOT HUMAN EXPERIMENT RESULTS,1127340,A,0,871.3339826312902,1.0,0,1,mouse
SYNTHETIC DEMONSTRATION ONLY - NOT HUMAN EXPERIMENT RESULTS,1127360,A,0,871.4098909519222,1.0,0,1,mouse
SYNTHETIC DEMONSTRATION ONLY - NOT HUMAN EXPERIMENT RESULTS,1127380,A,0,871.4862056012884,1.0,0,1,mouse
SYNTHETIC DEMONSTRATION ONLY - NOT HUMAN EXPERIMENT RESULTS,1127400,A,0,871.5629254947883,1.0,0,1,mouse
SYNTHETIC DEMONSTRATION ONLY - NOT HUMAN EXPERIMENT RESULTS,1127420,A,0,871.6400495420625,1.0,0,1,mouse
SYNTHETIC DEMONSTRATION ONLY - NOT HUMAN EXPERIMENT RESULTS,1127440,A,0,871.7175766470075,1.0,0,1,mouse
SYNTHETIC DEMONSTRATION ONLY - NOT HUMAN EXPERIMENT RESULTS,1127460,A,0,871.7955057077919,1.0,0,1,mouse
SYNTHETIC DEMONSTRATION ONLY - NOT HUMAN EXPERIMENT RESULTS,1127480,A,0,871.8738356168708,1.0,0,1,mouse
SYNTHETIC DEMONSTRATION ONLY - NOT HUMAN EXPERIMENT RESULTS,1127500,A,0,871.9525652610031,1.0,0,1,mouse
SYNTHETIC DEMONSTRATION ONLY - NOT HUMAN EXPERIMENT RESULTS,1127520,A,0,872.0316935212661,1.0,0,1,mouse
SYNTHETIC DEMONSTRATION ONLY - NOT HUMAN EXPERIMENT RESULTS,1127540,A,0,872.1112192730723,1.0,0,1,mouse
SYNTHETIC DEMONSTRATION ONLY - NOT HUMAN EXPERIMENT RESULTS,1127560,A,0,872.1911413861844,1.0,0,1,mouse
SYNTHETIC DEMONSTRATION ONLY - NOT HUMAN EXPERIMENT RESULTS,1127580,A,0,872.2714587247326,1.0,0,1,mouse
SYNTHETIC DEMONSTRATION ONLY - NOT HUMAN EXPERIMENT RESULTS,1127600,A,0,872.3521701472296,1.0,0,1,mouse
SYNTHETIC DEMONSTRATION ONLY - NOT HUMAN EXPERIMENT RESULTS,1127620,A,0,872.4332745065873,1.0,0,1,mouse
SYNTHETIC DEMONSTRATION ONLY - NOT HUMAN EXPERIMENT RESULTS,1127640,A,0,872.5147706501334,1.0,0,1,mouse
SYNTHETIC DEMONSTRATION ONLY - NOT HUMAN EXPERIMENT RESULTS,1127660,A,0,872.5966574196273,1.0,0,1,mouse
SYNTHETIC DEMONSTRATION ONLY - NOT HUMAN EXPERIMENT RESULTS,1127680,A,0,872.6789336512768,1.0,0,1,mouse
SYNTHETIC DEMONSTRATION ONLY - NOT HUMAN EXPERIMENT RESULTS,1127700,A,0,872.7615981757543,1.0,0,1,mouse
SYNTHETIC DEMONSTRATION ONLY - NOT HUMAN EXPERIMENT RESULTS,1127720,A,0,872.8446498182141,1.0,0,1,mouse
SYNTHETIC DEMONSTRATION ONLY - NOT HUMAN EXPERIMENT RESULTS,1127740,A,0,872.9280873983085,1.0,0,1,mouse
SYNTHETIC DEMONSTRATION ONLY - NOT HUMAN EXPERIMENT RESULTS,1127760,A,0,873.0119097302048,1.0,0,1,mouse
SYNTHETIC DEMONSTRATION ONLY - NOT HUMAN EXPERIMENT RESULTS,1127780,A,0,873.0961156226022,1.0,0,1,mouse
SYNTHETIC DEMONSTRATION ONLY - NOT HUMAN EXPERIMENT RESULTS,1127800,A,0,873.1807038787483,1.0,0,1,mouse
SYNTHETIC DEMONSTRATION ONLY - NOT HUMAN EXPERIMENT RESULTS,1127820,A,0,873.2656732964572,1.0,0,1,mouse
SYNTHETIC DEMONSTRATION ONLY - NOT HUMAN EXPERIMENT RESULTS,1127840,A,0,873.3510226681249,1.0,0,1,mouse
SYNTHETIC DEMONSTRATION ONLY - NOT HUMAN EXPERIMENT RESULTS,1127860,A,0,873.4367507807482,1.0,0,1,mouse
SYNTHETIC DEMONSTRATION ONLY - NOT HUMAN EXPERIMENT RESULTS,1127880,A,0,873.5228564159409,1.0,0,1,mouse
SYNTHETIC DEMONSTRATION ONLY - NOT HUMAN EXPERIMENT RESULTS,1127900,A,0,873.609338349951,1.0,0,1,mouse
SYNTHETIC DEMONSTRATION ONLY - NOT HUMAN EXPERIMENT RESULTS,1127920,A,0,873.6961953536792,1.0,0,1,mouse
SYNTHETIC DEMONSTRATION ONLY - NOT HUMAN EXPERIMENT RESULTS,1127940,A,0,873.783426192695,1.0,0,1,mouse
SYNTHETIC DEMONSTRATION ONLY - NOT HUMAN EXPERIMENT RESULTS,1127960,A,0,873.8710296272551,1.0,0,1,mouse
SYNTHETIC DEMONSTRATION ONLY - NOT HUMAN EXPERIMENT RESULTS,1127980,A,0,873.9590044123208,1.0,0,1,mouse
SYNTHETIC DEMONSTRATION ONLY - NOT HUMAN EXPERIMENT RESULTS,1128000,A,0,874.0473492975757,1.0,0,1,mouse
SYNTHETIC DEMONSTRATION ONLY - NOT HUMAN EXPERIMENT RESULTS,1128020,A,0,874.1360630274435,1.0,0,1,mouse
SYNTHETIC DEMONSTRATION ONLY - NOT HUMAN EXPERIMENT RESULTS,1128040,A,0,874.2251443411054,1.0,0,1,mouse
SYNTHETIC DEMONSTRATION ONLY - NOT HUMAN EXPERIMENT RESULTS,1128060,A,0,874.3145919725193,1.0,0,1,mouse
SYNTHETIC DEMONSTRATION ONLY - NOT HUMAN EXPERIMENT RESULTS,1128080,A,0,874.4044046504359,1.0,0,1,mouse
SYNTHETIC DEMONSTRATION ONLY - NOT HUMAN EXPERIMENT RESULTS,1128100,A,0,874.4945810984184,1.0,0,1,mouse
SYNTHETIC DEMONSTRATION ONLY - NOT HUMAN EXPERIMENT RESULTS,1128120,A,0,874.5851200348599,1.0,0,1,mouse
SYNTHETIC DEMONSTRATION ONLY - NOT HUMAN EXPERIMENT RESULTS,1128140,A,0,874.6760201730017,1.0,0,1,mouse
SYNTHETIC DEMONSTRATION ONLY - NOT HUMAN EXPERIMENT RESULTS,1128160,A,0,874.7672802209515,1.0,0,1,mouse
SYNTHETIC DEMONSTRATION ONLY - NOT HUMAN EXPERIMENT RESULTS,1128180,A,0,874.8588988817022,1.0,0,1,mouse
SYNTHETIC DEMONSTRATION ONLY - NOT HUMAN EXPERIMENT RESULTS,1128200,A,0,874.9508748531497,1.0,0,1,mouse
SYNTHETIC DEMONSTRATION ONLY - NOT HUMAN EXPERIMENT RESULTS,1128220,A,0,875.0432068281119,1.0,0,1,mouse
SYNTHETIC DEMONSTRATION ONLY - NOT HUMAN EXPERIMENT RESULTS,1128240,A,0,875.1358934943472,1.0,0,1,mouse
SYNTHETIC DEMONSTRATION ONLY - NOT HUMAN EXPERIMENT RESULTS,1128260,A,0,875.2289335345727,1.0,0,1,mouse
SYNTHETIC DEMONSTRATION ONLY - NOT HUMAN EXPERIMENT RESULTS,1128280,A,0,875.3223256264835,1.0,0,1,mouse
SYNTHETIC DEMONSTRATION ONLY - NOT HUMAN EXPERIMENT RESULTS,1128300,A,0,875.4160684427715,1.0,0,1,mouse
SYNTHETIC DEMONSTRATION ONLY - NOT HUMAN EXPERIMENT RESULTS,1128320,A,0,875.5101606511432,1.0,0,1,mouse
SYNTHETIC DEMONSTRATION ONLY - NOT HUMAN EXPERIMENT RESULTS,1128340,A,0,875.6046009143408,1.0,0,1,mouse
SYNTHETIC DEMONSTRATION ONLY - NOT HUMAN EXPERIMENT RESULTS,1128360,A,0,875.6993878901587,1.0,0,1,mouse
SYNTHETIC DEMONSTRATION ONLY - NOT HUMAN EXPERIMENT RESULTS,1128380,A,0,875.794520231464,1.0,0,1,mouse
SYNTHETIC DEMONSTRATION ONLY - NOT HUMAN EXPERIMENT RESULTS,1128400,A,0,875.8899965862161,1.0,0,1,mouse
SYNTHETIC DEMONSTRATION ONLY - NOT HUMAN EXPERIMENT RESULTS,1128420,A,0,875.985815597484,1.0,0,1,mouse
SYNTHETIC DEMONSTRATION ONLY - NOT HUMAN EXPERIMENT RESULTS,1128440,A,0,876.081975903468,1.0,0,1,mouse
SYNTHETIC DEMONSTRATION ONLY - NOT HUMAN EXPERIMENT RESULTS,1128460,A,0,876.178476137517,1.0,0,1,mouse
SYNTHETIC DEMONSTRATION ONLY - NOT HUMAN EXPERIMENT RESULTS,1128480,A,0,876.2753149281491,1.0,0,1,mouse
SYNTHETIC DEMONSTRATION ONLY - NOT HUMAN EXPERIMENT RESULTS,1128500,A,0,876.372490899071,1.0,0,1,mouse
SYNTHETIC DEMONSTRATION ONLY - NOT HUMAN EXPERIMENT RESULTS,1128520,A,0,876.4700026691966,1.0,0,1,mouse
SYNTHETIC DEMONSTRATION ONLY - NOT HUMAN EXPERIMENT RESULTS,1128540,A,0,876.5678488526681,1.0,0,1,mouse
SYNTHETIC DEMONSTRATION ONLY - NOT HUMAN EXPERIMENT RESULTS,1128560,A,0,876.6660280588748,1.0,0,1,mouse
SYNTHETIC DEMONSTRATION ONLY - NOT HUMAN EXPERIMENT RESULTS,1128580,A,0,876.7645388924724,1.0,0,1,mouse
SYNTHETIC DEMONSTRATION ONLY - NOT HUMAN EXPERIMENT RESULTS,1128600,A,0,876.8633799534042,1.0,0,1,mouse
SYNTHETIC DEMONSTRATION ONLY - NOT HUMAN EXPERIMENT RESULTS,1128620,A,0,876.96254983692,1.0,0,1,mouse
SYNTHETIC DEMONSTRATION ONLY - NOT HUMAN EXPERIMENT RESULTS,1128640,A,0,877.062047133596,1.0,0,1,mouse
SYNTHETIC DEMONSTRATION ONLY - NOT HUMAN EXPERIMENT RESULTS,1128660,A,0,877.1618704293556,1.0,0,1,mouse
SYNTHETIC DEMONSTRATION ONLY - NOT HUMAN EXPERIMENT RESULTS,1128680,A,0,877.2620183054887,1.0,0,1,mouse
SYNTHETIC DEMONSTRATION ONLY - NOT HUMAN EXPERIMENT RESULTS,1128700,A,0,877.3624893386723,1.0,0,1,mouse
SYNTHETIC DEMONSTRATION ONLY - NOT HUMAN EXPERIMENT RESULTS,1128720,A,0,877.4632821009907,1.0,0,1,mouse
SYNTHETIC DEMONSTRATION ONLY - NOT HUMAN EXPERIMENT RESULTS,1128740,A,0,877.5643951599556,1.0,0,1,mouse
SYNTHETIC DEMONSTRATION ONLY - NOT HUMAN EXPERIMENT RESULTS,1128760,A,0,877.6658270785265,1.0,0,1,mouse
SYNTHETIC DEMONSTRATION ONLY - NOT HUMAN EXPERIMENT RESULTS,1128780,A,0,877.7675764151314,1.0,0,1,mouse
SYNTHETIC DEMONSTRATION ONLY - NOT HUMAN EXPERIMENT RESULTS,1128800,A,0,877.8696417236872,1.0,0,1,mouse
SYNTHETIC DEMONSTRATION ONLY - NOT HUMAN EXPERIMENT RESULTS,1128820,A,0,877.9720215536197,1.0,0,1,mouse
SYNTHETIC DEMONSTRATION ONLY - NOT HUMAN EXPERIMENT RESULTS,1128840,A,0,878.0747144498849,1.0,0,1,mouse
SYNTHETIC DEMONSTRATION ONLY - NOT HUMAN EXPERIMENT RESULTS,1128860,A,0,878.1777189529897,1.0,0,1,mouse
SYNTHETIC DEMONSTRATION ONLY - NOT HUMAN EXPERIMENT RESULTS,1128880,A,0,878.2810335990116,1.0,0,1,mouse
SYNTHETIC DEMONSTRATION ONLY - NOT HUMAN EXPERIMENT RESULTS,1128900,A,0,878.3846569196214,1.0,0,1,mouse
SYNTHETIC DEMONSTRATION ONLY - NOT HUMAN EXPERIMENT RESULTS,1128920,A,0,878.488587442102,1.0,0,1,mouse
SYNTHETIC DEMONSTRATION ONLY - NOT HUMAN EXPERIMENT RESULTS,1128940,A,0,878.5928236893704,1.0,0,1,mouse
SYNTHETIC DEMONSTRATION ONLY - NOT HUMAN EXPERIMENT RESULTS,1128960,A,0,878.6973641799995,1.0,0,1,mouse
SYNTHETIC DEMONSTRATION ONLY - NOT HUMAN EXPERIMENT RESULTS,1128980,A,0,878.8022074282367,1.0,0,1,mouse
SYNTHETIC DEMONSTRATION ONLY - NOT HUMAN EXPERIMENT RESULTS,1129000,A,0,878.9073519440279,1.0,0,1,mouse
SYNTHETIC DEMONSTRATION ONLY - NOT HUMAN EXPERIMENT RESULTS,1129020,A,0,879.0127962330369,1.0,0,1,mouse
SYNTHETIC DEMONSTRATION ONLY - NOT HUMAN EXPERIMENT RESULTS,1129040,A,0,879.1185387966664,1.0,0,1,mouse
SYNTHETIC DEMONSTRATION ONLY - NOT HUMAN EXPERIMENT RESULTS,1129060,A,0,879.224578132081,1.0,0,1,mouse
SYNTHETIC DEMONSTRATION ONLY - NOT HUMAN EXPERIMENT RESULTS,1129080,A,0,879.3309127322268,1.0,0,1,mouse
SYNTHETIC DEMONSTRATION ONLY - NOT HUMAN EXPERIMENT RESULTS,1129100,A,0,879.4375410858537,1.0,0,1,mouse
SYNTHETIC DEMONSTRATION ONLY - NOT HUMAN EXPERIMENT RESULTS,1129120,A,0,879.5444616775371,1.0,0,1,mouse
SYNTHETIC DEMONSTRATION ONLY - NOT HUMAN EXPERIMENT RESULTS,1129140,A,0,879.6516729876985,1.0,0,1,mouse
SYNTHETIC DEMONSTRATION ONLY - NOT HUMAN EXPERIMENT RESULTS,1129160,A,0,879.7591734926276,1.0,0,1,mouse
SYNTHETIC DEMONSTRATION ONLY - NOT HUMAN EXPERIMENT RESULTS,1129180,A,0,879.8669616645047,1.0,0,1,mouse
SYNTHETIC DEMONSTRATION ONLY - NOT HUMAN EXPERIMENT RESULTS,1129200,A,0,879.9750359714211,1.0,0,1,mouse
SYNTHETIC DEMONSTRATION ONLY - NOT HUMAN EXPERIMENT RESULTS,1129220,A,0,880.0833948774018,1.0,0,1,mouse
SYNTHETIC DEMONSTRATION ONLY - NOT HUMAN EXPERIMENT RESULTS,1129240,A,0,880.1920368424269,1.0,0,1,mouse
SYNTHETIC DEMONSTRATION ONLY - NOT HUMAN EXPERIMENT RESULTS,1129260,A,0,880.3009603224532,1.0,0,1,mouse
SYNTHETIC DEMONSTRATION ONLY - NOT HUMAN EXPERIMENT RESULTS,1129280,A,0,880.4101637694374,1.0,0,1,mouse
SYNTHETIC DEMONSTRATION ONLY - NOT HUMAN EXPERIMENT RESULTS,1129300,A,0,880.5196456313568,1.0,0,1,mouse
SYNTHETIC DEMONSTRATION ONLY - NOT HUMAN EXPERIMENT RESULTS,1129320,A,0,880.6294043522313,1.0,0,1,mouse
SYNTHETIC DEMONSTRATION ONLY - NOT HUMAN EXPERIMENT RESULTS,1129340,A,0,880.7394383721472,1.0,0,1,mouse
SYNTHETIC DEMONSTRATION ONLY - NOT HUMAN EXPERIMENT RESULTS,1129360,A,0,880.8497461272771,1.0,0,1,mouse
SYNTHETIC DEMONSTRATION ONLY - NOT HUMAN EXPERIMENT RESULTS,1129380,A,0,880.9603260499035,1.0,0,1,mouse
SYNTHETIC DEMONSTRATION ONLY - NOT HUMAN EXPERIMENT RESULTS,1129400,A,0,881.0711765684414,1.0,0,1,mouse
SYNTHETIC DEMONSTRATION ONLY - NOT HUMAN EXPERIMENT RESULTS,1129420,A,0,881.1822961074594,1.0,0,1,mouse
SYNTHETIC DEMONSTRATION ONLY - NOT HUMAN EXPERIMENT RESULTS,1129440,A,0,881.2936830877024,1.0,0,1,mouse
SYNTHETIC DEMONSTRATION ONLY - NOT HUMAN EXPERIMENT RESULTS,1129460,A,0,881.4053359261156,1.0,0,1,mouse
SYNTHETIC DEMONSTRATION ONLY - NOT HUMAN EXPERIMENT RESULTS,1129480,A,0,881.5172530358644,1.0,0,1,mouse
SYNTHETIC DEMONSTRATION ONLY - NOT HUMAN EXPERIMENT RESULTS,1129500,A,0,881.6294328263594,1.0,0,1,mouse
SYNTHETIC DEMONSTRATION ONLY - NOT HUMAN EXPERIMENT RESULTS,1129520,A,0,881.7418737032774,1.0,0,1,mouse
SYNTHETIC DEMONSTRATION ONLY - NOT HUMAN EXPERIMENT RESULTS,1129540,A,0,881.8545740685843,1.0,0,1,mouse
SYNTHETIC DEMONSTRATION ONLY - NOT HUMAN EXPERIMENT RESULTS,1129560,A,0,881.9675323205588,1.0,0,1,mouse
SYNTHETIC DEMONSTRATION ONLY - NOT HUMAN EXPERIMENT RESULTS,1129580,A,0,882.0807468538142,1.0,0,1,mouse
SYNTHETIC DEMONSTRATION ONLY - NOT HUMAN EXPERIMENT RESULTS,1129600,A,0,882.1942160593208,1.0,0,1,mouse
SYNTHETIC DEMONSTRATION ONLY - NOT HUMAN EXPERIMENT RESULTS,1129620,A,0,882.3079383244306,1.0,0,1,mouse
SYNTHETIC DEMONSTRATION ONLY - NOT HUMAN EXPERIMENT RESULTS,1129640,A,0,882.4219120328983,1.0,0,1,mouse
SYNTHETIC DEMONSTRATION ONLY - NOT HUMAN EXPERIMENT RESULTS,1129660,A,0,882.536135564905,1.0,0,1,mouse
SYNTHETIC DEMONSTRATION ONLY - NOT HUMAN EXPERIMENT RESULTS,1129680,A,0,882.6506072970818,1.0,0,1,mouse
SYNTHETIC DEMONSTRATION ONLY - NOT HUMAN EXPERIMENT RESULTS,1129700,A,0,882.7653256025317,1.0,0,1,mouse
SYNTHETIC DEMONSTRATION ONLY - NOT HUMAN EXPERIMENT RESULTS,1129720,A,0,882.8802888508541,1.0,0,1,mouse
SYNTHETIC DEMONSTRATION ONLY - NOT HUMAN EXPERIMENT RESULTS,1129740,A,0,882.9954954081666,1.0,0,1,mouse
SYNTHETIC DEMONSTRATION ONLY - NOT HUMAN EXPERIMENT RESULTS,1129760,A,0,883.1109436371285,1.0,0,1,mouse
SYNTHETIC DEMONSTRATION ONLY - NOT HUMAN EXPERIMENT RESULTS,1129780,A,0,883.2266318969656,1.0,0,1,mouse
SYNTHETIC DEMONSTRATION ONLY - NOT HUMAN EXPERIMENT RESULTS,1129800,A,0,883.3425585434915,1.0,0,1,mouse
SYNTHETIC DEMONSTRATION ONLY - NOT HUMAN EXPERIMENT RESULTS,1129820,A,0,883.4587219291315,1.0,0,1,mouse
SYNTHETIC DEMONSTRATION ONLY - NOT HUMAN EXPERIMENT RESULTS,1129840,A,0,883.5751204029473,1.0,0,1,mouse
SYNTHETIC DEMONSTRATION ONLY - NOT HUMAN EXPERIMENT RESULTS,1129860,A,0,883.6917523106587,1.0,0,1,mouse
SYNTHETIC DEMONSTRATION ONLY - NOT HUMAN EXPERIMENT RESULTS,1129880,A,0,883.8086159946681,1.0,0,1,mouse
SYNTHETIC DEMONSTRATION ONLY - NOT HUMAN EXPERIMENT RESULTS,1129900,A,0,883.925709794084,1.0,0,1,mouse
SYNTHETIC DEMONSTRATION ONLY - NOT HUMAN EXPERIMENT RESULTS,1129920,A,0,884.0430320447442,1.0,0,1,mouse
SYNTHETIC DEMONSTRATION ONLY - NOT HUMAN EXPERIMENT RESULTS,1129940,A,0,884.1605810792399,1.0,0,1,mouse
SYNTHETIC DEMONSTRATION ONLY - NOT HUMAN EXPERIMENT RESULTS,1129960,A,0,884.2783552269391,1.0,0,1,mouse
SYNTHETIC DEMONSTRATION ONLY - NOT HUMAN EXPERIMENT RESULTS,1129980,A,0,884.3963528140105,1.0,0,1,mouse
SYNTHETIC DEMONSTRATION ONLY - NOT HUMAN EXPERIMENT RESULTS,1130000,A,0,884.5145721634473,1.0,0,1,mouse
SYNTHETIC DEMONSTRATION ONLY - NOT HUMAN EXPERIMENT RESULTS,1130020,A,0,884.6330115950905,1.0,0,1,mouse
SYNTHETIC DEMONSTRATION ONLY - NOT HUMAN EXPERIMENT RESULTS,1130040,A,0,884.7516694256539,1.0,0,1,mouse
SYNTHETIC DEMONSTRATION ONLY - NOT HUMAN EXPERIMENT RESULTS,1130060,A,0,884.8705439687471,1.0,0,1,mouse
SYNTHETIC DEMONSTRATION ONLY - NOT HUMAN EXPERIMENT RESULTS,1130080,A,0,884.9896335348996,1.0,0,1,mouse
SYNTHETIC DEMONSTRATION ONLY - NOT HUMAN EXPERIMENT RESULTS,1130100,A,0,885.108936431585,1.0,0,1,mouse
SYNTHETIC DEMONSTRATION ONLY - NOT HUMAN EXPERIMENT RESULTS,1130120,A,0,885.2284509632452,1.0,0,1,mouse
SYNTHETIC DEMONSTRATION ONLY - NOT HUMAN EXPERIMENT RESULTS,1130140,A,0,885.3481754313142,1.0,0,1,mouse
SYNTHETIC DEMONSTRATION ONLY - NOT HUMAN EXPERIMENT RESULTS,1130160,A,0,885.4681081342421,1.0,0,1,mouse
SYNTHETIC DEMONSTRATION ONLY - NOT HUMAN EXPERIMENT RESULTS,1130180,A,0,885.5882473675199,1.0,0,1,mouse
SYNTHETIC DEMONSTRATION ONLY - NOT HUMAN EXPERIMENT RESULTS,1130200,A,0,885.7085914237031,1.0,0,1,mouse
SYNTHETIC DEMONSTRATION ONLY - NOT HUMAN EXPERIMENT RESULTS,1130220,A,0,885.8291385924363,1.0,0,1,mouse
SYNTHETIC DEMONSTRATION ONLY - NOT HUMAN EXPERIMENT RESULTS,1130240,A,0,885.9498871604774,1.0,0,1,mouse
SYNTHETIC DEMONSTRATION ONLY - NOT HUMAN EXPERIMENT RESULTS,1130260,A,0,886.0708354117219,1.0,0,1,mouse
SYNTHETIC DEMONSTRATION ONLY - NOT HUMAN EXPERIMENT RESULTS,1130280,A,0,886.1919816272274,1.0,0,1,mouse
SYNTHETIC DEMONSTRATION ONLY - NOT HUMAN EXPERIMENT RESULTS,1130300,A,0,886.3133240852383,1.0,0,1,mouse
SYNTHETIC DEMONSTRATION ONLY - NOT HUMAN EXPERIMENT RESULTS,1130320,A,0,886.4348610612092,1.0,0,1,mouse
SYNTHETIC DEMONSTRATION ONLY - NOT HUMAN EXPERIMENT RESULTS,1130340,A,0,886.5565908278311,1.0,0,1,mouse
SYNTHETIC DEMONSTRATION ONLY - NOT HUMAN EXPERIMENT RESULTS,1130360,A,0,886.6785116550544,1.0,0,1,mouse
SYNTHETIC DEMONSTRATION ONLY - NOT HUMAN EXPERIMENT RESULTS,1130380,A,0,886.8006218101142,1.0,0,1,mouse
SYNTHETIC DEMONSTRATION ONLY - NOT HUMAN EXPERIMENT RESULTS,1130400,A,0,886.922919557555,1.0,0,1,mouse
SYNTHETIC DEMONSTRATION ONLY - NOT HUMAN EXPERIMENT RESULTS,1130420,A,0,887.0454031592552,1.0,0,1,mouse
SYNTHETIC DEMONSTRATION ONLY - NOT HUMAN EXPERIMENT RESULTS,1130440,A,0,887.1680708744514,1.0,0,1,mouse
SYNTHETIC DEMONSTRATION ONLY - NOT HUMAN EXPERIMENT RESULTS,1130460,A,0,887.2909209597641,1.0,0,1,mouse
SYNTHETIC DEMONSTRATION ONLY - NOT HUMAN EXPERIMENT RESULTS,1130480,A,0,887.4139516692214,1.0,0,1,mouse
SYNTHETIC DEMONSTRATION ONLY - NOT HUMAN EXPERIMENT RESULTS,1130500,A,0,887.537161254285,1.0,0,1,mouse
SYNTHETIC DEMONSTRATION ONLY - NOT HUMAN EXPERIMENT RESULTS,1130520,A,0,887.6605479638737,1.0,0,1,mouse
SYNTHETIC DEMONSTRATION ONLY - NOT HUMAN EXPERIMENT RESULTS,1130540,A,0,887.7841100443891,1.0,0,1,mouse
SYNTHETIC DEMONSTRATION ONLY - NOT HUMAN EXPERIMENT RESULTS,1130560,A,0,887.9078457397409,1.0,0,1,mouse
SYNTHETIC DEMONSTRATION ONLY - NOT HUMAN EXPERIMENT RESULTS,1130580,A,0,888.0317532913708,1.0,0,1,mouse
SYNTHETIC DEMONSTRATION ONLY - NOT HUMAN EXPERIMENT RESULTS,1130600,A,0,888.155830938278,1.0,0,1,mouse
SYNTHETIC DEMONSTRATION ONLY - NOT HUMAN EXPERIMENT RESULTS,1130620,A,0,888.2800769170449,1.0,0,1,mouse
SYNTHETIC DEMONSTRATION ONLY - NOT HUMAN EXPERIMENT RESULTS,1130640,A,0,888.404489461861,1.0,0,1,mouse
SYNTHETIC DEMONSTRATION ONLY - NOT HUMAN EXPERIMENT RESULTS,1130660,A,0,888.5290668045482,1.0,0,1,mouse
SYNTHETIC DEMONSTRATION ONLY - NOT HUMAN EXPERIMENT RESULTS,1130680,A,0,888.6538071745874,1.0,0,1,mouse
SYNTHETIC DEMONSTRATION ONLY - NOT HUMAN EXPERIMENT RESULTS,1130700,A,0,888.7787087991412,1.0,0,1,mouse
SYNTHETIC DEMONSTRATION ONLY - NOT HUMAN EXPERIMENT RESULTS,1130720,A,0,888.9037699030816,1.0,0,1,mouse
SYNTHETIC DEMONSTRATION ONLY - NOT HUMAN EXPERIMENT RESULTS,1130740,A,0,889.0289887090133,1.0,0,1,mouse
SYNTHETIC DEMONSTRATION ONLY - NOT HUMAN EXPERIMENT RESULTS,1130760,A,0,889.1543634372997,1.0,0,1,mouse
SYNTHETIC DEMONSTRATION ONLY - NOT HUMAN EXPERIMENT RESULTS,1130780,A,0,889.2798923060886,1.0,0,1,mouse
SYNTHETIC DEMONSTRATION ONLY - NOT HUMAN EXPERIMENT RESULTS,1130800,A,0,889.4055735313369,1.0,0,1,mouse
SYNTHETIC DEMONSTRATION ONLY - NOT HUMAN EXPERIMENT RESULTS,1130820,A,0,889.5314053268359,1.0,0,1,mouse
SYNTHETIC DEMONSTRATION ONLY - NOT HUMAN EXPERIMENT RESULTS,1130840,A,0,889.6573859042377,1.0,0,1,mouse
SYNTHETIC DEMONSTRATION ONLY - NOT HUMAN EXPERIMENT RESULTS,1130860,A,0,889.7835134730793,1.0,0,1,mouse
SYNTHETIC DEMONSTRATION ONLY - NOT HUMAN EXPERIMENT RESULTS,1130880,A,0,889.9097862408084,1.0,0,1,mouse
SYNTHETIC DEMONSTRATION ONLY - NOT HUMAN EXPERIMENT RESULTS,1130900,A,0,890.03620241281,1.0,0,1,mouse
SYNTHETIC DEMONSTRATION ONLY - NOT HUMAN EXPERIMENT RESULTS,1130920,A,0,890.1627601924303,1.0,0,1,mouse
SYNTHETIC DEMONSTRATION ONLY - NOT HUMAN EXPERIMENT RESULTS,1130940,A,0,890.2894577810027,1.0,0,1,mouse
SYNTHETIC DEMONSTRATION ONLY - NOT HUMAN EXPERIMENT RESULTS,1130960,A,0,890.4162933778747,1.0,0,1,mouse
SYNTHETIC DEMONSTRATION ONLY - NOT HUMAN EXPERIMENT RESULTS,1130980,A,0,890.543265180431,1.0,0,1,mouse
SYNTHETIC DEMONSTRATION ONLY - NOT HUMAN EXPERIMENT RESULTS,1131000,A,0,890.6703713841221,1.0,0,1,mouse
SYNTHETIC DEMONSTRATION ONLY - NOT HUMAN EXPERIMENT RESULTS,1131020,A,0,890.7976101824868,1.0,0,1,mouse
SYNTHETIC DEMONSTRATION ONLY - NOT HUMAN EXPERIMENT RESULTS,1131040,A,0,890.9249797671802,1.0,0,1,mouse
SYNTHETIC DEMONSTRATION ONLY - NOT HUMAN EXPERIMENT RESULTS,1131060,A,0,891.052478327999,1.0,0,1,mouse
SYNTHETIC DEMONSTRATION ONLY - NOT HUMAN EXPERIMENT RESULTS,1131080,A,0,891.180104052906,1.0,0,1,mouse
SYNTHETIC DEMONSTRATION ONLY - NOT HUMAN EXPERIMENT RESULTS,1131100,A,0,891.3078551280572,1.0,0,1,mouse
SYNTHETIC DEMONSTRATION ONLY - NOT HUMAN EXPERIMENT RESULTS,1131120,A,0,891.4357297378273,1.0,0,1,mouse
SYNTHETIC DEMONSTRATION ONLY - NOT HUMAN EXPERIMENT RESULTS,1131140,A,0,891.5637260648349,1.0,0,1,mouse
SYNTHETIC DEMONSTRATION ONLY - NOT HUMAN EXPERIMENT RESULTS,1131160,A,0,891.6918422899686,1.0,0,1,mouse
SYNTHETIC DEMONSTRATION ONLY - NOT HUMAN EXPERIMENT RESULTS,1131180,A,0,891.8200765924138,1.0,0,1,mouse
SYNTHETIC DEMONSTRATION ONLY - NOT HUMAN EXPERIMENT RESULTS,1131200,A,0,891.9484271496766,1.0,0,1,mouse
SYNTHETIC DEMONSTRATION ONLY - NOT HUMAN EXPERIMENT RESULTS,1131220,A,0,892.0768921376122,1.0,0,1,mouse
SYNTHETIC DEMONSTRATION ONLY - NOT HUMAN EXPERIMENT RESULTS,1131240,A,0,892.2054697304482,1.0,0,1,mouse
SYNTHETIC DEMONSTRATION ONLY - NOT HUMAN EXPERIMENT RESULTS,1131260,A,0,892.3341581008124,1.0,0,1,mouse
SYNTHETIC DEMONSTRATION ONLY - NOT HUMAN EXPERIMENT RESULTS,1131280,A,0,892.4629554197586,1.0,0,1,mouse
SYNTHETIC DEMONSTRATION ONLY - NOT HUMAN EXPERIMENT RESULTS,1131300,A,0,892.5918598567914,1.0,0,1,mouse
SYNTHETIC DEMONSTRATION ONLY - NOT HUMAN EXPERIMENT RESULTS,1131320,A,0,892.7208695798937,1.0,0,1,mouse
SYNTHETIC DEMONSTRATION ONLY - NOT HUMAN EXPERIMENT RESULTS,1131340,A,0,892.8499827555517,1.0,0,1,mouse
SYNTHETIC DEMONSTRATION ONLY - NOT HUMAN EXPERIMENT RESULTS,1131360,A,0,892.9791975487813,1.0,0,1,mouse
SYNTHETIC DEMONSTRATION ONLY - NOT HUMAN EXPERIMENT RESULTS,1131380,A,0,893.1085121231542,1.0,0,1,mouse
SYNTHETIC DEMONSTRATION ONLY - NOT HUMAN EXPERIMENT RESULTS,1131400,A,0,893.2379246408243,1.0,0,1,mouse
SYNTHETIC DEMONSTRATION ONLY - NOT HUMAN EXPERIMENT RESULTS,1131420,A,0,893.3674332625532,1.0,0,1,mouse
SYNTHETIC DEMONSTRATION ONLY - NOT HUMAN EXPERIMENT RESULTS,1131440,A,0,893.4970361477365,1.0,0,1,mouse
SYNTHETIC DEMONSTRATION ONLY - NOT HUMAN EXPERIMENT RESULTS,1131460,A,0,893.6267314544305,1.0,0,1,mouse
SYNTHETIC DEMONSTRATION ONLY - NOT HUMAN EXPERIMENT RESULTS,1131480,A,0,893.7565173393779,1.0,0,1,mouse
SYNTHETIC DEMONSTRATION ONLY - NOT HUMAN EXPERIMENT RESULTS,1131500,A,0,893.8863919580339,1.0,0,1,mouse
SYNTHETIC DEMONSTRATION ONLY - NOT HUMAN EXPERIMENT RESULTS,1131520,A,0,894.0163534645926,1.0,0,1,mouse
SYNTHETIC DEMONSTRATION ONLY - NOT HUMAN EXPERIMENT RESULTS,1131540,A,0,894.1464000120134,1.0,0,1,mouse
SYNTHETIC DEMONSTRATION ONLY - NOT HUMAN EXPERIMENT RESULTS,1131560,A,0,894.2765297520469,1.0,0,1,mouse
SYNTHETIC DEMONSTRATION ONLY - NOT HUMAN EXPERIMENT RESULTS,1131580,A,0,894.4067408352619,1.0,0,1,mouse
SYNTHETIC DEMONSTRATION ONLY - NOT HUMAN EXPERIMENT RESULTS,1131600,A,0,894.5370314110701,1.0,0,1,mouse
SYNTHETIC DEMONSTRATION ONLY - NOT HUMAN EXPERIMENT RESULTS,1131620,A,0,894.6673996277542,1.0,0,1,mouse
SYNTHETIC DEMONSTRATION ONLY - NOT HUMAN EXPERIMENT RESULTS,1131640,A,0,894.7978436324935,1.0,0,1,mouse
SYNTHETIC DEMONSTRATION ONLY - NOT HUMAN EXPERIMENT RESULTS,1131660,A,0,894.9283615713895,1.0,0,1,mouse
SYNTHETIC DEMONSTRATION ONLY - NOT HUMAN EXPERIMENT RESULTS,1131680,A,0,895.058951589494,1.0,0,1,mouse
SYNTHETIC DEMONSTRATION ONLY - NOT HUMAN EXPERIMENT RESULTS,1131700,A,0,895.1896118308332,1.0,0,1,mouse
SYNTHETIC DEMONSTRATION ONLY - NOT HUMAN EXPERIMENT RESULTS,1131720,A,0,895.3203404384362,1.0,0,1,mouse
SYNTHETIC DEMONSTRATION ONLY - NOT HUMAN EXPERIMENT RESULTS,1131740,A,0,895.4511355543601,1.0,0,1,mouse
SYNTHETIC DEMONSTRATION ONLY - NOT HUMAN EXPERIMENT RESULTS,1131760,A,0,895.5819953197167,1.0,0,1,mouse
SYNTHETIC DEMONSTRATION ONLY - NOT HUMAN EXPERIMENT RESULTS,1131780,A,0,895.712917874699,1.0,0,1,mouse
SYNTHETIC DEMONSTRATION ONLY - NOT HUMAN EXPERIMENT RESULTS,1131800,A,0,895.8439013586079,1.0,0,1,mouse
SYNTHETIC DEMONSTRATION ONLY - NOT HUMAN EXPERIMENT RESULTS,1131820,A,0,895.9749439098778,1.0,0,1,mouse
SYNTHETIC DEMONSTRATION ONLY - NOT HUMAN EXPERIMENT RESULTS,1131840,A,0,896.1060436661045,1.0,0,1,mouse
SYNTHETIC DEMONSTRATION ONLY - NOT HUMAN EXPERIMENT RESULTS,1131860,A,0,896.23719876407,1.0,0,1,mouse
SYNTHETIC DEMONSTRATION ONLY - NOT HUMAN EXPERIMENT RESULTS,1131880,A,0,896.3684073397696,1.0,0,1,mouse
SYNTHETIC DEMONSTRATION ONLY - NOT HUMAN EXPERIMENT RESULTS,1131900,A,0,896.4996675284399,1.0,0,1,mouse
SYNTHETIC DEMONSTRATION ONLY - NOT HUMAN EXPERIMENT RESULTS,1131920,A,0,896.6309774645827,1.0,0,1,mouse
SYNTHETIC DEMONSTRATION ONLY - NOT HUMAN EXPERIMENT RESULTS,1131940,A,0,896.7623352819926,1.0,0,1,mouse
SYNTHETIC DEMONSTRATION ONLY - NOT HUMAN EXPERIMENT RESULTS,1131960,A,0,896.8937391137852,1.0,0,1,mouse
SYNTHETIC DEMONSTRATION ONLY - NOT HUMAN EXPERIMENT RESULTS,1131980,A,0,897.0251870924203,1.0,0,1,mouse
SYNTHETIC DEMONSTRATION ONLY - NOT HUMAN EXPERIMENT RESULTS,1132000,A,0,897.1566773497318,1.0,0,1,mouse
SYNTHETIC DEMONSTRATION ONLY - NOT HUMAN EXPERIMENT RESULTS,1132020,A,0,897.288208016952,1.0,0,1,mouse
SYNTHETIC DEMONSTRATION ONLY - NOT HUMAN EXPERIMENT RESULTS,1132040,A,0,897.4197772247386,1.0,0,1,mouse
SYNTHETIC DEMONSTRATION ONLY - NOT HUMAN EXPERIMENT RESULTS,1132060,A,0,897.5513831032024,1.0,0,1,mouse
SYNTHETIC DEMONSTRATION ONLY - NOT HUMAN EXPERIMENT RESULTS,1132080,A,0,897.6830237819322,1.0,0,1,mouse
SYNTHETIC DEMONSTRATION ONLY - NOT HUMAN EXPERIMENT RESULTS,1132100,A,0,897.8146973900226,1.0,0,1,mouse
SYNTHETIC DEMONSTRATION ONLY - NOT HUMAN EXPERIMENT RESULTS,1132120,A,0,897.9464020561005,1.0,0,1,mouse
SYNTHETIC DEMONSTRATION ONLY - NOT HUMAN EXPERIMENT RESULTS,1132140,A,0,898.0781359083508,1.0,0,1,mouse
SYNTHETIC DEMONSTRATION ONLY - NOT HUMAN EXPERIMENT RESULTS,1132160,A,0,898.2098970745436,1.0,0,1,mouse
SYNTHETIC DEMONSTRATION ONLY - NOT HUMAN EXPERIMENT RESULTS,1132180,A,0,898.3416836820617,1.0,0,1,mouse
SYNTHETIC DEMONSTRATION ONLY - NOT HUMAN EXPERIMENT RESULTS,1132200,A,0,898.4734938579252,1.0,0,1,mouse
SYNTHETIC DEMONSTRATION ONLY - NOT HUMAN EXPERIMENT RESULTS,1132220,A,0,898.6053257288199,1.0,0,1,mouse
SYNTHETIC DEMONSTRATION ONLY - NOT HUMAN EXPERIMENT RESULTS,1132240,A,0,898.7371774211233,1.0,0,1,mouse
SYNTHETIC DEMONSTRATION ONLY - NOT HUMAN EXPERIMENT RESULTS,1132260,A,0,898.8690470609306,1.0,0,1,mouse
SYNTHETIC DEMONSTRATION ONLY - NOT HUMAN EXPERIMENT RESULTS,1132280,A,0,899.0009327740827,1.0,0,1,mouse
SYNTHETIC DEMONSTRATION ONLY - NOT HUMAN EXPERIMENT RESULTS,1132300,A,0,899.1328326861915,1.0,0,1,mouse
SYNTHETIC DEMONSTRATION ONLY - NOT HUMAN EXPERIMENT RESULTS,1132320,A,0,899.2647449226671,1.0,0,1,mouse
SYNTHETIC DEMONSTRATION ONLY - NOT HUMAN EXPERIMENT RESULTS,1132340,A,0,899.3966676087451,1.0,0,1,mouse
SYNTHETIC DEMONSTRATION ONLY - NOT HUMAN EXPERIMENT RESULTS,1132360,A,0,899.5285988695118,1.0,0,1,mouse
SYNTHETIC DEMONSTRATION ONLY - NOT HUMAN EXPERIMENT RESULTS,1132380,A,0,899.6605368299319,1.0,0,1,mouse
SYNTHETIC DEMONSTRATION ONLY - NOT HUMAN EXPERIMENT RESULTS,1132400,A,0,899.7924796148751,1.0,0,1,mouse
SYNTHETIC DEMONSTRATION ONLY - NOT HUMAN EXPERIMENT RESULTS,1132420,A,0,899.9244253491424,1.0,0,1,mouse
SYNTHETIC DEMONSTRATION ONLY - NOT HUMAN EXPERIMENT RESULTS,1132440,A,0,900.0563721574927,1.0,0,1,mouse
SYNTHETIC DEMONSTRATION ONLY - NOT HUMAN EXPERIMENT RESULTS,1132460,A,0,900.1883181646699,1.0,0,1,mouse
SYNTHETIC DEMONSTRATION ONLY - NOT HUMAN EXPERIMENT RESULTS,1132480,A,0,900.3202614954289,1.0,0,1,mouse
SYNTHETIC DEMONSTRATION ONLY - NOT HUMAN EXPERIMENT RESULTS,1132500,A,0,900.4522002745634,1.0,0,1,mouse
SYNTHETIC DEMONSTRATION ONLY - NOT HUMAN EXPERIMENT RESULTS,1132520,A,0,900.5841326269311,1.0,0,1,mouse
SYNTHETIC DEMONSTRATION ONLY - NOT HUMAN EXPERIMENT RESULTS,1132540,A,0,900.716056677481,1.0,0,1,mouse
SYNTHETIC DEMONSTRATION ONLY - NOT HUMAN EXPERIMENT RESULTS,1132560,A,0,900.8479705512807,1.0,0,1,mouse
SYNTHETIC DEMONSTRATION ONLY - NOT HUMAN EXPERIMENT RESULTS,1132580,A,0,900.9798723735419,1.0,0,1,mouse
SYNTHETIC DEMONSTRATION ONLY - NOT HUMAN EXPERIMENT RESULTS,1132600,A,0,901.1117602696474,1.0,0,1,mouse
SYNTHETIC DEMONSTRATION ONLY - NOT HUMAN EXPERIMENT RESULTS,1132620,A,0,901.243632365179,1.0,0,1,mouse
SYNTHETIC DEMONSTRATION ONLY - NOT HUMAN EXPERIMENT RESULTS,1132640,A,0,901.3754867859416,1.0,0,1,mouse
SYNTHETIC DEMONSTRATION ONLY - NOT HUMAN EXPERIMENT RESULTS,1132660,A,0,901.5073216579924,1.0,0,1,mouse
SYNTHETIC DEMONSTRATION ONLY - NOT HUMAN EXPERIMENT RESULTS,1132680,A,0,901.6391351076661,1.0,0,1,mouse
SYNTHETIC DEMONSTRATION ONLY - NOT HUMAN EXPERIMENT RESULTS,1132700,A,0,901.7709252616014,1.0,0,1,mouse
SYNTHETIC DEMONSTRATION ONLY - NOT HUMAN EXPERIMENT RESULTS,1132720,A,0,901.9026902467691,1.0,0,1,mouse
SYNTHETIC DEMONSTRATION ONLY - NOT HUMAN EXPERIMENT RESULTS,1132740,A,0,902.0344281904967,1.0,0,1,mouse
SYNTHETIC DEMONSTRATION ONLY - NOT HUMAN EXPERIMENT RESULTS,1132760,A,0,902.1661372204962,1.0,0,1,mouse
SYNTHETIC DEMONSTRATION ONLY - NOT HUMAN EXPERIMENT RESULTS,1132780,A,0,902.2978154648914,1.0,0,1,mouse
SYNTHETIC DEMONSTRATION ONLY - NOT HUMAN EXPERIMENT RESULTS,1132800,A,0,902.4294610522425,1.0,0,1,mouse
SYNTHETIC DEMONSTRATION ONLY - NOT HUMAN EXPERIMENT RESULTS,1132820,A,0,902.5610721115744,1.0,0,1,mouse
SYNTHETIC DEMONSTRATION ONLY - NOT HUMAN EXPERIMENT RESULTS,1132840,A,0,902.6926467724028,1.0,0,1,mouse
SYNTHETIC DEMONSTRATION ONLY - NOT HUMAN EXPERIMENT RESULTS,1132860,A,0,902.8241831647601,1.0,0,1,mouse
SYNTHETIC DEMONSTRATION ONLY - NOT HUMAN EXPERIMENT RESULTS,1132880,A,0,902.9556794192234,1.0,0,1,mouse
SYNTHETIC DEMONSTRATION ONLY - NOT HUMAN EXPERIMENT RESULTS,1132900,A,0,903.0871336669397,1.0,0,1,mouse
SYNTHETIC DEMONSTRATION ONLY - NOT HUMAN EXPERIMENT RESULTS,1132920,A,0,903.2185440396535,1.0,0,1,mouse
SYNTHETIC DEMONSTRATION ONLY - NOT HUMAN EXPERIMENT RESULTS,1132940,A,0,903.3499086697319,1.0,0,1,mouse
SYNTHETIC DEMONSTRATION ONLY - NOT HUMAN EXPERIMENT RESULTS,1132960,A,0,903.4812256901931,1.0,0,1,mouse
SYNTHETIC DEMONSTRATION ONLY - NOT HUMAN EXPERIMENT RESULTS,1132980,A,0,903.6124932347316,1.0,0,1,mouse
SYNTHETIC DEMONSTRATION ONLY - NOT HUMAN EXPERIMENT RESULTS,1133000,A,0,903.743709437745,1.0,0,1,mouse
SYNTHETIC DEMONSTRATION ONLY - NOT HUMAN EXPERIMENT RESULTS,1133020,A,0,903.8748724343606,1.0,0,1,mouse
SYNTHETIC DEMONSTRATION ONLY - NOT HUMAN EXPERIMENT RESULTS,1133040,A,0,904.0059803604618,1.0,0,1,mouse
SYNTHETIC DEMONSTRATION ONLY - NOT HUMAN EXPERIMENT RESULTS,1133060,A,0,904.1370313527146,1.0,0,1,mouse
SYNTHETIC DEMONSTRATION ONLY - NOT HUMAN EXPERIMENT RESULTS,1133080,A,0,904.2680235485949,1.0,0,1,mouse
SYNTHETIC DEMONSTRATION ONLY - NOT HUMAN EXPERIMENT RESULTS,1133100,A,0,904.3989550864131,1.0,0,1,mouse
SYNTHETIC DEMONSTRATION ONLY - NOT HUMAN EXPERIMENT RESULTS,1133120,A,0,904.5298241053424,1.0,0,1,mouse
SYNTHETIC DEMONSTRATION ONLY - NOT HUMAN EXPERIMENT RESULTS,1133140,A,0,904.6606287454446,1.0,0,1,mouse
SYNTHETIC DEMONSTRATION ONLY - NOT HUMAN EXPERIMENT RESULTS,1133160,A,0,904.7913671476956,1.0,0,1,mouse
SYNTHETIC DEMONSTRATION ONLY - NOT HUMAN EXPERIMENT RESULTS,1133180,A,0,904.922037454014,1.0,0,1,mouse
SYNTHETIC DEMONSTRATION ONLY - NOT HUMAN EXPERIMENT RESULTS,1133200,A,0,905.0526378072851,1.0,0,1,mouse
SYNTHETIC DEMONSTRATION ONLY - NOT HUMAN EXPERIMENT RESULTS,1133220,A,0,905.183166351389,1.0,0,1,mouse
SYNTHETIC DEMONSTRATION ONLY - NOT HUMAN EXPERIMENT RESULTS,1133240,A,0,905.3136212312261,1.0,0,1,mouse
SYNTHETIC DEMONSTRATION ONLY - NOT HUMAN EXPERIMENT RESULTS,1133260,A,0,905.4440005927436,1.0,0,1,mouse
SYNTHETIC DEMONSTRATION ONLY - NOT HUMAN EXPERIMENT RESULTS,1133280,A,0,905.5743025829626,1.0,0,1,mouse
SYNTHETIC DEMONSTRATION ONLY - NOT HUMAN EXPERIMENT RESULTS,1133300,A,0,905.704525350003,1.0,0,1,mouse
SYNTHETIC DEMONSTRATION ONLY - NOT HUMAN EXPERIMENT RESULTS,1133320,A,0,905.834667043111,1.0,0,1,mouse
SYNTHETIC DEMONSTRATION ONLY - NOT HUMAN EXPERIMENT RESULTS,1133340,A,0,905.9647258126856,1.0,0,1,mouse
SYNTHETIC DEMONSTRATION ONLY - NOT HUMAN EXPERIMENT RESULTS,1133360,A,0,906.0946998103034,1.0,0,1,mouse
SYNTHETIC DEMONSTRATION ONLY - NOT HUMAN EXPERIMENT RESULTS,1133380,A,0,906.224587188746,1.0,0,1,mouse
SYNTHETIC DEMONSTRATION ONLY - NOT HUMAN EXPERIMENT RESULTS,1133400,A,0,906.3543861020268,1.0,0,1,mouse
SYNTHETIC DEMONSTRATION ONLY - NOT HUMAN EXPERIMENT RESULTS,1133420,A,0,906.4840947054155,1.0,0,1,mouse
SYNTHETIC DEMONSTRATION ONLY - NOT HUMAN EXPERIMENT RESULTS,1133440,A,0,906.6137111554657,1.0,0,1,mouse
SYNTHETIC DEMONSTRATION ONLY - NOT HUMAN EXPERIMENT RESULTS,1133460,A,0,906.7432336100411,1.0,0,1,mouse
SYNTHETIC DEMONSTRATION ONLY - NOT HUMAN EXPERIMENT RESULTS,1133480,A,0,906.8726602283405,1.0,0,1,mouse
SYNTHETIC DEMONSTRATION ONLY - NOT HUMAN EXPERIMENT RESULTS,1133500,A,0,907.0019891709255,1.0,0,1,mouse
SYNTHETIC DEMONSTRATION ONLY - NOT HUMAN EXPERIMENT RESULTS,1133520,A,0,907.1312185997456,1.0,0,1,mouse
SYNTHETIC DEMONSTRATION ONLY - NOT HUMAN EXPERIMENT RESULTS,1133540,A,0,907.2603466781641,1.0,0,1,mouse
SYNTHETIC DEMONSTRATION ONLY - NOT HUMAN EXPERIMENT RESULTS,1133560,A,0,907.3893715709858,1.0,0,1,mouse
SYNTHETIC DEMONSTRATION ONLY - NOT HUMAN EXPERIMENT RESULTS,1133580,A,0,907.518291444481,1.0,0,1,mouse
SYNTHETIC DEMONSTRATION ONLY - NOT HUMAN EXPERIMENT RESULTS,1133600,A,0,907.6471044664128,1.0,0,1,mouse
SYNTHETIC DEMONSTRATION ONLY - NOT HUMAN EXPERIMENT RESULTS,1133620,A,0,907.7758088060634,1.0,0,1,mouse
SYNTHETIC DEMONSTRATION ONLY - NOT HUMAN EXPERIMENT RESULTS,1133640,A,0,907.9044026342591,1.0,0,1,mouse
SYNTHETIC DEMONSTRATION ONLY - NOT HUMAN EXPERIMENT RESULTS,1133660,A,0,908.0328841233967,1.0,0,1,mouse
SYNTHETIC DEMONSTRATION ONLY - NOT HUMAN EXPERIMENT RESULTS,1133680,A,0,908.1612514474702,1.0,0,1,mouse
SYNTHETIC DEMONSTRATION ONLY - NOT HUMAN EXPERIMENT RESULTS,1133700,A,0,908.2895027820956,1.0,0,1,mouse
SYNTHETIC DEMONSTRATION ONLY - NOT HUMAN EXPERIMENT RESULTS,1133720,A,0,908.4176363045378,1.0,0,1,mouse
SYNTHETIC DEMONSTRATION ONLY - NOT HUMAN EXPERIMENT RESULTS,1133740,A,0,908.5456501937356,1.0,0,1,mouse
SYNTHETIC DEMONSTRATION ONLY - NOT HUMAN EXPERIMENT RESULTS,1133760,A,0,908.673542630328,1.0,0,1,mouse
SYNTHETIC DEMONSTRATION ONLY - NOT HUMAN EXPERIMENT RESULTS,1133780,A,0,908.801311796681,1.0,0,1,mouse
SYNTHETIC DEMONSTRATION ONLY - NOT HUMAN EXPERIMENT RESULTS,1133800,A,0,908.9289558769117,1.0,0,1,mouse
SYNTHETIC DEMONSTRATION ONLY - NOT HUMAN EXPERIMENT RESULTS,1133820,A,0,909.0564730569148,1.0,0,1,mouse
SYNTHETIC DEMONSTRATION ONLY - NOT HUMAN EXPERIMENT RESULTS,1133840,A,0,909.1838615243894,1.0,0,1,mouse
SYNTHETIC DEMONSTRATION ONLY - NOT HUMAN EXPERIMENT RESULTS,1133860,A,0,909.3111194688632,1.0,0,1,mouse
SYNTHETIC DEMONSTRATION ONLY - NOT HUMAN EXPERIMENT RESULTS,1133880,A,0,909.438245081719,1.0,0,1,mouse
SYNTHETIC DEMONSTRATION ONLY - NOT HUMAN EXPERIMENT RESULTS,1133900,A,0,909.5652365562207,1.0,0,1,mouse
SYNTHETIC DEMONSTRATION ONLY - NOT HUMAN EXPERIMENT RESULTS,1133920,A,0,909.6920920875383,1.0,0,1,mouse
SYNTHETIC DEMONSTRATION ONLY - NOT HUMAN EXPERIMENT RESULTS,1133940,A,0,909.8188098727736,1.0,0,1,mouse
SYNTHETIC DEMONSTRATION ONLY - NOT HUMAN EXPERIMENT RESULTS,1133960,A,0,909.9453881109869,1.0,0,1,mouse
SYNTHETIC DEMONSTRATION ONLY - NOT HUMAN EXPERIMENT RESULTS,1133980,A,0,910.0718250032206,1.0,0,1,mouse
SYNTHETIC DEMONSTRATION ONLY - NOT HUMAN EXPERIMENT RESULTS,1134000,A,0,910.1981187525273,1.0,0,1,mouse
SYNTHETIC DEMONSTRATION ONLY - NOT HUMAN EXPERIMENT RESULTS,1134020,A,0,910.324267563993,1.0,0,1,mouse
SYNTHETIC DEMONSTRATION ONLY - NOT HUMAN EXPERIMENT RESULTS,1134040,A,0,910.4502696447635,1.0,0,1,mouse
SYNTHETIC DEMONSTRATION ONLY - NOT HUMAN EXPERIMENT RESULTS,1134060,A,0,910.5761232040708,1.0,0,1,mouse
SYNTHETIC DEMONSTRATION ONLY - NOT HUMAN EXPERIMENT RESULTS,1134080,A,0,910.7018264532571,1.0,0,1,mouse
SYNTHETIC DEMONSTRATION ONLY - NOT HUMAN EXPERIMENT RESULTS,1134100,A,0,910.8273776058007,1.0,0,1,mouse
SYNTHETIC DEMONSTRATION ONLY - NOT HUMAN EXPERIMENT RESULTS,1134120,A,0,910.9527748773423,1.0,0,1,mouse
SYNTHETIC DEMONSTRATION ONLY - NOT HUMAN EXPERIMENT RESULTS,1134140,A,0,911.0780164857088,1.0,0,1,mouse
SYNTHETIC DEMONSTRATION ONLY - NOT HUMAN EXPERIMENT RESULTS,1134160,A,0,911.2031006509397,1.0,0,1,mouse
SYNTHETIC DEMONSTRATION ONLY - NOT HUMAN EXPERIMENT RESULTS,1134180,A,0,911.3280255953125,1.0,0,1,mouse
SYNTHETIC DEMONSTRATION ONLY - NOT HUMAN EXPERIMENT RESULTS,1134200,A,0,911.4527895433666,1.0,0,1,mouse
SYNTHETIC DEMONSTRATION ONLY - NOT HUMAN EXPERIMENT RESULTS,1134220,A,0,911.5773907219308,1.0,0,1,mouse
SYNTHETIC DEMONSTRATION ONLY - NOT HUMAN EXPERIMENT RESULTS,1134240,A,0,911.701827360146,1.0,0,1,mouse
SYNTHETIC DEMONSTRATION ONLY - NOT HUMAN EXPERIMENT RESULTS,1134260,A,0,911.8260976894924,1.0,0,1,mouse
SYNTHETIC DEMONSTRATION ONLY - NOT HUMAN EXPERIMENT RESULTS,1134280,A,0,911.9501999438136,1.0,0,1,mouse
SYNTHETIC DEMONSTRATION ONLY - NOT HUMAN EXPERIMENT RESULTS,1134300,A,0,912.0741323593417,1.0,0,1,mouse
SYNTHETIC DEMONSTRATION ONLY - NOT HUMAN EXPERIMENT RESULTS,1134320,A,0,912.1978931747227,1.0,0,1,mouse
SYNTHETIC DEMONSTRATION ONLY - NOT HUMAN EXPERIMENT RESULTS,1134340,A,0,912.3214806310417,1.0,0,1,mouse
SYNTHETIC DEMONSTRATION ONLY - NOT HUMAN EXPERIMENT RESULTS,1134360,A,0,912.4448929718474,1.0,0,1,mouse
SYNTHETIC DEMONSTRATION ONLY - NOT HUMAN EXPERIMENT RESULTS,1134380,A,0,912.568128443177,1.0,0,1,mouse
SYNTHETIC DEMONSTRATION ONLY - NOT HUMAN EXPERIMENT RESULTS,1134400,A,0,912.6911852935817,1.0,0,1,mouse
SYNTHETIC DEMONSTRATION ONLY - NOT HUMAN EXPERIMENT RESULTS,1134420,A,0,912.8140617741516,1.0,0,1,mouse
SYNTHETIC DEMONSTRATION ONLY - NOT HUMAN EXPERIMENT RESULTS,1134440,A,0,912.9367561385395,1.0,0,1,mouse
SYNTHETIC DEMONSTRATION ONLY - NOT HUMAN EXPERIMENT RESULTS,1134460,A,0,913.0592666429872,1.0,0,1,mouse
SYNTHETIC DEMONSTRATION ONLY - NOT HUMAN EXPERIMENT RESULTS,1134480,A,0,913.1815915463491,1.0,0,1,mouse
SYNTHETIC DEMONSTRATION ONLY - NOT HUMAN EXPERIMENT RESULTS,1134500,A,0,913.3037291101176,1.0,0,1,mouse
SYNTHETIC DEMONSTRATION ONLY - NOT HUMAN EXPERIMENT RESULTS,1134520,A,0,913.4256775984477,1.0,0,1,mouse
SYNTHETIC DEMONSTRATION ONLY - NOT HUMAN EXPERIMENT RESULTS,1134540,A,0,913.5474352781811,1.0,0,1,mouse
SYNTHETIC DEMONSTRATION ONLY - NOT HUMAN EXPERIMENT RESULTS,1134560,A,0,913.669000418872,1.0,0,1,mouse
SYNTHETIC DEMONSTRATION ONLY - NOT HUMAN EXPERIMENT RESULTS,1134580,A,0,913.7903712928106,1.0,0,1,mouse
SYNTHETIC DEMONSTRATION ONLY - NOT HUMAN EXPERIMENT RESULTS,1134600,A,0,913.9115461750479,1.0,0,1,mouse
SYNTHETIC DEMONSTRATION ONLY - NOT HUMAN EXPERIMENT RESULTS,1134620,A,0,914.032523343421,1.0,0,1,mouse
SYNTHETIC DEMONSTRATION ONLY - NOT HUMAN EXPERIMENT RESULTS,1134640,A,0,914.1533010785762,1.0,0,1,mouse
SYNTHETIC DEMONSTRATION ONLY - NOT HUMAN EXPERIMENT RESULTS,1134660,A,0,914.2738776639945,1.0,0,1,mouse
SYNTHETIC DEMONSTRATION ONLY - NOT HUMAN EXPERIMENT RESULTS,1134680,A,0,914.3942513860161,1.0,0,1,mouse
SYNTHETIC DEMONSTRATION ONLY - NOT HUMAN EXPERIMENT RESULTS,1134700,A,0,914.5144205338636,1.0,0,1,mouse
SYNTHETIC DEMONSTRATION ONLY - NOT HUMAN EXPERIMENT RESULTS,1134720,A,0,914.6343833996677,1.0,0,1,mouse
SYNTHETIC DEMONSTRATION ONLY - NOT HUMAN EXPERIMENT RESULTS,1134740,A,0,914.7541382784906,1.0,0,1,mouse
SYNTHETIC DEMONSTRATION ONLY - NOT HUMAN EXPERIMENT RESULTS,1134760,A,0,914.8736834683498,1.0,0,1,mouse
SYNTHETIC DEMONSTRATION ONLY - NOT HUMAN EXPERIMENT RESULTS,1134780,A,0,914.9930172702442,1.0,0,1,mouse
SYNTHETIC DEMONSTRATION ONLY - NOT HUMAN EXPERIMENT RESULTS,1134800,A,0,915.1121379881761,1.0,0,1,mouse
SYNTHETIC DEMONSTRATION ONLY - NOT HUMAN EXPERIMENT RESULTS,1134820,A,0,915.231043929176,1.0,0,1,mouse
SYNTHETIC DEMONSTRATION ONLY - NOT HUMAN EXPERIMENT RESULTS,1134840,A,0,915.3497334033281,1.0,0,1,mouse
SYNTHETIC DEMONSTRATION ONLY - NOT HUMAN EXPERIMENT RESULTS,1134860,A,0,915.4682047237918,1.0,0,1,mouse
SYNTHETIC DEMONSTRATION ONLY - NOT HUMAN EXPERIMENT RESULTS,1134880,A,0,915.5864562068272,1.0,0,1,mouse
SYNTHETIC DEMONSTRATION ONLY - NOT HUMAN EXPERIMENT RESULTS,1134900,A,0,915.7044861718193,1.0,0,1,mouse
SYNTHETIC DEMONSTRATION ONLY - NOT HUMAN EXPERIMENT RESULTS,1134920,A,0,915.822292941301,1.0,0,1,mouse
SYNTHETIC DEMONSTRATION ONLY - NOT HUMAN EXPERIMENT RESULTS,1134940,A,0,915.939874840977,1.0,0,1,mouse
SYNTHETIC DEMONSTRATION ONLY - NOT HUMAN EXPERIMENT RESULTS,1134960,A,0,916.0572301997488,1.0,0,1,mouse
SYNTHETIC DEMONSTRATION ONLY - NOT HUMAN EXPERIMENT RESULTS,1134980,A,0,916.1743573497365,1.0,0,1,mouse
SYNTHETIC DEMONSTRATION ONLY - NOT HUMAN EXPERIMENT RESULTS,1135000,A,0,916.2912546263044,1.0,0,1,mouse
SYNTHETIC DEMONSTRATION ONLY - NOT HUMAN EXPERIMENT RESULTS,1135020,A,0,916.4079203680833,1.0,0,1,mouse
SYNTHETIC DEMONSTRATION ONLY - NOT HUMAN EXPERIMENT RESULTS,1135040,A,0,916.5243529169945,1.0,0,1,mouse
SYNTHETIC DEMONSTRATION ONLY - NOT HUMAN EXPERIMENT RESULTS,1135060,A,0,916.6405506182743,1.0,0,1,mouse
SYNTHETIC DEMONSTRATION ONLY - NOT HUMAN EXPERIMENT RESULTS,1135080,A,0,916.7565118204959,1.0,0,1,mouse
SYNTHETIC DEMONSTRATION ONLY - NOT HUMAN EXPERIMENT RESULTS,1135100,A,0,916.8722348755936,1.0,0,1,mouse
SYNTHETIC DEMONSTRATION ONLY - NOT HUMAN EXPERIMENT RESULTS,1135120,A,0,916.9877181388872,1.0,0,1,mouse
SYNTHETIC DEMONSTRATION ONLY - NOT HUMAN EXPERIMENT RESULTS,1135140,A,0,917.1029599691036,1.0,0,1,mouse
SYNTHETIC DEMONSTRATION ONLY - NOT HUMAN EXPERIMENT RESULTS,1135160,A,0,917.2179587284011,1.0,0,1,mouse
SYNTHETIC DEMONSTRATION ONLY - NOT HUMAN EXPERIMENT RESULTS,1135180,A,0,917.3327127823933,1.0,0,1,mouse
SYNTHETIC DEMONSTRATION ONLY - NOT HUMAN EXPERIMENT RESULTS,1135200,A,0,917.4472205001706,1.0,0,1,mouse
SYNTHETIC DEMONSTRATION ONLY - NOT HUMAN EXPERIMENT RESULTS,1135220,A,0,917.5614802543253,1.0,0,1,mouse
SYNTHETIC DEMONSTRATION ONLY - NOT HUMAN EXPERIMENT RESULTS,1135240,A,0,917.6754904209731,1.0,0,1,mouse
SYNTHETIC DEMONSTRATION ONLY - NOT HUMAN EXPERIMENT RESULTS,1135260,A,0,917.7892493797771,1.0,0,1,mouse
SYNTHETIC DEMONSTRATION ONLY - NOT HUMAN EXPERIMENT RESULTS,1135280,A,0,917.9027555139709,1.0,0,1,mouse
SYNTHETIC DEMONSTRATION ONLY - NOT HUMAN EXPERIMENT RESULTS,1135300,A,0,918.0160072103811,1.0,0,1,mouse
SYNTHETIC DEMONSTRATION ONLY - NOT HUMAN EXPERIMENT RESULTS,1135320,A,0,918.1290028594501,1.0,0,1,mouse
SYNTHETIC DEMONSTRATION ONLY - NOT HUMAN EXPERIMENT RESULTS,1135340,A,0,918.24174085526,1.0,0,1,mouse
SYNTHETIC DEMONSTRATION ONLY - NOT HUMAN EXPERIMENT RESULTS,1135360,A,0,918.3542195955541,1.0,0,1,mouse
SYNTHETIC DEMONSTRATION ONLY - NOT HUMAN EXPERIMENT RESULTS,1135380,A,0,918.4664374817605,1.0,0,1,mouse
SYNTHETIC DEMONSTRATION ONLY - NOT HUMAN EXPERIMENT RESULTS,1135400,A,0,918.5783929190148,1.0,0,1,mouse
SYNTHETIC DEMONSTRATION ONLY - NOT HUMAN EXPERIMENT RESULTS,1135420,A,0,918.6900843161825,1.0,0,1,mouse
SYNTHETIC DEMONSTRATION ONLY - NOT HUMAN EXPERIMENT RESULTS,1135440,A,0,918.8015100858812,1.0,0,1,mouse
SYNTHETIC DEMONSTRATION ONLY - NOT HUMAN EXPERIMENT RESULTS,1135460,A,0,918.9126686445045,1.0,0,1,mouse
SYNTHETIC DEMONSTRATION ONLY - NOT HUMAN EXPERIMENT RESULTS,1135480,A,0,919.0235584122429,1.0,0,1,mouse
SYNTHETIC DEMONSTRATION ONLY - NOT HUMAN EXPERIMENT RESULTS,1135500,A,0,919.1341778131077,1.0,0,1,mouse
SYNTHETIC DEMONSTRATION ONLY - NOT HUMAN EXPERIMENT RESULTS,1135520,A,0,919.2445252749523,1.0,0,1,mouse
SYNTHETIC DEMONSTRATION ONLY - NOT HUMAN EXPERIMENT RESULTS,1135540,A,0,919.3545992294945,1.0,0,1,mouse
SYNTHETIC DEMONSTRATION ONLY - NOT HUMAN EXPERIMENT RESULTS,1135560,A,0,919.4643981123404,1.0,0,1,mouse
SYNTHETIC DEMONSTRATION ONLY - NOT HUMAN EXPERIMENT RESULTS,1135580,A,0,919.5739203630045,1.0,0,1,mouse
SYNTHETIC DEMONSTRATION ONLY - NOT HUMAN EXPERIMENT RESULTS,1135600,A,0,919.6831644249332,1.0,0,1,mouse
SYNTHETIC DEMONSTRATION ONLY - NOT HUMAN EXPERIMENT RESULTS,1135620,A,0,919.7921287455268,1.0,0,1,mouse
SYNTHETIC DEMONSTRATION ONLY - NOT HUMAN EXPERIMENT RESULTS,1135640,A,0,919.9008117761609,1.0,0,1,mouse
SYNTHETIC DEMONSTRATION ONLY - NOT HUMAN EXPERIMENT RESULTS,1135660,A,0,920.0092119722091,1.0,0,1,mouse
SYNTHETIC DEMONSTRATION ONLY - NOT HUMAN EXPERIMENT RESULTS,1135680,A,0,920.1173277930645,1.0,0,1,mouse
SYNTHETIC DEMONSTRATION ONLY - NOT HUMAN EXPERIMENT RESULTS,1135700,A,0,920.2251577021623,1.0,0,1,mouse
SYNTHETIC DEMONSTRATION ONLY - NOT HUMAN EXPERIMENT RESULTS,1135720,A,0,920.3327001670008,1.0,0,1,mouse
SYNTHETIC DEMONSTRATION ONLY - NOT HUMAN EXPERIMENT RESULTS,1135740,A,0,920.4399536591632,1.0,0,1,mouse
SYNTHETIC DEMONSTRATION ONLY - NOT HUMAN EXPERIMENT RESULTS,1135760,A,0,920.5469166543402,1.0,0,1,mouse
SYNTHETIC DEMONSTRATION ONLY - NOT HUMAN EXPERIMENT RESULTS,1135780,A,0,920.6535876323509,1.0,0,1,mouse
SYNTHETIC DEMONSTRATION ONLY - NOT HUMAN EXPERIMENT RESULTS,1135800,A,0,920.7599650771643,1.0,0,1,mouse
SYNTHETIC DEMONSTRATION ONLY - NOT HUMAN EXPERIMENT RESULTS,1135820,A,0,920.8660474769218,1.0,0,1,mouse
SYNTHETIC DEMONSTRATION ONLY - NOT HUMAN EXPERIMENT RESULTS,1135840,A,0,920.9718333239576,1.0,0,1,mouse
SYNTHETIC DEMONSTRATION ONLY - NOT HUMAN EXPERIMENT RESULTS,1135860,A,0,921.0773211148206,1.0,0,1,mouse
SYNTHETIC DEMONSTRATION ONLY - NOT HUMAN EXPERIMENT RESULTS,1135880,A,0,921.1825093502957,1.0,0,1,mouse
SYNTHETIC DEMONSTRATION ONLY - NOT HUMAN EXPERIMENT RESULTS,1135900,A,0,921.2873965354254,1.0,0,1,mouse
SYNTHETIC DEMONSTRATION ONLY - NOT HUMAN EXPERIMENT RESULTS,1135920,A,0,921.3919811795307,1.0,0,1,mouse
SYNTHETIC DEMONSTRATION ONLY - NOT HUMAN EXPERIMENT RESULTS,1135940,A,0,921.4962617962319,1.0,0,1,mouse
SYNTHETIC DEMONSTRATION ONLY - NOT HUMAN EXPERIMENT RESULTS,1135960,A,0,921.6002369034711,1.0,0,1,mouse
SYNTHETIC DEMONSTRATION ONLY - NOT HUMAN EXPERIMENT RESULTS,1135980,A,0,921.7039050235315,1.0,0,1,mouse
SYNTHETIC DEMONSTRATION ONLY - NOT HUMAN EXPERIMENT RESULTS,1136000,A,0,921.8072646830599,1.0,0,1,mouse
SYNTHETIC DEMONSTRATION ONLY - NOT HUMAN EXPERIMENT RESULTS,1136020,A,0,921.9103144130868,1.0,0,1,mouse
SYNTHETIC DEMONSTRATION ONLY - NOT HUMAN EXPERIMENT RESULTS,1136040,A,0,922.013052749047,1.0,0,1,mouse
SYNTHETIC DEMONSTRATION ONLY - NOT HUMAN EXPERIMENT RESULTS,1136060,A,0,922.1154782308018,1.0,0,1,mouse
SYNTHETIC DEMONSTRATION ONLY - NOT HUMAN EXPERIMENT RESULTS,1136080,A,0,922.2175894026583,1.0,0,1,mouse
SYNTHETIC DEMONSTRATION ONLY - NOT HUMAN EXPERIMENT RESULTS,1136100,A,0,922.3193848133903,1.0,0,1,mouse
SYNTHETIC DEMONSTRATION ONLY - NOT HUMAN EXPERIMENT RESULTS,1136120,A,0,922.4208630162603,1.0,0,1,mouse
SYNTHETIC DEMONSTRATION ONLY - NOT HUMAN EXPERIMENT RESULTS,1136140,A,0,922.5220225690382,1.0,0,1,mouse
SYNTHETIC DEMONSTRATION ONLY - NOT HUMAN EXPERIMENT RESULTS,1136160,A,0,922.6228620340225,1.0,0,1,mouse
SYNTHETIC DEMONSTRATION ONLY - NOT HUMAN EXPERIMENT RESULTS,1136180,A,0,922.7233799780618,1.0,0,1,mouse
SYNTHETIC DEMONSTRATION ONLY - NOT HUMAN EXPERIMENT RESULTS,1136200,A,0,922.8235749725729,1.0,0,1,mouse
SYNTHETIC DEMONSTRATION ONLY - NOT HUMAN EXPERIMENT RESULTS,1136220,A,0,922.9234455935639,1.0,0,1,mouse
SYNTHETIC DEMONSTRATION ONLY - NOT HUMAN EXPERIMENT RESULTS,1136240,A,0,923.0229904216518,1.0,0,1,mouse
SYNTHETIC DEMONSTRATION ONLY - NOT HUMAN EXPERIMENT RESULTS,1136260,A,0,923.1222080420841,1.0,0,1,mouse
SYNTHETIC DEMONSTRATION ONLY - NOT HUMAN EXPERIMENT RESULTS,1136280,A,0,923.2210970447592,1.0,0,1,mouse
SYNTHETIC DEMONSTRATION ONLY - NOT HUMAN EXPERIMENT RESULTS,1136300,A,0,923.3196560242452,1.0,0,1,mouse
SYNTHETIC DEMONSTRATION ONLY - NOT HUMAN EXPERIMENT RESULTS,1136320,A,0,923.4178835798008,1.0,0,1,mouse
SYNTHETIC DEMONSTRATION ONLY - NOT HUMAN EXPERIMENT RESULTS,1136340,A,0,923.5157783153952,1.0,0,1,mouse
SYNTHETIC DEMONSTRATION ONLY - NOT HUMAN EXPERIMENT RESULTS,1136360,A,0,923.6133388397276,1.0,0,1,mouse
SYNTHETIC DEMONSTRATION ONLY - NOT HUMAN EXPERIMENT RESULTS,1136380,A,0,923.7105637662465,1.0,0,1,mouse
SYNTHETIC DEMONSTRATION ONLY - NOT HUMAN EXPERIMENT RESULTS,1136400,A,0,923.8074517131711,1.0,0,1,mouse
SYNTHETIC DEMONSTRATION ONLY - NOT HUMAN EXPERIMENT RESULTS,1136420,A,0,923.904001303509,1.0,0,1,mouse
SYNTHETIC DEMONSTRATION ONLY - NOT HUMAN EXPERIMENT RESULTS,1136440,A,0,924.0002111650764,1.0,0,1,mouse
SYNTHETIC DEMONSTRATION ONLY - NOT HUMAN EXPERIMENT RESULTS,1136460,A,0,924.0960799305188,1.0,0,1,mouse
SYNTHETIC DEMONSTRATION ONLY - NOT HUMAN EXPERIMENT RESULTS,1136480,A,0,924.1916062373284,1.0,0,1,mouse
SYNTHETIC DEMONSTRATION ONLY - NOT HUMAN EXPERIMENT RESULTS,1136500,A,0,924.2867887278653,1.0,0,1,mouse
SYNTHETIC DEMONSTRATION ONLY - NOT HUMAN EXPERIMENT RESULTS,1136520,A,0,924.3816260493754,1.0,0,1,mouse
SYNTHETIC DEMONSTRATION ONLY - NOT HUMAN EXPERIMENT RESULTS,1136540,A,0,924.4761168540105,1.0,0,1,mouse
SYNTHETIC DEMONSTRATION ONLY - NOT HUMAN EXPERIMENT RESULTS,1136560,A,0,924.570259798847,1.0,0,1,mouse
SYNTHETIC DEMONSTRATION ONLY - NOT HUMAN EXPERIMENT RESULTS,1136580,A,0,924.6640535459055,1.0,0,1,mouse
SYNTHETIC DEMONSTRATION ONLY - NOT HUMAN EXPERIMENT RESULTS,1136600,A,0,924.7574967621689,1.0,0,1,mouse
SYNTHETIC DEMONSTRATION ONLY - NOT HUMAN EXPERIMENT RESULTS,1136620,A,0,924.8505881196027,1.0,0,1,mouse
SYNTHETIC DEMONSTRATION ONLY - NOT HUMAN EXPERIMENT RESULTS,1136640,A,0,924.9433262951723,1.0,0,1,mouse
SYNTHETIC DEMONSTRATION ONLY - NOT HUMAN EXPERIMENT RESULTS,1136660,A,0,925.035709970863,1.0,0,1,mouse
SYNTHETIC DEMONSTRATION ONLY - NOT HUMAN EXPERIMENT RESULTS,1136680,A,0,925.1277378336983,1.0,0,1,mouse
SYNTHETIC DEMONSTRATION ONLY - NOT HUMAN EXPERIMENT RESULTS,1136700,A,0,925.2194085757588,1.0,0,1,mouse
SYNTHETIC DEMONSTRATION ONLY - NOT HUMAN EXPERIMENT RESULTS,1136720,A,0,925.3107208942,1.0,0,1,mouse
SYNTHETIC DEMONSTRATION ONLY - NOT HUMAN EXPERIMENT RESULTS,1136740,A,0,925.4016734912719,1.0,0,1,mouse
SYNTHETIC DEMONSTRATION ONLY - NOT HUMAN EXPERIMENT RESULTS,1136760,A,0,925.4922650743367,1.0,0,1,mouse
SYNTHETIC DEMONSTRATION ONLY - NOT HUMAN EXPERIMENT RESULTS,1136780,A,0,925.5824943558877,1.0,0,1,mouse
SYNTHETIC DEMONSTRATION ONLY - NOT HUMAN EXPERIMENT RESULTS,1136800,A,0,925.6723600535669,1.0,0,1,mouse
SYNTHETIC DEMONSTRATION ONLY - NOT HUMAN EXPERIMENT RESULTS,1136820,A,0,925.7618608901836,1.0,0,1,mouse
SYNTHETIC DEMONSTRATION ONLY - NOT HUMAN EXPERIMENT RESULTS,1136840,A,0,925.8509955937332,1.0,0,1,mouse
SYNTHETIC DEMONSTRATION ONLY - NOT HUMAN EXPERIMENT RESULTS,1136860,A,0,925.9397628974141,1.0,0,1,mouse
SYNTHETIC DEMONSTRATION ONLY - NOT HUMAN EXPERIMENT RESULTS,1136880,A,0,926.0281615396464,1.0,0,1,mouse
SYNTHETIC DEMONSTRATION ONLY - NOT HUMAN EXPERIMENT RESULTS,1136900,A,0,926.1161902640897,1.0,0,1,mouse
SYNTHETIC DEMONSTRATION ONLY - NOT HUMAN EXPERIMENT RESULTS,1136920,A,0,926.2038478196611,1.0,0,1,mouse
SYNTHETIC DEMONSTRATION ONLY - NOT HUMAN EXPERIMENT RESULTS,1136940,A,0,926.2911329605525,1.0,0,1,mouse
SYNTHETIC DEMONSTRATION ONLY - NOT HUMAN EXPERIMENT RESULTS,1136960,A,0,926.3780444462492,1.0,0,1,mouse
SYNTHETIC DEMONSTRATION ONLY - NOT HUMAN EXPERIMENT RESULTS,1136980,A,0,926.4645810415461,1.0,0,1,mouse
SYNTHETIC DEMONSTRATION ONLY - NOT HUMAN EXPERIMENT RESULTS,1137000,A,0,926.5507415165672,1.0,0,1,mouse
SYNTHETIC DEMONSTRATION ONLY - NOT HUMAN EXPERIMENT RESULTS,1137020,A,0,926.6365246467809,1.0,0,1,mouse
SYNTHETIC DEMONSTRATION ONLY - NOT HUMAN EXPERIMENT RESULTS,1137040,A,0,926.7219292130194,1.0,0,1,mouse
SYNTHETIC DEMONSTRATION ONLY - NOT HUMAN EXPERIMENT RESULTS,1137060,A,0,926.8069540014947,1.0,0,1,mouse
SYNTHETIC DEMONSTRATION ONLY - NOT HUMAN EXPERIMENT RESULTS,1137080,A,0,926.8915978038162,1.0,0,1,mouse
SYNTHETIC DEMONSTRATION ONLY - NOT HUMAN EXPERIMENT RESULTS,1137100,A,0,926.9758594170082,1.0,0,1,mouse
SYNTHETIC DEMONSTRATION ONLY - NOT HUMAN EXPERIMENT RESULTS,1137120,A,0,927.0597376435268,1.0,0,1,mouse
SYNTHETIC DEMONSTRATION ONLY - NOT HUMAN EXPERIMENT RESULTS,1137140,A,0,927.1432312912765,1.0,0,1,mouse
SYNTHETIC DEMONSTRATION ONLY - NOT HUMAN EXPERIMENT RESULTS,1137160,A,0,927.2263391736279,1.0,0,1,mouse
SYNTHETIC DEMONSTRATION ONLY - NOT HUMAN EXPERIMENT RESULTS,1137180,A,0,927.309060109434,1.0,0,1,mouse
SYNTHETIC DEMONSTRATION ONLY - NOT HUMAN EXPERIMENT RESULTS,1137200,A,0,927.3913929230472,1.0,0,1,mouse
SYNTHETIC DEMONSTRATION ONLY - NOT HUMAN EXPERIMENT RESULTS,1137220,A,0,927.4733364443359,1.0,0,1,mouse
SYNTHETIC DEMONSTRATION ONLY - NOT HUMAN EXPERIMENT RESULTS,1137240,A,0,927.5548895087014,1.0,0,1,mouse
SYNTHETIC DEMONSTRATION ONLY - NOT HUMAN EXPERIMENT RESULTS,1137260,A,0,927.6360509570942,1.0,0,1,mouse
SYNTHETIC DEMONSTRATION ONLY - NOT HUMAN EXPERIMENT RESULTS,1137280,A,0,927.7168196360302,1.0,0,1,mouse
SYNTHETIC DEMONSTRATION ONLY - NOT HUMAN EXPERIMENT RESULTS,1137300,A,0,927.797194397608,1.0,0,1,mouse
SYNTHETIC DEMONSTRATION ONLY - NOT HUMAN EXPERIMENT RESULTS,1137320,A,0,927.877174099524,1.0,0,1,mouse
SYNTHETIC DEMONSTRATION ONLY - NOT HUMAN EXPERIMENT RESULTS,1137340,A,0,927.9567576050898,1.0,0,1,mouse
SYNTHETIC DEMONSTRATION ONLY - NOT HUMAN EXPERIMENT RESULTS,1137360,A,0,928.0359437832477,1.0,0,1,mouse
SYNTHETIC DEMONSTRATION ONLY - NOT HUMAN EXPERIMENT RESULTS,1137380,A,0,928.1147315085866,1.0,0,1,mouse
SYNTHETIC DEMONSTRATION ONLY - NOT HUMAN EXPERIMENT RESULTS,1137400,A,0,928.1931196613589,1.0,0,1,mouse
SYNTHETIC DEMONSTRATION ONLY - NOT HUMAN EXPERIMENT RESULTS,1137420,A,0,928.271107127495,1.0,0,1,mouse
SYNTHETIC DEMONSTRATION ONLY - NOT HUMAN EXPERIMENT RESULTS,1137440,A,0,928.3486927986205,1.0,0,1,mouse
SYNTHETIC DEMONSTRATION ONLY - NOT HUMAN EXPERIMENT RESULTS,1137460,A,0,928.4258755720715,1.0,0,1,mouse
SYNTHETIC DEMONSTRATION ONLY - NOT HUMAN EXPERIMENT RESULTS,1137480,A,0,928.5026543509098,1.0,0,1,mouse
SYNTHETIC DEMONSTRATION ONLY - NOT HUMAN EXPERIMENT RESULTS,1137500,A,0,928.5790280439389,1.0,0,1,mouse
SYNTHETIC DEMONSTRATION ONLY - NOT HUMAN EXPERIMENT RESULTS,1137520,A,0,928.6549955657198,1.0,0,1,mouse
SYNTHETIC DEMONSTRATION ONLY - NOT HUMAN EXPERIMENT RESULTS,1137540,A,0,928.7305558365855,1.0,0,1,mouse
SYNTHETIC DEMONSTRATION ONLY - NOT HUMAN EXPERIMENT RESULTS,1137560,A,0,928.8057077826577,1.0,0,1,mouse
SYNTHETIC DEMONSTRATION ONLY - NOT HUMAN EXPERIMENT RESULTS,1137580,A,0,928.8804503358608,1.0,0,1,mouse
SYNTHETIC DEMONSTRATION ONLY - NOT HUMAN EXPERIMENT RESULTS,1137600,A,0,928.9547824339373,1.0,0,1,mouse
SYNTHETIC DEMONSTRATION ONLY - NOT HUMAN EXPERIMENT RESULTS,1137620,A,0,929.0287030204641,1.0,0,1,mouse
SYNTHETIC DEMONSTRATION ONLY - NOT HUMAN EXPERIMENT RESULTS,1137640,A,0,929.1022110448658,1.0,0,1,mouse
SYNTHETIC DEMONSTRATION ONLY - NOT HUMAN EXPERIMENT RESULTS,1137660,A,0,929.1753054624305,1.0,0,1,mouse
SYNTHETIC DEMONSTRATION ONLY - NOT HUMAN EXPERIMENT RESULTS,1137680,A,0,929.247985234325,1.0,0,1,mouse
SYNTHETIC DEMONSTRATION ONLY - NOT HUMAN EXPERIMENT RESULTS,1137700,A,0,929.3202493276088,1.0,0,1,mouse
SYNTHETIC DEMONSTRATION ONLY - NOT HUMAN EXPERIMENT RESULTS,1137720,A,0,929.392096715249,1.0,0,1,mouse
SYNTHETIC DEMONSTRATION ONLY - NOT HUMAN EXPERIMENT RESULTS,1137740,A,0,929.4635263761354,1.0,0,1,mouse
SYNTHETIC DEMONSTRATION ONLY - NOT HUMAN EXPERIMENT RESULTS,1137760,A,0,929.5345372950942,1.0,0,1,mouse
SYNTHETIC DEMONSTRATION ONLY - NOT HUMAN EXPERIMENT RESULTS,1137780,A,0,929.6051284629033,1.0,0,1,mouse
SYNTHETIC DEMONSTRATION ONLY - NOT HUMAN EXPERIMENT RESULTS,1137800,A,0,929.6752988763059,1.0,0,1,mouse
SYNTHETIC DEMONSTRATION ONLY - NOT HUMAN EXPERIMENT RESULTS,1137820,A,0,929.7450475380248,1.0,0,1,mouse
SYNTHETIC DEMONSTRATION ONLY - NOT HUMAN EXPERIMENT RESULTS,1137840,A,0,929.8143734567776,1.0,0,1,mouse
SYNTHETIC DEMONSTRATION ONLY - NOT HUMAN EXPERIMENT RESULTS,1137860,A,0,929.8832756472892,1.0,0,1,mouse
SYNTHETIC DEMONSTRATION ONLY - NOT HUMAN EXPERIMENT RESULTS,1137880,A,0,929.951753130307,1.0,0,1,mouse
SYNTHETIC DEMONSTRATION ONLY - NOT HUMAN EXPERIMENT RESULTS,1137900,A,0,930.0198049326145,1.0,0,1,mouse
SYNTHETIC DEMONSTRATION ONLY - NOT HUMAN EXPERIMENT RESULTS,1137920,A,0,930.087430087045,1.0,0,1,mouse
SYNTHETIC DEMONSTRATION ONLY - NOT HUMAN EXPERIMENT RESULTS,1137940,A,0,930.1546276324952,1.0,0,1,mouse
SYNTHETIC DEMONSTRATION ONLY - NOT HUMAN EXPERIMENT RESULTS,1137960,A,0,930.2213966139394,1.0,0,1,mouse
SYNTHETIC DEMONSTRATION ONLY - NOT HUMAN EXPERIMENT RESULTS,1137980,A,0,930.2877360824423,1.0,0,1,mouse
SYNTHETIC DEMONSTRATION ONLY - NOT HUMAN EXPERIMENT RESULTS,1138000,A,0,930.3536450951736,1.0,0,1,mouse
SYNTHETIC DEMONSTRATION ONLY - NOT HUMAN EXPERIMENT RESULTS,1138020,A,0,930.4191227154201,1.0,0,1,mouse
SYNTHETIC DEMONSTRATION ONLY - NOT HUMAN EXPERIMENT RESULTS,1138040,A,0,930.4841680125999,1.0,0,1,mouse
SYNTHETIC DEMONSTRATION ONLY - NOT HUMAN EXPERIMENT RESULTS,1138060,A,0,930.5487800622753,1.0,0,1,mouse
SYNTHETIC DEMONSTRATION ONLY - NOT HUMAN EXPERIMENT RESULTS,1138080,A,0,930.6129579461663,1.0,0,1,mouse
SYNTHETIC DEMONSTRATION ONLY - NOT HUMAN EXPERIMENT RESULTS,1138100,A,0,930.6767007521628,1.0,0,1,mouse
SYNTHETIC DEMONSTRATION ONLY - NOT HUMAN EXPERIMENT RESULTS,1138120,A,0,930.7400075743386,1.0,0,1,mouse
SYNTHETIC DEMONSTRATION ONLY - NOT HUMAN EXPERIMENT RESULTS,1138140,A,0,930.8028775129637,1.0,0,1,mouse
SYNTHETIC DEMONSTRATION ONLY - NOT HUMAN EXPERIMENT RESULTS,1138160,A,0,930.8653096745168,1.0,0,1,mouse
SYNTHETIC DEMONSTRATION ONLY - NOT HUMAN EXPERIMENT RESULTS,1138180,A,0,930.9273031716991,1.0,0,1,mouse
SYNTHETIC DEMONSTRATION ONLY - NOT HUMAN EXPERIMENT RESULTS,1138200,A,0,930.9888571234455,1.0,0,1,mouse
SYNTHETIC DEMONSTRATION ONLY - NOT HUMAN EXPERIMENT RESULTS,1138220,A,0,931.0499706549381,1.0,0,1,mouse
SYNTHETIC DEMONSTRATION ONLY - NOT HUMAN EXPERIMENT RESULTS,1138240,A,0,931.1106428976186,1.0,0,1,mouse
SYNTHETIC DEMONSTRATION ONLY - NOT HUMAN EXPERIMENT RESULTS,1138260,A,0,931.1708729891998,1.0,0,1,mouse
SYNTHETIC DEMONSTRATION ONLY - NOT HUMAN EXPERIMENT RESULTS,1138280,A,0,931.230660073679,1.0,0,1,mouse
SYNTHETIC DEMONSTRATION ONLY - NOT HUMAN EXPERIMENT RESULTS,1138300,A,0,931.2900033013493,1.0,0,1,mouse
SYNTHETIC DEMONSTRATION ONLY - NOT HUMAN EXPERIMENT RESULTS,1138320,A,0,931.348901828812,1.0,0,1,mouse
SYNTHETIC DEMONSTRATION ONLY - NOT HUMAN EXPERIMENT RESULTS,1138340,A,0,931.4073548189889,1.0,0,1,mouse
SYNTHETIC DEMONSTRATION ONLY - NOT HUMAN EXPERIMENT RESULTS,1138360,A,0,931.4653614411335,1.0,0,1,mouse
SYNTHETIC DEMONSTRATION ONLY - NOT HUMAN EXPERIMENT RESULTS,1138380,A,0,931.5229208708431,1.0,0,1,mouse
SYNTHETIC DEMONSTRATION ONLY - NOT HUMAN EXPERIMENT RESULTS,1138400,A,0,931.5800322900711,1.0,0,1,mouse
SYNTHETIC DEMONSTRATION ONLY - NOT HUMAN EXPERIMENT RESULTS,1138420,A,0,931.6366948871378,1.0,0,1,mouse
SYNTHETIC DEMONSTRATION ONLY - NOT HUMAN EXPERIMENT RESULTS,1138440,A,0,931.692907856742,1.0,0,1,mouse
SYNTHETIC DEMONSTRATION ONLY - NOT HUMAN EXPERIMENT RESULTS,1138460,A,0,931.7486703999732,1.0,0,1,mouse
SYNTHETIC DEMONSTRATION ONLY - NOT HUMAN EXPERIMENT RESULTS,1138480,A,0,931.803981724322,1.0,0,1,mouse
SYNTHETIC DEMONSTRATION ONLY - NOT HUMAN EXPERIMENT RESULTS,1138500,A,0,931.8588410436925,1.0,0,1,mouse
SYNTHETIC DEMONSTRATION ONLY - NOT HUMAN EXPERIMENT RESULTS,1138520,A,0,931.9132475784119,1.0,0,1,mouse
SYNTHETIC DEMONSTRATION ONLY - NOT HUMAN EXPERIMENT RESULTS,1138540,A,0,931.967200555243,1.0,0,1,mouse
SYNTHETIC DEMONSTRATION ONLY - NOT HUMAN EXPERIMENT RESULTS,1138560,A,0,932.0206992073947,1.0,0,1,mouse
SYNTHETIC DEMONSTRATION ONLY - NOT HUMAN EXPERIMENT RESULTS,1138580,A,0,932.0737427745328,1.0,0,1,mouse
SYNTHETIC DEMONSTRATION ONLY - NOT HUMAN EXPERIMENT RESULTS,1138600,A,0,932.1263305027906,1.0,0,1,mouse
SYNTHETIC DEMONSTRATION ONLY - NOT HUMAN EXPERIMENT RESULTS,1138620,A,0,932.17846164478,1.0,0,1,mouse
SYNTHETIC DEMONSTRATION ONLY - NOT HUMAN EXPERIMENT RESULTS,1138640,A,0,932.2301354596024,1.0,0,1,mouse
SYNTHETIC DEMONSTRATION ONLY - NOT HUMAN EXPERIMENT RESULTS,1138660,A,0,932.2813512128583,1.0,0,1,mouse
SYNTHETIC DEMONSTRATION ONLY - NOT HUMAN EXPERIMENT RESULTS,1138680,A,0,932.3321081766585,1.0,0,1,mouse
SYNTHETIC DEMONSTRATION ONLY - NOT HUMAN EXPERIMENT RESULTS,1138700,A,0,932.3824056296343,1.0,0,1,mouse
SYNTHETIC DEMONSTRATION ONLY - NOT HUMAN EXPERIMENT RESULTS,1138720,A,0,932.4322428569474,1.0,0,1,mouse
SYNTHETIC DEMONSTRATION ONLY - NOT HUMAN EXPERIMENT RESULTS,1138740,A,0,932.4816191503005,1.0,0,1,mouse
SYNTHETIC DEMONSTRATION ONLY - NOT HUMAN EXPERIMENT RESULTS,1138760,A,0,932.5305338079473,1.0,0,1,mouse
SYNTHETIC DEMONSTRATION ONLY - NOT HUMAN EXPERIMENT RESULTS,1138780,A,0,932.5789861347023,1.0,0,1,mouse
SYNTHETIC DEMONSTRATION ONLY - NOT HUMAN EXPERIMENT RESULTS,1138800,A,0,932.6269754419504,1.0,0,1,mouse
SYNTHETIC DEMONSTRATION ONLY - NOT HUMAN EXPERIMENT RESULTS,1138820,A,0,932.6745010476576,1.0,0,1,mouse
SYNTHETIC DEMONSTRATION ONLY - NOT HUMAN EXPERIMENT RESULTS,1138840,A,0,932.7215622763797,1.0,0,1,mouse
SYNTHETIC DEMONSTRATION ONLY - NOT HUMAN EXPERIMENT RESULTS,1138860,A,0,932.7681584592725,1.0,0,1,mouse
SYNTHETIC DEMONSTRATION ONLY - NOT HUMAN EXPERIMENT RESULTS,1138880,A,0,932.814288934101,1.0,0,1,mouse
SYNTHETIC DEMONSTRATION ONLY - NOT HUMAN EXPERIMENT RESULTS,1138900,A,0,932.8599530452493,1.0,0,1,mouse
SYNTHETIC DEMONSTRATION ONLY - NOT HUMAN EXPERIMENT RESULTS,1138920,A,0,932.9051501437291,1.0,0,1,mouse
SYNTHETIC DEMONSTRATION ONLY - NOT HUMAN EXPERIMENT RESULTS,1138940,A,0,932.9498795871896,1.0,0,1,mouse
SYNTHETIC DEMONSTRATION ONLY - NOT HUMAN EXPERIMENT RESULTS,1138960,A,0,932.9941407399265,1.0,0,1,mouse
SYNTHETIC DEMONSTRATION ONLY - NOT HUMAN EXPERIMENT RESULTS,1138980,A,0,933.0379329728906,1.0,0,1,mouse
SYNTHETIC DEMONSTRATION ONLY - NOT HUMAN EXPERIMENT RESULTS,1139000,A,0,933.0812556636977,1.0,0,1,mouse
SYNTHETIC DEMONSTRATION ONLY - NOT HUMAN EXPERIMENT RESULTS,1139020,A,0,933.1241081966363,1.0,0,1,mouse
SYNTHETIC DEMONSTRATION ONLY - NOT HUMAN EXPERIMENT RESULTS,1139040,A,0,933.1664899626769,1.0,0,1,mouse
SYNTHETIC DEMONSTRATION ONLY - NOT HUMAN EXPERIMENT RESULTS,1139060,A,0,933.2084003594811,1.0,0,1,mouse
SYNTHETIC DEMONSTRATION ONLY - NOT HUMAN EXPERIMENT RESULTS,1139080,A,0,933.249838791409,1.0,0,1,mouse
SYNTHETIC DEMONSTRATION ONLY - NOT HUMAN EXPERIMENT RESULTS,1139100,A,0,933.290804669529,1.0,0,1,mouse
SYNTHETIC DEMONSTRATION ONLY - NOT HUMAN EXPERIMENT RESULTS,1139120,A,0,933.3312974116255,1.0,0,1,mouse
SYNTHETIC DEMONSTRATION ONLY - NOT HUMAN EXPERIMENT RESULTS,1139140,A,0,933.3713164422066,1.0,0,1,mouse
SYNTHETIC DEMONSTRATION ONLY - NOT HUMAN EXPERIMENT RESULTS,1139160,A,0,933.4108611925136,1.0,0,1,mouse
SYNTHETIC DEMONSTRATION ONLY - NOT HUMAN EXPERIMENT RESULTS,1139180,A,0,933.4499311005278,1.0,0,1,mouse
SYNTHETIC DEMONSTRATION ONLY - NOT HUMAN EXPERIMENT RESULTS,1139200,A,0,933.4885256109797,1.0,0,1,mouse
SYNTHETIC DEMONSTRATION ONLY - NOT HUMAN EXPERIMENT RESULTS,1139220,A,0,933.5266441753553,1.0,0,1,mouse
SYNTHETIC DEMONSTRATION ONLY - NOT HUMAN EXPERIMENT RESULTS,1139240,A,0,933.564286251906,1.0,0,1,mouse
SYNTHETIC DEMONSTRATION ONLY - NOT HUMAN EXPERIMENT RESULTS,1139260,A,0,933.6014513056542,1.0,0,1,mouse
SYNTHETIC DEMONSTRATION ONLY - NOT HUMAN EXPERIMENT RESULTS,1139280,A,0,933.6381388084025,1.0,0,1,mouse
SYNTHETIC DEMONSTRATION ONLY - NOT HUMAN EXPERIMENT RESULTS,1139300,A,0,933.67434823874,1.0,0,1,mouse
SYNTHETIC DEMONSTRATION ONLY - NOT HUMAN EXPERIMENT RESULTS,1139320,A,0,933.7100790820507,1.0,0,1,mouse
SYNTHETIC DEMONSTRATION ONLY - NOT HUMAN EXPERIMENT RESULTS,1139340,A,0,933.7453308305203,1.0,0,1,mouse
SYNTHETIC DEMONSTRATION ONLY - NOT HUMAN EXPERIMENT RESULTS,1139360,A,0,933.7801029831433,1.0,0,1,mouse
SYNTHETIC DEMONSTRATION ONLY - NOT HUMAN EXPERIMENT RESULTS,1139380,A,0,933.8143950457303,1.0,0,1,mouse
SYNTHETIC DEMONSTRATION ONLY - NOT HUMAN EXPERIMENT RESULTS,1139400,A,0,933.8482065309156,1.0,0,1,mouse
SYNTHETIC DEMONSTRATION ONLY - NOT HUMAN EXPERIMENT RESULTS,1139420,A,0,933.8815369581628,1.0,0,1,mouse
SYNTHETIC DEMONSTRATION ONLY - NOT HUMAN EXPERIMENT RESULTS,1139440,A,0,933.9143858537728,1.0,0,1,mouse
SYNTHETIC DEMONSTRATION ONLY - NOT HUMAN EXPERIMENT RESULTS,1139460,A,0,933.9467527508903,1.0,0,1,mouse
SYNTHETIC DEMONSTRATION ONLY - NOT HUMAN EXPERIMENT RESULTS,1139480,A,0,933.9786371895098,1.0,0,1,mouse
SYNTHETIC DEMONSTRATION ONLY - NOT HUMAN EXPERIMENT RESULTS,1139500,A,0,934.0100387164829,1.0,0,1,mouse
SYNTHETIC DEMONSTRATION ONLY - NOT HUMAN EXPERIMENT RESULTS,1139520,A,0,934.0409568855246,1.0,0,1,mouse
SYNTHETIC DEMONSTRATION ONLY - NOT HUMAN EXPERIMENT RESULTS,1139540,A,0,934.0713912572189,1.0,0,1,mouse
SYNTHETIC DEMONSTRATION ONLY - NOT HUMAN EXPERIMENT RESULTS,1139560,A,0,934.1013413990264,1.0,0,1,mouse
SYNTHETIC DEMONSTRATION ONLY - NOT HUMAN EXPERIMENT RESULTS,1139580,A,0,934.1308068852891,1.0,0,1,mouse
SYNTHETIC DEMONSTRATION ONLY - NOT HUMAN EXPERIMENT RESULTS,1139600,A,0,934.1597872972371,1.0,0,1,mouse
SYNTHETIC DEMONSTRATION ONLY - NOT HUMAN EXPERIMENT RESULTS,1139620,A,0,934.1882822229949,1.0,0,1,mouse
SYNTHETIC DEMONSTRATION ONLY - NOT HUMAN EXPERIMENT RESULTS,1139640,A,0,934.2162912575864,1.0,0,1,mouse
SYNTHETIC DEMONSTRATION ONLY - NOT HUMAN EXPERIMENT RESULTS,1139660,A,0,934.243814002941,1.0,0,1,mouse
SYNTHETIC DEMONSTRATION ONLY - NOT HUMAN EXPERIMENT RESULTS,1139680,A,0,934.2708500678998,1.0,0,1,mouse
SYNTHETIC DEMONSTRATION ONLY - NOT HUMAN EXPERIMENT RESULTS,1139700,A,0,934.2973990682206,1.0,0,1,mouse
SYNTHETIC DEMONSTRATION ONLY - NOT HUMAN EXPERIMENT RESULTS,1139720,A,0,934.3234606265829,1.0,0,1,mouse
SYNTHETIC DEMONSTRATION ONLY - NOT HUMAN EXPERIMENT RESULTS,1139740,A,0,934.3490343725947,1.0,0,1,mouse
SYNTHETIC DEMONSTRATION ONLY - NOT HUMAN EXPERIMENT RESULTS,1139760,A,0,934.3741199427963,1.0,0,1,mouse
SYNTHETIC DEMONSTRATION ONLY - NOT HUMAN EXPERIMENT RESULTS,1139780,A,0,934.3987169806662,1.0,0,1,mouse
SYNTHETIC DEMONSTRATION ONLY - NOT HUMAN EXPERIMENT RESULTS,1139800,A,0,934.4228251366261,1.0,0,1,mouse
SYNTHETIC DEMONSTRATION ONLY - NOT HUMAN EXPERIMENT RESULTS,1139820,A,0,934.4464440680456,1.0,0,1,mouse
SYNTHETIC DEMONSTRATION ONLY - NOT HUMAN EXPERIMENT RESULTS,1139840,A,0,934.4695734392476,1.0,0,1,mouse
SYNTHETIC DEMONSTRATION ONLY - NOT HUMAN EXPERIMENT RESULTS,1139860,A,0,934.4922129215124,1.0,0,1,mouse
SYNTHETIC DEMONSTRATION ONLY - NOT HUMAN EXPERIMENT RESULTS,1139880,A,0,934.5143621930829,1.0,0,1,mouse
SYNTHETIC DEMONSTRATION ONLY - NOT HUMAN EXPERIMENT RESULTS,1139900,A,0,934.5360209391689,1.0,0,1,mouse
SYNTHETIC DEMONSTRATION ONLY - NOT HUMAN EXPERIMENT RESULTS,1139920,A,0,934.5571888519517,1.0,0,1,mouse
SYNTHETIC DEMONSTRATION ONLY - NOT HUMAN EXPERIMENT RESULTS,1139940,A,0,934.5778656305883,1.0,0,1,mouse
SYNTHETIC DEMONSTRATION ONLY - NOT HUMAN EXPERIMENT RESULTS,1139960,A,0,934.5980509812161,1.0,0,1,mouse
SYNTHETIC DEMONSTRATION ONLY - NOT HUMAN EXPERIMENT RESULTS,1139980,A,0,934.6177446169565,1.0,0,1,mouse
SYNTHETIC DEMONSTRATION ONLY - NOT HUMAN EXPERIMENT RESULTS,1140000,A,0,934.6369462579194,1.0,0,1,mouse
SYNTHETIC DEMONSTRATION ONLY - NOT HUMAN EXPERIMENT RESULTS,1140020,A,0,934.6556556312069,1.0,0,1,mouse
SYNTHETIC DEMONSTRATION ONLY - NOT HUMAN EXPERIMENT RESULTS,1140040,A,0,934.6738724709172,1.0,0,1,mouse
SYNTHETIC DEMONSTRATION ONLY - NOT HUMAN EXPERIMENT RESULTS,1140060,A,0,934.691596518149,1.0,0,1,mouse
SYNTHETIC DEMONSTRATION ONLY - NOT HUMAN EXPERIMENT RESULTS,1140080,A,0,934.7088275210043,1.0,0,1,mouse
SYNTHETIC DEMONSTRATION ONLY - NOT HUMAN EXPERIMENT RESULTS,1140100,A,0,934.7255652345923,1.0,0,1,mouse
SYNTHETIC DEMONSTRATION ONLY - NOT HUMAN EXPERIMENT RESULTS,1140120,A,0,934.7418094210332,1.0,0,1,mouse
SYNTHETIC DEMONSTRATION ONLY - NOT HUMAN EXPERIMENT RESULTS,1140140,A,0,934.7575598494609,1.0,0,1,mouse
SYNTHETIC DEMONSTRATION ONLY - NOT HUMAN EXPERIMENT RESULTS,1140160,A,0,934.7728162960271,1.0,0,1,mouse
SYNTHETIC DEMONSTRATION ONLY - NOT HUMAN EXPERIMENT RESULTS,1140180,A,0,934.787578543904,1.0,0,1,mouse
SYNTHETIC DEMONSTRATION ONLY - NOT HUMAN EXPERIMENT RESULTS,1140200,A,0,934.8018463832874,1.0,0,1,mouse
SYNTHETIC DEMONSTRATION ONLY - NOT HUMAN EXPERIMENT RESULTS,1140220,A,0,934.8156196113995,1.0,0,1,mouse
SYNTHETIC DEMONSTRATION ONLY - NOT HUMAN EXPERIMENT RESULTS,1140240,A,0,934.8288980324924,1.0,0,1,mouse
SYNTHETIC DEMONSTRATION ONLY - NOT HUMAN EXPERIMENT RESULTS,1140260,A,0,934.8416814578502,1.0,0,1,mouse
SYNTHETIC DEMONSTRATION ONLY - NOT HUMAN EXPERIMENT RESULTS,1140280,A,0,934.8539697057923,1.0,0,1,mouse
SYNTHETIC DEMONSTRATION ONLY - NOT HUMAN EXPERIMENT RESULTS,1140300,A,0,934.8657626016754,1.0,0,1,mouse
SYNTHETIC DEMONSTRATION ONLY - NOT HUMAN EXPERIMENT RESULTS,1140320,A,0,934.8770599778965,1.0,0,1,mouse
SYNTHETIC DEMONSTRATION ONLY - NOT HUMAN EXPERIMENT RESULTS,1140340,A,0,934.8878616738947,1.0,0,1,mouse
SYNTHETIC DEMONSTRATION ONLY - NOT HUMAN EXPERIMENT RESULTS,1140360,A,0,934.898167536154,1.0,0,1,mouse
SYNTHETIC DEMONSTRATION ONLY - NOT HUMAN EXPERIMENT RESULTS,1140380,A,0,934.9079774182054,1.0,0,1,mouse
SYNTHETIC DEMONSTRATION ONLY - NOT HUMAN EXPERIMENT RESULTS,1140400,A,0,934.9172911806286,1.0,0,1,mouse
SYNTHETIC DEMONSTRATION ONLY - NOT HUMAN EXPERIMENT RESULTS,1140420,A,0,934.9261086910547,1.0,0,1,mouse
SYNTHETIC DEMONSTRATION ONLY - NOT HUMAN EXPERIMENT RESULTS,1140440,A,0,934.934429824167,1.0,0,1,mouse
SYNTHETIC DEMONSTRATION ONLY - NOT HUMAN EXPERIMENT RESULTS,1140460,A,0,934.942254461704,1.0,0,1,mouse
SYNTHETIC DEMONSTRATION ONLY - NOT HUMAN EXPERIMENT RESULTS,1140480,A,0,934.9495824924602,1.0,0,1,mouse
SYNTHETIC DEMONSTRATION ONLY - NOT HUMAN EXPERIMENT RESULTS,1140500,A,0,934.9564138122881,1.0,0,1,mouse
SYNTHETIC DEMONSTRATION ONLY - NOT HUMAN EXPERIMENT RESULTS,1140520,A,0,934.9627483240996,1.0,0,1,mouse
SYNTHETIC DEMONSTRATION ONLY - NOT HUMAN EXPERIMENT RESULTS,1140540,A,0,934.9685859378671,1.0,0,1,mouse
SYNTHETIC DEMONSTRATION ONLY - NOT HUMAN EXPERIMENT RESULTS,1140560,A,0,934.9739265706253,1.0,0,1,mouse
SYNTHETIC DEMONSTRATION ONLY - NOT HUMAN EXPERIMENT RESULTS,1140580,A,0,934.978770146472,1.0,0,1,mouse
SYNTHETIC DEMONSTRATION ONLY - NOT HUMAN EXPERIMENT RESULTS,1140600,A,0,934.9831165965692,1.0,0,1,mouse
SYNTHETIC DEMONSTRATION ONLY - NOT HUMAN EXPERIMENT RESULTS,1140620,A,0,934.9869658591442,1.0,0,1,mouse
SYNTHETIC DEMONSTRATION ONLY - NOT HUMAN EXPERIMENT RESULTS,1140640,A,0,934.9903178794906,1.0,0,1,mouse
SYNTHETIC DEMONSTRATION ONLY - NOT HUMAN EXPERIMENT RESULTS,1140660,A,0,934.9931726099686,1.0,0,1,mouse
SYNTHETIC DEMONSTRATION ONLY - NOT HUMAN EXPERIMENT RESULTS,1140680,A,0,934.9955300100063,1.0,0,1,mouse
SYNTHETIC DEMONSTRATION ONLY - NOT HUMAN EXPERIMENT RESULTS,1140700,A,0,934.9973900460998,1.0,0,1,mouse
SYNTHETIC DEMONSTRATION ONLY - NOT HUMAN EXPERIMENT RESULTS,1140720,A,0,934.9987526918137,1.0,0,1,mouse
SYNTHETIC DEMONSTRATION ONLY - NOT HUMAN EXPERIMENT RESULTS,1140740,A,0,934.9996179277821,1.0,0,1,mouse
SYNTHETIC DEMONSTRATION ONLY - NOT HUMAN EXPERIMENT RESULTS,1140760,A,0,934.9999857417077,1.0,0,1,mouse
SYNTHETIC DEMONSTRATION ONLY - NOT HUMAN EXPERIMENT RESULTS,1140780,A,0,934.9998561283635,1.0,0,1,mouse
SYNTHETIC DEMONSTRATION ONLY - NOT HUMAN EXPERIMENT RESULTS,1140800,A,0,934.9992290895912,1.0,0,1,mouse
SYNTHETIC DEMONSTRATION ONLY - NOT HUMAN EXPERIMENT RESULTS,1140820,A,0,934.9981046343025,1.0,0,1,mouse
SYNTHETIC DEMONSTRATION ONLY - NOT HUMAN EXPERIMENT RESULTS,1140840,A,0,934.9964827784786,1.0,0,1,mouse
SYNTHETIC DEMONSTRATION ONLY - NOT HUMAN EXPERIMENT RESULTS,1140860,A,0,934.9943635451694,1.0,0,1,mouse
SYNTHETIC DEMONSTRATION ONLY - NOT HUMAN EXPERIMENT RESULTS,1140880,A,0,934.991746964494,1.0,0,1,mouse
SYNTHETIC DEMONSTRATION ONLY - NOT HUMAN EXPERIMENT RESULTS,1140900,A,0,934.98863307364,1.0,0,1,mouse
SYNTHETIC DEMONSTRATION ONLY - NOT HUMAN EXPERIMENT RESULTS,1140920,A,0,934.9850219168624,1.0,0,1,mouse
SYNTHETIC DEMONSTRATION ONLY - NOT HUMAN EXPERIMENT RESULTS,1140940,A,0,934.9809135454838,1.0,0,1,mouse
SYNTHETIC DEMONSTRATION ONLY - NOT HUMAN EXPERIMENT RESULTS,1140960,A,0,934.9763080178933,1.0,0,1,mouse
SYNTHETIC DEMONSTRATION ONLY - NOT HUMAN EXPERIMENT RESULTS,1140980,A,0,934.9712053995456,1.0,0,1,mouse
SYNTHETIC DEMONSTRATION ONLY - NOT HUMAN EXPERIMENT RESULTS,1141000,A,0,934.9656057629602,1.0,0,1,mouse
SYNTHETIC DEMONSTRATION ONLY - NOT HUMAN EXPERIMENT RESULTS,1141020,A,0,934.9595091877204,1.0,0,1,mouse
SYNTHETIC DEMONSTRATION ONLY - NOT HUMAN EXPERIMENT RESULTS,1141040,A,0,934.952915760472,1.0,0,1,mouse
SYNTHETIC DEMONSTRATION ONLY - NOT HUMAN EXPERIMENT RESULTS,1141060,A,0,934.9458255749222,1.0,0,1,mouse
SYNTHETIC DEMONSTRATION ONLY - NOT HUMAN EXPERIMENT RESULTS,1141080,A,0,934.9382387318382,1.0,0,1,mouse
SYNTHETIC DEMONSTRATION ONLY - NOT HUMAN EXPERIMENT RESULTS,1141100,A,0,934.9301553390458,1.0,0,1,mouse
SYNTHETIC DEMONSTRATION ONLY - NOT HUMAN EXPERIMENT RESULTS,1141120,A,0,934.9215755114279,1.0,0,1,mouse
SYNTHETIC DEMONSTRATION ONLY - NOT HUMAN EXPERIMENT RESULTS,1141140,A,0,934.912499370923,1.0,0,1,mouse
SYNTHETIC DEMONSTRATION ONLY - NOT HUMAN EXPERIMENT RESULTS,1141160,A,0,934.902927046523,1.0,0,1,mouse
SYNTHETIC DEMONSTRATION ONLY - NOT HUMAN EXPERIMENT RESULTS,1141180,A,0,934.8928586742718,1.0,0,1,mouse
SYNTHETIC DEMONSTRATION ONLY - NOT HUMAN EXPERIMENT RESULTS,1141200,A,0,934.8822943972634,1.0,0,1,mouse
SYNTHETIC DEMONSTRATION ONLY - NOT HUMAN EXPERIMENT RESULTS,1141220,A,0,934.8712343656395,1.0,0,1,mouse
SYNTHETIC DEMONSTRATION ONLY - NOT HUMAN EXPERIMENT RESULTS,1141240,A,0,934.8596787365875,1.0,0,1,mouse
SYNTHETIC DEMONSTRATION ONLY - NOT HUMAN EXPERIMENT RESULTS,1141260,A,0,934.8476276743386,1.0,0,1,mouse
SYNTHETIC DEMONSTRATION ONLY - NOT HUMAN EXPERIMENT RESULTS,1141280,A,0,934.835081350165,1.0,0,1,mouse
SYNTHETIC DEMONSTRATION ONLY - NOT HUMAN EXPERIMENT RESULTS,1141300,A,0,934.8220399423778,1.0,0,1,mouse
SYNTHETIC DEMONSTRATION ONLY - NOT HUMAN EXPERIMENT RESULTS,1141320,A,0,934.8085036363243,1.0,0,1,mouse
SYNTHETIC DEMONSTRATION ONLY - NOT HUMAN EXPERIMENT RESULTS,1141340,A,0,934.7944726243853,1.0,0,1,mouse
SYNTHETIC DEMONSTRATION ONLY - NOT HUMAN EXPERIMENT RESULTS,1141360,A,0,934.7799471059725,1.0,0,1,mouse
SYNTHETIC DEMONSTRATION ONLY - NOT HUMAN EXPERIMENT RESULTS,1141380,A,0,934.7649272875258,1.0,0,1,mouse
SYNTHETIC DEMONSTRATION ONLY - NOT HUMAN EXPERIMENT RESULTS,1141400,A,0,934.74941338251,1.0,0,1,mouse
SYNTHETIC DEMONSTRATION ONLY - NOT HUMAN EXPERIMENT RESULTS,1141420,A,0,934.733405611412,1.0,0,1,mouse
SYNTHETIC DEMONSTRATION ONLY - NOT HUMAN EXPERIMENT RESULTS,1141440,A,0,934.7169042017376,1.0,0,1,mouse
SYNTHETIC DEMONSTRATION ONLY - NOT HUMAN EXPERIMENT RESULTS,1141460,A,0,934.6999093880086,1.0,0,1,mouse
SYNTHETIC DEMONSTRATION ONLY - NOT HUMAN EXPERIMENT RESULTS,1141480,A,0,934.6824214117587,1.0,0,1,mouse
SYNTHETIC DEMONSTRATION ONLY - NOT HUMAN EXPERIMENT RESULTS,1141500,A,0,934.6644405215308,1.0,0,1,mouse
SYNTHETIC DEMONSTRATION ONLY - NOT HUMAN EXPERIMENT RESULTS,1141520,A,0,934.6459669728732,1.0,0,1,mouse
SYNTHETIC DEMONSTRATION ONLY - NOT HUMAN EXPERIMENT RESULTS,1141540,A,0,934.6270010283358,1.0,0,1,mouse
SYNTHETIC DEMONSTRATION ONLY - NOT HUMAN EXPERIMENT RESULTS,1141560,A,0,934.6075429574669,1.0,0,1,mouse
SYNTHETIC DEMONSTRATION ONLY - NOT HUMAN EXPERIMENT RESULTS,1141580,A,0,934.5875930368084,1.0,0,1,mouse
SYNTHETIC DEMONSTRATION ONLY - NOT HUMAN EXPERIMENT RESULTS,1141600,A,0,934.5671515498931,1.0,0,1,mouse
SYNTHETIC DEMONSTRATION ONLY - NOT HUMAN EXPERIMENT RESULTS,1141620,A,0,934.5462187872397,1.0,0,1,mouse
SYNTHETIC DEMONSTRATION ONLY - NOT HUMAN EXPERIMENT RESULTS,1141640,A,0,934.5247950463491,1.0,0,1,mouse
SYNTHETIC DEMONSTRATION ONLY - NOT HUMAN EXPERIMENT RESULTS,1141660,A,0,934.5028806317001,1.0,0,1,mouse
SYNTHETIC DEMONSTRATION ONLY - NOT HUMAN EXPERIMENT RESULTS,1141680,A,0,934.480475854745,1.0,0,1,mouse
SYNTHETIC DEMONSTRATION ONLY - NOT HUMAN EXPERIMENT RESULTS,1141700,A,0,934.4575810339053,1.0,0,1,mouse
SYNTHETIC DEMONSTRATION ONLY - NOT HUMAN EXPERIMENT RESULTS,1141720,A,0,934.4341964945671,1.0,0,1,mouse
SYNTHETIC DEMONSTRATION ONLY - NOT HUMAN EXPERIMENT RESULTS,1141740,A,0,934.4103225690764,1.0,0,1,mouse
SYNTHETIC DEMONSTRATION ONLY - NOT HUMAN EXPERIMENT RESULTS,1141760,A,0,934.3859595967346,1.0,0,1,mouse
SYNTHETIC DEMONSTRATION ONLY - NOT HUMAN EXPERIMENT RESULTS,1141780,A,0,934.3611079237934,1.0,0,1,mouse
SYNTHETIC DEMONSTRATION ONLY - NOT HUMAN EXPERIMENT RESULTS,1141800,A,0,934.33576790345,1.0,0,1,mouse
SYNTHETIC DEMONSTRATION ONLY - NOT HUMAN EXPERIMENT RESULTS,1141820,A,0,934.3099398958425,1.0,0,1,mouse
SYNTHETIC DEMONSTRATION ONLY - NOT HUMAN EXPERIMENT RESULTS,1141840,A,0,934.2836242680437,1.0,0,1,mouse
SYNTHETIC DEMONSTRATION ONLY - NOT HUMAN EXPERIMENT RESULTS,1141860,A,0,934.256821394057,1.0,0,1,mouse
SYNTHETIC DEMONSTRATION ONLY - NOT HUMAN EXPERIMENT RESULTS,1141880,A,0,934.2295316548108,1.0,0,1,mouse
SYNTHETIC DEMONSTRATION ONLY - NOT HUMAN EXPERIMENT RESULTS,1141900,A,0,934.2017554381524,1.0,0,1,mouse
SYNTHETIC DEMONSTRATION ONLY - NOT HUMAN EXPERIMENT RESULTS,1141920,A,0,934.1734931388436,1.0,0,1,mouse
SYNTHETIC DEMONSTRATION ONLY - NOT HUMAN EXPERIMENT RESULTS,1141940,A,0,934.1447451585541,1.0,0,1,mouse
SYNTHETIC DEMONSTRATION ONLY - NOT HUMAN EXPERIMENT RESULTS,1141960,A,0,934.1155119058561,1.0,0,1,mouse
SYNTHETIC DEMONSTRATION ONLY - NOT HUMAN EXPERIMENT RESULTS,1141980,A,0,934.0857937962193,1.0,0,1,mouse
SYNTHETIC DEMONSTRATION ONLY - NOT HUMAN EXPERIMENT RESULTS,1142000,A,0,934.0555912520034,1.0,0,1,mouse
SYNTHETIC DEMONSTRATION ONLY - NOT HUMAN EXPERIMENT RESULTS,1142020,A,0,934.0249047024537,1.0,0,1,mouse
SYNTHETIC DEMONSTRATION ONLY - NOT HUMAN EXPERIMENT RESULTS,1142040,A,0,933.9937345836938,1.0,0,1,mouse
SYNTHETIC DEMONSTRATION ONLY - NOT HUMAN EXPERIMENT RESULTS,1142060,A,0,933.9620813387202,1.0,0,1,mouse
SYNTHETIC DEMONSTRATION ONLY - NOT HUMAN EXPERIMENT RESULTS,1142080,A,0,933.9299454173954,1.0,0,1,mouse
SYNTHETIC DEMONSTRATION ONLY - NOT HUMAN EXPERIMENT RESULTS,1142100,A,0,933.8973272764423,1.0,0,1,mouse
SYNTHETIC DEMONSTRATION ONLY - NOT HUMAN EXPERIMENT RESULTS,1142120,A,0,933.8642273794366,1.0,0,1,mouse
SYNTHETIC DEMONSTRATION ONLY - NOT HUMAN EXPERIMENT RESULTS,1142140,A,0,933.8306461968011,1.0,0,1,mouse
SYNTHETIC DEMONSTRATION ONLY - NOT HUMAN EXPERIMENT RESULTS,1142160,A,0,933.7965842057989,1.0,0,1,mouse
SYNTHETIC DEMONSTRATION ONLY - NOT HUMAN EXPERIMENT RESULTS,1142180,A,0,933.7620418905262,1.0,0,1,mouse
SYNTHETIC DEMONSTRATION ONLY - NOT HUMAN EXPERIMENT RESULTS,1142200,A,0,933.7270197419058,1.0,0,1,mouse
SYNTHETIC DEMONSTRATION ONLY - NOT HUMAN EXPERIMENT RESULTS,1142220,A,0,933.6915182576801,1.0,0,1,mouse
SYNTHETIC DEMONSTRATION ONLY - NOT HUMAN EXPERIMENT RESULTS,1142240,A,0,933.6555379424033,1.0,0,1,mouse
SYNTHETIC DEMONSTRATION ONLY - NOT HUMAN EXPERIMENT RESULTS,1142260,A,0,933.6190793074359,1.0,0,1,mouse
SYNTHETIC DEMONSTRATION ONLY - NOT HUMAN EXPERIMENT RESULTS,1142280,A,0,933.5821428709353,1.0,0,1,mouse
SYNTHETIC DEMONSTRATION ONLY - NOT HUMAN EXPERIMENT RESULTS,1142300,A,0,933.5447291578504,1.0,0,1,mouse
SYNTHETIC DEMONSTRATION ONLY - NOT HUMAN EXPERIMENT RESULTS,1142320,A,0,933.5068386999127,1.0,0,1,mouse
SYNTHETIC DEMONSTRATION ONLY - NOT HUMAN EXPERIMENT RESULTS,1142340,A,0,933.4684720356295,1.0,0,1,mouse
SYNTHETIC DEMONSTRATION ONLY - NOT HUMAN EXPERIMENT RESULTS,1142360,A,0,933.429629710276,1.0,0,1,mouse
SYNTHETIC DEMONSTRATION ONLY - NOT HUMAN EXPERIMENT RESULTS,1142380,A,0,933.3903122758877,1.0,0,1,mouse
SYNTHETIC DEMONSTRATION ONLY - NOT HUMAN EXPERIMENT RESULTS,1142400,A,0,933.3505202912522,1.0,0,1,mouse
SYNTHETIC DEMONSTRATION ONLY - NOT HUMAN EXPERIMENT RESULTS,1142420,A,0,933.310254321902,1.0,0,1,mouse
SYNTHETIC DEMONSTRATION ONLY - NOT HUMAN EXPERIMENT RESULTS,1142440,A,0,933.2695149401054,1.0,0,1,mouse
SYNTHETIC DEMONSTRATION ONLY - NOT HUMAN EXPERIMENT RESULTS,1142460,A,0,933.2283027248592,1.0,0,1,mouse
SYNTHETIC DEMONSTRATION ONLY - NOT HUMAN EXPERIMENT RESULTS,1142480,A,0,933.1866182618803,1.0,0,1,mouse
SYNTHETIC DEMONSTRATION ONLY - NOT HUMAN EXPERIMENT RESULTS,1142500,A,0,933.1444621435971,1.0,0,1,mouse
SYNTHETIC DEMONSTRATION ONLY - NOT HUMAN EXPERIMENT RESULTS,1142520,A,0,933.1018349691415,1.0,0,1,mouse
SYNTHETIC DEMONSTRATION ONLY - NOT HUMAN EXPERIMENT RESULTS,1142540,A,0,933.0587373443399,1.0,0,1,mouse
SYNTHETIC DEMONSTRATION ONLY - NOT HUMAN EXPERIMENT RESULTS,1142560,A,0,933.0151698817048,1.0,0,1,mouse
SYNTHETIC DEMONSTRATION ONLY - NOT HUMAN EXPERIMENT RESULTS,1142580,A,0,932.9711332004265,1.0,0,1,mouse
SYNTHETIC DEMONSTRATION ONLY - NOT HUMAN EXPERIMENT RESULTS,1142600,A,0,932.9266279263637,1.0,0,1,mouse
SYNTHETIC DEMONSTRATION ONLY - NOT HUMAN EXPERIMENT RESULTS,1142620,A,0,932.8816546920348,1.0,0,1,mouse
SYNTHETIC DEMONSTRATION ONLY - NOT HUMAN EXPERIMENT RESULTS,1142640,A,0,932.8362141366089,1.0,0,1,mouse
SYNTHETIC DEMONSTRATION ONLY - NOT HUMAN EXPERIMENT RESULTS,1142660,A,0,932.7903069058971,1.0,0,1,mouse
SYNTHETIC DEMONSTRATION ONLY - NOT HUMAN EXPERIMENT RESULTS,1142680,A,0,932.7439336523425,1.0,0,1,mouse
SYNTHETIC DEMONSTRATION ONLY - NOT HUMAN EXPERIMENT RESULTS,1142700,A,0,932.697095035012,1.0,0,1,mouse
SYNTHETIC DEMONSTRATION ONLY - NOT HUMAN EXPERIMENT RESULTS,1142720,A,0,932.6497917195858,1.0,0,1,mouse
SYNTHETIC DEMONSTRATION ONLY - NOT HUMAN EXPERIMENT RESULTS,1142740,A,0,932.6020243783488,1.0,0,1,mouse
SYNTHETIC DEMONSTRATION ONLY - NOT HUMAN EXPERIMENT RESULTS,1142760,A,0,932.5537936901806,1.0,0,1,mouse
SYNTHETIC DEMONSTRATION ONLY - NOT HUMAN EXPERIMENT RESULTS,1142780,A,0,932.505100340546,1.0,0,1,mouse
SYNTHETIC DEMONSTRATION ONLY - NOT HUMAN EXPERIMENT RESULTS,1142800,A,0,932.4559450214854,1.0,0,1,mouse
SYNTHETIC DEMONSTRATION ONLY - NOT HUMAN EXPERIMENT RESULTS,1142820,A,0,932.4063284316047,1.0,0,1,mouse
SYNTHETIC DEMONSTRATION ONLY - NOT HUMAN EXPERIMENT RESULTS,1142840,A,0,932.3562512760653,1.0,0,1,mouse
SYNTHETIC DEMONSTRATION ONLY - NOT HUMAN EXPERIMENT RESULTS,1142860,A,0,932.3057142665747,1.0,0,1,mouse
SYNTHETIC DEMONSTRATION ONLY - NOT HUMAN EXPERIMENT RESULTS,1142880,A,0,932.2547181213754,1.0,0,1,mouse
SYNTHETIC DEMONSTRATION ONLY - NOT HUMAN EXPERIMENT RESULTS,1142900,A,0,932.2032635652356,1.0,0,1,mouse
SYNTHETIC DEMONSTRATION ONLY - NOT HUMAN EXPERIMENT RESULTS,1142920,A,0,932.1513513294384,1.0,0,1,mouse
SYNTHETIC DEMONSTRATION ONLY - NOT HUMAN EXPERIMENT RESULTS,1142940,A,0,932.0989821517717,1.0,0,1,mouse
SYNTHETIC DEMONSTRATION ONLY - NOT HUMAN EXPERIMENT RESULTS,1142960,A,0,932.0461567765174,1.0,0,1,mouse
SYNTHETIC DEMONSTRATION ONLY - NOT HUMAN EXPERIMENT RESULTS,1142980,A,0,931.9928759544408,1.0,0,1,mouse
SYNTHETIC DEMONSTRATION ONLY - NOT HUMAN EXPERIMENT RESULTS,1143000,A,0,931.9391404427806,1.0,0,1,mouse
SYNTHETIC DEMONSTRATION ONLY - NOT HUMAN EXPERIMENT RESULTS,1143020,A,0,931.8849510052372,1.0,0,1,mouse
SYNTHETIC DEMONSTRATION ONLY - NOT HUMAN EXPERIMENT RESULTS,1143040,A,0,931.8303084119626,1.0,0,1,mouse
SYNTHETIC DEMONSTRATION ONLY - NOT HUMAN EXPERIMENT RESULTS,1143060,A,0,931.7752134395489,1.0,0,1,mouse
SYNTHETIC DEMONSTRATION ONLY - NOT HUMAN EXPERIMENT RESULTS,1143080,A,0,931.7196668710175,1.0,0,1,mouse
SYNTHETIC DEMONSTRATION ONLY - NOT HUMAN EXPERIMENT RESULTS,1143100,A,0,931.6636694958083,1.0,0,1,mouse
SYNTHETIC DEMONSTRATION ONLY - NOT HUMAN EXPERIMENT RESULTS,1143120,A,0,931.6072221097678,1.0,0,1,mouse
SYNTHETIC DEMONSTRATION ONLY - NOT HUMAN EXPERIMENT RESULTS,1143140,A,0,931.5503255151384,1.0,0,1,mouse
SYNTHETIC DEMONSTRATION ONLY - NOT HUMAN EXPERIMENT RESULTS,1143160,A,0,931.4929805205468,1.0,0,1,mouse
SYNTHETIC DEMONSTRATION ONLY - NOT HUMAN EXPERIMENT RESULTS,1143180,A,0,931.4351879409919,1.0,0,1,mouse
SYNTHETIC DEMONSTRATION ONLY - NOT HUMAN EXPERIMENT RESULTS,1143200,A,0,931.3769485978344,1.0,0,1,mouse
SYNTHETIC DEMONSTRATION ONLY - NOT HUMAN EXPERIMENT RESULTS,1143220,A,0,931.3182633187844,1.0,0,1,mouse
SYNTHETIC DEMONSTRATION ONLY - NOT HUMAN EXPERIMENT RESULTS,1143240,A,0,931.2591329378894,1.0,0,1,mouse
SYNTHETIC DEMONSTRATION ONLY - NOT HUMAN EXPERIMENT RESULTS,1143260,A,0,931.1995582955233,1.0,0,1,mouse
SYNTHETIC DEMONSTRATION ONLY - NOT HUMAN EXPERIMENT RESULTS,1143280,A,0,931.1395402383732,1.0,0,1,mouse
SYNTHETIC DEMONSTRATION ONLY - NOT HUMAN EXPERIMENT RESULTS,1143300,A,0,931.0790796194287,1.0,0,1,mouse
SYNTHETIC DEMONSTRATION ONLY - NOT HUMAN EXPERIMENT RESULTS,1143320,A,0,931.0181772979694,1.0,0,1,mouse
SYNTHETIC DEMONSTRATION ONLY - NOT HUMAN EXPERIMENT RESULTS,1143340,A,0,930.9568341395516,1.0,0,1,mouse
SYNTHETIC DEMONSTRATION ONLY - NOT HUMAN EXPERIMENT RESULTS,1143360,A,0,930.8950510159976,1.0,0,1,mouse
SYNTHETIC DEMONSTRATION ONLY - NOT HUMAN EXPERIMENT RESULTS,1143380,A,0,930.8328288053824,1.0,0,1,mouse
SYNTHETIC DEMONSTRATION ONLY - NOT HUMAN EXPERIMENT RESULTS,1143400,A,0,930.7701683920211,1.0,0,1,mouse
SYNTHETIC DEMONSTRATION ONLY - NOT HUMAN EXPERIMENT RESULTS,1143420,A,0,930.7070706664571,1.0,0,1,mouse
SYNTHETIC DEMONSTRATION ONLY - NOT HUMAN EXPERIMENT RESULTS,1143440,A,0,930.6435365254487,1.0,0,1,mouse
SYNTHETIC DEMONSTRATION ONLY - NOT HUMAN EXPERIMENT RESULTS,1143460,A,0,930.5795668719566,1.0,0,1,mouse
SYNTHETIC DEMONSTRATION ONLY - NOT HUMAN EXPERIMENT RESULTS,1143480,A,0,930.5151626151312,1.0,0,1,mouse
SYNTHETIC DEMONSTRATION ONLY - NOT HUMAN EXPERIMENT RESULTS,1143500,A,0,930.4503246702996,1.0,0,1,mouse
SYNTHETIC DEMONSTRATION ONLY - NOT HUMAN EXPERIMENT RESULTS,1143520,A,0,930.3850539589523,1.0,0,1,mouse
SYNTHETIC DEMONSTRATION ONLY - NOT HUMAN EXPERIMENT RESULTS,1143540,A,0,930.319351408731,1.0,0,1,mouse
SYNTHETIC DEMONSTRATION ONLY - NOT HUMAN EXPERIMENT RESULTS,1143560,A,0,930.253217953414,1.0,0,1,mouse
SYNTHETIC DEMONSTRATION ONLY - NOT HUMAN EXPERIMENT RESULTS,1143580,A,0,930.1866545329043,1.0,0,1,mouse
SYNTHETIC DEMONSTRATION ONLY - NOT HUMAN EXPERIMENT RESULTS,1143600,A,0,930.1196620932154,1.0,0,1,mouse
SYNTHETIC DEMONSTRATION ONLY - NOT HUMAN EXPERIMENT RESULTS,1143620,A,0,930.0522415864581,1.0,0,1,mouse
SYNTHETIC DEMONSTRATION ONLY - NOT HUMAN EXPERIMENT RESULTS,1143640,A,0,929.9843939708269,1.0,0,1,mouse
SYNTHETIC DEMONSTRATION ONLY - NOT HUMAN EXPERIMENT RESULTS,1143660,A,0,929.916120210587,1.0,0,1,mouse
SYNTHETIC DEMONSTRATION ONLY - NOT HUMAN EXPERIMENT RESULTS,1143680,A,0,929.8474212760592,1.0,0,1,mouse
SYNTHETIC DEMONSTRATION ONLY - NOT HUMAN EXPERIMENT RESULTS,1143700,A,0,929.7782981436078,1.0,0,1,mouse
SYNTHETIC DEMONSTRATION ONLY - NOT HUMAN EXPERIMENT RESULTS,1143720,A,0,929.7087517956254,1.0,0,1,mouse
SYNTHETIC DEMONSTRATION ONLY - NOT HUMAN EXPERIMENT RESULTS,1143740,A,0,929.6387832205194,1.0,0,1,mouse
SYNTHETIC DEMONSTRATION ONLY - NOT HUMAN EXPERIMENT RESULTS,1143760,A,0,929.5683934126982,1.0,0,1,mouse
SYNTHETIC DEMONSTRATION ONLY - NOT HUMAN EXPERIMENT RESULTS,1143780,A,0,929.4975833725568,1.0,0,1,mouse
SYNTHETIC DEMONSTRATION ONLY - NOT HUMAN EXPERIMENT RESULTS,1143800,A,0,929.4263541064627,1.0,0,1,mouse
SYNTHETIC DEMONSTRATION ONLY - NOT HUMAN EXPERIMENT RESULTS,1143820,A,0,929.3547066267414,1.0,0,1,mouse
SYNTHETIC DEMONSTRATION ONLY - NOT HUMAN EXPERIMENT RESULTS,1143840,A,0,929.2826419516621,1.0,0,1,mouse
SYNTHETIC DEMONSTRATION ONLY - NOT HUMAN EXPERIMENT RESULTS,1143860,A,0,929.2101611054233,1.0,0,1,mouse
SYNTHETIC DEMONSTRATION ONLY - NOT HUMAN EXPERIMENT RESULTS,1143880,A,0,929.1372651181384,1.0,0,1,mouse
SYNTHETIC DEMONSTRATION ONLY - NOT HUMAN EXPERIMENT RESULTS,1143900,A,0,929.0639550258206,1.0,0,1,mouse
SYNTHETIC DEMONSTRATION ONLY - NOT HUMAN EXPERIMENT RESULTS,1143920,A,0,928.9902318703688,1.0,0,1,mouse
SYNTHETIC DEMONSTRATION ONLY - NOT HUMAN EXPERIMENT RESULTS,1143940,A,0,928.9160966995521,1.0,0,1,mouse
SYNTHETIC DEMONSTRATION ONLY - NOT HUMAN EXPERIMENT RESULTS,1143960,A,0,928.8415505669952,1.0,0,1,mouse
SYNTHETIC DEMONSTRATION ONLY - NOT HUMAN EXPERIMENT RESULTS,1143980,A,0,928.766594532164,1.0,0,1,mouse
SYNTHETIC DEMONSTRATION ONLY - NOT HUMAN EXPERIMENT RESULTS,1144000,A,0,928.6912296603494,1.0,0,1,mouse
SYNTHETIC DEMONSTRATION ONLY - NOT HUMAN EXPERIMENT RESULTS,1144020,A,0,928.6154570226531,1.0,0,1,mouse
SYNTHETIC DEMONSTRATION ONLY - NOT HUMAN EXPERIMENT RESULTS,1144040,A,0,928.5392776959723,1.0,0,1,mouse
SYNTHETIC DEMONSTRATION ONLY - NOT HUMAN EXPERIMENT RESULTS,1144060,A,0,928.4626927629832,1.0,0,1,mouse
SYNTHETIC DEMONSTRATION ONLY - NOT HUMAN EXPERIMENT RESULTS,1144080,A,0,928.3857033121278,1.0,0,1,mouse
SYNTHETIC DEMONSTRATION ONLY - NOT HUMAN EXPERIMENT RESULTS,1144100,A,0,928.3083104375966,1.0,0,1,mouse
SYNTHETIC DEMONSTRATION ONLY - NOT HUMAN EXPERIMENT RESULTS,1144120,A,0,928.2305152393131,1.0,0,1,mouse
SYNTHETIC DEMONSTRATION ONLY - NOT HUMAN EXPERIMENT RESULTS,1144140,A,0,928.15231882292,1.0,0,1,mouse
SYNTHETIC DEMONSTRATION ONLY - NOT HUMAN EXPERIMENT RESULTS,1144160,A,0,928.073722299761,1.0,0,1,mouse
SYNTHETIC DEMONSTRATION ONLY - NOT HUMAN EXPERIMENT RESULTS,1144180,A,0,927.9947267868667,1.0,0,1,mouse
SYNTHETIC DEMONSTRATION ONLY - NOT HUMAN EXPERIMENT RESULTS,1144200,A,0,927.9153334069384,1.0,0,1,mouse
SYNTHETIC DEMONSTRATION ONLY - NOT HUMAN EXPERIMENT RESULTS,1144220,A,0,927.8355432883317,1.0,0,1,mouse
SYNTHETIC DEMONSTRATION ONLY - NOT HUMAN EXPERIMENT RESULTS,1144240,A,0,927.7553575650406,1.0,0,1,mouse
SYNTHETIC DEMONSTRATION ONLY - NOT HUMAN EXPERIMENT RESULTS,1144260,A,0,927.6747773766821,1.0,0,1,mouse
SYNTHETIC DEMONSTRATION ONLY - NOT HUMAN EXPERIMENT RESULTS,1144280,A,0,927.5938038684785,1.0,0,1,mouse
SYNTHETIC DEMONSTRATION ONLY - NOT HUMAN EXPERIMENT RESULTS,1144300,A,0,927.5124381912431,1.0,0,1,mouse
SYNTHETIC DEMONSTRATION ONLY - NOT HUMAN EXPERIMENT RESULTS,1144320,A,0,927.4306815013621,1.0,0,1,mouse
SYNTHETIC DEMONSTRATION ONLY - NOT HUMAN EXPERIMENT RESULTS,1144340,A,0,927.3485349607789,1.0,0,1,mouse
SYNTHETIC DEMONSTRATION ONLY - NOT HUMAN EXPERIMENT RESULTS,1144360,A,0,927.2659997369777,1.0,0,1,mouse
SYNTHETIC DEMONSTRATION ONLY - NOT HUMAN EXPERIMENT RESULTS,1144380,A,0,927.183077002967,1.0,0,1,mouse
SYNTHETIC DEMONSTRATION ONLY - NOT HUMAN EXPERIMENT RESULTS,1144400,A,0,927.0997679372622,1.0,0,1,mouse
SYNTHETIC DEMONSTRATION ONLY - NOT HUMAN EXPERIMENT RESULTS,1144420,A,0,927.0160737238693,1.0,0,1,mouse
SYNTHETIC DEMONSTRATION ONLY - NOT HUMAN EXPERIMENT RESULTS,1144440,A,0,926.9319955522689,1.0,0,1,mouse
SYNTHETIC DEMONSTRATION ONLY - NOT HUMAN EXPERIMENT RESULTS,1144460,A,0,926.8475346173973,1.0,0,1,mouse
SYNTHETIC DEMONSTRATION ONLY - NOT HUMAN EXPERIMENT RESULTS,1144480,A,0,926.7626921196318,1.0,0,1,mouse
SYNTHETIC DEMONSTRATION ONLY - NOT HUMAN EXPERIMENT RESULTS,1144500,A,0,926.6774692647718,1.0,0,1,mouse
SYNTHETIC DEMONSTRATION ONLY - NOT HUMAN EXPERIMENT RESULTS,1144520,A,0,926.5918672640229,1.0,0,1,mouse
SYNTHETIC DEMONSTRATION ONLY - NOT HUMAN EXPERIMENT RESULTS,1144540,A,0,926.5058873339789,1.0,0,1,mouse
SYNTHETIC DEMONSTRATION ONLY - NOT HUMAN EXPERIMENT RESULTS,1144560,A,0,926.419530696605,1.0,0,1,mouse
SYNTHETIC DEMONSTRATION ONLY - NOT HUMAN EXPERIMENT RESULTS,1144580,A,0,926.33279857922,1.0,0,1,mouse
SYNTHETIC DEMONSTRATION ONLY - NOT HUMAN EXPERIMENT RESULTS,1144600,A,0,926.2456922144796,1.0,0,1,mouse
SYNTHETIC DEMONSTRATION ONLY - NOT HUMAN EXPERIMENT RESULTS,1144620,A,0,926.1582128403577,1.0,0,1,mouse
SYNTHETIC DEMONSTRATION ONLY - NOT HUMAN EXPERIMENT RESULTS,1144640,A,0,926.07036170013,1.0,0,1,mouse
SYNTHETIC DEMONSTRATION ONLY - NOT HUMAN EXPERIMENT RESULTS,1144660,A,0,925.9821400423558,1.0,0,1,mouse
SYNTHETIC DEMONSTRATION ONLY - NOT HUMAN EXPERIMENT RESULTS,1144680,A,0,925.8935491208599,1.0,0,1,mouse
SYNTHETIC DEMONSTRATION ONLY - NOT HUMAN EXPERIMENT RESULTS,1144700,A,0,925.8045901947154,1.0,0,1,mouse
SYNTHETIC DEMONSTRATION ONLY - NOT HUMAN EXPERIMENT RESULTS,1144720,A,0,925.7152645282258,1.0,0,1,mouse
SYNTHETIC DEMONSTRATION ONLY - NOT HUMAN EXPERIMENT RESULTS,1144740,A,0,925.6255733909063,1.0,0,1,mouse
SYNTHETIC DEMONSTRATION ONLY - NOT HUMAN EXPERIMENT RESULTS,1144760,A,0,925.5355180574667,1.0,0,1,mouse
SYNTHETIC DEMONSTRATION ONLY - NOT HUMAN EXPERIMENT RESULTS,1144780,A,0,925.4450998077923,1.0,0,1,mouse
SYNTHETIC DEMONSTRATION ONLY - NOT HUMAN EXPERIMENT RESULTS,1144800,A,0,925.3543199269268,1.0,0,1,mouse
SYNTHETIC DEMONSTRATION ONLY - NOT HUMAN EXPERIMENT RESULTS,1144820,A,0,925.2631797050534,1.0,0,1,mouse
SYNTHETIC DEMONSTRATION ONLY - NOT HUMAN EXPERIMENT RESULTS,1144840,A,0,925.171680437476,1.0,0,1,mouse
SYNTHETIC DEMONSTRATION ONLY - NOT HUMAN EXPERIMENT RESULTS,1144860,A,0,925.079823424602,1.0,0,1,mouse
SYNTHETIC DEMONSTRATION ONLY - NOT HUMAN EXPERIMENT RESULTS,1144880,A,0,924.9876099719229,1.0,0,1,mouse
SYNTHETIC DEMONSTRATION ONLY - NOT HUMAN EXPERIMENT RESULTS,1144900,A,0,924.8950413899958,1.0,0,1,mouse
SYNTHETIC DEMONSTRATION ONLY - NOT HUMAN EXPERIMENT RESULTS,1144920,A,0,924.8021189944252,1.0,0,1,mouse
SYNTHETIC DEMONSTRATION ONLY - NOT HUMAN EXPERIMENT RESULTS,1144940,A,0,924.7088441058443,1.0,0,1,mouse
SYNTHETIC DEMONSTRATION ONLY - NOT HUMAN EXPERIMENT RESULTS,1144960,A,0,924.6152180498951,1.0,0,1,mouse
SYNTHETIC DEMONSTRATION ONLY - NOT HUMAN EXPERIMENT RESULTS,1144980,A,0,924.5212421572119,1.0,0,1,mouse
SYNTHETIC DEMONSTRATION ONLY - NOT HUMAN EXPERIMENT RESULTS,1145000,A,0,924.4269177633995,1.0,0,1,mouse
SYNTHETIC DEMONSTRATION ONLY - NOT HUMAN EXPERIMENT RESULTS,1145020,A,0,924.3322462090166,1.0,0,1,mouse
SYNTHETIC DEMONSTRATION ONLY - NOT HUMAN EXPERIMENT RESULTS,1145040,A,0,924.2372288395557,1.0,0,1,mouse
SYNTHETIC DEMONSTRATION ONLY - NOT HUMAN EXPERIMENT RESULTS,1145060,A,0,924.1418670054235,1.0,0,1,mouse
SYNTHETIC DEMONSTRATION ONLY - NOT HUMAN EXPERIMENT RESULTS,1145080,A,0,924.046162061923,1.0,0,1,mouse
SYNTHETIC DEMONSTRATION ONLY - NOT HUMAN EXPERIMENT RESULTS,1145100,A,0,923.9501153692336,1.0,0,1,mouse
SYNTHETIC DEMONSTRATION ONLY - NOT HUMAN EXPERIMENT RESULTS,1145120,A,0,923.8537282923909,1.0,0,1,mouse
SYNTHETIC DEMONSTRATION ONLY - NOT HUMAN EXPERIMENT RESULTS,1145140,A,0,923.7570022012687,1.0,0,1,mouse
SYNTHETIC DEMONSTRATION ONLY - NOT HUMAN EXPERIMENT RESULTS,1145160,A,0,923.6599384705592,1.0,0,1,mouse
SYNTHETIC DEMONSTRATION ONLY - NOT HUMAN EXPERIMENT RESULTS,1145180,A,0,923.5625384797524,1.0,0,1,mouse
SYNTHETIC DEMONSTRATION ONLY - NOT HUMAN EXPERIMENT RESULTS,1145200,A,0,923.4648036131181,1.0,0,1,mouse
SYNTHETIC DEMONSTRATION ONLY - NOT HUMAN EXPERIMENT RESULTS,1145220,A,0,923.3667352596851,1.0,0,1,mouse
SYNTHETIC DEMONSTRATION ONLY - NOT HUMAN EXPERIMENT RESULTS,1145240,A,0,923.2683348132215,1.0,0,1,mouse
SYNTHETIC DEMONSTRATION ONLY - NOT HUMAN EXPERIMENT RESULTS,1145260,A,0,923.1696036722159,1.0,0,1,mouse
SYNTHETIC DEMONSTRATION ONLY - NOT HUMAN EXPERIMENT RESULTS,1145280,A,0,923.0705432398557,1.0,0,1,mouse
SYNTHETIC DEMONSTRATION ONLY - NOT HUMAN EXPERIMENT RESULTS,1145300,A,0,922.9711549240095,1.0,0,1,mouse
SYNTHETIC DEMONSTRATION ONLY - NOT HUMAN EXPERIMENT RESULTS,1145320,A,0,922.8714401372051,1.0,0,1,mouse
SYNTHETIC DEMONSTRATION ONLY - NOT HUMAN EXPERIMENT RESULTS,1145340,A,0,922.7714002966102,1.0,0,1,mouse
SYNTHETIC DEMONSTRATION ONLY - NOT HUMAN EXPERIMENT RESULTS,1145360,A,0,922.6710368240124,1.0,0,1,mouse
SYNTHETIC DEMONSTRATION ONLY - NOT HUMAN EXPERIMENT RESULTS,1145380,A,0,922.5703511457991,1.0,0,1,mouse
SYNTHETIC DEMONSTRATION ONLY - NOT HUMAN EXPERIMENT RESULTS,1145400,A,0,922.4693446929363,1.0,0,1,mouse
SYNTHETIC DEMONSTRATION ONLY - NOT HUMAN EXPERIMENT RESULTS,1145420,A,0,922.3680189009493,1.0,0,1,mouse
SYNTHETIC DEMONSTRATION ONLY - NOT HUMAN EXPERIMENT RESULTS,1145440,A,0,922.2663752099021,1.0,0,1,mouse
SYNTHETIC DEMONSTRATION ONLY - NOT HUMAN EXPERIMENT RESULTS,1145460,A,0,922.1644150643764,1.0,0,1,mouse
SYNTHETIC DEMONSTRATION ONLY - NOT HUMAN EXPERIMENT RESULTS,1145480,A,0,922.0621399134517,1.0,0,1,mouse
SYNTHETIC DEMONSTRATION ONLY - NOT HUMAN EXPERIMENT RESULTS,1145500,A,0,921.959551210684,1.0,0,1,mouse
SYNTHETIC DEMONSTRATION ONLY - NOT HUMAN EXPERIMENT RESULTS,1145520,A,0,921.856650414086,1.0,0,1,mouse
SYNTHETIC DEMONSTRATION ONLY - NOT HUMAN EXPERIMENT RESULTS,1145540,A,0,921.753438986106,1.0,0,1,mouse
SYNTHETIC DEMONSTRATION ONLY - NOT HUMAN EXPERIMENT RESULTS,1145560,A,0,921.6499183936064,1.0,0,1,mouse
SYNTHETIC DEMONSTRATION ONLY - NOT HUMAN EXPERIMENT RESULTS,1145580,A,0,921.5460901078444,1.0,0,1,mouse
SYNTHETIC DEMONSTRATION ONLY - NOT HUMAN EXPERIMENT RESULTS,1145600,A,0,921.4419556044496,1.0,0,1,mouse
SYNTHETIC DEMONSTRATION ONLY - NOT HUMAN EXPERIMENT RESULTS,1145620,A,0,921.3375163634037,1.0,0,1,mouse
SYNTHETIC DEMONSTRATION ONLY - NOT HUMAN EXPERIMENT RESULTS,1145640,A,0,921.2327738690195,1.0,0,1,mouse
SYNTHETIC DEMONSTRATION ONLY - NOT HUMAN EXPERIMENT RESULTS,1145660,A,0,921.1277296099199,1.0,0,1,mouse
SYNTHETIC DEMONSTRATION ONLY - NOT HUMAN EXPERIMENT RESULTS,1145680,A,0,921.0223850790162,1.0,0,1,mouse
SYNTHETIC DEMONSTRATION ONLY - NOT HUMAN EXPERIMENT RESULTS,1145700,A,0,920.9167417734873,1.0,0,1,mouse
SYNTHETIC DEMONSTRATION ONLY - NOT HUMAN EXPERIMENT RESULTS,1145720,A,0,920.8108011947585,1.0,0,1,mouse
SYNTHETIC DEMONSTRATION ONLY - NOT HUMAN EXPERIMENT RESULTS,1145740,A,0,920.7045648484799,1.0,0,1,mouse
SYNTHETIC DEMONSTRATION ONLY - NOT HUMAN EXPERIMENT RESULTS,1145760,A,0,920.5980342445052,1.0,0,1,mouse
SYNTHETIC DEMONSTRATION ONLY - NOT HUMAN EXPERIMENT RESULTS,1145780,A,0,920.49121089687,1.0,0,1,mouse
SYNTHETIC DEMONSTRATION ONLY - NOT HUMAN EXPERIMENT RESULTS,1145800,A,0,920.3840963237704,1.0,0,1,mouse
SYNTHETIC DEMONSTRATION ONLY - NOT HUMAN EXPERIMENT RESULTS,1145820,A,0,920.2766920475419,1.0,0,1,mouse
SYNTHETIC DEMONSTRATION ONLY - NOT HUMAN EXPERIMENT RESULTS,1145840,A,0,920.1689995946368,1.0,0,1,mouse
SYNTHETIC DEMONSTRATION ONLY - NOT HUMAN EXPERIMENT RESULTS,1145860,A,0,920.0610204956032,1.0,0,1,mouse
SYNTHETIC DEMONSTRATION ONLY - NOT HUMAN EXPERIMENT RESULTS,1145880,A,0,919.9527562850633,1.0,0,1,mouse
SYNTHETIC DEMONSTRATION ONLY - NOT HUMAN EXPERIMENT RESULTS,1145900,A,0,919.844208501691,1.0,0,1,mouse
SYNTHETIC DEMONSTRATION ONLY - NOT HUMAN EXPERIMENT RESULTS,1145920,A,0,919.7353786881906,1.0,0,1,mouse
SYNTHETIC DEMONSTRATION ONLY - NOT HUMAN EXPERIMENT RESULTS,1145940,A,0,919.6262683912748,1.0,0,1,mouse
SYNTHETIC DEMONSTRATION ONLY - NOT HUMAN EXPERIMENT RESULTS,1145960,A,0,919.5168791616422,1.0,0,1,mouse
SYNTHETIC DEMONSTRATION ONLY - NOT HUMAN EXPERIMENT RESULTS,1145980,A,0,919.407212553956,1.0,0,1,mouse
SYNTHETIC DEMONSTRATION ONLY - NOT HUMAN EXPERIMENT RESULTS,1146000,A,0,919.2972701268216,1.0,0,1,mouse
SYNTHETIC DEMONSTRATION ONLY - NOT HUMAN EXPERIMENT RESULTS,1146020,A,0,919.1870534427638,1.0,0,1,mouse
SYNTHETIC DEMONSTRATION ONLY - NOT HUMAN EXPERIMENT RESULTS,1146040,A,0,919.0765640682063,1.0,0,1,mouse
SYNTHETIC DEMONSTRATION ONLY - NOT HUMAN EXPERIMENT RESULTS,1146060,A,0,918.965803573447,1.0,0,1,mouse
SYNTHETIC DEMONSTRATION ONLY - NOT HUMAN EXPERIMENT RESULTS,1146080,A,0,918.854773532638,1.0,0,1,mouse
SYNTHETIC DEMONSTRATION ONLY - NOT HUMAN EXPERIMENT RESULTS,1146100,A,0,918.7434755237623,1.0,0,1,mouse
SYNTHETIC DEMONSTRATION ONLY - NOT HUMAN EXPERIMENT RESULTS,1146120,A,0,918.6319111286102,1.0,0,1,mouse
SYNTHETIC DEMONSTRATION ONLY - NOT HUMAN EXPERIMENT RESULTS,1146140,A,0,918.5200819327594,1.0,0,1,mouse
SYNTHETIC DEMONSTRATION ONLY - NOT HUMAN EXPERIMENT RESULTS,1146160,A,0,918.4079895255501,1.0,0,1,mouse
SYNTHETIC DEMONSTRATION ONLY - NOT HUMAN EXPERIMENT RESULTS,1146180,A,0,918.2956355000632,1.0,0,1,mouse
SYNTHETIC DEMONSTRATION ONLY - NOT HUMAN EXPERIMENT RESULTS,1146200,A,0,918.1830214530984,1.0,0,1,mouse
SYNTHETIC DEMONSTRATION ONLY - NOT HUMAN EXPERIMENT RESULTS,1146220,A,0,918.0701489851507,1.0,0,1,mouse
SYNTHETIC DEMONSTRATION ONLY - NOT HUMAN EXPERIMENT RESULTS,1146240,A,0,917.9570197003875,1.0,0,1,mouse
SYNTHETIC DEMONSTRATION ONLY - NOT HUMAN EXPERIMENT RESULTS,1146260,A,0,917.8436352066265,1.0,0,1,mouse
SYNTHETIC DEMONSTRATION ONLY - NOT HUMAN EXPERIMENT RESULTS,1146280,A,0,917.729997115312,1.0,0,1,mouse
SYNTHETIC DEMONSTRATION ONLY - NOT HUMAN EXPERIMENT RESULTS,1146300,A,0,917.616107041493,1.0,0,1,mouse
SYNTHETIC DEMONSTRATION ONLY - NOT HUMAN EXPERIMENT RESULTS,1146320,A,0,917.5019666037999,1.0,0,1,mouse
SYNTHETIC DEMONSTRATION ONLY - NOT HUMAN EXPERIMENT RESULTS,1146340,A,0,917.3875774244204,1.0,0,1,mouse
SYNTHETIC DEMONSTRATION ONLY - NOT HUMAN EXPERIMENT RESULTS,1146360,A,0,917.2729411290783,1.0,0,1,mouse
SYNTHETIC DEMONSTRATION ONLY - NOT HUMAN EXPERIMENT RESULTS,1146380,A,0,917.1580593470092,1.0,0,1,mouse
SYNTHETIC DEMONSTRATION ONLY - NOT HUMAN EXPERIMENT RESULTS,1146400,A,0,917.0429337109371,1.0,0,1,mouse
SYNTHETIC DEMONSTRATION ONLY - NOT HUMAN EXPERIMENT RESULTS,1146420,A,0,916.9275658570523,1.0,0,1,mouse
SYNTHETIC DEMONSTRATION ONLY - NOT HUMAN EXPERIMENT RESULTS,1146440,A,0,916.8119574249877,1.0,0,1,mouse
SYNTHETIC DEMONSTRATION ONLY - NOT HUMAN EXPERIMENT RESULTS,1146460,A,0,916.6961100577944,1.0,0,1,mouse
SYNTHETIC DEMONSTRATION ONLY - NOT HUMAN EXPERIMENT RESULTS,1146480,A,0,916.5800254019206,1.0,0,1,mouse
SYNTHETIC DEMONSTRATION ONLY - NOT HUMAN EXPERIMENT RESULTS,1146500,A,0,916.4637051071855,1.0,0,1,mouse
SYNTHETIC DEMONSTRATION ONLY - NOT HUMAN EXPERIMENT RESULTS,1146520,A,0,916.3471508267585,1.0,0,1,mouse
SYNTHETIC DEMONSTRATION ONLY - NOT HUMAN EXPERIMENT RESULTS,1146540,A,0,916.2303642171338,1.0,0,1,mouse
SYNTHETIC DEMONSTRATION ONLY - NOT HUMAN EXPERIMENT RESULTS,1146560,A,0,916.1133469381074,1.0,0,1,mouse
SYNTHETIC DEMONSTRATION ONLY - NOT HUMAN EXPERIMENT RESULTS,1146580,A,0,915.9961006527541,1.0,0,1,mouse
SYNTHETIC DEMONSTRATION ONLY - NOT HUMAN EXPERIMENT RESULTS,1146600,A,0,915.8786270274032,1.0,0,1,mouse
SYNTHETIC DEMONSTRATION ONLY - NOT HUMAN EXPERIMENT RESULTS,1146620,A,0,915.7609277316147,1.0,0,1,mouse
SYNTHETIC DEMONSTRATION ONLY - NOT HUMAN EXPERIMENT RESULTS,1146640,A,0,915.6430044381561,1.0,0,1,mouse
SYNTHETIC DEMONSTRATION ONLY - NOT HUMAN EXPERIMENT RESULTS,1146660,A,0,915.524858822979,1.0,0,1,mouse
SYNTHETIC DEMONSTRATION ONLY - NOT HUMAN EXPERIMENT RESULTS,1146680,A,0,915.4064925651933,1.0,0,1,mouse
SYNTHETIC DEMONSTRATION ONLY - NOT HUMAN EXPERIMENT RESULTS,1146700,A,0,915.2879073470459,1.0,0,1,mouse
SYNTHETIC DEMONSTRATION ONLY - NOT HUMAN EXPERIMENT RESULTS,1146720,A,0,915.1691048538954,1.0,0,1,mouse
SYNTHETIC DEMONSTRATION ONLY - NOT HUMAN EXPERIMENT RESULTS,1146740,A,0,915.050086774188,1.0,0,1,mouse
SYNTHETIC DEMONSTRATION ONLY - NOT HUMAN EXPERIMENT RESULTS,1146760,A,0,914.9308547994341,1.0,0,1,mouse
SYNTHETIC DEMONSTRATION ONLY - NOT HUMAN EXPERIMENT RESULTS,1146780,A,0,914.8114106241838,1.0,0,1,mouse
SYNTHETIC DEMONSTRATION ONLY - NOT HUMAN EXPERIMENT RESULTS,1146800,A,0,914.6917559460036,1.0,0,1,mouse
SYNTHETIC DEMONSTRATION ONLY - NOT HUMAN EXPERIMENT RESULTS,1146820,A,0,914.5718924654511,1.0,0,1,mouse
SYNTHETIC DEMONSTRATION ONLY - NOT HUMAN EXPERIMENT RESULTS,1146840,A,0,914.4518218860516,1.0,0,1,mouse
SYNTHETIC DEMONSTRATION ONLY - NOT HUMAN EXPERIMENT RESULTS,1146860,A,0,914.3315459142739,1.0,0,1,mouse
SYNTHETIC DEMONSTRATION ONLY - NOT HUMAN EXPERIMENT RESULTS,1146880,A,0,914.211066259506,1.0,0,1,mouse
SYNTHETIC DEMONSTRATION ONLY - NOT HUMAN EXPERIMENT RESULTS,1146900,A,0,914.0903846340301,1.0,0,1,mouse
SYNTHETIC DEMONSTRATION ONLY - NOT HUMAN EXPERIMENT RESULTS,1146920,A,0,913.9695027529995,1.0,0,1,mouse
SYNTHETIC DEMONSTRATION ONLY - NOT HUMAN EXPERIMENT RESULTS,1146940,A,0,913.8484223344132,1.0,0,1,mouse
SYNTHETIC DEMONSTRATION ONLY - NOT HUMAN EXPERIMENT RESULTS,1146960,A,0,913.7271450990919,1.0,0,1,mouse
SYNTHETIC DEMONSTRATION ONLY - NOT HUMAN EXPERIMENT RESULTS,1146980,A,0,913.6056727706538,1.0,0,1,mouse
SYNTHETIC DEMONSTRATION ONLY - NOT HUMAN EXPERIMENT RESULTS,1147000,A,0,913.4840070754892,1.0,0,1,mouse
SYNTHETIC DEMONSTRATION ONLY - NOT HUMAN EXPERIMENT RESULTS,1147020,A,0,913.3621497427372,1.0,0,1,mouse
SYNTHETIC DEMONSTRATION ONLY - NOT HUMAN EXPERIMENT RESULTS,1147040,A,0,913.2401025042602,1.0,0,1,mouse
SYNTHETIC DEMONSTRATION ONLY - NOT HUMAN EXPERIMENT RESULTS,1147060,A,0,913.1178670946196,1.0,0,1,mouse
SYNTHETIC DEMONSTRATION ONLY - NOT HUMAN EXPERIMENT RESULTS,1147080,A,0,912.995445251051,1.0,0,1,mouse
SYNTHETIC DEMONSTRATION ONLY - NOT HUMAN EXPERIMENT RESULTS,1147100,A,0,912.87283871344,1.0,0,1,mouse
SYNTHETIC DEMONSTRATION ONLY - NOT HUMAN EXPERIMENT RESULTS,1147120,A,0,912.7500492242968,1.0,0,1,mouse
SYNTHETIC DEMONSTRATION ONLY - NOT HUMAN EXPERIMENT RESULTS,1147140,A,0,912.6270785287318,1.0,0,1,mouse
SYNTHETIC DEMONSTRATION ONLY - NOT HUMAN EXPERIMENT RESULTS,1147160,A,0,912.5039283744308,1.0,0,1,mouse
SYNTHETIC DEMONSTRATION ONLY - NOT HUMAN EXPERIMENT RESULTS,1147180,A,0,912.3806005116301,1.0,0,1,mouse
SYNTHETIC DEMONSTRATION ONLY - NOT HUMAN EXPERIMENT RESULTS,1147200,A,0,912.2570966930915,1.0,0,1,mouse
SYNTHETIC DEMONSTRATION ONLY - NOT HUMAN EXPERIMENT RESULTS,1147220,A,0,912.1334186740778,1.0,0,1,mouse
SYNTHETIC DEMONSTRATION ONLY - NOT HUMAN EXPERIMENT RESULTS,1147240,A,0,912.0095682123274,1.0,0,1,mouse
SYNTHETIC DEMONSTRATION ONLY - NOT HUMAN EXPERIMENT RESULTS,1147260,A,0,911.8855470680295,1.0,0,1,mouse
SYNTHETIC DEMONSTRATION ONLY - NOT HUMAN EXPERIMENT RESULTS,1147280,A,0,911.761357003799,1.0,0,1,mouse
SYNTHETIC DEMONSTRATION ONLY - NOT HUMAN EXPERIMENT RESULTS,1147300,A,0,911.6369997846516,1.0,0,1,mouse
SYNTHETIC DEMONSTRATION ONLY - NOT HUMAN EXPERIMENT RESULTS,1147320,A,0,911.5124771779788,1.0,0,1,mouse
SYNTHETIC DEMONSTRATION ONLY - NOT HUMAN EXPERIMENT RESULTS,1147340,A,0,911.3877909535222,1.0,0,1,mouse
SYNTHETIC DEMONSTRATION ONLY - NOT HUMAN EXPERIMENT RESULTS,1147360,A,0,911.2629428833493,1.0,0,1,mouse
SYNTHETIC DEMONSTRATION ONLY - NOT HUMAN EXPERIMENT RESULTS,1147380,A,0,911.1379347418276,1.0,0,1,mouse
SYNTHETIC DEMONSTRATION ONLY - NOT HUMAN EXPERIMENT RESULTS,1147400,A,0,911.0127683055991,1.0,0,1,mouse
SYNTHETIC DEMONSTRATION ONLY - NOT HUMAN EXPERIMENT RESULTS,1147420,A,0,910.8874453535561,1.0,0,1,mouse
SYNTHETIC DEMONSTRATION ONLY - NOT HUMAN EXPERIMENT RESULTS,1147440,A,0,910.7619676668156,1.0,0,1,mouse
SYNTHETIC DEMONSTRATION ONLY - NOT HUMAN EXPERIMENT RESULTS,1147460,A,0,910.6363370286925,1.0,0,1,mouse
SYNTHETIC DEMONSTRATION ONLY - NOT HUMAN EXPERIMENT RESULTS,1147480,A,0,910.510555224677,1.0,0,1,mouse
SYNTHETIC DEMONSTRATION ONLY - NOT HUMAN EXPERIMENT RESULTS,1147500,A,0,910.3846240424062,1.0,0,1,mouse
SYNTHETIC DEMONSTRATION ONLY - NOT HUMAN EXPERIMENT RESULTS,1147520,A,0,910.2585452716415,1.0,0,1,mouse
SYNTHETIC DEMONSTRATION ONLY - NOT HUMAN EXPERIMENT RESULTS,1147540,A,0,910.1323207042414,1.0,0,1,mouse
SYNTHETIC DEMONSTRATION ONLY - NOT HUMAN EXPERIMENT RESULTS,1147560,A,0,910.0059521341357,1.0,0,1,mouse
SYNTHETIC DEMONSTRATION ONLY - NOT HUMAN EXPERIMENT RESULTS,1147580,A,0,909.8794413573021,1.0,0,1,mouse
SYNTHETIC DEMONSTRATION ONLY - NOT HUMAN EXPERIMENT RESULTS,1147600,A,0,909.7527901717388,1.0,0,1,mouse
SYNTHETIC DEMONSTRATION ONLY - NOT HUMAN EXPERIMENT RESULTS,1147620,A,0,909.626000377439,1.0,0,1,mouse
SYNTHETIC DEMONSTRATION ONLY - NOT HUMAN EXPERIMENT RESULTS,1147640,A,0,909.4990737763668,1.0,0,1,mouse
SYNTHETIC DEMONSTRATION ONLY - NOT HUMAN EXPERIMENT RESULTS,1147660,A,0,909.3720121724301,1.0,0,1,mouse
SYNTHETIC DEMONSTRATION ONLY - NOT HUMAN EXPERIMENT RESULTS,1147680,A,0,909.2448173714553,1.0,0,1,mouse
SYNTHETIC DEMONSTRATION ONLY - NOT HUMAN EXPERIMENT RESULTS,1147700,A,0,909.1174911811621,1.0,0,1,mouse
SYNTHETIC DEMONSTRATION ONLY - NOT HUMAN EXPERIMENT RESULTS,1147720,A,0,908.9900354111379,1.0,0,1,mouse
SYNTHETIC DEMONSTRATION ONLY - NOT HUMAN EXPERIMENT RESULTS,1147740,A,0,908.8624518728108,1.0,0,1,mouse
SYNTHETIC DEMONSTRATION ONLY - NOT HUMAN EXPERIMENT RESULTS,1147760,A,0,908.7347423794256,1.0,0,1,mouse
SYNTHETIC DEMONSTRATION ONLY - NOT HUMAN EXPERIMENT RESULTS,1147780,A,0,908.6069087460166,1.0,0,1,mouse
SYNTHETIC DEMONSTRATION ONLY - NOT HUMAN EXPERIMENT RESULTS,1147800,A,0,908.478952789383,1.0,0,1,mouse
SYNTHETIC DEMONSTRATION ONLY - NOT HUMAN EXPERIMENT RESULTS,1147820,A,0,908.3508763280622,1.0,0,1,mouse
SYNTHETIC DEMONSTRATION ONLY - NOT HUMAN EXPERIMENT RESULTS,1147840,A,0,908.2226811823039,1.0,0,1,mouse
SYNTHETIC DEMONSTRATION ONLY - NOT HUMAN EXPERIMENT RESULTS,1147860,A,0,908.094369174045,1.0,0,1,mouse
SYNTHETIC DEMONSTRATION ONLY - NOT HUMAN EXPERIMENT RESULTS,1147880,A,0,907.9659421268834,1.0,0,1,mouse
SYNTHETIC DEMONSTRATION ONLY - NOT HUMAN EXPERIMENT RESULTS,1147900,A,0,907.8374018660513,1.0,0,1,mouse
SYNTHETIC DEMONSTRATION ONLY - NOT HUMAN EXPERIMENT RESULTS,1147920,A,0,907.7087502183907,1.0,0,1,mouse
SYNTHETIC DEMONSTRATION ONLY - NOT HUMAN EXPERIMENT RESULTS,1147940,A,0,907.5799890123262,1.0,0,1,mouse
SYNTHETIC DEMONSTRATION ONLY - NOT HUMAN EXPERIMENT RESULTS,1147960,A,0,907.4511200778394,1.0,0,1,mouse
SYNTHETIC DEMONSTRATION ONLY - NOT HUMAN EXPERIMENT RESULTS,1147980,A,0,907.3221452464433,1.0,0,1,mouse
SYNTHETIC DEMONSTRATION ONLY - NOT HUMAN EXPERIMENT RESULTS,1148000,A,0,907.1930663511555,1.0,0,1,mouse
SYNTHETIC DEMONSTRATION ONLY - NOT HUMAN EXPERIMENT RESULTS,1148020,A,0,907.0638852264728,1.0,0,1,mouse
SYNTHETIC DEMONSTRATION ONLY - NOT HUMAN EXPERIMENT RESULTS,1148040,A,0,906.9346037083455,1.0,0,1,mouse
SYNTHETIC DEMONSTRATION ONLY - NOT HUMAN EXPERIMENT RESULTS,1148060,A,0,906.8052236341495,1.0,0,1,mouse
SYNTHETIC DEMONSTRATION ONLY - NOT HUMAN EXPERIMENT RESULTS,1148080,A,0,906.6757468426621,1.0,0,1,mouse
SYNTHETIC DEMONSTRATION ONLY - NOT HUMAN EXPERIMENT RESULTS,1148100,A,0,906.5461751740356,1.0,0,1,mouse
SYNTHETIC DEMONSTRATION ONLY - NOT HUMAN EXPERIMENT RESULTS,1148120,A,0,906.4165104697696,1.0,0,1,mouse
SYNTHETIC DEMONSTRATION ONLY - NOT HUMAN EXPERIMENT RESULTS,1148140,A,0,906.2867545726868,1.0,0,1,mouse
SYNTHETIC DEMONSTRATION ONLY - NOT HUMAN EXPERIMENT RESULTS,1148160,A,0,906.1569093269062,1.0,0,1,mouse
SYNTHETIC DEMONSTRATION ONLY - NOT HUMAN EXPERIMENT RESULTS,1148180,A,0,906.0269765778153,1.0,0,1,mouse
SYNTHETIC DEMONSTRATION ONLY - NOT HUMAN EXPERIMENT RESULTS,1148200,A,0,905.8969581720465,1.0,0,1,mouse
SYNTHETIC DEMONSTRATION ONLY - NOT HUMAN EXPERIMENT RESULTS,1148220,A,0,905.7668559574495,1.0,0,1,mouse
SYNTHETIC DEMONSTRATION ONLY - NOT HUMAN EXPERIMENT RESULTS,1148240,A,0,905.636671783064,1.0,0,1,mouse
SYNTHETIC DEMONSTRATION ONLY - NOT HUMAN EXPERIMENT RESULTS,1148260,A,0,905.5064074990959,1.0,0,1,mouse
SYNTHETIC DEMONSTRATION ONLY - NOT HUMAN EXPERIMENT RESULTS,1148280,A,0,905.3760649568886,1.0,0,1,mouse
SYNTHETIC DEMONSTRATION ONLY - NOT HUMAN EXPERIMENT RESULTS,1148300,A,0,905.2456460088982,1.0,0,1,mouse
SYNTHETIC DEMONSTRATION ONLY - NOT HUMAN EXPERIMENT RESULTS,1148320,A,0,905.1151525086672,1.0,0,1,mouse
SYNTHETIC DEMONSTRATION ONLY - NOT HUMAN EXPERIMENT RESULTS,1148340,A,0,904.9845863107962,1.0,0,1,mouse
SYNTHETIC DEMONSTRATION ONLY - NOT HUMAN EXPERIMENT RESULTS,1148360,A,0,904.8539492709206,1.0,0,1,mouse
SYNTHETIC DEMONSTRATION ONLY - NOT HUMAN EXPERIMENT RESULTS,1148380,A,0,904.7232432456815,1.0,0,1,mouse
SYNTHETIC DEMONSTRATION ONLY - NOT HUMAN EXPERIMENT RESULTS,1148400,A,0,904.5924700927008,1.0,0,1,mouse
SYNTHETIC DEMONSTRATION ONLY - NOT HUMAN EXPERIMENT RESULTS,1148420,A,0,904.4616316705548,1.0,0,1,mouse
SYNTHETIC DEMONSTRATION ONLY - NOT HUMAN EXPERIMENT RESULTS,1148440,A,0,904.330729838747,1.0,0,1,mouse
SYNTHETIC DEMONSTRATION ONLY - NOT HUMAN EXPERIMENT RESULTS,1148460,A,0,904.1997664576819,1.0,0,1,mouse
SYNTHETIC DEMONSTRATION ONLY - NOT HUMAN EXPERIMENT RESULTS,1148480,A,0,904.0687433886394,1.0,0,1,mouse
SYNTHETIC DEMONSTRATION ONLY - NOT HUMAN EXPERIMENT RESULTS,1148500,A,0,903.937662493747,1.0,0,1,mouse
SYNTHETIC DEMONSTRATION ONLY - NOT HUMAN EXPERIMENT RESULTS,1148520,A,0,903.8065256359546,1.0,0,1,mouse
SYNTHETIC DEMONSTRATION ONLY - NOT HUMAN EXPERIMENT RESULTS,1148540,A,0,903.6753346790072,1.0,0,1,mouse
SYNTHETIC DEMONSTRATION ONLY - NOT HUMAN EXPERIMENT RESULTS,1148560,A,0,903.5440914874185,1.0,0,1,mouse
SYNTHETIC DEMONSTRATION ONLY - NOT HUMAN EXPERIMENT RESULTS,1148580,A,0,903.412797926445,1.0,0,1,mouse
SYNTHETIC DEMONSTRATION ONLY - NOT HUMAN EXPERIMENT RESULTS,1148600,A,0,903.2814558620588,1.0,0,1,mouse
SYNTHETIC DEMONSTRATION ONLY - NOT HUMAN EXPERIMENT RESULTS,1148620,A,0,903.1500671609213,1.0,0,1,mouse
SYNTHETIC DEMONSTRATION ONLY - NOT HUMAN EXPERIMENT RESULTS,1148640,A,0,903.0186336903564,1.0,0,1,mouse
SYNTHETIC DEMONSTRATION ONLY - NOT HUMAN EXPERIMENT RESULTS,1148660,A,0,902.8871573183253,1.0,0,1,mouse
SYNTHETIC DEMONSTRATION ONLY - NOT HUMAN EXPERIMENT RESULTS,1148680,A,0,902.755639913398,1.0,0,1,mouse
SYNTHETIC DEMONSTRATION ONLY - NOT HUMAN EXPERIMENT RESULTS,1148700,A,0,902.6240833447278,1.0,0,1,mouse
SYNTHETIC DEMONSTRATION ONLY - NOT HUMAN EXPERIMENT RESULTS,1148720,A,0,902.4924894820249,1.0,0,1,mouse
SYNTHETIC DEMONSTRATION ONLY - NOT HUMAN EXPERIMENT RESULTS,1148740,A,0,902.3608601955292,1.0,0,1,mouse
SYNTHETIC DEMONSTRATION ONLY - NOT HUMAN EXPERIMENT RESULTS,1148760,A,0,902.2291973559845,1.0,0,1,mouse
SYNTHETIC DEMONSTRATION ONLY - NOT HUMAN EXPERIMENT RESULTS,1148780,A,0,902.097502834611,1.0,0,1,mouse
SYNTHETIC DEMONSTRATION ONLY - NOT HUMAN EXPERIMENT RESULTS,1148800,A,0,901.9657785030793,1.0,0,1,mouse
SYNTHETIC DEMONSTRATION ONLY - NOT HUMAN EXPERIMENT RESULTS,1148820,A,0,901.834026233484,1.0,0,1,mouse
SYNTHETIC DEMONSTRATION ONLY - NOT HUMAN EXPERIMENT RESULTS,1148840,A,0,901.702247898316,1.0,0,1,mouse
SYNTHETIC DEMONSTRATION ONLY - NOT HUMAN EXPERIMENT RESULTS,1148860,A,0,901.5704453704375,1.0,0,1,mouse
SYNTHETIC DEMONSTRATION ONLY - NOT HUMAN EXPERIMENT RESULTS,1148880,A,0,901.4386205230544,1.0,0,1,mouse
SYNTHETIC DEMONSTRATION ONLY - NOT HUMAN EXPERIMENT RESULTS,1148900,A,0,901.3067752296889,1.0,0,1,mouse
SYNTHETIC DEMONSTRATION ONLY - NOT HUMAN EXPERIMENT RESULTS,1148920,A,0,901.1749113641549,1.0,0,1,mouse
SYNTHETIC DEMONSTRATION ONLY - NOT HUMAN EXPERIMENT RESULTS,1148940,A,0,901.04303080053,1.0,0,1,mouse
SYNTHETIC DEMONSTRATION ONLY - NOT HUMAN EXPERIMENT RESULTS,1148960,A,0,900.9111354131285,1.0,0,1,mouse
SYNTHETIC DEMONSTRATION ONLY - NOT HUMAN EXPERIMENT RESULTS,1148980,A,0,900.7792270764761,1.0,0,1,mouse
SYNTHETIC DEMONSTRATION ONLY - NOT HUMAN EXPERIMENT RESULTS,1149000,A,0,900.6473076652819,1.0,0,1,mouse
SYNTHETIC DEMONSTRATION ONLY - NOT HUMAN EXPERIMENT RESULTS,1149020,A,0,900.515379054413,1.0,0,1,mouse
SYNTHETIC DEMONSTRATION ONLY - NOT HUMAN EXPERIMENT RESULTS,1149040,A,0,900.3834431188671,1.0,0,1,mouse
SYNTHETIC DEMONSTRATION ONLY - NOT HUMAN EXPERIMENT RESULTS,1149060,A,0,900.2515017337455,1.0,0,1,mouse
SYNTHETIC DEMONSTRATION ONLY - NOT HUMAN EXPERIMENT RESULTS,1149080,A,0,900.1195567742276,1.0,0,1,mouse
SYNTHETIC DEMONSTRATION ONLY - NOT HUMAN EXPERIMENT RESULTS,1149100,A,0,899.9876101155436,1.0,0,1,mouse
SYNTHETIC DEMONSTRATION ONLY - NOT HUMAN EXPERIMENT RESULTS,1149120,A,0,899.855663632947,1.0,0,1,mouse
SYNTHETIC DEMONSTRATION ONLY - NOT HUMAN EXPERIMENT RESULTS,1149140,A,0,899.7237192016896,1.0,0,1,mouse
SYNTHETIC DEMONSTRATION ONLY - NOT HUMAN EXPERIMENT RESULTS,1149160,A,0,899.5917786969942,1.0,0,1,mouse
SYNTHETIC DEMONSTRATION ONLY - NOT HUMAN EXPERIMENT RESULTS,1149180,A,0,899.4598439940269,1.0,0,1,mouse
SYNTHETIC DEMONSTRATION ONLY - NOT HUMAN EXPERIMENT RESULTS,1149200,A,0,899.3279169678719,1.0,0,1,mouse
SYNTHETIC DEMONSTRATION ONLY - NOT HUMAN EXPERIMENT RESULTS,1149220,A,0,899.1959994935049,1.0,0,1,mouse
SYNTHETIC DEMONSTRATION ONLY - NOT HUMAN EXPERIMENT RESULTS,1149240,A,0,899.0640934457645,1.0,0,1,mouse
SYNTHETIC DEMONSTRATION ONLY - NOT HUMAN EXPERIMENT RESULTS,1149260,A,0,898.9322006993281,1.0,0,1,mouse
SYNTHETIC DEMONSTRATION ONLY - NOT HUMAN EXPERIMENT RESULTS,1149280,A,0,898.800323128683,1.0,0,1,mouse
SYNTHETIC DEMONSTRATION ONLY - NOT HUMAN EXPERIMENT RESULTS,1149300,A,0,898.6684626081018,1.0,0,1,mouse
SYNTHETIC DEMONSTRATION ONLY - NOT HUMAN EXPERIMENT RESULTS,1149320,A,0,898.5366210116144,1.0,0,1,mouse
SYNTHETIC DEMONSTRATION ONLY - NOT HUMAN EXPERIMENT RESULTS,1149340,A,0,898.4048002129816,1.0,0,1,mouse
SYNTHETIC DEMONSTRATION ONLY - NOT HUMAN EXPERIMENT RESULTS,1149360,A,0,898.2730020856686,1.0,0,1,mouse
SYNTHETIC DEMONSTRATION ONLY - NOT HUMAN EXPERIMENT RESULTS,1149380,A,0,898.1412285028191,1.0,0,1,mouse
SYNTHETIC DEMONSTRATION ONLY - NOT HUMAN EXPERIMENT RESULTS,1149400,A,0,898.0094813372266,1.0,0,1,mouse
SYNTHETIC DEMONSTRATION ONLY - NOT HUMAN EXPERIMENT RESULTS,1149420,A,0,897.8777624613103,1.0,0,1,mouse
SYNTHETIC DEMONSTRATION ONLY - NOT HUMAN EXPERIMENT RESULTS,1149440,A,0,897.7460737470874,1.0,0,1,mouse
SYNTHETIC DEMONSTRATION ONLY - NOT HUMAN EXPERIMENT RESULTS,1149460,A,0,897.6144170661453,1.0,0,1,mouse
SYNTHETIC DEMONSTRATION ONLY - NOT HUMAN EXPERIMENT RESULTS,1149480,A,0,897.4827942896173,1.0,0,1,mouse
SYNTHETIC DEMONSTRATION ONLY - NOT HUMAN EXPERIMENT RESULTS,1149500,A,0,897.3512072881542,1.0,0,1,mouse
SYNTHETIC DEMONSTRATION ONLY - NOT HUMAN EXPERIMENT RESULTS,1149520,A,0,897.2196579318986,1.0,0,1,mouse
SYNTHETIC DEMONSTRATION ONLY - NOT HUMAN EXPERIMENT RESULTS,1149540,A,0,897.0881480904584,1.0,0,1,mouse
SYNTHETIC DEMONSTRATION ONLY - NOT HUMAN EXPERIMENT RESULTS,1149560,A,0,896.956679632879,1.0,0,1,mouse
SYNTHETIC DEMONSTRATION ONLY - NOT HUMAN EXPERIMENT RESULTS,1149580,A,0,896.8252544276183,1.0,0,1,mouse
SYNTHETIC DEMONSTRATION ONLY - NOT HUMAN EXPERIMENT RESULTS,1149600,A,0,896.6938743425198,1.0,0,1,mouse
SYNTHETIC DEMONSTRATION ONLY - NOT HUMAN EXPERIMENT RESULTS,1149620,A,0,896.5625412447848,1.0,0,1,mouse
SYNTHETIC DEMONSTRATION ONLY - NOT HUMAN EXPERIMENT RESULTS,1149640,A,0,896.4312570009475,1.0,0,1,mouse
SYNTHETIC DEMONSTRATION ONLY - NOT HUMAN EXPERIMENT RESULTS,1149660,A,0,896.300023476848,1.0,0,1,mouse
SYNTHETIC DEMONSTRATION ONLY - NOT HUMAN EXPERIMENT RESULTS,1149680,A,0,896.1688425376045,1.0,0,1,mouse
SYNTHETIC DEMONSTRATION ONLY - NOT HUMAN EXPERIMENT RESULTS,1149700,A,0,896.0377160475889,1.0,0,1,mouse
SYNTHETIC DEMONSTRATION ONLY - NOT HUMAN EXPERIMENT RESULTS,1149720,A,0,895.9066458703988,1.0,0,1,mouse
SYNTHETIC DEMONSTRATION ONLY - NOT HUMAN EXPERIMENT RESULTS,1149740,A,0,895.7756338688315,1.0,0,1,mouse
SYNTHETIC DEMONSTRATION ONLY - NOT HUMAN EXPERIMENT RESULTS,1149760,A,0,895.6446819048579,1.0,0,1,mouse
SYNTHETIC DEMONSTRATION ONLY - NOT HUMAN EXPERIMENT RESULTS,1149780,A,0,895.5137918395945,1.0,0,1,mouse
SYNTHETIC DEMONSTRATION ONLY - NOT HUMAN EXPERIMENT RESULTS,1149800,A,0,895.3829655332795,1.0,0,1,mouse
SYNTHETIC DEMONSTRATION ONLY - NOT HUMAN EXPERIMENT RESULTS,1149820,A,0,895.2522048452441,1.0,0,1,mouse
SYNTHETIC DEMONSTRATION ONLY - NOT HUMAN EXPERIMENT RESULTS,1149840,A,0,895.121511633887,1.0,0,1,mouse
SYNTHETIC DEMONSTRATION ONLY - NOT HUMAN EXPERIMENT RESULTS,1149860,A,0,894.9908877566484,1.0,0,1,mouse
SYNTHETIC DEMONSTRATION ONLY - NOT HUMAN EXPERIMENT RESULTS,1149880,A,0,894.8603350699823,1.0,0,1,mouse
SYNTHETIC DEMONSTRATION ONLY - NOT HUMAN EXPERIMENT RESULTS,1149900,A,0,894.7298554293315,1.0,0,1,mouse
SYNTHETIC DEMONSTRATION ONLY - NOT HUMAN EXPERIMENT RESULTS,1149920,A,0,894.5994506891006,1.0,0,1,mouse
SYNTHETIC DEMONSTRATION ONLY - NOT HUMAN EXPERIMENT RESULTS,1149940,A,0,894.4691227026296,1.0,0,1,mouse
SYNTHETIC DEMONSTRATION ONLY - NOT HUMAN EXPERIMENT RESULTS,1149960,A,0,894.3388733221676,1.0,0,1,mouse
SYNTHETIC DEMONSTRATION ONLY - NOT HUMAN EXPERIMENT RESULTS,1149980,A,0,894.2087043988466,1.0,0,1,mouse
SYNTHETIC DEMONSTRATION ONLY - NOT HUMAN EXPERIMENT RESULTS,1150000,A,0,894.0786177826551,1.0,0,1,mouse
SYNTHETIC DEMONSTRATION ONLY - NOT HUMAN EXPERIMENT RESULTS,1150020,A,0,893.948615322412,1.0,0,1,mouse
SYNTHETIC DEMONSTRATION ONLY - NOT HUMAN EXPERIMENT RESULTS,1150040,A,0,893.81869886574,1.0,0,1,mouse
SYNTHETIC DEMONSTRATION ONLY - NOT HUMAN EXPERIMENT RESULTS,1150060,A,0,893.6888702590394,1.0,0,1,mouse
SYNTHETIC DEMONSTRATION ONLY - NOT HUMAN EXPERIMENT RESULTS,1150080,A,0,893.559131347462,1.0,0,1,mouse
SYNTHETIC DEMONSTRATION ONLY - NOT HUMAN EXPERIMENT RESULTS,1150100,A,0,893.4294839748852,1.0,0,1,mouse
SYNTHETIC DEMONSTRATION ONLY - NOT HUMAN EXPERIMENT RESULTS,1150120,A,0,893.299929983885,1.0,0,1,mouse
SYNTHETIC DEMONSTRATION ONLY - NOT HUMAN EXPERIMENT RESULTS,1150140,A,0,893.1704712157102,1.0,0,1,mouse
SYNTHETIC DEMONSTRATION ONLY - NOT HUMAN EXPERIMENT RESULTS,1150160,A,0,893.0411095102569,1.0,0,1,mouse
SYNTHETIC DEMONSTRATION ONLY - NOT HUMAN EXPERIMENT RESULTS,1150180,A,0,892.9118467060408,1.0,0,1,mouse
SYNTHETIC DEMONSTRATION ONLY - NOT HUMAN EXPERIMENT RESULTS,1150200,A,0,892.7826846401726,1.0,0,1,mouse
SYNTHETIC DEMONSTRATION ONLY - NOT HUMAN EXPERIMENT RESULTS,1150220,A,0,892.6536251483315,1.0,0,1,mouse
SYNTHETIC DEMONSTRATION ONLY - NOT HUMAN EXPERIMENT RESULTS,1150240,A,0,892.5246700647381,1.0,0,1,mouse
SYNTHETIC DEMONSTRATION ONLY - NOT HUMAN EXPERIMENT RESULTS,1150260,A,0,892.3958212221298,1.0,0,1,mouse
SYNTHETIC DEMONSTRATION ONLY - NOT HUMAN EXPERIMENT RESULTS,1150280,A,0,892.2670804517338,1.0,0,1,mouse
SYNTHETIC DEMONSTRATION ONLY - NOT HUMAN EXPERIMENT RESULTS,1150300,A,0,892.1384495832414,1.0,0,1,mouse
SYNTHETIC DEMONSTRATION ONLY - NOT HUMAN EXPERIMENT RESULTS,1150320,A,0,892.0099304447822,1.0,0,1,mouse
SYNTHETIC DEMONSTRATION ONLY - NOT HUMAN EXPERIMENT RESULTS,1150340,A,0,891.8815248628972,1.0,0,1,mouse
SYNTHETIC DEMONSTRATION ONLY - NOT HUMAN EXPERIMENT RESULTS,1150360,A,0,891.7532346625142,1.0,0,1,mouse
SYNTHETIC DEMONSTRATION ONLY - NOT HUMAN EXPERIMENT RESULTS,1150380,A,0,891.6250616669212,1.0,0,1,mouse
SYNTHETIC DEMONSTRATION ONLY - NOT HUMAN EXPERIMENT RESULTS,1150400,A,0,891.4970076977395,1.0,0,1,mouse
SYNTHETIC DEMONSTRATION ONLY - NOT HUMAN EXPERIMENT RESULTS,1150420,A,0,891.3690745749,1.0,0,1,mouse
SYNTHETIC DEMONSTRATION ONLY - NOT HUMAN EXPERIMENT RESULTS,1150440,A,0,891.2412641166155,1.0,0,1,mouse
SYNTHETIC DEMONSTRATION ONLY - NOT HUMAN EXPERIMENT RESULTS,1150460,A,0,891.1135781393552,1.0,0,1,mouse
SYNTHETIC DEMONSTRATION ONLY - NOT HUMAN EXPERIMENT RESULTS,1150480,A,0,890.9860184578199,1.0,0,1,mouse
SYNTHETIC DEMONSTRATION ONLY - NOT HUMAN EXPERIMENT RESULTS,1150500,A,0,890.8585868849146,1.0,0,1,mouse
SYNTHETIC DEMONSTRATION ONLY - NOT HUMAN EXPERIMENT RESULTS,1150520,A,0,890.7312852317243,1.0,0,1,mouse
SYNTHETIC DEMONSTRATION ONLY - NOT HUMAN EXPERIMENT RESULTS,1150540,A,0,890.6041153074874,1.0,0,1,mouse
SYNTHETIC DEMONSTRATION ONLY - NOT HUMAN EXPERIMENT RESULTS,1150560,A,0,890.4770789195695,1.0,0,1,mouse
SYNTHETIC DEMONSTRATION ONLY - NOT HUMAN EXPERIMENT RESULTS,1150580,A,0,890.3501778734393,1.0,0,1,mouse
SYNTHETIC DEMONSTRATION ONLY - NOT HUMAN EXPERIMENT RESULTS,1150600,A,0,890.2234139726417,1.0,0,1,mouse
SYNTHETIC DEMONSTRATION ONLY - NOT HUMAN EXPERIMENT RESULTS,1150620,A,0,890.0967890187718,1.0,0,1,mouse
SYNTHETIC DEMONSTRATION ONLY - NOT HUMAN EXPERIMENT RESULTS,1150640,A,0,889.9703048114507,1.0,0,1,mouse
SYNTHETIC DEMONSTRATION ONLY - NOT HUMAN EXPERIMENT RESULTS,1150660,A,0,889.8439631482993,1.0,0,1,mouse
SYNTHETIC DEMONSTRATION ONLY - NOT HUMAN EXPERIMENT RESULTS,1150680,A,0,889.7177658249118,1.0,0,1,mouse
SYNTHETIC DEMONSTRATION ONLY - NOT HUMAN EXPERIMENT RESULTS,1150700,A,0,889.5917146348316,1.0,0,1,mouse
SYNTHETIC DEMONSTRATION ONLY - NOT HUMAN EXPERIMENT RESULTS,1150720,A,0,889.4658113695256,1.0,0,1,mouse
SYNTHETIC DEMONSTRATION ONLY - NOT HUMAN EXPERIMENT RESULTS,1150740,A,0,889.3400578183572,1.0,0,1,mouse
SYNTHETIC DEMONSTRATION ONLY - NOT HUMAN EXPERIMENT RESULTS,1150760,A,0,889.2144557685632,1.0,0,1,mouse
SYNTHETIC DEMONSTRATION ONLY - NOT HUMAN EXPERIMENT RESULTS,1150780,A,0,889.0890070052264,1.0,0,1,mouse
SYNTHETIC DEMONSTRATION ONLY - NOT HUMAN EXPERIMENT RESULTS,1150800,A,0,888.9637133112517,1.0,0,1,mouse
SYNTHETIC DEMONSTRATION ONLY - NOT HUMAN EXPERIMENT RESULTS,1150820,A,0,888.83857646734,1.0,0,1,mouse
SYNTHETIC DEMONSTRATION ONLY - NOT HUMAN EXPERIMENT RESULTS,1150840,A,0,888.7135982519621,1.0,0,1,mouse
SYNTHETIC DEMONSTRATION ONLY - NOT HUMAN EXPERIMENT RESULTS,1150860,A,0,888.5887804413358,1.0,0,1,mouse
SYNTHETIC DEMONSTRATION ONLY - NOT HUMAN EXPERIMENT RESULTS,1150880,A,0,888.4641248093983,1.0,0,1,mouse
SYNTHETIC DEMONSTRATION ONLY - NOT HUMAN EXPERIMENT RESULTS,1150900,A,0,888.3396331277818,1.0,0,1,mouse
SYNTHETIC DEMONSTRATION ONLY - NOT HUMAN EXPERIMENT RESULTS,1150920,A,0,888.2153071657888,1.0,0,1,mouse
SYNTHETIC DEMONSTRATION ONLY - NOT HUMAN EXPERIMENT RESULTS,1150940,A,0,888.0911486903667,1.0,0,1,mouse
SYNTHETIC DEMONSTRATION ONLY - NOT HUMAN EXPERIMENT RESULTS,1150960,A,0,887.9671594660819,1.0,0,1,mouse
SYNTHETIC DEMONSTRATION ONLY - NOT HUMAN EXPERIMENT RESULTS,1150980,A,0,887.8433412550959,1.0,0,1,mouse
SYNTHETIC DEMONSTRATION ONLY - NOT HUMAN EXPERIMENT RESULTS,1151000,A,0,887.7196958171394,1.0,0,1,mouse
SYNTHETIC DEMONSTRATION ONLY - NOT HUMAN EXPERIMENT RESULTS,1151020,A,0,887.5962249094878,1.0,0,1,mouse
SYNTHETIC DEMONSTRATION ONLY - NOT HUMAN EXPERIMENT RESULTS,1151040,A,0,887.4729302869362,1.0,0,1,mouse
SYNTHETIC DEMONSTRATION ONLY - NOT HUMAN EXPERIMENT RESULTS,1151060,A,0,887.3498137017738,1.0,0,1,mouse
SYNTHETIC DEMONSTRATION ONLY - NOT HUMAN EXPERIMENT RESULTS,1151080,A,0,887.22687690376,1.0,0,1,mouse
SYNTHETIC DEMONSTRATION ONLY - NOT HUMAN EXPERIMENT RESULTS,1151100,A,0,887.1041216400989,1.0,0,1,mouse
SYNTHETIC DEMONSTRATION ONLY - NOT HUMAN EXPERIMENT RESULTS,1151120,A,0,886.9815496554143,1.0,0,1,mouse
SYNTHETIC DEMONSTRATION ONLY - NOT HUMAN EXPERIMENT RESULTS,1151140,A,0,886.8591626917255,1.0,0,1,mouse
SYNTHETIC DEMONSTRATION ONLY - NOT HUMAN EXPERIMENT RESULTS,1151160,A,0,886.7369624884223,1.0,0,1,mouse
SYNTHETIC DEMONSTRATION ONLY - NOT HUMAN EXPERIMENT RESULTS,1151180,A,0,886.6149507822396,1.0,0,1,mouse
SYNTHETIC DEMONSTRATION ONLY - NOT HUMAN EXPERIMENT RESULTS,1151200,A,0,886.4931293072344,1.0,0,1,mouse
SYNTHETIC DEMONSTRATION ONLY - NOT HUMAN EXPERIMENT RESULTS,1151220,A,0,886.3714997947593,1.0,0,1,mouse
SYNTHETIC DEMONSTRATION ONLY - NOT HUMAN EXPERIMENT RESULTS,1151240,A,0,886.2500639734387,1.0,0,1,mouse
SYNTHETIC DEMONSTRATION ONLY - NOT HUMAN EXPERIMENT RESULTS,1151260,A,0,886.128823569145,1.0,0,1,mouse
SYNTHETIC DEMONSTRATION ONLY - NOT HUMAN EXPERIMENT RESULTS,1151280,A,0,886.0077803049719,1.0,0,1,mouse
SYNTHETIC DEMONSTRATION ONLY - NOT HUMAN EXPERIMENT RESULTS,1151300,A,0,885.8869359012126,1.0,0,1,mouse
SYNTHETIC DEMONSTRATION ONLY - NOT HUMAN EXPERIMENT RESULTS,1151320,A,0,885.7662920753336,1.0,0,1,mouse
SYNTHETIC DEMONSTRATION ONLY - NOT HUMAN EXPERIMENT RESULTS,1151340,A,0,885.6458505419505,1.0,0,1,mouse
SYNTHETIC DEMONSTRATION ONLY - NOT HUMAN EXPERIMENT RESULTS,1151360,A,0,885.5256130128042,1.0,0,1,mouse
SYNTHETIC DEMONSTRATION ONLY - NOT HUMAN EXPERIMENT RESULTS,1151380,A,0,885.4055811967362,1.0,0,1,mouse
SYNTHETIC DEMONSTRATION ONLY - NOT HUMAN EXPERIMENT RESULTS,1151400,A,0,885.2857567996641,1.0,0,1,mouse
SYNTHETIC DEMONSTRATION ONLY - NOT HUMAN EXPERIMENT RESULTS,1151420,A,0,885.1661415245579,1.0,0,1,mouse
SYNTHETIC DEMONSTRATION ONLY - NOT HUMAN EXPERIMENT RESULTS,1151440,A,0,885.0467370714156,1.0,0,1,mouse
SYNTHETIC DEMONSTRATION ONLY - NOT HUMAN EXPERIMENT RESULTS,1151460,A,0,884.9275451372386,1.0,0,1,mouse
SYNTHETIC DEMONSTRATION ONLY - NOT HUMAN EXPERIMENT RESULTS,1151480,A,0,884.8085674160081,1.0,0,1,mouse
SYNTHETIC DEMONSTRATION ONLY - NOT HUMAN EXPERIMENT RESULTS,1151500,A,0,884.6898055986611,1.0,0,1,mouse
SYNTHETIC DEMONSTRATION ONLY - NOT HUMAN EXPERIMENT RESULTS,1151520,A,0,884.5712613730656,1.0,0,1,mouse
SYNTHETIC DEMONSTRATION ONLY - NOT HUMAN EXPERIMENT RESULTS,1151540,A,0,884.4529364239976,1.0,0,1,mouse
SYNTHETIC DEMONSTRATION ONLY - NOT HUMAN EXPERIMENT RESULTS,1151560,A,0,884.3348324331165,1.0,0,1,mouse
SYNTHETIC DEMONSTRATION ONLY - NOT HUMAN EXPERIMENT RESULTS,1151580,A,0,884.2169510789414,1.0,0,1,mouse
SYNTHETIC DEMONSTRATION ONLY - NOT HUMAN EXPERIMENT RESULTS,1151600,A,0,884.0992940368275,1.0,0,1,mouse
SYNTHETIC DEMONSTRATION ONLY - NOT HUMAN EXPERIMENT RESULTS,1151620,A,0,883.9818629789415,1.0,0,1,mouse
SYNTHETIC DEMONSTRATION ONLY - NOT HUMAN EXPERIMENT RESULTS,1151640,A,0,883.8646595742388,1.0,0,1,mouse
SYNTHETIC DEMONSTRATION ONLY - NOT HUMAN EXPERIMENT RESULTS,1151660,A,0,883.7476854884394,1.0,0,1,mouse
SYNTHETIC DEMONSTRATION ONLY - NOT HUMAN EXPERIMENT RESULTS,1151680,A,0,883.6309423840036,1.0,0,1,mouse
SYNTHETIC DEMONSTRATION ONLY - NOT HUMAN EXPERIMENT RESULTS,1151700,A,0,883.5144319201094,1.0,0,1,mouse
SYNTHETIC DEMONSTRATION ONLY - NOT HUMAN EXPERIMENT RESULTS,1151720,A,0,883.3981557526288,1.0,0,1,mouse
SYNTHETIC DEMONSTRATION ONLY - NOT HUMAN EXPERIMENT RESULTS,1151740,A,0,883.282115534103,1.0,0,1,mouse
SYNTHETIC DEMONSTRATION ONLY - NOT HUMAN EXPERIMENT RESULTS,1151760,A,0,883.1663129137208,1.0,0,1,mouse
SYNTHETIC DEMONSTRATION ONLY - NOT HUMAN EXPERIMENT RESULTS,1151780,A,0,883.0507495372934,1.0,0,1,mouse
SYNTHETIC DEMONSTRATION ONLY - NOT HUMAN EXPERIMENT RESULTS,1151800,A,0,882.9354270472322,1.0,0,1,mouse
SYNTHETIC DEMONSTRATION ONLY - NOT HUMAN EXPERIMENT RESULTS,1151820,A,0,882.8203470825256,1.0,0,1,mouse
SYNTHETIC DEMONSTRATION ONLY - NOT HUMAN EXPERIMENT RESULTS,1151840,A,0,882.7055112787139,1.0,0,1,mouse
SYNTHETIC DEMONSTRATION ONLY - NOT HUMAN EXPERIMENT RESULTS,1151860,A,0,882.5909212678683,1.0,0,1,mouse
SYNTHETIC DEMONSTRATION ONLY - NOT HUMAN EXPERIMENT RESULTS,1151880,A,0,882.4765786785669,1.0,0,1,mouse
SYNTHETIC DEMONSTRATION ONLY - NOT HUMAN EXPERIMENT RESULTS,1151900,A,0,882.3624851358703,1.0,0,1,mouse
SYNTHETIC DEMONSTRATION ONLY - NOT HUMAN EXPERIMENT RESULTS,1151920,A,0,882.2486422613007,1.0,0,1,mouse
SYNTHETIC DEMONSTRATION ONLY - NOT HUMAN EXPERIMENT RESULTS,1151940,A,0,882.1350516728176,1.0,0,1,mouse
SYNTHETIC DEMONSTRATION ONLY - NOT HUMAN EXPERIMENT RESULTS,1151960,A,0,882.0217149847941,1.0,0,1,mouse
SYNTHETIC DEMONSTRATION ONLY - NOT HUMAN EXPERIMENT RESULTS,1151980,A,0,881.9086338079959,1.0,0,1,mouse
SYNTHETIC DEMONSTRATION ONLY - NOT HUMAN EXPERIMENT RESULTS,1152000,A,0,881.7958097495565,1.0,0,1,mouse
SYNTHETIC DEMONSTRATION ONLY - NOT HUMAN EXPERIMENT RESULTS,1152020,A,0,881.6832444129556,1.0,0,1,mouse
SYNTHETIC DEMONSTRATION ONLY - NOT HUMAN EXPERIMENT RESULTS,1152040,A,0,881.5709393979959,1.0,0,1,mouse
SYNTHETIC DEMONSTRATION ONLY - NOT HUMAN EXPERIMENT RESULTS,1152060,A,0,881.4588963007801,1.0,0,1,mouse
SYNTHETIC DEMONSTRATION ONLY - NOT HUMAN EXPERIMENT RESULTS,1152080,A,0,881.3471167136886,1.0,0,1,mouse
SYNTHETIC DEMONSTRATION ONLY - NOT HUMAN EXPERIMENT RESULTS,1152100,A,0,881.2356022253572,1.0,0,1,mouse
SYNTHETIC DEMONSTRATION ONLY - NOT HUMAN EXPERIMENT RESULTS,1152120,A,0,881.1243544206529,1.0,0,1,mouse
SYNTHETIC DEMONSTRATION ONLY - NOT HUMAN EXPERIMENT RESULTS,1152140,A,0,881.0133748806538,1.0,0,1,mouse
SYNTHETIC DEMONSTRATION ONLY - NOT HUMAN EXPERIMENT RESULTS,1152160,A,0,880.9026651826248,1.0,0,1,mouse
SYNTHETIC DEMONSTRATION ONLY - NOT HUMAN EXPERIMENT RESULTS,1152180,A,0,880.7922268999953,1.0,0,1,mouse
SYNTHETIC DEMONSTRATION ONLY - NOT HUMAN EXPERIMENT RESULTS,1152200,A,0,880.6820616023381,1.0,0,1,mouse
SYNTHETIC DEMONSTRATION ONLY - NOT HUMAN EXPERIMENT RESULTS,1152220,A,0,880.5721708553461,1.0,0,1,mouse
SYNTHETIC DEMONSTRATION ONLY - NOT HUMAN EXPERIMENT RESULTS,1152240,A,0,880.4625562208097,1.0,0,1,mouse
SYNTHETIC DEMONSTRATION ONLY - NOT HUMAN EXPERIMENT RESULTS,1152260,A,0,880.3532192565958,1.0,0,1,mouse
SYNTHETIC DEMONSTRATION ONLY - NOT HUMAN EXPERIMENT RESULTS,1152280,A,0,880.2441615166243,1.0,0,1,mouse
SYNTHETIC DEMONSTRATION ONLY - NOT HUMAN EXPERIMENT RESULTS,1152300,A,0,880.1353845508473,1.0,0,1,mouse
SYNTHETIC DEMONSTRATION ONLY - NOT HUMAN EXPERIMENT RESULTS,1152320,A,0,880.0268899052265,1.0,0,1,mouse
SYNTHETIC DEMONSTRATION ONLY - NOT HUMAN EXPERIMENT RESULTS,1152340,A,0,879.9186791217105,1.0,0,1,mouse
SYNTHETIC DEMONSTRATION ONLY - NOT HUMAN EXPERIMENT RESULTS,1152360,A,0,879.8107537382143,1.0,0,1,mouse
SYNTHETIC DEMONSTRATION ONLY - NOT HUMAN EXPERIMENT RESULTS,1152380,A,0,879.7031152885967,1.0,0,1,mouse
SYNTHETIC DEMONSTRATION ONLY - NOT HUMAN EXPERIMENT RESULTS,1152400,A,0,879.5957653026379,1.0,0,1,mouse
SYNTHETIC DEMONSTRATION ONLY - NOT HUMAN EXPERIMENT RESULTS,1152420,A,0,879.488705306019,1.0,0,1,mouse
SYNTHETIC DEMONSTRATION ONLY - NOT HUMAN EXPERIMENT RESULTS,1152440,A,0,879.3819368202999,1.0,0,1,mouse
SYNTHETIC DEMONSTRATION ONLY - NOT HUMAN EXPERIMENT RESULTS,1152460,A,0,879.2754613628964,1.0,0,1,mouse
SYNTHETIC DEMONSTRATION ONLY - NOT HUMAN EXPERIMENT RESULTS,1152480,A,0,879.169280447061,1.0,0,1,mouse
SYNTHETIC DEMONSTRATION ONLY - NOT HUMAN EXPERIMENT RESULTS,1152500,A,0,879.0633955818593,1.0,0,1,mouse
SYNTHETIC DEMONSTRATION ONLY - NOT HUMAN EXPERIMENT RESULTS,1152520,A,0,878.9578082721496,1.0,0,1,mouse
SYNTHETIC DEMONSTRATION ONLY - NOT HUMAN EXPERIMENT RESULTS,1152540,A,0,878.8525200185616,1.0,0,1,mouse
SYNTHETIC DEMONSTRATION ONLY - NOT HUMAN EXPERIMENT RESULTS,1152560,A,0,878.7475323174739,1.0,0,1,mouse
SYNTHETIC DEMONSTRATION ONLY - NOT HUMAN EXPERIMENT RESULTS,1152580,A,0,878.6428466609945,1.0,0,1,mouse
SYNTHETIC DEMONSTRATION ONLY - NOT HUMAN EXPERIMENT RESULTS,1152600,A,0,878.5384645369384,1.0,0,1,mouse
SYNTHETIC DEMONSTRATION ONLY - NOT HUMAN EXPERIMENT RESULTS,1152620,A,0,878.4343874288062,1.0,0,1,mouse
SYNTHETIC DEMONSTRATION ONLY - NOT HUMAN EXPERIMENT RESULTS,1152640,A,0,878.3306168157643,1.0,0,1,mouse
SYNTHETIC DEMONSTRATION ONLY - NOT HUMAN EXPERIMENT RESULTS,1152660,A,0,878.2271541726228,1.0,0,1,mouse
SYNTHETIC DEMONSTRATION ONLY - NOT HUMAN EXPERIMENT RESULTS,1152680,A,0,878.1240009698148,1.0,0,1,mouse
SYNTHETIC DEMONSTRATION ONLY - NOT HUMAN EXPERIMENT RESULTS,1152700,A,0,878.0211586733757,1.0,0,1,mouse
SYNTHETIC DEMONSTRATION ONLY - NOT HUMAN EXPERIMENT RESULTS,1152720,A,0,877.9186287449221,1.0,0,1,mouse
SYNTHETIC DEMONSTRATION ONLY - NOT HUMAN EXPERIMENT RESULTS,1152740,A,0,877.8164126416312,1.0,0,1,mouse
SYNTHETIC DEMONSTRATION ONLY - NOT HUMAN EXPERIMENT RESULTS,1152760,A,0,877.7145118162202,1.0,0,1,mouse
SYNTHETIC DEMONSTRATION ONLY - NOT HUMAN EXPERIMENT RESULTS,1152780,A,0,877.6129277169254,1.0,0,1,mouse
SYNTHETIC DEMONSTRATION ONLY - NOT HUMAN EXPERIMENT RESULTS,1152800,A,0,877.5116617874816,1.0,0,1,mouse
SYNTHETIC DEMONSTRATION ONLY - NOT HUMAN EXPERIMENT RESULTS,1152820,A,0,877.4107154671018,1.0,0,1,mouse
SYNTHETIC DEMONSTRATION ONLY - NOT HUMAN EXPERIMENT RESULTS,1152840,A,0,877.3100901904568,1.0,0,1,mouse
SYNTHETIC DEMONSTRATION ONLY - NOT HUMAN EXPERIMENT RESULTS,1152860,A,0,877.2097873876544,1.0,0,1,mouse
SYNTHETIC DEMONSTRATION ONLY - NOT HUMAN EXPERIMENT RESULTS,1152880,A,0,877.1098084842195,1.0,0,1,mouse
SYNTHETIC DEMONSTRATION ONLY - NOT HUMAN EXPERIMENT RESULTS,1152900,A,0,877.0101549010735,1.0,0,1,mouse
SYNTHETIC DEMONSTRATION ONLY - NOT HUMAN EXPERIMENT RESULTS,1152920,A,0,876.9108280545145,1.0,0,1,mouse
SYNTHETIC DEMONSTRATION ONLY - NOT HUMAN EXPERIMENT RESULTS,1152940,A,0,876.811829356197,1.0,0,1,mouse
SYNTHETIC DEMONSTRATION ONLY - NOT HUMAN EXPERIMENT RESULTS,1152960,A,0,876.7131602131113,1.0,0,1,mouse
SYNTHETIC DEMONSTRATION ONLY - NOT HUMAN EXPERIMENT RESULTS,1152980,A,0,876.6148220275647,1.0,0,1,mouse
SYNTHETIC DEMONSTRATION ONLY - NOT HUMAN EXPERIMENT RESULTS,1153000,A,0,876.5168161971602,1.0,0,1,mouse
SYNTHETIC DEMONSTRATION ONLY - NOT HUMAN EXPERIMENT RESULTS,1153020,A,0,876.4191441147777,1.0,0,1,mouse
SYNTHETIC DEMONSTRATION ONLY - NOT HUMAN EXPERIMENT RESULTS,1153040,A,0,876.3218071685537,1.0,0,1,mouse
SYNTHETIC DEMONSTRATION ONLY - NOT HUMAN EXPERIMENT RESULTS,1153060,A,0,876.2248067418617,1.0,0,1,mouse
SYNTHETIC DEMONSTRATION ONLY - NOT HUMAN EXPERIMENT RESULTS,1153080,A,0,876.1281442132922,1.0,0,1,mouse
SYNTHETIC DEMONSTRATION ONLY - NOT HUMAN EXPERIMENT RESULTS,1153100,A,0,876.0318209566342,1.0,0,1,mouse
SYNTHETIC DEMONSTRATION ONLY - NOT HUMAN EXPERIMENT RESULTS,1153120,A,0,875.9358383408539,1.0,0,1,mouse
SYNTHETIC DEMONSTRATION ONLY - NOT HUMAN EXPERIMENT RESULTS,1153140,A,0,875.8401977300769,1.0,0,1,mouse
SYNTHETIC DEMONSTRATION ONLY - NOT HUMAN EXPERIMENT RESULTS,1153160,A,0,875.7449004835681,1.0,0,1,mouse
SYNTHETIC DEMONSTRATION ONLY - NOT HUMAN EXPERIMENT RESULTS,1153180,A,0,875.6499479557122,1.0,0,1,mouse
SYNTHETIC DEMONSTRATION ONLY - NOT HUMAN EXPERIMENT RESULTS,1153200,A,0,875.5553414959948,1.0,0,1,mouse
SYNTHETIC DEMONSTRATION ONLY - NOT HUMAN EXPERIMENT RESULTS,1153220,A,0,875.4610824489832,1.0,0,1,mouse
SYNTHETIC DEMONSTRATION ONLY - NOT HUMAN EXPERIMENT RESULTS,1153240,A,0,875.3671721543069,1.0,0,1,mouse
SYNTHETIC DEMONSTRATION ONLY - NOT HUMAN EXPERIMENT RESULTS,1153260,A,0,875.2736119466393,1.0,0,1,mouse
SYNTHETIC DEMONSTRATION ONLY - NOT HUMAN EXPERIMENT RESULTS,1153280,A,0,875.1804031556778,1.0,0,1,mouse
SYNTHETIC DEMONSTRATION ONLY - NOT HUMAN EXPERIMENT RESULTS,1153300,A,0,875.0875471061258,1.0,0,1,mouse
SYNTHETIC DEMONSTRATION ONLY - NOT HUMAN EXPERIMENT RESULTS,1153320,A,0,874.9950451176735,1.0,0,1,mouse
SYNTHETIC DEMONSTRATION ONLY - NOT HUMAN EXPERIMENT RESULTS,1153340,A,0,874.9028985049783,1.0,0,1,mouse
SYNTHETIC DEMONSTRATION ONLY - NOT HUMAN EXPERIMENT RESULTS,1153360,A,0,874.8111085776482,1.0,0,1,mouse
SYNTHETIC DEMONSTRATION ONLY - NOT HUMAN EXPERIMENT RESULTS,1153380,A,0,874.7196766402209,1.0,0,1,mouse
SYNTHETIC DEMONSTRATION ONLY - NOT HUMAN EXPERIMENT RESULTS,1153400,A,0,874.6286039921465,1.0,0,1,mouse
SYNTHETIC DEMONSTRATION ONLY - NOT HUMAN EXPERIMENT RESULTS,1153420,A,0,874.5378919277691,1.0,0,1,mouse
SYNTHETIC DEMONSTRATION ONLY - NOT HUMAN EXPERIMENT RESULTS,1153440,A,0,874.4475417363083,1.0,0,1,mouse
SYNTHETIC DEMONSTRATION ONLY - NOT HUMAN EXPERIMENT RESULTS,1153460,A,0,874.3575547018395,1.0,0,1,mouse
SYNTHETIC DEMONSTRATION ONLY - NOT HUMAN EXPERIMENT RESULTS,1153480,A,0,874.2679321032783,1.0,0,1,mouse
SYNTHETIC DEMONSTRATION ONLY - NOT HUMAN EXPERIMENT RESULTS,1153500,A,0,874.1786752143599,1.0,0,1,mouse
SYNTHETIC DEMONSTRATION ONLY - NOT HUMAN EXPERIMENT RESULTS,1153520,A,0,874.0897853036223,1.0,0,1,mouse
SYNTHETIC DEMONSTRATION ONLY - NOT HUMAN EXPERIMENT RESULTS,1153540,A,0,874.0012636343881,1.0,0,1,mouse
SYNTHETIC DEMONSTRATION ONLY - NOT HUMAN EXPERIMENT RESULTS,1153560,A,0,873.9131114647458,1.0,0,1,mouse
SYNTHETIC DEMONSTRATION ONLY - NOT HUMAN EXPERIMENT RESULTS,1153580,A,0,873.8253300475332,1.0,0,1,mouse
SYNTHETIC DEMONSTRATION ONLY - NOT HUMAN EXPERIMENT RESULTS,1153600,A,0,873.7379206303183,1.0,0,1,mouse
SYNTHETIC DEMONSTRATION ONLY - NOT HUMAN EXPERIMENT RESULTS,1153620,A,0,873.6508844553825,1.0,0,1,mouse
SYNTHETIC DEMONSTRATION ONLY - NOT HUMAN EXPERIMENT RESULTS,1153640,A,0,873.5642227597025,1.0,0,1,mouse
SYNTHETIC DEMONSTRATION ONLY - NOT HUMAN EXPERIMENT RESULTS,1153660,A,0,873.4779367749329,1.0,0,1,mouse
SYNTHETIC DEMONSTRATION ONLY - NOT HUMAN EXPERIMENT RESULTS,1153680,A,0,873.3920277273884,1.0,0,1,mouse
SYNTHETIC DEMONSTRATION ONLY - NOT HUMAN EXPERIMENT RESULTS,1153700,A,0,873.3064968380266,1.0,0,1,mouse
SYNTHETIC DEMONSTRATION ONLY - NOT HUMAN EXPERIMENT RESULTS,1153720,A,0,873.2213453224313,1.0,0,1,mouse
SYNTHETIC DEMONSTRATION ONLY - NOT HUMAN EXPERIMENT RESULTS,1153740,A,0,873.1365743907934,1.0,0,1,mouse
SYNTHETIC DEMONSTRATION ONLY - NOT HUMAN EXPERIMENT RESULTS,1153760,A,0,873.052185247896,1.0,0,1,mouse
SYNTHETIC DEMONSTRATION ONLY - NOT HUMAN EXPERIMENT RESULTS,1153780,A,0,872.968179093095,1.0,0,1,mouse
SYNTHETIC DEMONSTRATION ONLY - NOT HUMAN EXPERIMENT RESULTS,1153800,A,0,872.8845571203043,1.0,0,1,mouse
SYNTHETIC DEMONSTRATION ONLY - NOT HUMAN EXPERIMENT RESULTS,1153820,A,0,872.8013205179773,1.0,0,1,mouse
SYNTHETIC DEMONSTRATION ONLY - NOT HUMAN EXPERIMENT RESULTS,1153840,A,0,872.7184704690899,1.0,0,1,mouse
SYNTHETIC DEMONSTRATION ONLY - NOT HUMAN EXPERIMENT RESULTS,1153860,A,0,872.636008151125,1.0,0,1,mouse
SYNTHETIC DEMONSTRATION ONLY - NOT HUMAN EXPERIMENT RESULTS,1153880,A,0,872.5539347360548,1.0,0,1,mouse
SYNTHETIC DEMONSTRATION ONLY - NOT HUMAN EXPERIMENT RESULTS,1153900,A,0,872.4722513903238,1.0,0,1,mouse
SYNTHETIC DEMONSTRATION ONLY - NOT HUMAN EXPERIMENT RESULTS,1153920,A,0,872.3909592748334,1.0,0,1,mouse
SYNTHETIC DEMONSTRATION ONLY - NOT HUMAN EXPERIMENT RESULTS,1153940,A,0,872.3100595449246,1.0,0,1,mouse
SYNTHETIC DEMONSTRATION ONLY - NOT HUMAN EXPERIMENT RESULTS,1153960,A,0,872.2295533503612,1.0,0,1,mouse
SYNTHETIC DEMONSTRATION ONLY - NOT HUMAN EXPERIMENT RESULTS,1153980,A,0,872.1494418353151,1.0,0,1,mouse
SYNTHETIC DEMONSTRATION ONLY - NOT HUMAN EXPERIMENT RESULTS,1154000,A,0,872.0697261383476,1.0,0,1,mouse
SYNTHETIC DEMONSTRATION ONLY - NOT HUMAN EXPERIMENT RESULTS,1154020,A,0,871.9904073923956,1.0,0,1,mouse
SYNTHETIC DEMONSTRATION ONLY - NOT HUMAN EXPERIMENT RESULTS,1154040,A,0,871.9114867247539,1.0,0,1,mouse
SYNTHETIC DEMONSTRATION ONLY - NOT HUMAN EXPERIMENT RESULTS,1154060,A,0,871.8329652570599,1.0,0,1,mouse
SYNTHETIC DEMONSTRATION ONLY - NOT HUMAN EXPERIMENT RESULTS,1154080,A,0,871.7548441052776,1.0,0,1,mouse
SYNTHETIC DEMONSTRATION ONLY - NOT HUMAN EXPERIMENT RESULTS,1154100,A,0,871.6771243796812,1.0,0,1,mouse
SYNTHETIC DEMONSTRATION ONLY - NOT HUMAN EXPERIMENT RESULTS,1154120,A,0,871.5998071848402,1.0,0,1,mouse
SYNTHETIC DEMONSTRATION ONLY - NOT HUMAN EXPERIMENT RESULTS,1154140,A,0,871.5228936196032,1.0,0,1,mouse
SYNTHETIC DEMONSTRATION ONLY - NOT HUMAN EXPERIMENT RESULTS,1154160,A,0,871.446384777082,1.0,0,1,mouse
SYNTHETIC DEMONSTRATION ONLY - NOT HUMAN EXPERIMENT RESULTS,1154180,A,0,871.3702817446368,1.0,0,1,mouse
SYNTHETIC DEMONSTRATION ONLY - NOT HUMAN EXPERIMENT RESULTS,1154200,A,0,871.2945856038599,1.0,0,1,mouse
SYNTHETIC DEMONSTRATION ONLY - NOT HUMAN EXPERIMENT RESULTS,1154220,A,0,871.2192974305613,1.0,0,1,mouse
SYNTHETIC DEMONSTRATION ONLY - NOT HUMAN EXPERIMENT RESULTS,1154240,A,0,871.1444182947523,1.0,0,1,mouse
SYNTHETIC DEMONSTRATION ONLY - NOT HUMAN EXPERIMENT RESULTS,1154260,A,0,871.0699492606315,1.0,0,1,mouse
SYNTHETIC DEMONSTRATION ONLY - NOT HUMAN EXPERIMENT RESULTS,1154280,A,0,870.9958913865684,1.0,0,1,mouse
SYNTHETIC DEMONSTRATION ONLY - NOT HUMAN EXPERIMENT RESULTS,1154300,A,0,870.9222457250894,1.0,0,1,mouse
SYNTHETIC DEMONSTRATION ONLY - NOT HUMAN EXPERIMENT RESULTS,1154320,A,0,870.8490133228626,1.0,0,1,mouse
SYNTHETIC DEMONSTRATION ONLY - NOT HUMAN EXPERIMENT RESULTS,1154340,A,0,870.7761952206821,1.0,0,1,mouse
SYNTHETIC DEMONSTRATION ONLY - NOT HUMAN EXPERIMENT RESULTS,1154360,A,0,870.7037924534546,1.0,0,1,mouse
SYNTHETIC DEMONSTRATION ONLY - NOT HUMAN EXPERIMENT RESULTS,1154380,A,0,870.6318060501839,1.0,0,1,mouse
SYNTHETIC DEMONSTRATION ONLY - NOT HUMAN EXPERIMENT RESULTS,1154400,A,0,870.5602370339557,1.0,0,1,mouse
SYNTHETIC DEMONSTRATION ONLY - NOT HUMAN EXPERIMENT RESULTS,1154420,A,0,870.4890864219242,1.0,0,1,mouse
SYNTHETIC DEMONSTRATION ONLY - NOT HUMAN EXPERIMENT RESULTS,1154440,A,0,870.4183552252974,1.0,0,1,mouse
SYNTHETIC DEMONSTRATION ONLY - NOT HUMAN EXPERIMENT RESULTS,1154460,A,0,870.348044449322,1.0,0,1,mouse
SYNTHETIC DEMONSTRATION ONLY - NOT HUMAN EXPERIMENT RESULTS,1154480,A,0,870.2781550932696,1.0,0,1,mouse
SYNTHETIC DEMONSTRATION ONLY - NOT HUMAN EXPERIMENT RESULTS,1154500,A,0,870.2086881504227,1.0,0,1,mouse
SYNTHETIC DEMONSTRATION ONLY - NOT HUMAN EXPERIMENT RESULTS,1154520,A,0,870.1396446080606,1.0,0,1,mouse
SYNTHETIC DEMONSTRATION ONLY - NOT HUMAN EXPERIMENT RESULTS,1154540,A,0,870.0710254474446,1.0,0,1,mouse
SYNTHETIC DEMONSTRATION ONLY - NOT HUMAN EXPERIMENT RESULTS,1154560,A,0,870.0028316438049,1.0,0,1,mouse
SYNTHETIC DEMONSTRATION ONLY - NOT HUMAN EXPERIMENT RESULTS,1154580,A,0,869.9350641663265,1.0,0,1,mouse
SYNTHETIC DEMONSTRATION ONLY - NOT HUMAN EXPERIMENT RESULTS,1154600,A,0,869.8677239781352,1.0,0,1,mouse
SYNTHETIC DEMONSTRATION ONLY - NOT HUMAN EXPERIMENT RESULTS,1154620,A,0,869.8008120362841,1.0,0,1,mouse
SYNTHETIC DEMONSTRATION ONLY - NOT HUMAN EXPERIMENT RESULTS,1154640,A,0,869.73432929174,1.0,0,1,mouse
SYNTHETIC DEMONSTRATION ONLY - NOT HUMAN EXPERIMENT RESULTS,1154660,A,0,869.6682766893699,1.0,0,1,mouse
SYNTHETIC DEMONSTRATION ONLY - NOT HUMAN EXPERIMENT RESULTS,1154680,A,0,869.6026551679274,1.0,0,1,mouse
SYNTHETIC DEMONSTRATION ONLY - NOT HUMAN EXPERIMENT RESULTS,1154700,A,0,869.5374656600397,1.0,0,1,mouse
SYNTHETIC DEMONSTRATION ONLY - NOT HUMAN EXPERIMENT RESULTS,1154720,A,0,869.4727090921941,1.0,0,1,mouse
SYNTHETIC DEMONSTRATION ONLY - NOT HUMAN EXPERIMENT RESULTS,1154740,A,0,869.4083863847245,1.0,0,1,mouse
SYNTHETIC DEMONSTRATION ONLY - NOT HUMAN EXPERIMENT RESULTS,1154760,A,0,869.3444984517992,1.0,0,1,mouse
SYNTHETIC DEMONSTRATION ONLY - NOT HUMAN EXPERIMENT RESULTS,1154780,A,0,869.2810462014068,1.0,0,1,mouse
SYNTHETIC DEMONSTRATION ONLY - NOT HUMAN EXPERIMENT RESULTS,1154800,A,0,869.2180305353444,1.0,0,1,mouse
SYNTHETIC DEMONSTRATION ONLY - NOT HUMAN EXPERIMENT RESULTS,1154820,A,0,869.1554523492043,1.0,0,1,mouse
SYNTHETIC DEMONSTRATION ONLY - NOT HUMAN EXPERIMENT RESULTS,1154840,A,0,869.0933125323609,1.0,0,1,mouse
SYNTHETIC DEMONSTRATION ONLY - NOT HUMAN EXPERIMENT RESULTS,1154860,A,0,869.0316119679584,1.0,0,1,mouse
SYNTHETIC DEMONSTRATION ONLY - NOT HUMAN EXPERIMENT RESULTS,1154880,A,0,868.9703515328987,1.0,0,1,mouse
SYNTHETIC DEMONSTRATION ONLY - NOT HUMAN EXPERIMENT RESULTS,1154900,A,0,868.9095320978279,1.0,0,1,mouse
SYNTHETIC DEMONSTRATION ONLY - NOT HUMAN EXPERIMENT RESULTS,1154920,A,0,868.8491545271249,1.0,0,1,mouse
SYNTHETIC DEMONSTRATION ONLY - NOT HUMAN EXPERIMENT RESULTS,1154940,A,0,868.7892196788887,1.0,0,1,mouse
SYNTHETIC DEMONSTRATION ONLY - NOT HUMAN EXPERIMENT RESULTS,1154960,A,0,868.729728404926,1.0,0,1,mouse
SYNTHETIC DEMONSTRATION ONLY - NOT HUMAN EXPERIMENT RESULTS,1154980,A,0,868.6706815507397,1.0,0,1,mouse
SYNTHETIC DEMONSTRATION ONLY - NOT HUMAN EXPERIMENT RESULTS,1155000,A,0,868.612079955516,1.0,0,1,mouse
SYNTHETIC DEMONSTRATION ONLY - NOT HUMAN EXPERIMENT RESULTS,1155020,A,0,868.5539244521136,1.0,0,1,mouse
SYNTHETIC DEMONSTRATION ONLY - NOT HUMAN EXPERIMENT RESULTS,1155040,A,0,868.4962158670509,1.0,0,1,mouse
SYNTHETIC DEMONSTRATION ONLY - NOT HUMAN EXPERIMENT RESULTS,1155060,A,0,868.4389550204943,1.0,0,1,mouse
SYNTHETIC DEMONSTRATION ONLY - NOT HUMAN EXPERIMENT RESULTS,1155080,A,0,868.3821427262474,1.0,0,1,mouse
SYNTHETIC DEMONSTRATION ONLY - NOT HUMAN EXPERIMENT RESULTS,1155100,A,0,868.3257797917388,1.0,0,1,mouse
SYNTHETIC DEMONSTRATION ONLY - NOT HUMAN EXPERIMENT RESULTS,1155120,A,0,868.2698670180104,1.0,0,1,mouse
SYNTHETIC DEMONSTRATION ONLY - NOT HUMAN EXPERIMENT RESULTS,1155140,A,0,868.2144051997063,1.0,0,1,mouse
SYNTHETIC DEMONSTRATION ONLY - NOT HUMAN EXPERIMENT RESULTS,1155160,A,0,868.1593951250621,1.0,0,1,mouse
SYNTHETIC DEMONSTRATION ONLY - NOT HUMAN EXPERIMENT RESULTS,1155180,A,0,868.1048375758924,1.0,0,1,mouse
SYNTHETIC DEMONSTRATION ONLY - NOT HUMAN EXPERIMENT RESULTS,1155200,A,0,868.0507333275808,1.0,0,1,mouse
SYNTHETIC DEMONSTRATION ONLY - NOT HUMAN EXPERIMENT RESULTS,1155220,A,0,867.9970831490688,1.0,0,1,mouse
SYNTHETIC DEMONSTRATION ONLY - NOT HUMAN EXPERIMENT RESULTS,1155240,A,0,867.9438878028435,1.0,0,1,mouse
SYNTHETIC DEMONSTRATION ONLY - NOT HUMAN EXPERIMENT RESULTS,1155260,A,0,867.8911480449292,1.0,0,1,mouse
SYNTHETIC DEMONSTRATION ONLY - NOT HUMAN EXPERIMENT RESULTS,1155280,A,0,867.8388646248741,1.0,0,1,mouse
SYNTHETIC DEMONSTRATION ONLY - NOT HUMAN EXPERIMENT RESULTS,1155300,A,0,867.7870382857416,1.0,0,1,mouse
SYNTHETIC DEMONSTRATION ONLY - NOT HUMAN EXPERIMENT RESULTS,1155320,A,0,867.7356697640986,1.0,0,1,mouse
SYNTHETIC DEMONSTRATION ONLY - NOT HUMAN EXPERIMENT RESULTS,1155340,A,0,867.6847597900055,1.0,0,1,mouse
SYNTHETIC DEMONSTRATION ONLY - NOT HUMAN EXPERIMENT RESULTS,1155360,A,0,867.6343090870057,1.0,0,1,mouse
SYNTHETIC DEMONSTRATION ONLY - NOT HUMAN EXPERIMENT RESULTS,1155380,A,0,867.5843183721155,1.0,0,1,mouse
SYNTHETIC DEMONSTRATION ONLY - NOT HUMAN EXPERIMENT RESULTS,1155400,A,0,867.5347883558135,1.0,0,1,mouse
SYNTHETIC DEMONSTRATION ONLY - NOT HUMAN EXPERIMENT RESULTS,1155420,A,0,867.4857197420308,1.0,0,1,mouse
SYNTHETIC DEMONSTRATION ONLY - NOT HUMAN EXPERIMENT RESULTS,1155440,A,0,867.4371132281412,1.0,0,1,mouse
SYNTHETIC DEMONSTRATION ONLY - NOT HUMAN EXPERIMENT RESULTS,1155460,A,0,867.3889695049506,1.0,0,1,mouse
SYNTHETIC DEMONSTRATION ONLY - NOT HUMAN EXPERIMENT RESULTS,1155480,A,0,867.3412892566882,1.0,0,1,mouse
SYNTHETIC DEMONSTRATION ONLY - NOT HUMAN EXPERIMENT RESULTS,1155500,A,0,867.2940731609956,1.0,0,1,mouse
SYNTHETIC DEMONSTRATION ONLY - NOT HUMAN EXPERIMENT RESULTS,1155520,A,0,867.2473218889182,1.0,0,1,mouse
SYNTHETIC DEMONSTRATION ONLY - NOT HUMAN EXPERIMENT RESULTS,1155540,A,0,867.2010361048949,1.0,0,1,mouse
SYNTHETIC DEMONSTRATION ONLY - NOT HUMAN EXPERIMENT RESULTS,1155560,A,0,867.1552164667493,1.0,0,1,mouse
SYNTHETIC DEMONSTRATION ONLY - NOT HUMAN EXPERIMENT RESULTS,1155580,A,0,867.1098636256797,1.0,0,1,mouse
SYNTHETIC DEMONSTRATION ONLY - NOT HUMAN EXPERIMENT RESULTS,1155600,A,0,867.0649782262506,1.0,0,1,mouse
SYNTHETIC DEMONSTRATION ONLY - NOT HUMAN EXPERIMENT RESULTS,1155620,A,0,867.0205609063826,1.0,0,1,mouse
SYNTHETIC DEMONSTRATION ONLY - NOT HUMAN EXPERIMENT RESULTS,1155640,A,0,866.9766122973444,1.0,0,1,mouse
SYNTHETIC DEMONSTRATION ONLY - NOT HUMAN EXPERIMENT RESULTS,1155660,A,0,866.9331330237429,1.0,0,1,mouse
SYNTHETIC DEMONSTRATION ONLY - NOT HUMAN EXPERIMENT RESULTS,1155680,A,0,866.8901237035147,1.0,0,1,mouse
SYNTHETIC DEMONSTRATION ONLY - NOT HUMAN EXPERIMENT RESULTS,1155700,A,0,866.8475849479177,1.0,0,1,mouse
SYNTHETIC DEMONSTRATION ONLY - NOT HUMAN EXPERIMENT RESULTS,1155720,A,0,866.8055173615215,1.0,0,1,mouse
SYNTHETIC DEMONSTRATION ONLY - NOT HUMAN EXPERIMENT RESULTS,1155740,A,0,866.7639215421999,1.0,0,1,mouse
SYNTHETIC DEMONSTRATION ONLY - NOT HUMAN EXPERIMENT RESULTS,1155760,A,0,866.7227980811214,1.0,0,1,mouse
SYNTHETIC DEMONSTRATION ONLY - NOT HUMAN EXPERIMENT RESULTS,1155780,A,0,866.6821475627414,1.0,0,1,mouse
SYNTHETIC DEMONSTRATION ONLY - NOT HUMAN EXPERIMENT RESULTS,1155800,A,0,866.6419705647937,1.0,0,1,mouse
SYNTHETIC DEMONSTRATION ONLY - NOT HUMAN EXPERIMENT RESULTS,1155820,A,0,866.6022676582825,1.0,0,1,mouse
SYNTHETIC DEMONSTRATION ONLY - NOT HUMAN EXPERIMENT RESULTS,1155840,A,0,866.563039407474,1.0,0,1,mouse
SYNTHETIC DEMONSTRATION ONLY - NOT HUMAN EXPERIMENT RESULTS,1155860,A,0,866.5242863698883,1.0,0,1,mouse
SYNTHETIC DEMONSTRATION ONLY - NOT HUMAN EXPERIMENT RESULTS,1155880,A,0,866.486009096292,1.0,0,1,mouse
SYNTHETIC DEMONSTRATION ONLY - NOT HUMAN EXPERIMENT RESULTS,1155900,A,0,866.4482081306899,1.0,0,1,mouse
SYNTHETIC DEMONSTRATION ONLY - NOT HUMAN EXPERIMENT RESULTS,1155920,A,0,866.4108840103172,1.0,0,1,mouse
SYNTHETIC DEMONSTRATION ONLY - NOT HUMAN EXPERIMENT RESULTS,1155940,A,0,866.3740372656325,1.0,0,1,mouse
SYNTHETIC DEMONSTRATION ONLY - NOT HUMAN EXPERIMENT RESULTS,1155960,A,0,866.3376684203095,1.0,0,1,mouse
SYNTHETIC DEMONSTRATION ONLY - NOT HUMAN EXPERIMENT RESULTS,1155980,A,0,866.30177799123,1.0,0,1,mouse
SYNTHETIC DEMONSTRATION ONLY - NOT HUMAN EXPERIMENT RESULTS,1156000,A,0,866.2663664884764,1.0,0,1,mouse
SYNTHETIC DEMONSTRATION ONLY - NOT HUMAN EXPERIMENT RESULTS,1156020,A,0,866.2314344153245,1.0,0,1,mouse
SYNTHETIC DEMONSTRATION ONLY - NOT HUMAN EXPERIMENT RESULTS,1156040,A,0,866.1969822682366,1.0,0,1,mouse
SYNTHETIC DEMONSTRATION ONLY - NOT HUMAN EXPERIMENT RESULTS,1156060,A,0,866.1630105368538,1.0,0,1,mouse
SYNTHETIC DEMONSTRATION ONLY - NOT HUMAN EXPERIMENT RESULTS,1156080,A,0,866.1295197039896,1.0,0,1,mouse
SYNTHETIC DEMONSTRATION ONLY - NOT HUMAN EXPERIMENT RESULTS,1156100,A,0,866.0965102456229,1.0,0,1,mouse
SYNTHETIC DEMONSTRATION ONLY - NOT HUMAN EXPERIMENT RESULTS,1156120,A,0,866.063982630891,1.0,0,1,mouse
SYNTHETIC DEMONSTRATION ONLY - NOT HUMAN EXPERIMENT RESULTS,1156140,A,0,866.0319373220836,1.0,0,1,mouse
SYNTHETIC DEMONSTRATION ONLY - NOT HUMAN EXPERIMENT RESULTS,1156160,A,0,866.0003747746355,1.0,0,1,mouse
SYNTHETIC DEMONSTRATION ONLY - NOT HUMAN EXPERIMENT RESULTS,1156180,A,0,865.96929543712,1.0,0,1,mouse
SYNTHETIC DEMONSTRATION ONLY - NOT HUMAN EXPERIMENT RESULTS,1156200,A,0,865.9386997512436,1.0,0,1,mouse
SYNTHETIC DEMONSTRATION ONLY - NOT HUMAN EXPERIMENT RESULTS,1156220,A,0,865.9085881518386,1.0,0,1,mouse
SYNTHETIC DEMONSTRATION ONLY - NOT HUMAN EXPERIMENT RESULTS,1156240,A,0,865.8789610668573,1.0,0,1,mouse
SYNTHETIC DEMONSTRATION ONLY - NOT HUMAN EXPERIMENT RESULTS,1156260,A,0,865.8498189173665,1.0,0,1,mouse
SYNTHETIC DEMONSTRATION ONLY - NOT HUMAN EXPERIMENT RESULTS,1156280,A,0,865.8211621175404,1.0,0,1,mouse
SYNTHETIC DEMONSTRATION ONLY - NOT HUMAN EXPERIMENT RESULTS,1156300,A,0,865.7929910746557,1.0,0,1,mouse
SYNTHETIC DEMONSTRATION ONLY - NOT HUMAN EXPERIMENT RESULTS,1156320,A,0,865.7653061890853,1.0,0,1,mouse
SYNTHETIC DEMONSTRATION ONLY - NOT HUMAN EXPERIMENT RESULTS,1156340,A,0,865.7381078542926,1.0,0,1,mouse
SYNTHETIC DEMONSTRATION ONLY - NOT HUMAN EXPERIMENT RESULTS,1156360,A,0,865.711396456826,1.0,0,1,mouse
SYNTHETIC DEMONSTRATION ONLY - NOT HUMAN EXPERIMENT RESULTS,1156380,A,0,865.685172376314,1.0,0,1,mouse
SYNTHETIC DEMONSTRATION ONLY - NOT HUMAN EXPERIMENT RESULTS,1156400,A,0,865.6594359854585,1.0,0,1,mouse
SYNTHETIC DEMONSTRATION ONLY - NOT HUMAN EXPERIMENT RESULTS,1156420,A,0,865.6341876500305,1.0,0,1,mouse
SYNTHETIC DEMONSTRATION ONLY - NOT HUMAN EXPERIMENT RESULTS,1156440,A,0,865.6094277288651,1.0,0,1,mouse
SYNTHETIC DEMONSTRATION ONLY - NOT HUMAN EXPERIMENT RESULTS,1156460,A,0,865.5851565738553,1.0,0,1,mouse
SYNTHETIC DEMONSTRATION ONLY - NOT HUMAN EXPERIMENT RESULTS,1156480,A,0,865.5613745299481,1.0,0,1,mouse
SYNTHETIC DEMONSTRATION ONLY - NOT HUMAN EXPERIMENT RESULTS,1156500,A,0,865.5380819351388,1.0,0,1,mouse
SYNTHETIC DEMONSTRATION ONLY - NOT HUMAN EXPERIMENT RESULTS,1156520,A,0,865.5152791204669,1.0,0,1,mouse
SYNTHETIC DEMONSTRATION ONLY - NOT HUMAN EXPERIMENT RESULTS,1156540,A,0,865.4929664100108,1.0,0,1,mouse
SYNTHETIC DEMONSTRATION ONLY - NOT HUMAN EXPERIMENT RESULTS,1156560,A,0,865.4711441208835,1.0,0,1,mouse
SYNTHETIC DEMONSTRATION ONLY - NOT HUMAN EXPERIMENT RESULTS,1156580,A,0,865.4498125632281,1.0,0,1,mouse
SYNTHETIC DEMONSTRATION ONLY - NOT HUMAN EXPERIMENT RESULTS,1156600,A,0,865.4289720402131,1.0,0,1,mouse
SYNTHETIC DEMONSTRATION ONLY - NOT HUMAN EXPERIMENT RESULTS,1156620,A,0,865.4086228480287,1.0,0,1,mouse
SYNTHETIC DEMONSTRATION ONLY - NOT HUMAN EXPERIMENT RESULTS,1156640,A,0,865.3887652758817,1.0,0,1,mouse
SYNTHETIC DEMONSTRATION ONLY - NOT HUMAN EXPERIMENT RESULTS,1156660,A,0,865.3693996059924,1.0,0,1,mouse
SYNTHETIC DEMONSTRATION ONLY - NOT HUMAN EXPERIMENT RESULTS,1156680,A,0,865.3505261135896,1.0,0,1,mouse
SYNTHETIC DEMONSTRATION ONLY - NOT HUMAN EXPERIMENT RESULTS,1156700,A,0,865.3321450669075,1.0,0,1,mouse
SYNTHETIC DEMONSTRATION ONLY - NOT HUMAN EXPERIMENT RESULTS,1156720,A,0,865.3142567271816,1.0,0,1,mouse
SYNTHETIC DEMONSTRATION ONLY - NOT HUMAN EXPERIMENT RESULTS,1156740,A,0,865.2968613486446,1.0,0,1,mouse
SYNTHETIC DEMONSTRATION ONLY - NOT HUMAN EXPERIMENT RESULTS,1156760,A,0,865.2799591785235,1.0,0,1,mouse
SYNTHETIC DEMONSTRATION ONLY - NOT HUMAN EXPERIMENT RESULTS,1156780,A,0,865.2635504570354,1.0,0,1,mouse
SYNTHETIC DEMONSTRATION ONLY - NOT HUMAN EXPERIMENT RESULTS,1156800,A,0,865.2476354173847,1.0,0,1,mouse
SYNTHETIC DEMONSTRATION ONLY - NOT HUMAN EXPERIMENT RESULTS,1156820,A,0,865.2322142857591,1.0,0,1,mouse
SYNTHETIC DEMONSTRATION ONLY - NOT HUMAN EXPERIMENT RESULTS,1156840,A,0,865.2172872813273,1.0,0,1,mouse
SYNTHETIC DEMONSTRATION ONLY - NOT HUMAN EXPERIMENT RESULTS,1156860,A,0,865.202854616235,1.0,0,1,mouse
SYNTHETIC DEMONSTRATION ONLY - NOT HUMAN EXPERIMENT RESULTS,1156880,A,0,865.1889164956021,1.0,0,1,mouse
SYNTHETIC DEMONSTRATION ONLY - NOT HUMAN EXPERIMENT RESULTS,1156900,A,0,865.1754731175204,1.0,0,1,mouse
SYNTHETIC DEMONSTRATION ONLY - NOT HUMAN EXPERIMENT RESULTS,1156920,A,0,865.16252467305,1.0,0,1,mouse
SYNTHETIC DEMONSTRATION ONLY - NOT HUMAN EXPERIMENT RESULTS,1156940,A,0,865.1500713462169,1.0,0,1,mouse
SYNTHETIC DEMONSTRATION ONLY - NOT HUMAN EXPERIMENT RESULTS,1156960,A,0,865.1381133140105,1.0,0,1,mouse
SYNTHETIC DEMONSTRATION ONLY - NOT HUMAN EXPERIMENT RESULTS,1156980,A,0,865.1266507463808,1.0,0,1,mouse
SYNTHETIC DEMONSTRATION ONLY - NOT HUMAN EXPERIMENT RESULTS,1157000,A,0,865.1156838062365,1.0,0,1,mouse
SYNTHETIC DEMONSTRATION ONLY - NOT HUMAN EXPERIMENT RESULTS,1157020,A,0,865.1052126494418,1.0,0,1,mouse
SYNTHETIC DEMONSTRATION ONLY - NOT HUMAN EXPERIMENT RESULTS,1157040,A,0,865.0952374248152,1.0,0,1,mouse
SYNTHETIC DEMONSTRATION ONLY - NOT HUMAN EXPERIMENT RESULTS,1157060,A,0,865.0857582741266,1.0,0,1,mouse
SYNTHETIC DEMONSTRATION ONLY - NOT HUMAN EXPERIMENT RESULTS,1157080,A,0,865.0767753320958,1.0,0,1,mouse
SYNTHETIC DEMONSTRATION ONLY - NOT HUMAN EXPERIMENT RESULTS,1157100,A,0,865.0682887263904,1.0,0,1,mouse
SYNTHETIC DEMONSTRATION ONLY - NOT HUMAN EXPERIMENT RESULTS,1157120,A,0,865.0602985776236,1.0,0,1,mouse
SYNTHETIC DEMONSTRATION ONLY - NOT HUMAN EXPERIMENT RESULTS,1157140,A,0,865.0528049993533,1.0,0,1,mouse
SYNTHETIC DEMONSTRATION ONLY - NOT HUMAN EXPERIMENT RESULTS,1157160,A,0,865.0458080980796,1.0,0,1,mouse
SYNTHETIC DEMONSTRATION ONLY - NOT HUMAN EXPERIMENT RESULTS,1157180,A,0,865.0393079732443,1.0,0,1,mouse
SYNTHETIC DEMONSTRATION ONLY - NOT HUMAN EXPERIMENT RESULTS,1157200,A,0,865.0333047172282,1.0,0,1,mouse
SYNTHETIC DEMONSTRATION ONLY - NOT HUMAN EXPERIMENT RESULTS,1157220,A,0,865.0277984153513,1.0,0,1,mouse
SYNTHETIC DEMONSTRATION ONLY - NOT HUMAN EXPERIMENT RESULTS,1157240,A,0,865.0227891458699,1.0,0,1,mouse
SYNTHETIC DEMONSTRATION ONLY - NOT HUMAN EXPERIMENT RESULTS,1157260,A,0,865.0182769799769,1.0,0,1,mouse
SYNTHETIC DEMONSTRATION ONLY - NOT HUMAN EXPERIMENT RESULTS,1157280,A,0,865.0142619818004,1.0,0,1,mouse
SYNTHETIC DEMONSTRATION ONLY - NOT HUMAN EXPERIMENT RESULTS,1157300,A,0,865.0107442084022,1.0,0,1,mouse
SYNTHETIC DEMONSTRATION ONLY - NOT HUMAN EXPERIMENT RESULTS,1157320,A,0,865.0077237097777,1.0,0,1,mouse
SYNTHETIC DEMONSTRATION ONLY - NOT HUMAN EXPERIMENT RESULTS,1157340,A,0,865.0052005288549,1.0,0,1,mouse
SYNTHETIC DEMONSTRATION ONLY - NOT HUMAN EXPERIMENT RESULTS,1157360,A,0,865.0031747014937,1.0,0,1,mouse
SYNTHETIC DEMONSTRATION ONLY - NOT HUMAN EXPERIMENT RESULTS,1157380,A,0,865.0016462564856,1.0,0,1,mouse
SYNTHETIC DEMONSTRATION ONLY - NOT HUMAN EXPERIMENT RESULTS,1157400,A,0,865.0006152155534,1.0,0,1,mouse
SYNTHETIC DEMONSTRATION ONLY - NOT HUMAN EXPERIMENT RESULTS,1157420,A,0,865.0000815933502,1.0,0,1,mouse
SYNTHETIC DEMONSTRATION ONLY - NOT HUMAN EXPERIMENT RESULTS,1157440,A,0,865.00004539746,1.0,0,1,mouse
SYNTHETIC DEMONSTRATION ONLY - NOT HUMAN EXPERIMENT RESULTS,1157460,A,0,865.0005066283974,1.0,0,1,mouse
SYNTHETIC DEMONSTRATION ONLY - NOT HUMAN EXPERIMENT RESULTS,1157480,A,0,865.0014652796071,1.0,0,1,mouse
SYNTHETIC DEMONSTRATION ONLY - NOT HUMAN EXPERIMENT RESULTS,1157500,A,0,865.0029213374647,1.0,0,1,mouse
SYNTHETIC DEMONSTRATION ONLY - NOT HUMAN EXPERIMENT RESULTS,1157520,A,0,865.0048747812763,1.0,0,1,mouse
SYNTHETIC DEMONSTRATION ONLY - NOT HUMAN EXPERIMENT RESULTS,1157540,A,0,865.0073255832791,1.0,0,1,mouse
SYNTHETIC DEMONSTRATION ONLY - NOT HUMAN EXPERIMENT RESULTS,1157560,A,0,865.0102737086419,1.0,0,1,mouse
SYNTHETIC DEMONSTRATION ONLY - NOT HUMAN EXPERIMENT RESULTS,1157580,A,0,865.0137191154652,1.0,0,1,mouse
SYNTHETIC DEMONSTRATION ONLY - NOT HUMAN EXPERIMENT RESULTS,1157600,A,0,865.0176617547821,1.0,0,1,mouse
SYNTHETIC DEMONSTRATION ONLY - NOT HUMAN EXPERIMENT RESULTS,1157620,A,0,865.0221015705591,1.0,0,1,mouse
SYNTHETIC DEMONSTRATION ONLY - NOT HUMAN EXPERIMENT RESULTS,1157640,A,0,865.0270384996967,1.0,0,1,mouse
SYNTHETIC DEMONSTRATION ONLY - NOT HUMAN EXPERIMENT RESULTS,1157660,A,0,865.0324724720299,1.0,0,1,mouse
SYNTHETIC DEMONSTRATION ONLY - NOT HUMAN EXPERIMENT RESULTS,1157680,A,0,865.0384034103301,1.0,0,1,mouse
SYNTHETIC DEMONSTRATION ONLY - NOT HUMAN EXPERIMENT RESULTS,1157700,A,0,865.0448312303056,1.0,0,1,mouse
SYNTHETIC DEMONSTRATION ONLY - NOT HUMAN EXPERIMENT RESULTS,1157720,A,0,865.0517558406027,1.0,0,1,mouse
SYNTHETIC DEMONSTRATION ONLY - NOT HUMAN EXPERIMENT RESULTS,1157740,A,0,865.0591771428074,1.0,0,1,mouse
SYNTHETIC DEMONSTRATION ONLY - NOT HUMAN EXPERIMENT RESULTS,1157760,A,0,865.0670950314466,1.0,0,1,mouse
SYNTHETIC DEMONSTRATION ONLY - NOT HUMAN EXPERIMENT RESULTS,1157780,A,0,865.0755093939896,1.0,0,1,mouse
SYNTHETIC DEMONSTRATION ONLY - NOT HUMAN EXPERIMENT RESULTS,1157800,A,0,865.0844201108497,1.0,0,1,mouse
SYNTHETIC DEMONSTRATION ONLY - NOT HUMAN EXPERIMENT RESULTS,1157820,A,0,865.0938270553858,1.0,0,1,mouse
SYNTHETIC DEMONSTRATION ONLY - NOT HUMAN EXPERIMENT RESULTS,1157840,A,0,865.1037300939045,1.0,0,1,mouse
SYNTHETIC DEMONSTRATION ONLY - NOT HUMAN EXPERIMENT RESULTS,1157860,A,0,865.1141290856616,1.0,0,1,mouse
SYNTHETIC DEMONSTRATION ONLY - NOT HUMAN EXPERIMENT RESULTS,1157880,A,0,865.1250238828644,1.0,0,1,mouse
SYNTHETIC DEMONSTRATION ONLY - NOT HUMAN EXPERIMENT RESULTS,1157900,A,0,865.1364143306738,1.0,0,1,mouse
SYNTHETIC DEMONSTRATION ONLY - NOT HUMAN EXPERIMENT RESULTS,1157920,A,0,865.1483002672063,1.0,0,1,mouse
SYNTHETIC DEMONSTRATION ONLY - NOT HUMAN EXPERIMENT RESULTS,1157940,A,0,865.1606815235365,1.0,0,1,mouse
SYNTHETIC DEMONSTRATION ONLY - NOT HUMAN EXPERIMENT RESULTS,1157960,A,0,865.1735579236991,1.0,0,1,mouse
SYNTHETIC DEMONSTRATION ONLY - NOT HUMAN EXPERIMENT RESULTS,1157980,A,0,865.1869292846923,1.0,0,1,mouse
SYNTHETIC DEMONSTRATION ONLY - NOT HUMAN EXPERIMENT RESULTS,1158000,A,0,865.2007954164792,1.0,0,1,mouse
SYNTHETIC DEMONSTRATION ONLY - NOT HUMAN EXPERIMENT RESULTS,1158020,A,0,865.2151561219914,1.0,0,1,mouse
SYNTHETIC DEMONSTRATION ONLY - NOT HUMAN EXPERIMENT RESULTS,1158040,A,0,865.2300111971316,1.0,0,1,mouse
SYNTHETIC DEMONSTRATION ONLY - NOT HUMAN EXPERIMENT RESULTS,1158060,A,0,865.2453604307763,1.0,0,1,mouse
SYNTHETIC DEMONSTRATION ONLY - NOT HUMAN EXPERIMENT RESULTS,1158080,A,0,865.2612036047788,1.0,0,1,mouse
SYNTHETIC DEMONSTRATION ONLY - NOT HUMAN EXPERIMENT RESULTS,1158100,A,0,865.2775404939725,1.0,0,1,mouse
SYNTHETIC DEMONSTRATION ONLY - NOT HUMAN EXPERIMENT RESULTS,1158120,A,0,865.2943708661742,1.0,0,1,mouse
SYNTHETIC DEMONSTRATION ONLY - NOT HUMAN EXPERIMENT RESULTS,1158140,A,0,865.311694482187,1.0,0,1,mouse
SYNTHETIC DEMONSTRATION ONLY - NOT HUMAN EXPERIMENT RESULTS,1158160,A,0,865.3295110958039,1.0,0,1,mouse
SYNTHETIC DEMONSTRATION ONLY - NOT HUMAN EXPERIMENT RESULTS,1158180,A,0,865.3478204538116,1.0,0,1,mouse
SYNTHETIC DEMONSTRATION ONLY - NOT HUMAN EXPERIMENT RESULTS,1158200,A,0,865.3666222959932,1.0,0,1,mouse
SYNTHETIC DEMONSTRATION ONLY - NOT HUMAN EXPERIMENT RESULTS,1158220,A,0,865.3859163551333,1.0,0,1,mouse
SYNTHETIC DEMONSTRATION ONLY - NOT HUMAN EXPERIMENT RESULTS,1158240,A,0,865.4057023570205,1.0,0,1,mouse
SYNTHETIC DEMONSTRATION ONLY - NOT HUMAN EXPERIMENT RESULTS,1158260,A,0,865.4259800204517,1.0,0,1,mouse
SYNTHETIC DEMONSTRATION ONLY - NOT HUMAN EXPERIMENT RESULTS,1158280,A,0,865.4467490572366,1.0,0,1,mouse
SYNTHETIC DEMONSTRATION ONLY - NOT HUMAN EXPERIMENT RESULTS,1158300,A,0,865.4680091722013,1.0,0,1,mouse
SYNTHETIC DEMONSTRATION ONLY - NOT HUMAN EXPERIMENT RESULTS,1158320,A,0,865.4897600631923,1.0,0,1,mouse
SYNTHETIC DEMONSTRATION ONLY - NOT HUMAN EXPERIMENT RESULTS,1158340,A,0,865.5120014210815,1.0,0,1,mouse
SYNTHETIC DEMONSTRATION ONLY - NOT HUMAN EXPERIMENT RESULTS,1158360,A,0,865.5347329297699,1.0,0,1,mouse
SYNTHETIC DEMONSTRATION ONLY - NOT HUMAN EXPERIMENT RESULTS,1158380,A,0,865.5579542661924,1.0,0,1,mouse
SYNTHETIC DEMONSTRATION ONLY - NOT HUMAN EXPERIMENT RESULTS,1158400,A,0,865.5816651003223,1.0,0,1,mouse
SYNTHETIC DEMONSTRATION ONLY - NOT HUMAN EXPERIMENT RESULTS,1158420,A,0,865.6058650951765,1.0,0,1,mouse
SYNTHETIC DEMONSTRATION ONLY - NOT HUMAN EXPERIMENT RESULTS,1158440,A,0,865.630553906819,1.0,0,1,mouse
SYNTHETIC DEMONSTRATION ONLY - NOT HUMAN EXPERIMENT RESULTS,1158460,A,0,865.6557311843677,1.0,0,1,mouse
SYNTHETIC DEMONSTRATION ONLY - NOT HUMAN EXPERIMENT RESULTS,1158480,A,0,865.6813965699974,1.0,0,1,mouse
SYNTHETIC DEMONSTRATION ONLY - NOT HUMAN EXPERIMENT RESULTS,1158500,A,0,865.7075496989463,1.0,0,1,mouse
SYNTHETIC DEMONSTRATION ONLY - NOT HUMAN EXPERIMENT RESULTS,1158520,A,0,865.7341901995204,1.0,0,1,mouse
SYNTHETIC DEMONSTRATION ONLY - NOT HUMAN EXPERIMENT RESULTS,1158540,A,0,865.7613176930994,1.0,0,1,mouse
SYNTHETIC DEMONSTRATION ONLY - NOT HUMAN EXPERIMENT RESULTS,1158560,A,0,865.7889317941414,1.0,0,1,mouse
SYNTHETIC DEMONSTRATION ONLY - NOT HUMAN EXPERIMENT RESULTS,1158580,A,0,865.8170321101891,1.0,0,1,mouse
SYNTHETIC DEMONSTRATION ONLY - NOT HUMAN EXPERIMENT RESULTS,1158600,A,0,865.8456182418746,1.0,0,1,mouse
SYNTHETIC DEMONSTRATION ONLY - NOT HUMAN EXPERIMENT RESULTS,1158620,A,0,865.8746897829258,1.0,0,1,mouse
SYNTHETIC DEMONSTRATION ONLY - NOT HUMAN EXPERIMENT RESULTS,1158640,A,0,865.9042463201718,1.0,0,1,mouse
SYNTHETIC DEMONSTRATION ONLY - NOT HUMAN EXPERIMENT RESULTS,1158660,A,0,865.9342874335487,1.0,0,1,mouse
SYNTHETIC DEMONSTRATION ONLY - NOT HUMAN EXPERIMENT RESULTS,1158680,A,0,865.9648126961057,1.0,0,1,mouse
SYNTHETIC DEMONSTRATION ONLY - NOT HUMAN EXPERIMENT RESULTS,1158700,A,0,865.9958216740115,1.0,0,1,mouse
SYNTHETIC DEMONSTRATION ONLY - NOT HUMAN EXPERIMENT RESULTS,1158720,A,0,866.0273139265596,1.0,0,1,mouse
SYNTHETIC DEMONSTRATION ONLY - NOT HUMAN EXPERIMENT RESULTS,1158740,A,0,866.0592890061756,1.0,0,1,mouse
SYNTHETIC DEMONSTRATION ONLY - NOT HUMAN EXPERIMENT RESULTS,1158760,A,0,866.0917464584228,1.0,0,1,mouse
SYNTHETIC DEMONSTRATION ONLY - NOT HUMAN EXPERIMENT RESULTS,1158780,A,0,866.1246858220089,1.0,0,1,mouse
SYNTHETIC DEMONSTRATION ONLY - NOT HUMAN EXPERIMENT RESULTS,1158800,A,0,866.1581066287927,1.0,0,1,mouse
SYNTHETIC DEMONSTRATION ONLY - NOT HUMAN EXPERIMENT RESULTS,1158820,A,0,866.1920084037904,1.0,0,1,mouse
SYNTHETIC DEMONSTRATION ONLY - NOT HUMAN EXPERIMENT RESULTS,1158840,A,0,866.226390665183,1.0,0,1,mouse
SYNTHETIC DEMONSTRATION ONLY - NOT HUMAN EXPERIMENT RESULTS,1158860,A,0,866.2612529243222,1.0,0,1,mouse
SYNTHETIC DEMONSTRATION ONLY - NOT HUMAN EXPERIMENT RESULTS,1158880,A,0,866.2965946857382,1.0,0,1,mouse
SYNTHETIC DEMONSTRATION ONLY - NOT HUMAN EXPERIMENT RESULTS,1158900,A,0,866.3324154471464,1.0,0,1,mouse
SYNTHETIC DEMONSTRATION ONLY - NOT HUMAN EXPERIMENT RESULTS,1158920,A,0,866.3687146994546,1.0,0,1,mouse
SYNTHETIC DEMONSTRATION ONLY - NOT HUMAN EXPERIMENT RESULTS,1158940,A,0,866.4054919267699,1.0,0,1,mouse
SYNTHETIC DEMONSTRATION ONLY - NOT HUMAN EXPERIMENT RESULTS,1158960,A,0,866.4427466064064,1.0,0,1,mouse
SYNTHETIC DEMONSTRATION ONLY - NOT HUMAN EXPERIMENT RESULTS,1158980,A,0,866.4804782088929,1.0,0,1,mouse
SYNTHETIC DEMONSTRATION ONLY - NOT HUMAN EXPERIMENT RESULTS,1159000,A,0,866.5186861979797,1.0,0,1,mouse
SYNTHETIC DEMONSTRATION ONLY - NOT HUMAN EXPERIMENT RESULTS,1159020,A,0,866.5573700306468,1.0,0,1,mouse
SYNTHETIC DEMONSTRATION ONLY - NOT HUMAN EXPERIMENT RESULTS,1159040,A,0,866.596529157111,1.0,0,1,mouse
SYNTHETIC DEMONSTRATION ONLY - NOT HUMAN EXPERIMENT RESULTS,1159060,A,0,866.6361630208347,1.0,0,1,mouse
SYNTHETIC DEMONSTRATION ONLY - NOT HUMAN EXPERIMENT RESULTS,1159080,A,0,866.676271058533,1.0,0,1,mouse
SYNTHETIC DEMONSTRATION ONLY - NOT HUMAN EXPERIMENT RESULTS,1159100,A,0,866.7168527001817,1.0,0,1,mouse
SYNTHETIC DEMONSTRATION ONLY - NOT HUMAN EXPERIMENT RESULTS,1159120,A,0,866.7579073690259,1.0,0,1,mouse
SYNTHETIC DEMONSTRATION ONLY - NOT HUMAN EXPERIMENT RESULTS,1159140,A,0,866.799434481588,1.0,0,1,mouse
SYNTHETIC DEMONSTRATION ONLY - NOT HUMAN EXPERIMENT RESULTS,1159160,A,0,866.8414334476757,1.0,0,1,mouse
SYNTHETIC DEMONSTRATION ONLY - NOT HUMAN EXPERIMENT RESULTS,1159180,A,0,866.883903670391,1.0,0,1,mouse
SYNTHETIC DEMONSTRATION ONLY - NOT HUMAN EXPERIMENT RESULTS,1159200,A,0,866.9268445461375,1.0,0,1,mouse
SYNTHETIC DEMONSTRATION ONLY - NOT HUMAN EXPERIMENT RESULTS,1159220,A,0,866.9702554646308,1.0,0,1,mouse
SYNTHETIC DEMONSTRATION ONLY - NOT HUMAN EXPERIMENT RESULTS,1159240,A,0,867.0141358089054,1.0,0,1,mouse
SYNTHETIC DEMONSTRATION ONLY - NOT HUMAN EXPERIMENT RESULTS,1159260,A,0,867.0584849553245,1.0,0,1,mouse
SYNTHETIC DEMONSTRATION ONLY - NOT HUMAN EXPERIMENT RESULTS,1159280,A,0,867.1033022735886,1.0,0,1,mouse
SYNTHETIC DEMONSTRATION ONLY - NOT HUMAN EXPERIMENT RESULTS,1159300,A,0,867.1485871267445,1.0,0,1,mouse
SYNTHETIC DEMONSTRATION ONLY - NOT HUMAN EXPERIMENT RESULTS,1159320,A,0,867.194338871194,1.0,0,1,mouse
SYNTHETIC DEMONSTRATION ONLY - NOT HUMAN EXPERIMENT RESULTS,1159340,A,0,867.2405568567037,1.0,0,1,mouse
SYNTHETIC DEMONSTRATION ONLY - NOT HUMAN EXPERIMENT RESULTS,1159360,A,0,867.2872404264137,1.0,0,1,mouse
SYNTHETIC DEMONSTRATION ONLY - NOT HUMAN EXPERIMENT RESULTS,1159380,A,0,867.334388916847,1.0,0,1,mouse
SYNTHETIC DEMONSTRATION ONLY - NOT HUMAN EXPERIMENT RESULTS,1159400,A,0,867.3820016579194,1.0,0,1,mouse
SYNTHETIC DEMONSTRATION ONLY - NOT HUMAN EXPERIMENT RESULTS,1159420,A,0,867.4300779729483,1.0,0,1,mouse
SYNTHETIC DEMONSTRATION ONLY - NOT HUMAN EXPERIMENT RESULTS,1159440,A,0,867.4786171786628,1.0,0,1,mouse
SYNTHETIC DEMONSTRATION ONLY - NOT HUMAN EXPERIMENT RESULTS,1159460,A,0,867.5276185852136,1.0,0,1,mouse
SYNTHETIC DEMONSTRATION ONLY - NOT HUMAN EXPERIMENT RESULTS,1159480,A,0,867.577081496182,1.0,0,1,mouse
SYNTHETIC DEMONSTRATION ONLY - NOT HUMAN EXPERIMENT RESULTS,1159500,A,0,867.6270052085907,1.0,0,1,mouse
SYNTHETIC DEMONSTRATION ONLY - NOT HUMAN EXPERIMENT RESULTS,1159520,A,0,867.6773890129133,1.0,0,1,mouse
SYNTHETIC DEMONSTRATION ONLY - NOT HUMAN EXPERIMENT RESULTS,1159540,A,0,867.7282321930841,1.0,0,1,mouse
SYNTHETIC DEMONSTRATION ONLY - NOT HUMAN EXPERIMENT RESULTS,1159560,A,0,867.7795340265093,1.0,0,1,mouse
SYNTHETIC DEMONSTRATION ONLY - NOT HUMAN EXPERIMENT RESULTS,1159580,A,0,867.831293784076,1.0,0,1,mouse
SYNTHETIC DEMONSTRATION ONLY - NOT HUMAN EXPERIMENT RESULTS,1159600,A,0,867.8835107301637,1.0,0,1,mouse
SYNTHETIC DEMONSTRATION ONLY - NOT HUMAN EXPERIMENT RESULTS,1159620,A,0,867.936184122654,1.0,0,1,mouse
SYNTHETIC DEMONSTRATION ONLY - NOT HUMAN EXPERIMENT RESULTS,1159640,A,0,867.9893132129413,1.0,0,1,mouse
SYNTHETIC DEMONSTRATION ONLY - NOT HUMAN EXPERIMENT RESULTS,1159660,A,0,868.0428972459437,1.0,0,1,mouse
SYNTHETIC DEMONSTRATION ONLY - NOT HUMAN EXPERIMENT RESULTS,1159680,A,0,868.0969354601134,1.0,0,1,mouse
SYNTHETIC DEMONSTRATION ONLY - NOT HUMAN EXPERIMENT RESULTS,1159700,A,0,868.1514270874478,1.0,0,1,mouse
SYNTHETIC DEMONSTRATION ONLY - NOT HUMAN EXPERIMENT RESULTS,1159720,A,0,868.2063713535003,1.0,0,1,mouse
SYNTHETIC DEMONSTRATION ONLY - NOT HUMAN EXPERIMENT RESULTS,1159740,A,0,868.2617674773912,1.0,0,1,mouse
SYNTHETIC DEMONSTRATION ONLY - NOT HUMAN EXPERIMENT RESULTS,1159760,A,0,868.317614671819,1.0,0,1,mouse
SYNTHETIC DEMONSTRATION ONLY - NOT HUMAN EXPERIMENT RESULTS,1159780,A,0,868.3739121430715,1.0,0,1,mouse
SYNTHETIC DEMONSTRATION ONLY - NOT HUMAN EXPERIMENT RESULTS,1159800,A,0,868.4306590910369,1.0,0,1,mouse
SYNTHETIC DEMONSTRATION ONLY - NOT HUMAN EXPERIMENT RESULTS,1159820,A,0,868.4878547092155,1.0,0,1,mouse
SYNTHETIC DEMONSTRATION ONLY - NOT HUMAN EXPERIMENT RESULTS,1159840,A,0,868.5454981847312,1.0,0,1,mouse
SYNTHETIC DEMONSTRATION ONLY - NOT HUMAN EXPERIMENT RESULTS,1159860,A,0,868.6035886983422,1.0,0,1,mouse
SYNTHETIC DEMONSTRATION ONLY - NOT HUMAN EXPERIMENT RESULTS,1159880,A,0,868.6621254244538,1.0,0,1,mouse
SYNTHETIC DEMONSTRATION ONLY - NOT HUMAN EXPERIMENT RESULTS,1159900,A,0,868.7211075311299,1.0,0,1,mouse
SYNTHETIC DEMONSTRATION ONLY - NOT HUMAN EXPERIMENT RESULTS,1159920,A,0,868.7805341801039,1.0,0,1,mouse
SYNTHETIC DEMONSTRATION ONLY - NOT HUMAN EXPERIMENT RESULTS,1159940,A,0,868.8404045267916,1.0,0,1,mouse
SYNTHETIC DEMONSTRATION ONLY - NOT HUMAN EXPERIMENT RESULTS,1159960,A,0,868.900717720303,1.0,0,1,mouse
SYNTHETIC DEMONSTRATION ONLY - NOT HUMAN EXPERIMENT RESULTS,1159980,A,0,868.9614729034539,1.0,0,1,mouse
SYNTHETIC DEMONSTRATION ONLY - NOT HUMAN EXPERIMENT RESULTS,1160000,A,0,869.022669212779,1.0,0,1,mouse
SYNTHETIC DEMONSTRATION ONLY - NOT HUMAN EXPERIMENT RESULTS,1160020,A,0,869.0843057785429,1.0,0,1,mouse
SYNTHETIC DEMONSTRATION ONLY - NOT HUMAN EXPERIMENT RESULTS,1160040,A,0,869.1463817247537,1.0,0,1,mouse
SYNTHETIC DEMONSTRATION ONLY - NOT HUMAN EXPERIMENT RESULTS,1160060,A,0,869.2088961691749,1.0,0,1,mouse
SYNTHETIC DEMONSTRATION ONLY - NOT HUMAN EXPERIMENT RESULTS,1160080,A,0,869.2718482233379,1.0,0,1,mouse
SYNTHETIC DEMONSTRATION ONLY - NOT HUMAN EXPERIMENT RESULTS,1160100,A,0,869.3352369925544,1.0,0,1,mouse
SYNTHETIC DEMONSTRATION ONLY - NOT HUMAN EXPERIMENT RESULTS,1160120,A,0,869.39906157593,1.0,0,1,mouse
SYNTHETIC DEMONSTRATION ONLY - NOT HUMAN EXPERIMENT RESULTS,1160140,A,0,869.4633210663759,1.0,0,1,mouse
SYNTHETIC DEMONSTRATION ONLY - NOT HUMAN EXPERIMENT RESULTS,1160160,A,0,869.5280145506224,1.0,0,1,mouse
SYNTHETIC DEMONSTRATION ONLY - NOT HUMAN EXPERIMENT RESULTS,1160180,A,0,869.5931411092323,1.0,0,1,mouse
SYNTHETIC DEMONSTRATION ONLY - NOT HUMAN EXPERIMENT RESULTS,1160200,A,0,869.6586998166126,1.0,0,1,mouse
SYNTHETIC DEMONSTRATION ONLY - NOT HUMAN EXPERIMENT RESULTS,1160220,A,0,869.7246897410291,1.0,0,1,mouse
SYNTHETIC DEMONSTRATION ONLY - NOT HUMAN EXPERIMENT RESULTS,1160240,A,0,869.7911099446192,1.0,0,1,mouse
SYNTHETIC DEMONSTRATION ONLY - NOT HUMAN EXPERIMENT RESULTS,1160260,A,0,869.8579594834042,1.0,0,1,mouse
SYNTHETIC DEMONSTRATION ONLY - NOT HUMAN EXPERIMENT RESULTS,1160280,A,0,869.9252374073046,1.0,0,1,mouse
SYNTHETIC DEMONSTRATION ONLY - NOT HUMAN EXPERIMENT RESULTS,1160300,A,0,869.9929427601522,1.0,0,1,mouse
SYNTHETIC DEMONSTRATION ONLY - NOT HUMAN EXPERIMENT RESULTS,1160320,A,0,870.0610745797039,1.0,0,1,mouse
SYNTHETIC DEMONSTRATION ONLY - NOT HUMAN EXPERIMENT RESULTS,1160340,A,0,870.1296318976558,1.0,0,1,mouse
SYNTHETIC DEMONSTRATION ONLY - NOT HUMAN EXPERIMENT RESULTS,1160360,A,0,870.1986137396567,1.0,0,1,mouse
SYNTHETIC DEMONSTRATION ONLY - NOT HUMAN EXPERIMENT RESULTS,1160380,A,0,870.2680191253218,1.0,0,1,mouse
SYNTHETIC DEMONSTRATION ONLY - NOT HUMAN EXPERIMENT RESULTS,1160400,A,0,870.337847068247,1.0,0,1,mouse
SYNTHETIC DEMONSTRATION ONLY - NOT HUMAN EXPERIMENT RESULTS,1160420,A,0,870.4080965760229,1.0,0,1,mouse
SYNTHETIC DEMONSTRATION ONLY - NOT HUMAN EXPERIMENT RESULTS,1160440,A,0,870.478766650248,1.0,0,1,mouse
SYNTHETIC DEMONSTRATION ONLY - NOT HUMAN EXPERIMENT RESULTS,1160460,A,0,870.5498562865446,1.0,0,1,mouse
SYNTHETIC DEMONSTRATION ONLY - NOT HUMAN EXPERIMENT RESULTS,1160480,A,0,870.6213644745712,1.0,0,1,mouse
SYNTHETIC DEMONSTRATION ONLY - NOT HUMAN EXPERIMENT RESULTS,1160500,A,0,870.6932901980387,1.0,0,1,mouse
SYNTHETIC DEMONSTRATION ONLY - NOT HUMAN EXPERIMENT RESULTS,1160520,A,0,870.7656324347229,1.0,0,1,mouse
SYNTHETIC DEMONSTRATION ONLY - NOT HUMAN EXPERIMENT RESULTS,1160540,A,0,870.8383901564805,1.0,0,1,mouse
SYNTHETIC DEMONSTRATION ONLY - NOT HUMAN EXPERIMENT RESULTS,1160560,A,0,870.9115623292636,1.0,0,1,mouse
SYNTHETIC DEMONSTRATION ONLY - NOT HUMAN EXPERIMENT RESULTS,1160580,A,0,870.9851479131332,1.0,0,1,mouse
SYNTHETIC DEMONSTRATION ONLY - NOT HUMAN EXPERIMENT RESULTS,1160600,A,0,871.0591458622755,1.0,0,1,mouse
SYNTHETIC DEMONSTRATION ONLY - NOT HUMAN EXPERIMENT RESULTS,1160620,A,0,871.133555125016,1.0,0,1,mouse
SYNTHETIC DEMONSTRATION ONLY - NOT HUMAN EXPERIMENT RESULTS,1160640,A,0,871.2083746438341,1.0,0,1,mouse
SYNTHETIC DEMONSTRATION ONLY - NOT HUMAN EXPERIMENT RESULTS,1160660,A,0,871.2836033553789,1.0,0,1,mouse
SYNTHETIC DEMONSTRATION ONLY - NOT HUMAN EXPERIMENT RESULTS,1160680,A,0,871.3592401904839,1.0,0,1,mouse
SYNTHETIC DEMONSTRATION ONLY - NOT HUMAN EXPERIMENT RESULTS,1160700,A,0,871.4352840741824,1.0,0,1,mouse
SYNTHETIC DEMONSTRATION ONLY - NOT HUMAN EXPERIMENT RESULTS,1160720,A,0,871.5117339257222,1.0,0,1,mouse
SYNTHETIC DEMONSTRATION ONLY - NOT HUMAN EXPERIMENT RESULTS,1160740,A,0,871.5885886585819,1.0,0,1,mouse
SYNTHETIC DEMONSTRATION ONLY - NOT HUMAN EXPERIMENT RESULTS,1160760,A,0,871.6658471804855,1.0,0,1,mouse
SYNTHETIC DEMONSTRATION ONLY - NOT HUMAN EXPERIMENT RESULTS,1160780,A,0,871.7435083934186,1.0,0,1,mouse
SYNTHETIC DEMONSTRATION ONLY - NOT HUMAN EXPERIMENT RESULTS,1160800,A,0,871.8215711936433,1.0,0,1,mouse
SYNTHETIC DEMONSTRATION ONLY - NOT HUMAN EXPERIMENT RESULTS,1160820,A,0,871.9000344717143,1.0,0,1,mouse
SYNTHETIC DEMONSTRATION ONLY - NOT HUMAN EXPERIMENT RESULTS,1160840,A,0,871.978897112495,1.0,0,1,mouse
SYNTHETIC DEMONSTRATION ONLY - NOT HUMAN EXPERIMENT RESULTS,1160860,A,0,872.0581579951727,1.0,0,1,mouse
SYNTHETIC DEMONSTRATION ONLY - NOT HUMAN EXPERIMENT RESULTS,1160880,A,0,872.1378159932744,1.0,0,1,mouse
SYNTHETIC DEMONSTRATION ONLY - NOT HUMAN EXPERIMENT RESULTS,1160900,A,0,872.2178699746842,1.0,0,1,mouse
SYNTHETIC DEMONSTRATION ONLY - NOT HUMAN EXPERIMENT RESULTS,1160920,A,0,872.2983188016575,1.0,0,1,mouse
SYNTHETIC DEMONSTRATION ONLY - NOT HUMAN EXPERIMENT RESULTS,1160940,A,0,872.3791613308383,1.0,0,1,mouse
SYNTHETIC DEMONSTRATION ONLY - NOT HUMAN EXPERIMENT RESULTS,1160960,A,0,872.4603964132756,1.0,0,1,mouse
SYNTHETIC DEMONSTRATION ONLY - NOT HUMAN EXPERIMENT RESULTS,1160980,A,0,872.5420228944388,1.0,0,1,mouse
SYNTHETIC DEMONSTRATION ONLY - NOT HUMAN EXPERIMENT RESULTS,1161000,A,0,872.6240396142351,1.0,0,1,mouse
SYNTHETIC DEMONSTRATION ONLY - NOT HUMAN EXPERIMENT RESULTS,1161020,A,0,872.7064454070255,1.0,0,1,mouse
SYNTHETIC DEMONSTRATION ONLY - NOT HUMAN EXPERIMENT RESULTS,1161040,A,0,872.7892391016408,1.0,0,1,mouse
SYNTHETIC DEMONSTRATION ONLY - NOT HUMAN EXPERIMENT RESULTS,1161060,A,0,872.8724195213998,1.0,0,1,mouse
SYNTHETIC DEMONSTRATION ONLY - NOT HUMAN EXPERIMENT RESULTS,1161080,A,0,872.9559854841245,1.0,0,1,mouse
SYNTHETIC DEMONSTRATION ONLY - NOT HUMAN EXPERIMENT RESULTS,1161100,A,0,873.0399358021573,1.0,0,1,mouse
SYNTHETIC DEMONSTRATION ONLY - NOT HUMAN EXPERIMENT RESULTS,1161120,A,0,873.1242692823788,1.0,0,1,mouse
SYNTHETIC DEMONSTRATION ONLY - NOT HUMAN EXPERIMENT RESULTS,1161140,A,0,873.2089847262233,1.0,0,1,mouse
SYNTHETIC DEMONSTRATION ONLY - NOT HUMAN EXPERIMENT RESULTS,1161160,A,0,873.294080929697,1.0,0,1,mouse
SYNTHETIC DEMONSTRATION ONLY - NOT HUMAN EXPERIMENT RESULTS,1161180,A,0,873.3795566833943,1.0,0,1,mouse
SYNTHETIC DEMONSTRATION ONLY - NOT HUMAN EXPERIMENT RESULTS,1161200,A,0,873.4654107725156,1.0,0,1,mouse
SYNTHETIC DEMONSTRATION ONLY - NOT HUMAN EXPERIMENT RESULTS,1161220,A,0,873.5516419768842,1.0,0,1,mouse
SYNTHETIC DEMONSTRATION ONLY - NOT HUMAN EXPERIMENT RESULTS,1161240,A,0,873.638249070964,1.0,0,1,mouse
SYNTHETIC DEMONSTRATION ONLY - NOT HUMAN EXPERIMENT RESULTS,1161260,A,0,873.7252308238764,1.0,0,1,mouse
SYNTHETIC DEMONSTRATION ONLY - NOT HUMAN EXPERIMENT RESULTS,1161280,A,0,873.812585999418,1.0,0,1,mouse
SYNTHETIC DEMONSTRATION ONLY - NOT HUMAN EXPERIMENT RESULTS,1161300,A,0,873.9003133560786,1.0,0,1,mouse
SYNTHETIC DEMONSTRATION ONLY - NOT HUMAN EXPERIMENT RESULTS,1161320,A,0,873.9884116470582,1.0,0,1,mouse
SYNTHETIC DEMONSTRATION ONLY - NOT HUMAN EXPERIMENT RESULTS,1161340,A,0,874.0768796202851,1.0,0,1,mouse
SYNTHETIC DEMONSTRATION ONLY - NOT HUMAN EXPERIMENT RESULTS,1161360,A,0,874.1657160184336,1.0,0,1,mouse
SYNTHETIC DEMONSTRATION ONLY - NOT HUMAN EXPERIMENT RESULTS,1161380,A,0,874.2549195789418,1.0,0,1,mouse
SYNTHETIC DEMONSTRATION ONLY - NOT HUMAN EXPERIMENT RESULTS,1161400,A,0,874.3444890340296,1.0,0,1,mouse
SYNTHETIC DEMONSTRATION ONLY - NOT HUMAN EXPERIMENT RESULTS,1161420,A,0,874.4344231107169,1.0,0,1,mouse
SYNTHETIC DEMONSTRATION ONLY - NOT HUMAN EXPERIMENT RESULTS,1161440,A,0,874.5247205308413,1.0,0,1,mouse
SYNTHETIC DEMONSTRATION ONLY - NOT HUMAN EXPERIMENT RESULTS,1161460,A,0,874.6153800110766,1.0,0,1,mouse
SYNTHETIC DEMONSTRATION ONLY - NOT HUMAN EXPERIMENT RESULTS,1161480,A,0,874.7064002629509,1.0,0,1,mouse
SYNTHETIC DEMONSTRATION ONLY - NOT HUMAN EXPERIMENT RESULTS,1161500,A,0,874.797779992865,1.0,0,1,mouse
SYNTHETIC DEMONSTRATION ONLY - NOT HUMAN EXPERIMENT RESULTS,1161520,A,0,874.8895179021107,1.0,0,1,mouse
SYNTHETIC DEMONSTRATION ONLY - NOT HUMAN EXPERIMENT RESULTS,1161540,A,0,874.9816126868892,1.0,0,1,mouse
SYNTHETIC DEMONSTRATION ONLY - NOT HUMAN EXPERIMENT RESULTS,1161560,A,0,875.0740630383297,1.0,0,1,mouse
SYNTHETIC DEMONSTRATION ONLY - NOT HUMAN EXPERIMENT RESULTS,1161580,A,0,875.1668676425081,1.0,0,1,mouse
SYNTHETIC DEMONSTRATION ONLY - NOT HUMAN EXPERIMENT RESULTS,1161600,A,0,875.2600251804656,1.0,0,1,mouse
SYNTHETIC DEMONSTRATION ONLY - NOT HUMAN EXPERIMENT RESULTS,1161620,A,0,875.3535343282274,1.0,0,1,mouse
SYNTHETIC DEMONSTRATION ONLY - NOT HUMAN EXPERIMENT RESULTS,1161640,A,0,875.4473937568215,1.0,0,1,mouse
SYNTHETIC DEMONSTRATION ONLY - NOT HUMAN EXPERIMENT RESULTS,1161660,A,0,875.5416021322975,1.0,0,1,mouse
SYNTHETIC DEMONSTRATION ONLY - NOT HUMAN EXPERIMENT RESULTS,1161680,A,0,875.6361581157461,1.0,0,1,mouse
SYNTHETIC DEMONSTRATION ONLY - NOT HUMAN EXPERIMENT RESULTS,1161700,A,0,875.7310603633174,1.0,0,1,mouse
SYNTHETIC DEMONSTRATION ONLY - NOT HUMAN EXPERIMENT RESULTS,1161720,A,0,875.8263075262402,1.0,0,1,mouse
SYNTHETIC DEMONSTRATION ONLY - NOT HUMAN EXPERIMENT RESULTS,1161740,A,0,875.9218982508418,1.0,0,1,mouse
SYNTHETIC DEMONSTRATION ONLY - NOT HUMAN EXPERIMENT RESULTS,1161760,A,0,876.0178311785661,1.0,0,1,mouse
SYNTHETIC DEMONSTRATION ONLY - NOT HUMAN EXPERIMENT RESULTS,1161780,A,0,876.1141049459942,1.0,0,1,mouse
SYNTHETIC DEMONSTRATION ONLY - NOT HUMAN EXPERIMENT RESULTS,1161800,A,0,876.2107181848626,1.0,0,1,mouse
SYNTHETIC DEMONSTRATION ONLY - NOT HUMAN EXPERIMENT RESULTS,1161820,A,0,876.3076695220831,1.0,0,1,mouse
SYNTHETIC DEMONSTRATION ONLY - NOT HUMAN EXPERIMENT RESULTS,1161840,A,0,876.4049575797628,1.0,0,1,mouse
SYNTHETIC DEMONSTRATION ONLY - NOT HUMAN EXPERIMENT RESULTS,1161860,A,0,876.5025809752233,1.0,0,1,mouse
SYNTHETIC DEMONSTRATION ONLY - NOT HUMAN EXPERIMENT RESULTS,1161880,A,0,876.6005383210195,1.0,0,1,mouse
SYNTHETIC DEMONSTRATION ONLY - NOT HUMAN EXPERIMENT RESULTS,1161900,A,0,876.6988282249612,1.0,0,1,mouse
SYNTHETIC DEMONSTRATION ONLY - NOT HUMAN EXPERIMENT RESULTS,1161920,A,0,876.797449290131,1.0,0,1,mouse
SYNTHETIC DEMONSTRATION ONLY - NOT HUMAN EXPERIMENT RESULTS,1161940,A,0,876.8964001149053,1.0,0,1,mouse
SYNTHETIC DEMONSTRATION ONLY - NOT HUMAN EXPERIMENT RESULTS,1161960,A,0,876.995679292974,1.0,0,1,mouse
SYNTHETIC DEMONSTRATION ONLY - NOT HUMAN EXPERIMENT RESULTS,1161980,A,0,877.09528541336,1.0,0,1,mouse
SYNTHETIC DEMONSTRATION ONLY - NOT HUMAN EXPERIMENT RESULTS,1162000,A,0,877.1952170604402,1.0,0,1,mouse
SYNTHETIC DEMONSTRATION ONLY - NOT HUMAN EXPERIMENT RESULTS,1162020,A,0,877.2954728139644,1.0,0,1,mouse
SYNTHETIC DEMONSTRATION ONLY - NOT HUMAN EXPERIMENT RESULTS,1162040,A,0,877.3960512490763,1.0,0,1,mouse
SYNTHETIC DEMONSTRATION ONLY - NOT HUMAN EXPERIMENT RESULTS,1162060,A,0,877.4969509363342,1.0,0,1,mouse
SYNTHETIC DEMONSTRATION ONLY - NOT HUMAN EXPERIMENT RESULTS,1162080,A,0,877.5981704417298,1.0,0,1,mouse
SYNTHETIC DEMONSTRATION ONLY - NOT HUMAN EXPERIMENT RESULTS,1162100,A,0,877.6997083267099,1.0,0,1,mouse
SYNTHETIC DEMONSTRATION ONLY - NOT HUMAN EXPERIMENT RESULTS,1162120,A,0,877.8015631481967,1.0,0,1,mouse
SYNTHETIC DEMONSTRATION ONLY - NOT HUMAN EXPERIMENT RESULTS,1162140,A,0,877.9037334586073,1.0,0,1,mouse
SYNTHETIC DEMONSTRATION ONLY - NOT HUMAN EXPERIMENT RESULTS,1162160,A,0,878.0062178058757,1.0,0,1,mouse
SYNTHETIC DEMONSTRATION ONLY - NOT HUMAN EXPERIMENT RESULTS,1162180,A,0,878.1090147334726,1.0,0,1,mouse
SYNTHETIC DEMONSTRATION ONLY - NOT HUMAN EXPERIMENT RESULTS,1162200,A,0,878.212122780426,1.0,0,1,mouse
SYNTHETIC DEMONSTRATION ONLY - NOT HUMAN EXPERIMENT RESULTS,1162220,A,0,878.3155404813418,1.0,0,1,mouse
SYNTHETIC DEMONSTRATION ONLY - NOT HUMAN EXPERIMENT RESULTS,1162240,A,0,878.4192663664264,1.0,0,1,mouse
SYNTHETIC DEMONSTRATION ONLY - NOT HUMAN EXPERIMENT RESULTS,1162260,A,0,878.5232989615049,1.0,0,1,mouse
SYNTHETIC DEMONSTRATION ONLY - NOT HUMAN EXPERIMENT RESULTS,1162280,A,0,878.627636788044,1.0,0,1,mouse
SYNTHETIC DEMONSTRATION ONLY - NOT HUMAN EXPERIMENT RESULTS,1162300,A,0,878.7322783631722,1.0,0,1,mouse
SYNTHETIC DEMONSTRATION ONLY - NOT HUMAN EXPERIMENT RESULTS,1162320,A,0,878.8372221997009,1.0,0,1,mouse
SYNTHETIC DEMONSTRATION ONLY - NOT HUMAN EXPERIMENT RESULTS,1162340,A,0,878.9424668061463,1.0,0,1,mouse
SYNTHETIC DEMONSTRATION ONLY - NOT HUMAN EXPERIMENT RESULTS,1162360,A,0,879.0480106867493,1.0,0,1,mouse
SYNTHETIC DEMONSTRATION ONLY - NOT HUMAN EXPERIMENT RESULTS,1162380,A,0,879.1538523414977,1.0,0,1,mouse
SYNTHETIC DEMONSTRATION ONLY - NOT HUMAN EXPERIMENT RESULTS,1162400,A,0,879.2599902661474,1.0,0,1,mouse
SYNTHETIC DEMONSTRATION ONLY - NOT HUMAN EXPERIMENT RESULTS,1162420,A,0,879.3664229522436,1.0,0,1,mouse
SYNTHETIC DEMONSTRATION ONLY - NOT HUMAN EXPERIMENT RESULTS,1162440,A,0,879.4731488871421,1.0,0,1,mouse
SYNTHETIC DEMONSTRATION ONLY - NOT HUMAN EXPERIMENT RESULTS,1162460,A,0,879.5801665540313,1.0,0,1,mouse
SYNTHETIC DEMONSTRATION ONLY - NOT HUMAN EXPERIMENT RESULTS,1162480,A,0,879.687474431953,1.0,0,1,mouse
SYNTHETIC DEMONSTRATION ONLY - NOT HUMAN EXPERIMENT RESULTS,1162500,A,0,879.795070995825,1.0,0,1,mouse
SYNTHETIC DEMONSTRATION ONLY - NOT HUMAN EXPERIMENT RESULTS,1162520,A,0,879.902954716462,1.0,0,1,mouse
SYNTHETIC DEMONSTRATION ONLY - NOT HUMAN EXPERIMENT RESULTS,1162540,A,0,880.0111240605971,1.0,0,1,mouse
SYNTHETIC DEMONSTRATION ONLY - NOT HUMAN EXPERIMENT RESULTS,1162560,A,0,880.119577490905,1.0,0,1,mouse
SYNTHETIC DEMONSTRATION ONLY - NOT HUMAN EXPERIMENT RESULTS,1162580,A,0,880.2283134660222,1.0,0,1,mouse
SYNTHETIC DEMONSTRATION ONLY - NOT HUMAN EXPERIMENT RESULTS,1162600,A,0,880.3373304405696,1.0,0,1,mouse
SYNTHETIC DEMONSTRATION ONLY - NOT HUMAN EXPERIMENT RESULTS,1162620,A,0,880.4466268651751,1.0,0,1,mouse
SYNTHETIC DEMONSTRATION ONLY - NOT HUMAN EXPERIMENT RESULTS,1162640,A,0,880.5562011864941,1.0,0,1,mouse
SYNTHETIC DEMONSTRATION ONLY - NOT HUMAN EXPERIMENT RESULTS,1162660,A,0,880.6660518472333,1.0,0,1,mouse
SYNTHETIC DEMONSTRATION ONLY - NOT HUMAN EXPERIMENT RESULTS,1162680,A,0,880.7761772861716,1.0,0,1,mouse
SYNTHETIC DEMONSTRATION ONLY - NOT HUMAN EXPERIMENT RESULTS,1162700,A,0,880.8865759381827,1.0,0,1,mouse
SYNTHETIC DEMONSTRATION ONLY - NOT HUMAN EXPERIMENT RESULTS,1162720,A,0,880.9972462342573,1.0,0,1,mouse
SYNTHETIC DEMONSTRATION ONLY - NOT HUMAN EXPERIMENT RESULTS,1162740,A,0,881.1081866015256,1.0,0,1,mouse
SYNTHETIC DEMONSTRATION ONLY - NOT HUMAN EXPERIMENT RESULTS,1162760,A,0,881.2193954632795,1.0,0,1,mouse
SYNTHETIC DEMONSTRATION ONLY - NOT HUMAN EXPERIMENT RESULTS,1162780,A,0,881.3308712389949,1.0,0,1,mouse
SYNTHETIC DEMONSTRATION ONLY - NOT HUMAN EXPERIMENT RESULTS,1162800,A,0,881.442612344354,1.0,0,1,mouse
SYNTHETIC DEMONSTRATION ONLY - NOT HUMAN EXPERIMENT RESULTS,1162820,A,0,881.5546171912687,1.0,0,1,mouse
SYNTHETIC DEMONSTRATION ONLY - NOT HUMAN EXPERIMENT RESULTS,1162840,A,0,881.6668841879019,1.0,0,1,mouse
SYNTHETIC DEMONSTRATION ONLY - NOT HUMAN EXPERIMENT RESULTS,1162860,A,0,881.7794117386915,1.0,0,1,mouse
SYNTHETIC DEMONSTRATION ONLY - NOT HUMAN EXPERIMENT RESULTS,1162880,A,0,881.8921982443715,1.0,0,1,mouse
SYNTHETIC DEMONSTRATION ONLY - NOT HUMAN EXPERIMENT RESULTS,1162900,A,0,882.0052421019961,1.0,0,1,mouse
SYNTHETIC DEMONSTRATION ONLY - NOT HUMAN EXPERIMENT RESULTS,1162920,A,0,882.1185417049621,1.0,0,1,mouse
SYNTHETIC DEMONSTRATION ONLY - NOT HUMAN EXPERIMENT RESULTS,1162940,A,0,882.2320954430311,1.0,0,1,mouse
SYNTHETIC DEMONSTRATION ONLY - NOT HUMAN EXPERIMENT RESULTS,1162960,A,0,882.3459017023532,1.0,0,1,mouse
SYNTHETIC DEMONSTRATION ONLY - NOT HUMAN EXPERIMENT RESULTS,1162980,A,0,882.4599588654895,1.0,0,1,mouse
SYNTHETIC DEMONSTRATION ONLY - NOT HUMAN EXPERIMENT RESULTS,1163000,A,0,882.5742653114353,1.0,0,1,mouse
SYNTHETIC DEMONSTRATION ONLY - NOT HUMAN EXPERIMENT RESULTS,1163020,A,0,882.6888194156431,1.0,0,1,mouse
SYNTHETIC DEMONSTRATION ONLY - NOT HUMAN EXPERIMENT RESULTS,1163040,A,0,882.8036195500454,1.0,0,1,mouse
SYNTHETIC DEMONSTRATION ONLY - NOT HUMAN EXPERIMENT RESULTS,1163060,A,0,882.9186640830779,1.0,0,1,mouse
SYNTHETIC DEMONSTRATION ONLY - NOT HUMAN EXPERIMENT RESULTS,1163080,A,0,883.0339513797038,1.0,0,1,mouse
SYNTHETIC DEMONSTRATION ONLY - NOT HUMAN EXPERIMENT RESULTS,1163100,A,0,883.1494798014346,1.0,0,1,mouse
SYNTHETIC DEMONSTRATION ONLY - NOT HUMAN EXPERIMENT RESULTS,1163120,A,0,883.2652477063565,1.0,0,1,mouse
SYNTHETIC DEMONSTRATION ONLY - NOT HUMAN EXPERIMENT RESULTS,1163140,A,0,883.3812534491509,1.0,0,1,mouse
SYNTHETIC DEMONSTRATION ONLY - NOT HUMAN EXPERIMENT RESULTS,1163160,A,0,883.4974953811193,1.0,0,1,mouse
SYNTHETIC DEMONSTRATION ONLY - NOT HUMAN EXPERIMENT RESULTS,1163180,A,0,883.6139718502069,1.0,0,1,mouse
SYNTHETIC DEMONSTRATION ONLY - NOT HUMAN EXPERIMENT RESULTS,1163200,A,0,883.730681201025,1.0,0,1,mouse
SYNTHETIC DEMONSTRATION ONLY - NOT HUMAN EXPERIMENT RESULTS,1163220,A,0,883.8476217748753,1.0,0,1,mouse
SYNTHETIC DEMONSTRATION ONLY - NOT HUMAN EXPERIMENT RESULTS,1163240,A,0,883.9647919097738,1.0,0,1,mouse
SYNTHETIC DEMONSTRATION ONLY - NOT HUMAN EXPERIMENT RESULTS,1163260,A,0,884.082189940473,1.0,0,1,mouse
SYNTHETIC DEMONSTRATION ONLY - NOT HUMAN EXPERIMENT RESULTS,1163280,A,0,884.1998141984875,1.0,0,1,mouse
SYNTHETIC DEMONSTRATION ONLY - NOT HUMAN EXPERIMENT RESULTS,1163300,A,0,884.3176630121161,1.0,0,1,mouse
SYNTHETIC DEMONSTRATION ONLY - NOT HUMAN EXPERIMENT RESULTS,1163320,A,0,884.4357347064661,1.0,0,1,mouse
SYNTHETIC DEMONSTRATION ONLY - NOT HUMAN EXPERIMENT RESULTS,1163340,A,0,884.5540276034775,1.0,0,1,mouse
SYNTHETIC DEMONSTRATION ONLY - NOT HUMAN EXPERIMENT RESULTS,1163360,A,0,884.6725400219466,1.0,0,1,mouse
SYNTHETIC DEMONSTRATION ONLY - NOT HUMAN EXPERIMENT RESULTS,1163380,A,0,884.7912702775491,1.0,0,1,mouse
SYNTHETIC DEMONSTRATION ONLY - NOT HUMAN EXPERIMENT RESULTS,1163400,A,0,884.9102166828658,1.0,0,1,mouse
SYNTHETIC DEMONSTRATION ONLY - NOT HUMAN EXPERIMENT RESULTS,1163420,A,0,885.0293775474047,1.0,0,1,mouse
SYNTHETIC DEMONSTRATION ONLY - NOT HUMAN EXPERIMENT RESULTS,1163440,A,0,885.148751177626,1.0,0,1,mouse
SYNTHETIC DEMONSTRATION ONLY - NOT HUMAN EXPERIMENT RESULTS,1163460,A,0,885.2683358769666,1.0,0,1,mouse
SYNTHETIC DEMONSTRATION ONLY - NOT HUMAN EXPERIMENT RESULTS,1163480,A,0,885.3881299458628,1.0,0,1,mouse
SYNTHETIC DEMONSTRATION ONLY - NOT HUMAN EXPERIMENT RESULTS,1163500,A,0,885.5081316817761,1.0,0,1,mouse
SYNTHETIC DEMONSTRATION ONLY - NOT HUMAN EXPERIMENT RESULTS,1163520,A,0,885.6283393792161,1.0,0,1,mouse
SYNTHETIC DEMONSTRATION ONLY - NOT HUMAN EXPERIMENT RESULTS,1163540,A,0,885.748751329765,1.0,0,1,mouse
SYNTHETIC DEMONSTRATION ONLY - NOT HUMAN EXPERIMENT RESULTS,1163560,A,0,885.869365822103,1.0,0,1,mouse
SYNTHETIC DEMONSTRATION ONLY - NOT HUMAN EXPERIMENT RESULTS,1163580,A,0,885.9901811420309,1.0,0,1,mouse
SYNTHETIC DEMONSTRATION ONLY - NOT HUMAN EXPERIMENT RESULTS,1163600,A,0,886.1111955724953,1.0,0,1,mouse
SYNTHETIC DEMONSTRATION ONLY - NOT HUMAN EXPERIMENT RESULTS,1163620,A,0,886.2324073936138,1.0,0,1,mouse
SYNTHETIC DEMONSTRATION ONLY - NOT HUMAN EXPERIMENT RESULTS,1163640,A,0,886.3538148826979,1.0,0,1,mouse
SYNTHETIC DEMONSTRATION ONLY - NOT HUMAN EXPERIMENT RESULTS,1163660,A,0,886.4754163142782,1.0,0,1,mouse
SYNTHETIC DEMONSTRATION ONLY - NOT HUMAN EXPERIMENT RESULTS,1163680,A,0,886.5972099601295,1.0,0,1,mouse
SYNTHETIC DEMONSTRATION ONLY - NOT HUMAN EXPERIMENT RESULTS,1163700,A,0,886.7191940892945,1.0,0,1,mouse
SYNTHETIC DEMONSTRATION ONLY - NOT HUMAN EXPERIMENT RESULTS,1163720,A,0,886.8413669681084,1.0,0,1,mouse
SYNTHETIC DEMONSTRATION ONLY - NOT HUMAN EXPERIMENT RESULTS,1163740,A,0,886.9637268602247,1.0,0,1,mouse
SYNTHETIC DEMONSTRATION ONLY - NOT HUMAN EXPERIMENT RESULTS,1163760,A,0,887.0862720266379,1.0,0,1,mouse
SYNTHETIC DEMONSTRATION ONLY - NOT HUMAN EXPERIMENT RESULTS,1163780,A,0,887.2090007257104,1.0,0,1,mouse
SYNTHETIC DEMONSTRATION ONLY - NOT HUMAN EXPERIMENT RESULTS,1163800,A,0,887.3319112131956,1.0,0,1,mouse
SYNTHETIC DEMONSTRATION ONLY - NOT HUMAN EXPERIMENT RESULTS,1163820,A,0,887.455001742263,1.0,0,1,mouse
SYNTHETIC DEMONSTRATION ONLY - NOT HUMAN EXPERIMENT RESULTS,1163840,A,0,887.5782705635244,1.0,0,1,mouse
SYNTHETIC DEMONSTRATION ONLY - NOT HUMAN EXPERIMENT RESULTS,1163860,A,0,887.7017159250565,1.0,0,1,mouse
SYNTHETIC DEMONSTRATION ONLY - NOT HUMAN EXPERIMENT RESULTS,1163880,A,0,887.8253360724276,1.0,0,1,mouse
SYNTHETIC DEMONSTRATION ONLY - NOT HUMAN EXPERIMENT RESULTS,1163900,A,0,887.9491292487219,1.0,0,1,mouse
SYNTHETIC DEMONSTRATION ONLY - NOT HUMAN EXPERIMENT RESULTS,1163920,A,0,888.0730936945641,1.0,0,1,mouse
SYNTHETIC DEMONSTRATION ONLY - NOT HUMAN EXPERIMENT RESULTS,1163940,A,0,888.1972276481453,1.0,0,1,mouse
SYNTHETIC DEMONSTRATION ONLY - NOT HUMAN EXPERIMENT RESULTS,1163960,A,0,888.3215293452471,1.0,0,1,mouse
SYNTHETIC DEMONSTRATION ONLY - NOT HUMAN EXPERIMENT RESULTS,1163980,A,0,888.4459970192671,1.0,0,1,mouse
SYNTHETIC DEMONSTRATION ONLY - NOT HUMAN EXPERIMENT RESULTS,1164000,A,0,888.5706289012445,1.0,0,1,mouse
SYNTHETIC DEMONSTRATION ONLY - NOT HUMAN EXPERIMENT RESULTS,1164020,A,0,888.6954232198841,1.0,0,1,mouse
SYNTHETIC DEMONSTRATION ONLY - NOT HUMAN EXPERIMENT RESULTS,1164040,A,0,888.8203782015825,1.0,0,1,mouse
SYNTHETIC DEMONSTRATION ONLY - NOT HUMAN EXPERIMENT RESULTS,1164060,A,0,888.9454920704529,1.0,0,1,mouse
SYNTHETIC DEMONSTRATION ONLY - NOT HUMAN EXPERIMENT RESULTS,1164080,A,0,889.07076304835,1.0,0,1,mouse
SYNTHETIC DEMONSTRATION ONLY - NOT HUMAN EXPERIMENT RESULTS,1164100,A,0,889.1961893548962,1.0,0,1,mouse
SYNTHETIC DEMONSTRATION ONLY - NOT HUMAN EXPERIMENT RESULTS,1164120,A,0,889.3217692075061,1.0,0,1,mouse
SYNTHETIC DEMONSTRATION ONLY - NOT HUMAN EXPERIMENT RESULTS,1164140,A,0,889.4475008214117,1.0,0,1,mouse
SYNTHETIC DEMONSTRATION ONLY - NOT HUMAN EXPERIMENT RESULTS,1164160,A,0,889.5733824096886,1.0,0,1,mouse
SYNTHETIC DEMONSTRATION ONLY - NOT HUMAN EXPERIMENT RESULTS,1164180,A,0,889.699412183281,1.0,0,1,mouse
SYNTHETIC DEMONSTRATION ONLY - NOT HUMAN EXPERIMENT RESULTS,1164200,A,0,889.8255883510267,1.0,0,1,mouse
SYNTHETIC DEMONSTRATION ONLY - NOT HUMAN EXPERIMENT RESULTS,1164220,A,0,889.9519091196829,1.0,0,1,mouse
SYNTHETIC DEMONSTRATION ONLY - NOT HUMAN EXPERIMENT RESULTS,1164240,A,0,890.078372693952,1.0,0,1,mouse
SYNTHETIC DEMONSTRATION ONLY - NOT HUMAN EXPERIMENT RESULTS,1164260,A,0,890.2049772765067,1.0,0,1,mouse
SYNTHETIC DEMONSTRATION ONLY - NOT HUMAN EXPERIMENT RESULTS,1164280,A,0,890.3317210680157,1.0,0,1,mouse
SYNTHETIC DEMONSTRATION ONLY - NOT HUMAN EXPERIMENT RESULTS,1164300,A,0,890.4586022671692,1.0,0,1,mouse
SYNTHETIC DEMONSTRATION ONLY - NOT HUMAN EXPERIMENT RESULTS,1164320,A,0,890.5856190707043,1.0,0,1,mouse
SYNTHETIC DEMONSTRATION ONLY - NOT HUMAN EXPERIMENT RESULTS,1164340,A,0,890.7127696734311,1.0,0,1,mouse
SYNTHETIC DEMONSTRATION ONLY - NOT HUMAN EXPERIMENT RESULTS,1164360,A,0,890.8400522682584,1.0,0,1,mouse
SYNTHETIC DEMONSTRATION ONLY - NOT HUMAN EXPERIMENT RESULTS,1164380,A,0,890.9674650462183,1.0,0,1,mouse
SYNTHETIC DEMONSTRATION ONLY - NOT HUMAN EXPERIMENT RESULTS,1164400,A,0,891.0950061964937,1.0,0,1,mouse
SYNTHETIC DEMONSTRATION ONLY - NOT HUMAN EXPERIMENT RESULTS,1164420,A,0,891.2226739064423,1.0,0,1,mouse
SYNTHETIC DEMONSTRATION ONLY - NOT HUMAN EXPERIMENT RESULTS,1164440,A,0,891.350466361623,1.0,0,1,mouse
SYNTHETIC DEMONSTRATION ONLY - NOT HUMAN EXPERIMENT RESULTS,1164460,A,0,891.4783817458228,1.0,0,1,mouse
SYNTHETIC DEMONSTRATION ONLY - NOT HUMAN EXPERIMENT RESULTS,1164480,A,0,891.6064182410806,1.0,0,1,mouse
SYNTHETIC DEMONSTRATION ONLY - NOT HUMAN EXPERIMENT RESULTS,1164500,A,0,891.7345740277144,1.0,0,1,mouse
SYNTHETIC DEMONSTRATION ONLY - NOT HUMAN EXPERIMENT RESULTS,1164520,A,0,891.8628472843469,1.0,0,1,mouse
SYNTHETIC DEMONSTRATION ONLY - NOT HUMAN EXPERIMENT RESULTS,1164540,A,0,891.9912361879309,1.0,0,1,mouse
SYNTHETIC DEMONSTRATION ONLY - NOT HUMAN EXPERIMENT RESULTS,1164560,A,0,892.1197389137764,1.0,0,1,mouse
SYNTHETIC DEMONSTRATION ONLY - NOT HUMAN EXPERIMENT RESULTS,1164580,A,0,892.2483536355749,1.0,0,1,mouse
SYNTHETIC DEMONSTRATION ONLY - NOT HUMAN EXPERIMENT RESULTS,1164600,A,0,892.3770785254262,1.0,0,1,mouse
SYNTHETIC DEMONSTRATION ONLY - NOT HUMAN EXPERIMENT RESULTS,1164620,A,0,892.5059117538655,1.0,0,1,mouse
SYNTHETIC DEMONSTRATION ONLY - NOT HUMAN EXPERIMENT RESULTS,1164640,A,0,892.6348514898867,1.0,0,1,mouse
SYNTHETIC DEMONSTRATION ONLY - NOT HUMAN EXPERIMENT RESULTS,1164660,A,0,892.763895900971,1.0,0,1,mouse
SYNTHETIC DEMONSTRATION ONLY - NOT HUMAN EXPERIMENT RESULTS,1164680,A,0,892.8930431531119,1.0,0,1,mouse
SYNTHETIC DEMONSTRATION ONLY - NOT HUMAN EXPERIMENT RESULTS,1164700,A,0,893.0222914108408,1.0,0,1,mouse
SYNTHETIC DEMONSTRATION ONLY - NOT HUMAN EXPERIMENT RESULTS,1164720,A,0,893.1516388372538,1.0,0,1,mouse
SYNTHETIC DEMONSTRATION ONLY - NOT HUMAN EXPERIMENT RESULTS,1164740,A,0,893.281083594038,1.0,0,1,mouse
SYNTHETIC DEMONSTRATION ONLY - NOT HUMAN EXPERIMENT RESULTS,1164760,A,0,893.4106238414964,1.0,0,1,mouse
SYNTHETIC DEMONSTRATION ONLY - NOT HUMAN EXPERIMENT RESULTS,1164780,A,0,893.540257738576,1.0,0,1,mouse
SYNTHETIC DEMONSTRATION ONLY - NOT HUMAN EXPERIMENT RESULTS,1164800,A,0,893.6699834428917,1.0,0,1,mouse
SYNTHETIC DEMONSTRATION ONLY - NOT HUMAN EXPERIMENT RESULTS,1164820,A,0,893.7997991107541,1.0,0,1,mouse
SYNTHETIC DEMONSTRATION ONLY - NOT HUMAN EXPERIMENT RESULTS,1164840,A,0,893.9297028971954,1.0,0,1,mouse
SYNTHETIC DEMONSTRATION ONLY - NOT HUMAN EXPERIMENT RESULTS,1164860,A,0,894.0596929559952,1.0,0,1,mouse
SYNTHETIC DEMONSTRATION ONLY - NOT HUMAN EXPERIMENT RESULTS,1164880,A,0,894.1897674397068,1.0,0,1,mouse
SYNTHETIC DEMONSTRATION ONLY - NOT HUMAN EXPERIMENT RESULTS,1164900,A,0,894.3199244996842,1.0,0,1,mouse
SYNTHETIC DEMONSTRATION ONLY - NOT HUMAN EXPERIMENT RESULTS,1164920,A,0,894.4501622861075,1.0,0,1,mouse
SYNTHETIC DEMONSTRATION ONLY - NOT HUMAN EXPERIMENT RESULTS,1164940,A,0,894.5804789480089,1.0,0,1,mouse
SYNTHETIC DEMONSTRATION ONLY - NOT HUMAN EXPERIMENT RESULTS,1164960,A,0,894.7108726333009,1.0,0,1,mouse
SYNTHETIC DEMONSTRATION ONLY - NOT HUMAN EXPERIMENT RESULTS,1164980,A,0,894.8413414888,1.0,0,1,mouse
SYNTHETIC DEMONSTRATION ONLY - NOT HUMAN EXPERIMENT RESULTS,1165000,A,0,894.9718836602557,1.0,0,1,mouse
SYNTHETIC DEMONSTRATION ONLY - NOT HUMAN EXPERIMENT RESULTS,1165020,A,0,895.1024972923741,1.0,0,1,mouse
SYNTHETIC DEMONSTRATION ONLY - NOT HUMAN EXPERIMENT RESULTS,1165040,A,0,895.2331805288466,1.0,0,1,mouse
SYNTHETIC DEMONSTRATION ONLY - NOT HUMAN EXPERIMENT RESULTS,1165060,A,0,895.3639315123752,1.0,0,1,mouse
SYNTHETIC DEMONSTRATION ONLY - NOT HUMAN EXPERIMENT RESULTS,1165080,A,0,895.4947483846992,1.0,0,1,mouse
SYNTHETIC DEMONSTRATION ONLY - NOT HUMAN EXPERIMENT RESULTS,1165100,A,0,895.6256292866206,1.0,0,1,mouse
SYNTHETIC DEMONSTRATION ONLY - NOT HUMAN EXPERIMENT RESULTS,1165120,A,0,895.7565723580328,1.0,0,1,mouse
SYNTHETIC DEMONSTRATION ONLY - NOT HUMAN EXPERIMENT RESULTS,1165140,A,0,895.8875757379448,1.0,0,1,mouse
SYNTHETIC DEMONSTRATION ONLY - NOT HUMAN EXPERIMENT RESULTS,1165160,A,0,896.018637564508,1.0,0,1,mouse
SYNTHETIC DEMONSTRATION ONLY - NOT HUMAN EXPERIMENT RESULTS,1165180,A,0,896.1497559750445,1.0,0,1,mouse
SYNTHETIC DEMONSTRATION ONLY - NOT HUMAN EXPERIMENT RESULTS,1165200,A,0,896.2809291060712,1.0,0,1,mouse
SYNTHETIC DEMONSTRATION ONLY - NOT HUMAN EXPERIMENT RESULTS,1165220,A,0,896.4121550933271,1.0,0,1,mouse
SYNTHETIC DEMONSTRATION ONLY - NOT HUMAN EXPERIMENT RESULTS,1165240,A,0,896.5434320718012,1.0,0,1,mouse
SYNTHETIC DEMONSTRATION ONLY - NOT HUMAN EXPERIMENT RESULTS,1165260,A,0,896.6747581757564,1.0,0,1,mouse
SYNTHETIC DEMONSTRATION ONLY - NOT HUMAN EXPERIMENT RESULTS,1165280,A,0,896.8061315387587,1.0,0,1,mouse
SYNTHETIC DEMONSTRATION ONLY - NOT HUMAN EXPERIMENT RESULTS,1165300,A,0,896.9375502937013,1.0,0,1,mouse
SYNTHETIC DEMONSTRATION ONLY - NOT HUMAN EXPERIMENT RESULTS,1165320,A,0,897.0690125728329,1.0,0,1,mouse
SYNTHETIC DEMONSTRATION ONLY - NOT HUMAN EXPERIMENT RESULTS,1165340,A,0,897.2005165077837,1.0,0,1,mouse
SYNTHETIC DEMONSTRATION ONLY - NOT HUMAN EXPERIMENT RESULTS,1165360,A,0,897.3320602295915,1.0,0,1,mouse
SYNTHETIC DEMONSTRATION ONLY - NOT HUMAN EXPERIMENT RESULTS,1165380,A,0,897.463641868729,1.0,0,1,mouse
SYNTHETIC DEMONSTRATION ONLY - NOT HUMAN EXPERIMENT RESULTS,1165400,A,0,897.5952595551299,1.0,0,1,mouse
SYNTHETIC DEMONSTRATION ONLY - NOT HUMAN EXPERIMENT RESULTS,1165420,A,0,897.7269114182153,1.0,0,1,mouse
SYNTHETIC DEMONSTRATION ONLY - NOT HUMAN EXPERIMENT RESULTS,1165440,A,0,897.858595586921,1.0,0,1,mouse
SYNTHETIC DEMONSTRATION ONLY - NOT HUMAN EXPERIMENT RESULTS,1165460,A,0,897.9903101897235,1.0,0,1,mouse
SYNTHETIC DEMONSTRATION ONLY - NOT HUMAN EXPERIMENT RESULTS,1165480,A,0,898.1220533546663,1.0,0,1,mouse
SYNTHETIC DEMONSTRATION ONLY - NOT HUMAN EXPERIMENT RESULTS,1165500,A,0,898.2538232093881,1.0,0,1,mouse
SYNTHETIC DEMONSTRATION ONLY - NOT HUMAN EXPERIMENT RESULTS,1165520,A,0,898.3856178811471,1.0,0,1,mouse
SYNTHETIC DEMONSTRATION ONLY - NOT HUMAN EXPERIMENT RESULTS,1165540,A,0,898.5174354968495,1.0,0,1,mouse
SYNTHETIC DEMONSTRATION ONLY - NOT HUMAN EXPERIMENT RESULTS,1165560,A,0,898.6492741830754,1.0,0,1,mouse
SYNTHETIC DEMONSTRATION ONLY - NOT HUMAN EXPERIMENT RESULTS,1165580,A,0,898.7811320661048,1.0,0,1,mouse
SYNTHETIC DEMONSTRATION ONLY - NOT HUMAN EXPERIMENT RESULTS,1165600,A,0,898.9130072719454,1.0,0,1,mouse
SYNTHETIC DEMONSTRATION ONLY - NOT HUMAN EXPERIMENT RESULTS,1165620,A,0,899.0448979263588,1.0,0,1,mouse
SYNTHETIC DEMONSTRATION ONLY - NOT HUMAN EXPERIMENT RESULTS,1165640,A,0,899.1768021548869,1.0,0,1,mouse
SYNTHETIC DEMONSTRATION ONLY - NOT HUMAN EXPERIMENT RESULTS,1165660,A,0,899.3087180828784,1.0,0,1,mouse
SYNTHETIC DEMONSTRATION ONLY - NOT HUMAN EXPERIMENT RESULTS,1165680,A,0,899.4406438355161,1.0,0,1,mouse
SYNTHETIC DEMONSTRATION ONLY - NOT HUMAN EXPERIMENT RESULTS,1165700,A,0,899.5725775378432,1.0,0,1,mouse
SYNTHETIC DEMONSTRATION ONLY - NOT HUMAN EXPERIMENT RESULTS,1165720,A,0,899.7045173147893,1.0,0,1,mouse
SYNTHETIC DEMONSTRATION ONLY - NOT HUMAN EXPERIMENT RESULTS,1165740,A,0,899.8364612911987,1.0,0,1,mouse
SYNTHETIC DEMONSTRATION ONLY - NOT HUMAN EXPERIMENT RESULTS,1165760,A,0,899.968407591855,1.0,0,1,mouse
SYNTHETIC DEMONSTRATION ONLY - NOT HUMAN EXPERIMENT RESULTS,1165780,A,0,900.1003543415094,1.0,0,1,mouse
SYNTHETIC DEMONSTRATION ONLY - NOT HUMAN EXPERIMENT RESULTS,1165800,A,0,900.2322996649065,1.0,0,1,mouse
SYNTHETIC DEMONSTRATION ONLY - NOT HUMAN EXPERIMENT RESULTS,1165820,A,0,900.364241686811,1.0,0,1,mouse
SYNTHETIC DEMONSTRATION ONLY - NOT HUMAN EXPERIMENT RESULTS,1165840,A,0,900.4961785320351,1.0,0,1,mouse
SYNTHETIC DEMONSTRATION ONLY - NOT HUMAN EXPERIMENT RESULTS,1165860,A,0,900.6281083254639,1.0,0,1,mouse
SYNTHETIC DEMONSTRATION ONLY - NOT HUMAN EXPERIMENT RESULTS,1165880,A,0,900.7600291920829,1.0,0,1,mouse
SYNTHETIC DEMONSTRATION ONLY - NOT HUMAN EXPERIMENT RESULTS,1165900,A,0,900.891939257005,1.0,0,1,mouse
SYNTHETIC DEMONSTRATION ONLY - NOT HUMAN EXPERIMENT RESULTS,1165920,A,0,901.0238366454959,1.0,0,1,mouse
SYNTHETIC DEMONSTRATION ONLY - NOT HUMAN EXPERIMENT RESULTS,1165940,A,0,901.1557194830016,1.0,0,1,mouse
SYNTHETIC DEMONSTRATION ONLY - NOT HUMAN EXPERIMENT RESULTS,1165960,A,0,901.2875858951754,1.0,0,1,mouse
SYNTHETIC DEMONSTRATION ONLY - NOT HUMAN EXPERIMENT RESULTS,1165980,A,0,901.4194340079034,1.0,0,1,mouse
SYNTHETIC DEMONSTRATION ONLY - NOT HUMAN EXPERIMENT RESULTS,1166000,A,0,901.5512619473325,1.0,0,1,mouse
SYNTHETIC DEMONSTRATION ONLY - NOT HUMAN EXPERIMENT RESULTS,1166020,A,0,901.6830678398956,1.0,0,1,mouse
SYNTHETIC DEMONSTRATION ONLY - NOT HUMAN EXPERIMENT RESULTS,1166040,A,0,901.8148498123389,1.0,0,1,mouse
SYNTHETIC DEMONSTRATION ONLY - NOT HUMAN EXPERIMENT RESULTS,1166060,A,0,901.9466059917495,1.0,0,1,mouse
SYNTHETIC DEMONSTRATION ONLY - NOT HUMAN EXPERIMENT RESULTS,1166080,A,0,902.0783345055801,1.0,0,1,mouse
SYNTHETIC DEMONSTRATION ONLY - NOT HUMAN EXPERIMENT RESULTS,1166100,A,0,902.2100334816766,1.0,0,1,mouse
SYNTHETIC DEMONSTRATION ONLY - NOT HUMAN EXPERIMENT RESULTS,1166120,A,0,902.3417010483058,1.0,0,1,mouse
SYNTHETIC DEMONSTRATION ONLY - NOT HUMAN EXPERIMENT RESULTS,1166140,A,0,902.4733353341798,1.0,0,1,mouse
SYNTHETIC DEMONSTRATION ONLY - NOT HUMAN EXPERIMENT RESULTS,1166160,A,0,902.6049344684835,1.0,0,1,mouse
SYNTHETIC DEMONSTRATION ONLY - NOT HUMAN EXPERIMENT RESULTS,1166180,A,0,902.7364965809028,1.0,0,1,mouse
SYNTHETIC DEMONSTRATION ONLY - NOT HUMAN EXPERIMENT RESULTS,1166200,A,0,902.8680198016484,1.0,0,1,mouse
SYNTHETIC DEMONSTRATION ONLY - NOT HUMAN EXPERIMENT RESULTS,1166220,A,0,902.9995022614839,1.0,0,1,mouse
SYNTHETIC DEMONSTRATION ONLY - NOT HUMAN EXPERIMENT RESULTS,1166240,A,0,903.1309420917532,1.0,0,1,mouse
SYNTHETIC DEMONSTRATION ONLY - NOT HUMAN EXPERIMENT RESULTS,1166260,A,0,903.2623374244047,1.0,0,1,mouse
SYNTHETIC DEMONSTRATION ONLY - NOT HUMAN EXPERIMENT RESULTS,1166280,A,0,903.3936863920205,1.0,0,1,mouse
SYNTHETIC DEMONSTRATION ONLY - NOT HUMAN EXPERIMENT RESULTS,1166300,A,0,903.5249871278407,1.0,0,1,mouse
SYNTHETIC DEMONSTRATION ONLY - NOT HUMAN EXPERIMENT RESULTS,1166320,A,0,903.656237765791,1.0,0,1,mouse
SYNTHETIC DEMONSTRATION ONLY - NOT HUMAN EXPERIMENT RESULTS,1166340,A,0,903.7874364405097,1.0,0,1,mouse
SYNTHETIC DEMONSTRATION ONLY - NOT HUMAN EXPERIMENT RESULTS,1166360,A,0,903.9185812873733,1.0,0,1,mouse
SYNTHETIC DEMONSTRATION ONLY - NOT HUMAN EXPERIMENT RESULTS,1166380,A,0,904.0496704425226,1.0,0,1,mouse
SYNTHETIC DEMONSTRATION ONLY - NOT HUMAN EXPERIMENT RESULTS,1166400,A,0,904.1807020428912,1.0,0,1,mouse
SYNTHETIC DEMONSTRATION ONLY - NOT HUMAN EXPERIMENT RESULTS,1166420,A,0,904.3116742262298,1.0,0,1,mouse
SYNTHETIC DEMONSTRATION ONLY - NOT HUMAN EXPERIMENT RESULTS,1166440,A,0,904.4425851311335,1.0,0,1,mouse
SYNTHETIC DEMONSTRATION ONLY - NOT HUMAN EXPERIMENT RESULTS,1166460,A,0,904.5734328970689,1.0,0,1,mouse
SYNTHETIC DEMONSTRATION ONLY - NOT HUMAN EXPERIMENT RESULTS,1166480,A,0,904.7042156643994,1.0,0,1,mouse
SYNTHETIC DEMONSTRATION ONLY - NOT HUMAN EXPERIMENT RESULTS,1166500,A,0,904.8349315744127,1.0,0,1,mouse
SYNTHETIC DEMONSTRATION ONLY - NOT HUMAN EXPERIMENT RESULTS,1166520,A,0,904.9655787693462,1.0,0,1,mouse
SYNTHETIC DEMONSTRATION ONLY - NOT HUMAN EXPERIMENT RESULTS,1166540,A,0,905.0961553924138,1.0,0,1,mouse
SYNTHETIC DEMONSTRATION ONLY - NOT HUMAN EXPERIMENT RESULTS,1166560,A,0,905.2266595878332,1.0,0,1,mouse
SYNTHETIC DEMONSTRATION ONLY - NOT HUMAN EXPERIMENT RESULTS,1166580,A,0,905.3570895008505,1.0,0,1,mouse
SYNTHETIC DEMONSTRATION ONLY - NOT HUMAN EXPERIMENT RESULTS,1166600,A,0,905.487443277768,1.0,0,1,mouse
SYNTHETIC DEMONSTRATION ONLY - NOT HUMAN EXPERIMENT RESULTS,1166620,A,0,905.61771906597,1.0,0,1,mouse
SYNTHETIC DEMONSTRATION ONLY - NOT HUMAN EXPERIMENT RESULTS,1166640,A,0,905.7479150139495,1.0,0,1,mouse
SYNTHETIC DEMONSTRATION ONLY - NOT HUMAN EXPERIMENT RESULTS,1166660,A,0,905.8780292713333,1.0,0,1,mouse
SYNTHETIC DEMONSTRATION ONLY - NOT HUMAN EXPERIMENT RESULTS,1166680,A,0,906.0080599889103,1.0,0,1,mouse
SYNTHETIC DEMONSTRATION ONLY - NOT HUMAN EXPERIMENT RESULTS,1166700,A,0,906.1380053186558,1.0,0,1,mouse
SYNTHETIC DEMONSTRATION ONLY - NOT HUMAN EXPERIMENT RESULTS,1166720,A,0,906.2678634137593,1.0,0,1,mouse
SYNTHETIC DEMONSTRATION ONLY - NOT HUMAN EXPERIMENT RESULTS,1166740,A,0,906.3976324286499,1.0,0,1,mouse
SYNTHETIC DEMONSTRATION ONLY - NOT HUMAN EXPERIMENT RESULTS,1166760,A,0,906.5273105190222,1.0,0,1,mouse
SYNTHETIC DEMONSTRATION ONLY - NOT HUMAN EXPERIMENT RESULTS,1166780,A,0,906.656895841864,1.0,0,1,mouse
SYNTHETIC DEMONSTRATION ONLY - NOT HUMAN EXPERIMENT RESULTS,1166800,A,0,906.7863865554808,1.0,0,1,mouse
SYNTHETIC DEMONSTRATION ONLY - NOT HUMAN EXPERIMENT RESULTS,1166820,A,0,906.9157808195228,1.0,0,1,mouse
SYNTHETIC DEMONSTRATION ONLY - NOT HUMAN EXPERIMENT RESULTS,1166840,A,0,907.0450767950114,1.0,0,1,mouse
SYNTHETIC DEMONSTRATION ONLY - NOT HUMAN EXPERIMENT RESULTS,1166860,A,0,907.1742726443644,1.0,0,1,mouse
SYNTHETIC DEMONSTRATION ONLY - NOT HUMAN EXPERIMENT RESULTS,1166880,A,0,907.3033665314226,1.0,0,1,mouse
SYNTHETIC DEMONSTRATION ONLY - NOT HUMAN EXPERIMENT RESULTS,1166900,A,0,907.4323566214767,1.0,0,1,mouse
SYNTHETIC DEMONSTRATION ONLY - NOT HUMAN EXPERIMENT RESULTS,1166920,A,0,907.5612410812914,1.0,0,1,mouse
SYNTHETIC DEMONSTRATION ONLY - NOT HUMAN EXPERIMENT RESULTS,1166940,A,0,907.6900180791337,1.0,0,1,mouse
SYNTHETIC DEMONSTRATION ONLY - NOT HUMAN EXPERIMENT RESULTS,1166960,A,0,907.8186857847969,1.0,0,1,mouse
SYNTHETIC DEMONSTRATION ONLY - NOT HUMAN EXPERIMENT RESULTS,1166980,A,0,907.9472423696286,1.0,0,1,mouse
SYNTHETIC DEMONSTRATION ONLY - NOT HUMAN EXPERIMENT RESULTS,1167000,A,0,908.0756860065551,1.0,0,1,mouse
SYNTHETIC DEMONSTRATION ONLY - NOT HUMAN EXPERIMENT RESULTS,1167020,A,0,908.2040148701076,1.0,0,1,mouse
SYNTHETIC DEMONSTRATION ONLY - NOT HUMAN EXPERIMENT RESULTS,1167040,A,0,908.3322271364493,1.0,0,1,mouse
SYNTHETIC DEMONSTRATION ONLY - NOT HUMAN EXPERIMENT RESULTS,1167060,A,0,908.4603209833999,1.0,0,1,mouse
SYNTHETIC DEMONSTRATION ONLY - NOT HUMAN EXPERIMENT RESULTS,1167080,A,0,908.5882945904625,1.0,0,1,mouse
SYNTHETIC DEMONSTRATION ONLY - NOT HUMAN EXPERIMENT RESULTS,1167100,A,0,908.7161461388486,1.0,0,1,mouse
SYNTHETIC DEMONSTRATION ONLY - NOT HUMAN EXPERIMENT RESULTS,1167120,A,0,908.8438738115047,1.0,0,1,mouse
SYNTHETIC DEMONSTRATION ONLY - NOT HUMAN EXPERIMENT RESULTS,1167140,A,0,908.9714757931383,1.0,0,1,mouse
SYNTHETIC DEMONSTRATION ONLY - NOT HUMAN EXPERIMENT RESULTS,1167160,A,0,909.0989502702423,1.0,0,1,mouse
SYNTHETIC DEMONSTRATION ONLY - NOT HUMAN EXPERIMENT RESULTS,1167180,A,0,909.2262954311224,1.0,0,1,mouse
SYNTHETIC DEMONSTRATION ONLY - NOT HUMAN EXPERIMENT RESULTS,1167200,A,0,909.353509465922,1.0,0,1,mouse
SYNTHETIC DEMONSTRATION ONLY - NOT HUMAN EXPERIMENT RESULTS,1167220,A,0,909.480590566648,1.0,0,1,mouse
SYNTHETIC DEMONSTRATION ONLY - NOT HUMAN EXPERIMENT RESULTS,1167240,A,0,909.6075369271967,1.0,0,1,mouse
SYNTHETIC DEMONSTRATION ONLY - NOT HUMAN EXPERIMENT RESULTS,1167260,A,0,909.7343467433793,1.0,0,1,mouse
SYNTHETIC DEMONSTRATION ONLY - NOT HUMAN EXPERIMENT RESULTS,1167280,A,0,909.8610182129477,1.0,0,1,mouse
SYNTHETIC DEMONSTRATION ONLY - NOT HUMAN EXPERIMENT RESULTS,1167300,A,0,909.98754953562,1.0,0,1,mouse
SYNTHETIC DEMONSTRATION ONLY - NOT HUMAN EXPERIMENT RESULTS,1167320,A,0,910.1139389131056,1.0,0,1,mouse
SYNTHETIC DEMONSTRATION ONLY - NOT HUMAN EXPERIMENT RESULTS,1167340,A,0,910.2401845491323,1.0,0,1,mouse
SYNTHETIC DEMONSTRATION ONLY - NOT HUMAN EXPERIMENT RESULTS,1167360,A,0,910.3662846494698,1.0,0,1,mouse
SYNTHETIC DEMONSTRATION ONLY - NOT HUMAN EXPERIMENT RESULTS,1167380,A,0,910.4922374219564,1.0,0,1,mouse
SYNTHETIC DEMONSTRATION ONLY - NOT HUMAN EXPERIMENT RESULTS,1167400,A,0,910.6180410765248,1.0,0,1,mouse
SYNTHETIC DEMONSTRATION ONLY - NOT HUMAN EXPERIMENT RESULTS,1167420,A,0,910.7436938252265,1.0,0,1,mouse
SYNTHETIC DEMONSTRATION ONLY - NOT HUMAN EXPERIMENT RESULTS,1167440,A,0,910.8691938822574,1.0,0,1,mouse
SYNTHETIC DEMONSTRATION ONLY - NOT HUMAN EXPERIMENT RESULTS,1167460,A,0,910.9945394639846,1.0,0,1,mouse
SYNTHETIC DEMONSTRATION ONLY - NOT HUMAN EXPERIMENT RESULTS,1167480,A,0,911.119728788969,1.0,0,1,mouse
SYNTHETIC DEMONSTRATION ONLY - NOT HUMAN EXPERIMENT RESULTS,1167500,A,0,911.2447600779942,1.0,0,1,mouse
SYNTHETIC DEMONSTRATION ONLY - NOT HUMAN EXPERIMENT RESULTS,1167520,A,0,911.3696315540884,1.0,0,1,mouse
SYNTHETIC DEMONSTRATION ONLY - NOT HUMAN EXPERIMENT RESULTS,1167540,A,0,911.4943414425511,1.0,0,1,mouse
SYNTHETIC DEMONSTRATION ONLY - NOT HUMAN EXPERIMENT RESULTS,1167560,A,0,911.6188879709795,1.0,0,1,mouse
SYNTHETIC DEMONSTRATION ONLY - NOT HUMAN EXPERIMENT RESULTS,1167580,A,0,911.7432693692912,1.0,0,1,mouse
SYNTHETIC DEMONSTRATION ONLY - NOT HUMAN EXPERIMENT RESULTS,1167600,A,0,911.8674838697513,1.0,0,1,mouse
SYNTHETIC DEMONSTRATION ONLY - NOT HUMAN EXPERIMENT RESULTS,1167620,A,0,911.991529706997,1.0,0,1,mouse
SYNTHETIC DEMONSTRATION ONLY - NOT HUMAN EXPERIMENT RESULTS,1167640,A,0,912.1154051180622,1.0,0,1,mouse
SYNTHETIC DEMONSTRATION ONLY - NOT HUMAN EXPERIMENT RESULTS,1167660,A,0,912.2391083424029,1.0,0,1,mouse
SYNTHETIC DEMONSTRATION ONLY - NOT HUMAN EXPERIMENT RESULTS,1167680,A,0,912.3626376219231,1.0,0,1,mouse
SYNTHETIC DEMONSTRATION ONLY - NOT HUMAN EXPERIMENT RESULTS,1167700,A,0,912.4859912009979,1.0,0,1,mouse
SYNTHETIC DEMONSTRATION ONLY - NOT HUMAN EXPERIMENT RESULTS,1167720,A,0,912.6091673264997,1.0,0,1,mouse
SYNTHETIC DEMONSTRATION ONLY - NOT HUMAN EXPERIMENT RESULTS,1167740,A,0,912.7321642478234,1.0,0,1,mouse
SYNTHETIC DEMONSTRATION ONLY - NOT HUMAN EXPERIMENT RESULTS,1167760,A,0,912.8549802169105,1.0,0,1,mouse
SYNTHETIC DEMONSTRATION ONLY - NOT HUMAN EXPERIMENT RESULTS,1167780,A,0,912.9776134882741,1.0,0,1,mouse
SYNTHETIC DEMONSTRATION ONLY - NOT HUMAN EXPERIMENT RESULTS,1167800,A,0,913.1000623190241,1.0,0,1,mouse
SYNTHETIC DEMONSTRATION ONLY - NOT HUMAN EXPERIMENT RESULTS,1167820,A,0,913.2223249688914,1.0,0,1,mouse
SYNTHETIC DEMONSTRATION ONLY - NOT HUMAN EXPERIMENT RESULTS,1167840,A,0,913.3443997002532,1.0,0,1,mouse
SYNTHETIC DEMONSTRATION ONLY - NOT HUMAN EXPERIMENT RESULTS,1167860,A,0,913.4662847781575,1.0,0,1,mouse
SYNTHETIC DEMONSTRATION ONLY - NOT HUMAN EXPERIMENT RESULTS,1167880,A,0,913.5879784703471,1.0,0,1,mouse
SYNTHETIC DEMONSTRATION ONLY - NOT HUMAN EXPERIMENT RESULTS,1167900,A,0,913.709479047286,1.0,0,1,mouse
SYNTHETIC DEMONSTRATION ONLY - NOT HUMAN EXPERIMENT RESULTS,1167920,A,0,913.8307847821815,1.0,0,1,mouse
SYNTHETIC DEMONSTRATION ONLY - NOT HUMAN EXPERIMENT RESULTS,1167940,A,0,913.9518939510104,1.0,0,1,mouse
SYNTHETIC DEMONSTRATION ONLY - NOT HUMAN EXPERIMENT RESULTS,1167960,A,0,914.0728048325441,1.0,0,1,mouse
SYNTHETIC DEMONSTRATION ONLY - NOT HUMAN EXPERIMENT RESULTS,1167980,A,0,914.1935157083705,1.0,0,1,mouse
SYNTHETIC DEMONSTRATION ONLY - NOT HUMAN EXPERIMENT RESULTS,1168000,A,0,914.3140248629215,1.0,0,1,mouse
SYNTHETIC DEMONSTRATION ONLY - NOT HUMAN EXPERIMENT RESULTS,1168020,A,0,914.4343305834951,1.0,0,1,mouse
SYNTHETIC DEMONSTRATION ONLY - NOT HUMAN EXPERIMENT RESULTS,1168040,A,0,914.5544311602804,1.0,0,1,mouse
SYNTHETIC DEMONSTRATION ONLY - NOT HUMAN EXPERIMENT RESULTS,1168060,A,0,914.6743248863829,1.0,0,1,mouse
SYNTHETIC DEMONSTRATION ONLY - NOT HUMAN EXPERIMENT RESULTS,1168080,A,0,914.794010057847,1.0,0,1,mouse
SYNTHETIC DEMONSTRATION ONLY - NOT HUMAN EXPERIMENT RESULTS,1168100,A,0,914.9134849736813,1.0,0,1,mouse
SYNTHETIC DEMONSTRATION ONLY - NOT HUMAN EXPERIMENT RESULTS,1168120,A,0,915.0327479358833,1.0,0,1,mouse
SYNTHETIC DEMONSTRATION ONLY - NOT HUMAN EXPERIMENT RESULTS,1168140,A,0,915.1517972494621,1.0,0,1,mouse
SYNTHETIC DEMONSTRATION ONLY - NOT HUMAN EXPERIMENT RESULTS,1168160,A,0,915.2706312224631,1.0,0,1,mouse
SYNTHETIC DEMONSTRATION ONLY - NOT HUMAN EXPERIMENT RESULTS,1168180,A,0,915.3892481659931,1.0,0,1,mouse
SYNTHETIC DEMONSTRATION ONLY - NOT HUMAN EXPERIMENT RESULTS,1168200,A,0,915.5076463942423,1.0,0,1,mouse
SYNTHETIC DEMONSTRATION ONLY - NOT HUMAN EXPERIMENT RESULTS,1168220,A,0,915.62582422451,1.0,0,1,mouse
SYNTHETIC DEMONSTRATION ONLY - NOT HUMAN EXPERIMENT RESULTS,1168240,A,0,915.7437799772277,1.0,0,1,mouse
SYNTHETIC DEMONSTRATION ONLY - NOT HUMAN EXPERIMENT RESULTS,1168260,A,0,915.8615119759829,1.0,0,1,mouse
SYNTHETIC DEMONSTRATION ONLY - NOT HUMAN EXPERIMENT RESULTS,1168280,A,0,915.9790185475435,1.0,0,1,mouse
SYNTHETIC DEMONSTRATION ONLY - NOT HUMAN EXPERIMENT RESULTS,1168300,A,0,916.0962980218808,1.0,0,1,mouse
SYNTHETIC DEMONSTRATION ONLY - NOT HUMAN EXPERIMENT RESULTS,1168320,A,0,916.2133487321939,1.0,0,1,mouse
SYNTHETIC DEMONSTRATION ONLY - NOT HUMAN EXPERIMENT RESULTS,1168340,A,0,916.3301690149334,1.0,0,1,mouse
SYNTHETIC DEMONSTRATION ONLY - NOT HUMAN EXPERIMENT RESULTS,1168360,A,0,916.4467572098242,1.0,0,1,mouse
SYNTHETIC DEMONSTRATION ONLY - NOT HUMAN EXPERIMENT RESULTS,1168380,A,0,916.56311165989,1.0,0,1,mouse
SYNTHETIC DEMONSTRATION ONLY - NOT HUMAN EXPERIMENT RESULTS,1168400,A,0,916.6792307114765,1.0,0,1,mouse
SYNTHETIC DEMONSTRATION ONLY - NOT HUMAN EXPERIMENT RESULTS,1168420,A,0,916.7951127142753,1.0,0,1,mouse
SYNTHETIC DEMONSTRATION ONLY - NOT HUMAN EXPERIMENT RESULTS,1168440,A,0,916.9107560213462,1.0,0,1,mouse
SYNTHETIC DEMONSTRATION ONLY - NOT HUMAN EXPERIMENT RESULTS,1168460,A,0,917.0261589891419,1.0,0,1,mouse
SYNTHETIC DEMONSTRATION ONLY - NOT HUMAN EXPERIMENT RESULTS,1168480,A,0,917.1413199775309,1.0,0,1,mouse
SYNTHETIC DEMONSTRATION ONLY - NOT HUMAN EXPERIMENT RESULTS,1168500,A,0,917.2562373498208,1.0,0,1,mouse
SYNTHETIC DEMONSTRATION ONLY - NOT HUMAN EXPERIMENT RESULTS,1168520,A,0,917.370909472781,1.0,0,1,mouse
SYNTHETIC DEMONSTRATION ONLY - NOT HUMAN EXPERIMENT RESULTS,1168540,A,0,917.485334716667,1.0,0,1,mouse
SYNTHETIC DEMONSTRATION ONLY - NOT HUMAN EXPERIMENT RESULTS,1168560,A,0,917.5995114552428,1.0,0,1,mouse
SYNTHETIC DEMONSTRATION ONLY - NOT HUMAN EXPERIMENT RESULTS,1168580,A,0,917.7134380658044,1.0,0,1,mouse
SYNTHETIC DEMONSTRATION ONLY - NOT HUMAN EXPERIMENT RESULTS,1168600,A,0,917.8271129292021,1.0,0,1,mouse
SYNTHETIC DEMONSTRATION ONLY - NOT HUMAN EXPERIMENT RESULTS,1168620,A,0,917.9405344298647,1.0,0,1,mouse
SYNTHETIC DEMONSTRATION ONLY - NOT HUMAN EXPERIMENT RESULTS,1168640,A,0,918.0537009558217,1.0,0,1,mouse
SYNTHETIC DEMONSTRATION ONLY - NOT HUMAN EXPERIMENT RESULTS,1168660,A,0,918.1666108987259,1.0,0,1,mouse
SYNTHETIC DEMONSTRATION ONLY - NOT HUMAN EXPERIMENT RESULTS,1168680,A,0,918.2792626538776,1.0,0,1,mouse
SYNTHETIC DEMONSTRATION ONLY - NOT HUMAN EXPERIMENT RESULTS,1168700,A,0,918.3916546202457,1.0,0,1,mouse
SYNTHETIC DEMONSTRATION ONLY - NOT HUMAN EXPERIMENT RESULTS,1168720,A,0,918.5037852004914,1.0,0,1,mouse
SYNTHETIC DEMONSTRATION ONLY - NOT HUMAN EXPERIMENT RESULTS,1168740,A,0,918.6156528009915,1.0,0,1,mouse
SYNTHETIC DEMONSTRATION ONLY - NOT HUMAN EXPERIMENT RESULTS,1168760,A,0,918.7272558318591,1.0,0,1,mouse
SYNTHETIC DEMONSTRATION ONLY - NOT HUMAN EXPERIMENT RESULTS,1168780,A,0,918.8385927069687,1.0,0,1,mouse
SYNTHETIC DEMONSTRATION ONLY - NOT HUMAN EXPERIMENT RESULTS,1168800,A,0,918.9496618439766,1.0,0,1,mouse
SYNTHETIC DEMONSTRATION ONLY - NOT HUMAN EXPERIMENT RESULTS,1168820,A,0,919.0604616643444,1.0,0,1,mouse
SYNTHETIC DEMONSTRATION ONLY - NOT HUMAN EXPERIMENT RESULTS,1168840,A,0,919.1709905933616,1.0,0,1,mouse
SYNTHETIC DEMONSTRATION ONLY - NOT HUMAN EXPERIMENT RESULTS,1168860,A,0,919.2812470601675,1.0,0,1,mouse
SYNTHETIC DEMONSTRATION ONLY - NOT HUMAN EXPERIMENT RESULTS,1168880,A,0,919.3912294977731,1.0,0,1,mouse
SYNTHETIC DEMONSTRATION ONLY - NOT HUMAN EXPERIMENT RESULTS,1168900,A,0,919.5009363430854,1.0,0,1,mouse
SYNTHETIC DEMONSTRATION ONLY - NOT HUMAN EXPERIMENT RESULTS,1168920,A,0,919.6103660369267,1.0,0,1,mouse
SYNTHETIC DEMONSTRATION ONLY - NOT HUMAN EXPERIMENT RESULTS,1168940,A,0,919.719517024059,1.0,0,1,mouse
SYNTHETIC DEMONSTRATION ONLY - NOT HUMAN EXPERIMENT RESULTS,1168960,A,0,919.828387753205,1.0,0,1,mouse
SYNTHETIC DEMONSTRATION ONLY - NOT HUMAN EXPERIMENT RESULTS,1168980,A,0,919.9369766770708,1.0,0,1,mouse
SYNTHETIC DEMONSTRATION ONLY - NOT HUMAN EXPERIMENT RESULTS,1169000,A,0,920.0452822523675,1.0,0,1,mouse
SYNTHETIC DEMONSTRATION ONLY - NOT HUMAN EXPERIMENT RESULTS,1169020,A,0,920.1533029398332,1.0,0,1,mouse
SYNTHETIC DEMONSTRATION ONLY - NOT HUMAN EXPERIMENT RESULTS,1169040,A,0,920.2610372042543,1.0,0,1,mouse
SYNTHETIC DEMONSTRATION ONLY - NOT HUMAN EXPERIMENT RESULTS,1169060,A,0,920.3684835144892,1.0,0,1,mouse
SYNTHETIC DEMONSTRATION ONLY - NOT HUMAN EXPERIMENT RESULTS,1169080,A,0,920.4756403434874,1.0,0,1,mouse
SYNTHETIC DEMONSTRATION ONLY - NOT HUMAN EXPERIMENT RESULTS,1169100,A,0,920.5825061683134,1.0,0,1,mouse
SYNTHETIC DEMONSTRATION ONLY - NOT HUMAN EXPERIMENT RESULTS,1169120,A,0,920.6890794701673,1.0,0,1,mouse
SYNTHETIC DEMONSTRATION ONLY - NOT HUMAN EXPERIMENT RESULTS,1169140,A,0,920.7953587344067,1.0,0,1,mouse
SYNTHETIC DEMONSTRATION ONLY - NOT HUMAN EXPERIMENT RESULTS,1169160,A,0,920.9013424505674,1.0,0,1,mouse
SYNTHETIC DEMONSTRATION ONLY - NOT HUMAN EXPERIMENT RESULTS,1169180,A,0,921.0070291123872,1.0,0,1,mouse
SYNTHETIC DEMONSTRATION ONLY - NOT HUMAN EXPERIMENT RESULTS,1169200,A,0,921.1124172178238,1.0,0,1,mouse
SYNTHETIC DEMONSTRATION ONLY - NOT HUMAN EXPERIMENT RESULTS,1169220,A,0,921.2175052690793,1.0,0,1,mouse
SYNTHETIC DEMONSTRATION ONLY - NOT HUMAN EXPERIMENT RESULTS,1169240,A,0,921.3222917726199,1.0,0,1,mouse
SYNTHETIC DEMONSTRATION ONLY - NOT HUMAN EXPERIMENT RESULTS,1169260,A,0,921.4267752391975,1.0,0,1,mouse
SYNTHETIC DEMONSTRATION ONLY - NOT HUMAN EXPERIMENT RESULTS,1169280,A,0,921.5309541838706,1.0,0,1,mouse
SYNTHETIC DEMONSTRATION ONLY - NOT HUMAN EXPERIMENT RESULTS,1169300,A,0,921.6348271260259,1.0,0,1,mouse
SYNTHETIC DEMONSTRATION ONLY - NOT HUMAN EXPERIMENT RESULTS,1169320,A,0,921.7383925893988,1.0,0,1,mouse
SYNTHETIC DEMONSTRATION ONLY - NOT HUMAN EXPERIMENT RESULTS,1169340,A,0,921.8416491020952,1.0,0,1,mouse
SYNTHETIC DEMONSTRATION ONLY - NOT HUMAN EXPERIMENT RESULTS,1169360,A,0,921.9445951966111,1.0,0,1,mouse
SYNTHETIC DEMONSTRATION ONLY - NOT HUMAN EXPERIMENT RESULTS,1169380,A,0,922.0472294098547,1.0,0,1,mouse
SYNTHETIC DEMONSTRATION ONLY - NOT HUMAN EXPERIMENT RESULTS,1169400,A,0,922.1495502831668,1.0,0,1,mouse
SYNTHETIC DEMONSTRATION ONLY - NOT HUMAN EXPERIMENT RESULTS,1169420,A,0,922.2515563623415,1.0,0,1,mouse
SYNTHETIC DEMONSTRATION ONLY - NOT HUMAN EXPERIMENT RESULTS,1169440,A,0,922.3532461976458,1.0,0,1,mouse
SYNTHETIC DEMONSTRATION ONLY - NOT HUMAN EXPERIMENT RESULTS,1169460,A,0,922.4546183438431,1.0,0,1,mouse
SYNTHETIC DEMONSTRATION ONLY - NOT HUMAN EXPERIMENT RESULTS,1169480,A,0,922.5556713602099,1.0,0,1,mouse
SYNTHETIC DEMONSTRATION ONLY - NOT HUMAN EXPERIMENT RESULTS,1169500,A,0,922.6564038105599,1.0,0,1,mouse
SYNTHETIC DEMONSTRATION ONLY - NOT HUMAN EXPERIMENT RESULTS,1169520,A,0,922.7568142632616,1.0,0,1,mouse
SYNTHETIC DEMONSTRATION ONLY - NOT HUMAN EXPERIMENT RESULTS,1169540,A,0,922.8569012912603,1.0,0,1,mouse
SYNTHETIC DEMONSTRATION ONLY - NOT HUMAN EXPERIMENT RESULTS,1169560,A,0,922.9566634720977,1.0,0,1,mouse
SYNTHETIC DEMONSTRATION ONLY - NOT HUMAN EXPERIMENT RESULTS,1169580,A,0,923.0560993879327,1.0,0,1,mouse
SYNTHETIC DEMONSTRATION ONLY - NOT HUMAN EXPERIMENT RESULTS,1169600,A,0,923.1552076255603,1.0,0,1,mouse
SYNTHETIC DEMONSTRATION ONLY - NOT HUMAN EXPERIMENT RESULTS,1169620,A,0,923.2539867764335,1.0,0,1,mouse
SYNTHETIC DEMONSTRATION ONLY - NOT HUMAN EXPERIMENT RESULTS,1169640,A,0,923.3524354366817,1.0,0,1,mouse
SYNTHETIC DEMONSTRATION ONLY - NOT HUMAN EXPERIMENT RESULTS,1169660,A,0,923.4505522071318,1.0,0,1,mouse
SYNTHETIC DEMONSTRATION ONLY - NOT HUMAN EXPERIMENT RESULTS,1169680,A,0,923.5483356933269,1.0,0,1,mouse
SYNTHETIC DEMONSTRATION ONLY - NOT HUMAN EXPERIMENT RESULTS,1169700,A,0,923.6457845055475,1.0,0,1,mouse
SYNTHETIC DEMONSTRATION ONLY - NOT HUMAN EXPERIMENT RESULTS,1169720,A,0,923.7428972588302,1.0,0,1,mouse
SYNTHETIC DEMONSTRATION ONLY - NOT HUMAN EXPERIMENT RESULTS,1169740,A,0,923.8396725729878,1.0,0,1,mouse
SYNTHETIC DEMONSTRATION ONLY - NOT HUMAN EXPERIMENT RESULTS,1169760,A,0,923.9361090726289,1.0,0,1,mouse
SYNTHETIC DEMONSTRATION ONLY - NOT HUMAN EXPERIMENT RESULTS,1169780,A,0,924.0322053871776,1.0,0,1,mouse
SYNTHETIC DEMONSTRATION ONLY - NOT HUMAN EXPERIMENT RESULTS,1169800,A,0,924.1279601508921,1.0,0,1,mouse
SYNTHETIC DEMONSTRATION ONLY - NOT HUMAN EXPERIMENT RESULTS,1169820,A,0,924.2233720028855,1.0,0,1,mouse
SYNTHETIC DEMONSTRATION ONLY - NOT HUMAN EXPERIMENT RESULTS,1169840,A,0,924.3184395871442,1.0,0,1,mouse
SYNTHETIC DEMONSTRATION ONLY - NOT HUMAN EXPERIMENT RESULTS,1169860,A,0,924.4131615525476,1.0,0,1,mouse
SYNTHETIC DEMONSTRATION ONLY - NOT HUMAN EXPERIMENT RESULTS,1169880,A,0,924.5075365528862,1.0,0,1,mouse
SYNTHETIC DEMONSTRATION ONLY - NOT HUMAN EXPERIMENT RESULTS,1169900,A,0,924.6015632468833,1.0,0,1,mouse
SYNTHETIC DEMONSTRATION ONLY - NOT HUMAN EXPERIMENT RESULTS,1169920,A,0,924.6952402982107,1.0,0,1,mouse
SYNTHETIC DEMONSTRATION ONLY - NOT HUMAN EXPERIMENT RESULTS,1169940,A,0,924.7885663755105,1.0,0,1,mouse
SYNTHETIC DEMONSTRATION ONLY - NOT HUMAN EXPERIMENT RESULTS,1169960,A,0,924.8815401524124,1.0,0,1,mouse
SYNTHETIC DEMONSTRATION ONLY - NOT HUMAN EXPERIMENT RESULTS,1169980,A,0,924.9741603075533,1.0,0,1,mouse
SYNTHETIC DEMONSTRATION ONLY - NOT HUMAN EXPERIMENT RESULTS,1170000,A,0,925.066425524596,1.0,0,1,mouse
SYNTHETIC DEMONSTRATION ONLY - NOT HUMAN EXPERIMENT RESULTS,1170020,A,0,925.1583344922473,1.0,0,1,mouse
SYNTHETIC DEMONSTRATION ONLY - NOT HUMAN EXPERIMENT RESULTS,1170040,A,0,925.249885904277,1.0,0,1,mouse
SYNTHETIC DEMONSTRATION ONLY - NOT HUMAN EXPERIMENT RESULTS,1170060,A,0,925.3410784595377,1.0,0,1,mouse
SYNTHETIC DEMONSTRATION ONLY - NOT HUMAN EXPERIMENT RESULTS,1170080,A,0,925.4319108619807,1.0,0,1,mouse
SYNTHETIC DEMONSTRATION ONLY - NOT HUMAN EXPERIMENT RESULTS,1170100,A,0,925.5223818206766,1.0,0,1,mouse
SYNTHETIC DEMONSTRATION ONLY - NOT HUMAN EXPERIMENT RESULTS,1170120,A,0,925.6124900498329,1.0,0,1,mouse
SYNTHETIC DEMONSTRATION ONLY - NOT HUMAN EXPERIMENT RESULTS,1170140,A,0,925.7022342688124,1.0,0,1,mouse
SYNTHETIC DEMONSTRATION ONLY - NOT HUMAN EXPERIMENT RESULTS,1170160,A,0,925.7916132021506,1.0,0,1,mouse
SYNTHETIC DEMONSTRATION ONLY - NOT HUMAN EXPERIMENT RESULTS,1170180,A,0,925.8806255795757,1.0,0,1,mouse
SYNTHETIC DEMONSTRATION ONLY - NOT HUMAN EXPERIMENT RESULTS,1170200,A,0,925.9692701360242,1.0,0,1,mouse
SYNTHETIC DEMONSTRATION ONLY - NOT HUMAN EXPERIMENT RESULTS,1170220,A,0,926.0575456116609,1.0,0,1,mouse
SYNTHETIC DEMONSTRATION ONLY - NOT HUMAN EXPERIMENT RESULTS,1170240,A,0,926.1454507518961,1.0,0,1,mouse
SYNTHETIC DEMONSTRATION ONLY - NOT HUMAN EXPERIMENT RESULTS,1170260,A,0,926.2329843074028,1.0,0,1,mouse
SYNTHETIC DEMONSTRATION ONLY - NOT HUMAN EXPERIMENT RESULTS,1170280,A,0,926.3201450341357,1.0,0,1,mouse
SYNTHETIC DEMONSTRATION ONLY - NOT HUMAN EXPERIMENT RESULTS,1170300,A,0,926.4069316933482,1.0,0,1,mouse
SYNTHETIC DEMONSTRATION ONLY - NOT HUMAN EXPERIMENT RESULTS,1170320,A,0,926.493343051609,1.0,0,1,mouse
SYNTHETIC DEMONSTRATION ONLY - NOT HUMAN EXPERIMENT RESULTS,1170340,A,0,926.5793778808222,1.0,0,1,mouse
SYNTHETIC DEMONSTRATION ONLY - NOT HUMAN EXPERIMENT RESULTS,1170360,A,0,926.665034958242,1.0,0,1,mouse
SYNTHETIC DEMONSTRATION ONLY - NOT HUMAN EXPERIMENT RESULTS,1170380,A,0,926.7503130664919,1.0,0,1,mouse
SYNTHETIC DEMONSTRATION ONLY - NOT HUMAN EXPERIMENT RESULTS,1170400,A,0,926.8352109935811,1.0,0,1,mouse
SYNTHETIC DEMONSTRATION ONLY - NOT HUMAN EXPERIMENT RESULTS,1170420,A,0,926.9197275329223,1.0,0,1,mouse
SYNTHETIC DEMONSTRATION ONLY - NOT HUMAN EXPERIMENT RESULTS,1170440,A,0,927.0038614833481,1.0,0,1,mouse
SYNTHETIC DEMONSTRATION ONLY - NOT HUMAN EXPERIMENT RESULTS,1170460,A,0,927.0876116491294,1.0,0,1,mouse
SYNTHETIC DEMONSTRATION ONLY - NOT HUMAN EXPERIMENT RESULTS,1170480,A,0,927.1709768399901,1.0,0,1,mouse
SYNTHETIC DEMONSTRATION ONLY - NOT HUMAN EXPERIMENT RESULTS,1170500,A,0,927.2539558711272,1.0,0,1,mouse
SYNTHETIC DEMONSTRATION ONLY - NOT HUMAN EXPERIMENT RESULTS,1170520,A,0,927.3365475632245,1.0,0,1,mouse
SYNTHETIC DEMONSTRATION ONLY - NOT HUMAN EXPERIMENT RESULTS,1170540,A,0,927.4187507424712,1.0,0,1,mouse
SYNTHETIC DEMONSTRATION ONLY - NOT HUMAN EXPERIMENT RESULTS,1170560,A,0,927.5005642405783,1.0,0,1,mouse
SYNTHETIC DEMONSTRATION ONLY - NOT HUMAN EXPERIMENT RESULTS,1170580,A,0,927.581986894795,1.0,0,1,mouse
SYNTHETIC DEMONSTRATION ONLY - NOT HUMAN EXPERIMENT RESULTS,1170600,A,0,927.663017547925,1.0,0,1,mouse
SYNTHETIC DEMONSTRATION ONLY - NOT HUMAN EXPERIMENT RESULTS,1170620,A,0,927.7436550483435,1.0,0,1,mouse
SYNTHETIC DEMONSTRATION ONLY - NOT HUMAN EXPERIMENT RESULTS,1170640,A,0,927.8238982500131,1.0,0,1,mouse
SYNTHETIC DEMONSTRATION ONLY - NOT HUMAN EXPERIMENT RESULTS,1170660,A,0,927.9037460125,1.0,0,1,mouse
SYNTHETIC DEMONSTRATION ONLY - NOT HUMAN EXPERIMENT RESULTS,1170680,A,0,927.9831972009912,1.0,0,1,mouse
SYNTHETIC DEMONSTRATION ONLY - NOT HUMAN EXPERIMENT RESULTS,1170700,A,0,928.062250686309,1.0,0,1,mouse
SYNTHETIC DEMONSTRATION ONLY - NOT HUMAN EXPERIMENT RESULTS,1170720,A,0,928.1409053449287,1.0,0,1,mouse
SYNTHETIC DEMONSTRATION ONLY - NOT HUMAN EXPERIMENT RESULTS,1170740,A,0,928.2191600589933,1.0,0,1,mouse
SYNTHETIC DEMONSTRATION ONLY - NOT HUMAN EXPERIMENT RESULTS,1170760,A,0,928.2970137163304,1.0,0,1,mouse
SYNTHETIC DEMONSTRATION ONLY - NOT HUMAN EXPERIMENT RESULTS,1170780,A,0,928.3744652104668,1.0,0,1,mouse
SYNTHETIC DEMONSTRATION ONLY - NOT HUMAN EXPERIMENT RESULTS,1170800,A,0,928.4515134406458,1.0,0,1,mouse
SYNTHETIC DEMONSTRATION ONLY - NOT HUMAN EXPERIMENT RESULTS,1170820,A,0,928.5281573118411,1.0,0,1,mouse
SYNTHETIC DEMONSTRATION ONLY - NOT HUMAN EXPERIMENT RESULTS,1170840,A,0,928.6043957347737,1.0,0,1,mouse
SYNTHETIC DEMONSTRATION ONLY - NOT HUMAN EXPERIMENT RESULTS,1170860,A,0,928.6802276259269,1.0,0,1,mouse
SYNTHETIC DEMONSTRATION ONLY - NOT HUMAN EXPERIMENT RESULTS,1170880,A,0,928.7556519075619,1.0,0,1,mouse
SYNTHETIC DEMONSTRATION ONLY - NOT HUMAN EXPERIMENT RESULTS,1170900,A,0,928.8306675077323,1.0,0,1,mouse
SYNTHETIC DEMONSTRATION ONLY - NOT HUMAN EXPERIMENT RESULTS,1170920,A,0,928.9052733603007,1.0,0,1,mouse
SYNTHETIC DEMONSTRATION ONLY - NOT HUMAN EXPERIMENT RESULTS,1170940,A,0,928.9794684049525,1.0,0,1,mouse
SYNTHETIC DEMONSTRATION ONLY - NOT HUMAN EXPERIMENT RESULTS,1170960,A,0,929.0532515872123,1.0,0,1,mouse
SYNTHETIC DEMONSTRATION ONLY - NOT HUMAN EXPERIMENT RESULTS,1170980,A,0,929.1266218584573,1.0,0,1,mouse
SYNTHETIC DEMONSTRATION ONLY - NOT HUMAN EXPERIMENT RESULTS,1171000,A,0,929.199578175934,1.0,0,1,mouse
SYNTHETIC DEMONSTRATION ONLY - NOT HUMAN EXPERIMENT RESULTS,1171020,A,0,929.2721195027713,1.0,0,1,mouse
SYNTHETIC DEMONSTRATION ONLY - NOT HUMAN EXPERIMENT RESULTS,1171040,A,0,929.3442448079963,1.0,0,1,mouse
SYNTHETIC DEMONSTRATION ONLY - NOT HUMAN EXPERIMENT RESULTS,1171060,A,0,929.4159530665492,1.0,0,1,mouse
SYNTHETIC DEMONSTRATION ONLY - NOT HUMAN EXPERIMENT RESULTS,1171080,A,0,929.4872432592966,1.0,0,1,mouse
SYNTHETIC DEMONSTRATION ONLY - NOT HUMAN EXPERIMENT RESULTS,1171100,A,0,929.5581143730469,1.0,0,1,mouse
SYNTHETIC DEMONSTRATION ONLY - NOT HUMAN EXPERIMENT RESULTS,1171120,A,0,929.6285654005652,1.0,0,1,mouse
SYNTHETIC DEMONSTRATION ONLY - NOT HUMAN EXPERIMENT RESULTS,1171140,A,0,929.698595340586,1.0,0,1,mouse
SYNTHETIC DEMONSTRATION ONLY - NOT HUMAN EXPERIMENT RESULTS,1171160,A,0,929.768203197829,1.0,0,1,mouse
SYNTHETIC DEMONSTRATION ONLY - NOT HUMAN EXPERIMENT RESULTS,1171180,A,0,929.8373879830126,1.0,0,1,mouse
SYNTHETIC DEMONSTRATION ONLY - NOT HUMAN EXPERIMENT RESULTS,1171200,A,0,929.9061487128678,1.0,0,1,mouse
SYNTHETIC DEMONSTRATION ONLY - NOT HUMAN EXPERIMENT RESULTS,1171220,A,0,929.9744844101522,1.0,0,1,mouse
SYNTHETIC DEMONSTRATION ONLY - NOT HUMAN EXPERIMENT RESULTS,1171240,A,0,930.0423941036646,1.0,0,1,mouse
SYNTHETIC DEMONSTRATION ONLY - NOT HUMAN EXPERIMENT RESULTS,1171260,A,0,930.1098768282575,1.0,0,1,mouse
SYNTHETIC DEMONSTRATION ONLY - NOT HUMAN EXPERIMENT RESULTS,1171280,A,0,930.1769316248526,1.0,0,1,mouse
SYNTHETIC DEMONSTRATION ONLY - NOT HUMAN EXPERIMENT RESULTS,1171300,A,0,930.2435575404525,1.0,0,1,mouse
SYNTHETIC DEMONSTRATION ONLY - NOT HUMAN EXPERIMENT RESULTS,1171320,A,0,930.3097536281552,1.0,0,1,mouse
SYNTHETIC DEMONSTRATION ONLY - NOT HUMAN EXPERIMENT RESULTS,1171340,A,0,930.3755189471683,1.0,0,1,mouse
SYNTHETIC DEMONSTRATION ONLY - NOT HUMAN EXPERIMENT RESULTS,1171360,A,0,930.4408525628209,1.0,0,1,mouse
SYNTHETIC DEMONSTRATION ONLY - NOT HUMAN EXPERIMENT RESULTS,1171380,A,0,930.5057535465772,1.0,0,1,mouse
SYNTHETIC DEMONSTRATION ONLY - NOT HUMAN EXPERIMENT RESULTS,1171400,A,0,930.5702209760512,1.0,0,1,mouse
SYNTHETIC DEMONSTRATION ONLY - NOT HUMAN EXPERIMENT RESULTS,1171420,A,0,930.6342539350178,1.0,0,1,mouse
SYNTHETIC DEMONSTRATION ONLY - NOT HUMAN EXPERIMENT RESULTS,1171440,A,0,930.6978515134268,1.0,0,1,mouse
SYNTHETIC DEMONSTRATION ONLY - NOT HUMAN EXPERIMENT RESULTS,1171460,A,0,930.761012807416,1.0,0,1,mouse
SYNTHETIC DEMONSTRATION ONLY - NOT HUMAN EXPERIMENT RESULTS,1171480,A,0,930.8237369193236,1.0,0,1,mouse
SYNTHETIC DEMONSTRATION ONLY - NOT HUMAN EXPERIMENT RESULTS,1171500,A,0,930.886022957701,1.0,0,1,mouse
SYNTHETIC DEMONSTRATION ONLY - NOT HUMAN EXPERIMENT RESULTS,1171520,A,0,930.9478700373259,1.0,0,1,mouse
SYNTHETIC DEMONSTRATION ONLY - NOT HUMAN EXPERIMENT RESULTS,1171540,A,0,931.0092772792141,1.0,0,1,mouse
SYNTHETIC DEMONSTRATION ONLY - NOT HUMAN EXPERIMENT RESULTS,1171560,A,0,931.0702438106331,1.0,0,1,mouse
SYNTHETIC DEMONSTRATION ONLY - NOT HUMAN EXPERIMENT RESULTS,1171580,A,0,931.1307687651133,1.0,0,1,mouse
SYNTHETIC DEMONSTRATION ONLY - NOT HUMAN EXPERIMENT RESULTS,1171600,A,0,931.1908512824614,1.0,0,1,mouse
SYNTHETIC DEMONSTRATION ONLY - NOT HUMAN EXPERIMENT RESULTS,1171620,A,0,931.2504905087715,1.0,0,1,mouse
SYNTHETIC DEMONSTRATION ONLY - NOT HUMAN EXPERIMENT RESULTS,1171640,A,0,931.3096855964385,1.0,0,1,mouse
SYNTHETIC DEMONSTRATION ONLY - NOT HUMAN EXPERIMENT RESULTS,1171660,A,0,931.3684357041687,1.0,0,1,mouse
SYNTHETIC DEMONSTRATION ONLY - NOT HUMAN EXPERIMENT RESULTS,1171680,A,0,931.4267399969938,1.0,0,1,mouse
SYNTHETIC DEMONSTRATION ONLY - NOT HUMAN EXPERIMENT RESULTS,1171700,A,0,931.48459764628,1.0,0,1,mouse
SYNTHETIC DEMONSTRATION ONLY - NOT HUMAN EXPERIMENT RESULTS,1171720,A,0,931.5420078297424,1.0,0,1,mouse
SYNTHETIC DEMONSTRATION ONLY - NOT HUMAN EXPERIMENT RESULTS,1171740,A,0,931.598969731455,1.0,0,1,mouse
SYNTHETIC DEMONSTRATION ONLY - NOT HUMAN EXPERIMENT RESULTS,1171760,A,0,931.6554825418633,1.0,0,1,mouse
SYNTHETIC DEMONSTRATION ONLY - NOT HUMAN EXPERIMENT RESULTS,1171780,A,0,931.7115454577952,1.0,0,1,mouse
SYNTHETIC DEMONSTRATION ONLY - NOT HUMAN EXPERIMENT RESULTS,1171800,A,0,931.7671576824725,1.0,0,1,mouse
SYNTHETIC DEMONSTRATION ONLY - NOT HUMAN EXPERIMENT RESULTS,1171820,A,0,931.8223184255221,1.0,0,1,mouse
SYNTHETIC DEMONSTRATION ONLY - NOT HUMAN EXPERIMENT RESULTS,1171840,A,0,931.8770269029883,1.0,0,1,mouse
SYNTHETIC DEMONSTRATION ONLY - NOT HUMAN EXPERIMENT RESULTS,1171860,A,0,931.9312823373422,1.0,0,1,mouse
SYNTHETIC DEMONSTRATION ONLY - NOT HUMAN EXPERIMENT RESULTS,1171880,A,0,931.9850839574939,1.0,0,1,mouse
SYNTHETIC DEMONSTRATION ONLY - NOT HUMAN EXPERIMENT RESULTS,1171900,A,0,932.0384309988034,1.0,0,1,mouse
SYNTHETIC DEMONSTRATION ONLY - NOT HUMAN EXPERIMENT RESULTS,1171920,A,0,932.0913227030912,1.0,0,1,mouse
SYNTHETIC DEMONSTRATION ONLY - NOT HUMAN EXPERIMENT RESULTS,1171940,A,0,932.1437583186491,1.0,0,1,mouse
SYNTHETIC DEMONSTRATION ONLY - NOT HUMAN EXPERIMENT RESULTS,1171960,A,0,932.1957371002509,1.0,0,1,mouse
SYNTHETIC DEMONSTRATION ONLY - NOT HUMAN EXPERIMENT RESULTS,1171980,A,0,932.247258309163,1.0,0,1,mouse
SYNTHETIC DEMONSTRATION ONLY - NOT HUMAN EXPERIMENT RESULTS,1172000,A,0,932.2983212131553,1.0,0,1,mouse
SYNTHETIC DEMONSTRATION ONLY - NOT HUMAN EXPERIMENT RESULTS,1172020,A,0,932.3489250865105,1.0,0,1,mouse
SYNTHETIC DEMONSTRATION ONLY - NOT HUMAN EXPERIMENT RESULTS,1172040,A,0,932.3990692100357,1.0,0,1,mouse
SYNTHETIC DEMONSTRATION ONLY - NOT HUMAN EXPERIMENT RESULTS,1172060,A,0,932.4487528710719,1.0,0,1,mouse
SYNTHETIC DEMONSTRATION ONLY - NOT HUMAN EXPERIMENT RESULTS,1172080,A,0,932.4979753635043,1.0,0,1,mouse
SYNTHETIC DEMONSTRATION ONLY - NOT HUMAN EXPERIMENT RESULTS,1172100,A,0,932.5467359877724,1.0,0,1,mouse
SYNTHETIC DEMONSTRATION ONLY - NOT HUMAN EXPERIMENT RESULTS,1172120,A,0,932.5950340508797,1.0,0,1,mouse
SYNTHETIC DEMONSTRATION ONLY - NOT HUMAN EXPERIMENT RESULTS,1172140,A,0,932.6428688664039,1.0,0,1,mouse
SYNTHETIC DEMONSTRATION ONLY - NOT HUMAN EXPERIMENT RESULTS,1172160,A,0,932.6902397545064,1.0,0,1,mouse
SYNTHETIC DEMONSTRATION ONLY - NOT HUMAN EXPERIMENT RESULTS,1172180,A,0,932.7371460419419,1.0,0,1,mouse
SYNTHETIC DEMONSTRATION ONLY - NOT HUMAN EXPERIMENT RESULTS,1172200,A,0,932.7835870620681,1.0,0,1,mouse
SYNTHETIC DEMONSTRATION ONLY - NOT HUMAN EXPERIMENT RESULTS,1172220,A,0,932.8295621548558,1.0,0,1,mouse
SYNTHETIC DEMONSTRATION ONLY - NOT HUMAN EXPERIMENT RESULTS,1172240,A,0,932.8750706668967,1.0,0,1,mouse
SYNTHETIC DEMONSTRATION ONLY - NOT HUMAN EXPERIMENT RESULTS,1172260,A,0,932.9201119514144,1.0,0,1,mouse
SYNTHETIC DEMONSTRATION ONLY - NOT HUMAN EXPERIMENT RESULTS,1172280,A,0,932.9646853682723,1.0,0,1,mouse
SYNTHETIC DEMONSTRATION ONLY - NOT HUMAN EXPERIMENT RESULTS,1172300,A,0,933.0087902839838,1.0,0,1,mouse
SYNTHETIC DEMONSTRATION ONLY - NOT HUMAN EXPERIMENT RESULTS,1172320,A,0,933.05242607172,1.0,0,1,mouse
SYNTHETIC DEMONSTRATION ONLY - NOT HUMAN EXPERIMENT RESULTS,1172340,A,0,933.0955921113202,1.0,0,1,mouse
SYNTHETIC DEMONSTRATION ONLY - NOT HUMAN EXPERIMENT RESULTS,1172360,A,0,933.138287789299,1.0,0,1,mouse
SYNTHETIC DEMONSTRATION ONLY - NOT HUMAN EXPERIMENT RESULTS,1172380,A,0,933.1805124988567,1.0,0,1,mouse
SYNTHETIC DEMONSTRATION ONLY - NOT HUMAN EXPERIMENT RESULTS,1172400,A,0,933.2222656398866,1.0,0,1,mouse
SYNTHETIC DEMONSTRATION ONLY - NOT HUMAN EXPERIMENT RESULTS,1172420,A,0,933.2635466189842,1.0,0,1,mouse
SYNTHETIC DEMONSTRATION ONLY - NOT HUMAN EXPERIMENT RESULTS,1172440,A,0,933.304354849455,1.0,0,1,mouse
SYNTHETIC DEMONSTRATION ONLY - NOT HUMAN EXPERIMENT RESULTS,1172460,A,0,933.3446897513242,1.0,0,1,mouse
SYNTHETIC DEMONSTRATION ONLY - NOT HUMAN EXPERIMENT RESULTS,1172480,A,0,933.3845507513432,1.0,0,1,mouse
SYNTHETIC DEMONSTRATION ONLY - NOT HUMAN EXPERIMENT RESULTS,1172500,A,0,933.4239372829994,1.0,0,1,mouse
SYNTHETIC DEMONSTRATION ONLY - NOT HUMAN EXPERIMENT RESULTS,1172520,A,0,933.4628487865226,1.0,0,1,mouse
SYNTHETIC DEMONSTRATION ONLY - NOT HUMAN EXPERIMENT RESULTS,1172540,A,0,933.5012847088944,1.0,0,1,mouse
SYNTHETIC DEMONSTRATION ONLY - NOT HUMAN EXPERIMENT RESULTS,1172560,A,0,933.5392445038552,1.0,0,1,mouse
SYNTHETIC DEMONSTRATION ONLY - NOT HUMAN EXPERIMENT RESULTS,1172580,A,0,933.5767276319124,1.0,0,1,mouse
SYNTHETIC DEMONSTRATION ONLY - NOT HUMAN EXPERIMENT RESULTS,1172600,A,0,933.6137335603476,1.0,0,1,mouse
SYNTHETIC DEMONSTRATION ONLY - NOT HUMAN EXPERIMENT RESULTS,1172620,A,0,933.6502617632248,1.0,0,1,mouse
SYNTHETIC DEMONSTRATION ONLY - NOT HUMAN EXPERIMENT RESULTS,1172640,A,0,933.6863117213971,1.0,0,1,mouse
SYNTHETIC DEMONSTRATION ONLY - NOT HUMAN EXPERIMENT RESULTS,1172660,A,0,933.7218829225152,1.0,0,1,mouse
SYNTHETIC DEMONSTRATION ONLY - NOT HUMAN EXPERIMENT RESULTS,1172680,A,0,933.7569748610333,1.0,0,1,mouse
SYNTHETIC DEMONSTRATION ONLY - NOT HUMAN EXPERIMENT RESULTS,1172700,A,0,933.7915870382176,1.0,0,1,mouse
SYNTHETIC DEMONSTRATION ONLY - NOT HUMAN EXPERIMENT RESULTS,1172720,A,0,933.825718962152,1.0,0,1,mouse
SYNTHETIC DEMONSTRATION ONLY - NOT HUMAN EXPERIMENT RESULTS,1172740,A,0,933.8593701477466,1.0,0,1,mouse
SYNTHETIC DEMONSTRATION ONLY - NOT HUMAN EXPERIMENT RESULTS,1172760,A,0,933.8925401167435,1.0,0,1,mouse
SYNTHETIC DEMONSTRATION ONLY - NOT HUMAN EXPERIMENT RESULTS,1172780,A,0,933.925228397724,1.0,0,1,mouse
SYNTHETIC DEMONSTRATION ONLY - NOT HUMAN EXPERIMENT RESULTS,1172800,A,0,933.9574345261154,1.0,0,1,mouse
SYNTHETIC DEMONSTRATION ONLY - NOT HUMAN EXPERIMENT RESULTS,1172820,A,0,933.9891580441971,1.0,0,1,mouse
SYNTHETIC DEMONSTRATION ONLY - NOT HUMAN EXPERIMENT RESULTS,1172840,A,0,934.0203985011079,1.0,0,1,mouse
SYNTHETIC DEMONSTRATION ONLY - NOT HUMAN EXPERIMENT RESULTS,1172860,A,0,934.0511554528517,1.0,0,1,mouse
SYNTHETIC DEMONSTRATION ONLY - NOT HUMAN EXPERIMENT RESULTS,1172880,A,0,934.081428462304,1.0,0,1,mouse
SYNTHETIC DEMONSTRATION ONLY - NOT HUMAN EXPERIMENT RESULTS,1172900,A,0,934.1112170992185,1.0,0,1,mouse
SYNTHETIC DEMONSTRATION ONLY - NOT HUMAN EXPERIMENT RESULTS,1172920,A,0,934.1405209402326,1.0,0,1,mouse
SYNTHETIC DEMONSTRATION ONLY - NOT HUMAN EXPERIMENT RESULTS,1172940,A,0,934.169339568874,1.0,0,1,mouse
SYNTHETIC DEMONSTRATION ONLY - NOT HUMAN EXPERIMENT RESULTS,1172960,A,0,934.197672575566,1.0,0,1,mouse
SYNTHETIC DEMONSTRATION ONLY - NOT HUMAN EXPERIMENT RESULTS,1172980,A,0,934.225519557634,1.0,0,1,mouse
SYNTHETIC DEMONSTRATION ONLY - NOT HUMAN EXPERIMENT RESULTS,1173000,A,0,934.2528801193107,1.0,0,1,mouse
SYNTHETIC DEMONSTRATION ONLY - NOT HUMAN EXPERIMENT RESULTS,1173020,A,0,934.2797538717422,1.0,0,1,mouse
SYNTHETIC DEMONSTRATION ONLY - NOT HUMAN EXPERIMENT RESULTS,1173040,A,0,934.3061404329925,1.0,0,1,mouse
SYNTHETIC DEMONSTRATION ONLY - NOT HUMAN EXPERIMENT RESULTS,1173060,A,0,934.3320394280505,1.0,0,1,mouse
SYNTHETIC DEMONSTRATION ONLY - NOT HUMAN EXPERIMENT RESULTS,1173080,A,0,934.357450488834,1.0,0,1,mouse
SYNTHETIC DEMONSTRATION ONLY - NOT HUMAN EXPERIMENT RESULTS,1173100,A,0,934.3823732541958,1.0,0,1,mouse
SYNTHETIC DEMONSTRATION ONLY - NOT HUMAN EXPERIMENT RESULTS,1173120,A,0,934.4068073699281,1.0,0,1,mouse
SYNTHETIC DEMONSTRATION ONLY - NOT HUMAN EXPERIMENT RESULTS,1173140,A,0,934.430752488768,1.0,0,1,mouse
SYNTHETIC DEMONSTRATION ONLY - NOT HUMAN EXPERIMENT RESULTS,1173160,A,0,934.4542082704022,1.0,0,1,mouse
SYNTHETIC DEMONSTRATION ONLY - NOT HUMAN EXPERIMENT RESULTS,1173180,A,0,934.4771743814725,1.0,0,1,mouse
SYNTHETIC DEMONSTRATION ONLY - NOT HUMAN EXPERIMENT RESULTS,1173200,A,0,934.4996504955794,1.0,0,1,mouse
SYNTHETIC DEMONSTRATION ONLY - NOT HUMAN EXPERIMENT RESULTS,1173220,A,0,934.5216362932875,1.0,0,1,mouse
SYNTHETIC DEMONSTRATION ONLY - NOT HUMAN EXPERIMENT RESULTS,1173240,A,0,934.5431314621302,1.0,0,1,mouse
SYNTHETIC DEMONSTRATION ONLY - NOT HUMAN EXPERIMENT RESULTS,1173260,A,0,934.5641356966133,1.0,0,1,mouse
SYNTHETIC DEMONSTRATION ONLY - NOT HUMAN EXPERIMENT RESULTS,1173280,A,0,934.5846486982203,1.0,0,1,mouse
SYNTHETIC DEMONSTRATION ONLY - NOT HUMAN EXPERIMENT RESULTS,1173300,A,0,934.604670175416,1.0,0,1,mouse
SYNTHETIC DEMONSTRATION ONLY - NOT HUMAN EXPERIMENT RESULTS,1173320,A,0,934.6241998436509,1.0,0,1,mouse
SYNTHETIC DEMONSTRATION ONLY - NOT HUMAN EXPERIMENT RESULTS,1173340,A,0,934.6432374253652,1.0,0,1,mouse
SYNTHETIC DEMONSTRATION ONLY - NOT HUMAN EXPERIMENT RESULTS,1173360,A,0,934.6617826499927,1.0,0,1,mouse
SYNTHETIC DEMONSTRATION ONLY - NOT HUMAN EXPERIMENT RESULTS,1173380,A,0,934.6798352539646,1.0,0,1,mouse
SYNTHETIC DEMONSTRATION ONLY - NOT HUMAN EXPERIMENT RESULTS,1173400,A,0,934.6973949807136,1.0,0,1,mouse
SYNTHETIC DEMONSTRATION ONLY - NOT HUMAN EXPERIMENT RESULTS,1173420,A,0,934.714461580677,1.0,0,1,mouse
SYNTHETIC DEMONSTRATION ONLY - NOT HUMAN EXPERIMENT RESULTS,1173440,A,0,934.7310348113008,1.0,0,1,mouse
SYNTHETIC DEMONSTRATION ONLY - NOT HUMAN EXPERIMENT RESULTS,1173460,A,0,934.7471144370426,1.0,0,1,mouse
SYNTHETIC DEMONSTRATION ONLY - NOT HUMAN EXPERIMENT RESULTS,1173480,A,0,934.7627002293752,1.0,0,1,mouse
SYNTHETIC DEMONSTRATION ONLY - NOT HUMAN EXPERIMENT RESULTS,1173500,A,0,934.7777919667902,1.0,0,1,mouse
SYNTHETIC DEMONSTRATION ONLY - NOT HUMAN EXPERIMENT RESULTS,1173520,A,0,934.7923894348005,1.0,0,1,mouse
SYNTHETIC DEMONSTRATION ONLY - NOT HUMAN EXPERIMENT RESULTS,1173540,A,0,934.8064924259438,1.0,0,1,mouse
SYNTHETIC DEMONSTRATION ONLY - NOT HUMAN EXPERIMENT RESULTS,1173560,A,0,934.8201007397854,1.0,0,1,mouse
SYNTHETIC DEMONSTRATION ONLY - NOT HUMAN EXPERIMENT RESULTS,1173580,A,0,934.8332141829211,1.0,0,1,mouse
SYNTHETIC DEMONSTRATION ONLY - NOT HUMAN EXPERIMENT RESULTS,1173600,A,0,934.8458325689796,1.0,0,1,mouse
SYNTHETIC DEMONSTRATION ONLY - NOT HUMAN EXPERIMENT RESULTS,1173620,A,0,934.8579557186259,1.0,0,1,mouse
SYNTHETIC DEMONSTRATION ONLY - NOT HUMAN EXPERIMENT RESULTS,1173640,A,0,934.8695834595633,1.0,0,1,mouse
SYNTHETIC DEMONSTRATION ONLY - NOT HUMAN EXPERIMENT RESULTS,1173660,A,0,934.8807156265356,1.0,0,1,mouse
SYNTHETIC DEMONSTRATION ONLY - NOT HUMAN EXPERIMENT RESULTS,1173680,A,0,934.8913520613302,1.0,0,1,mouse
SYNTHETIC DEMONSTRATION ONLY - NOT HUMAN EXPERIMENT RESULTS,1173700,A,0,934.9014926127797,1.0,0,1,mouse
SYNTHETIC DEMONSTRATION ONLY - NOT HUMAN EXPERIMENT RESULTS,1173720,A,0,934.9111371367648,1.0,0,1,mouse
SYNTHETIC DEMONSTRATION ONLY - NOT HUMAN EXPERIMENT RESULTS,1173740,A,0,934.920285496215,1.0,0,1,mouse
SYNTHETIC DEMONSTRATION ONLY - NOT HUMAN EXPERIMENT RESULTS,1173760,A,0,934.9289375611122,1.0,0,1,mouse
SYNTHETIC DEMONSTRATION ONLY - NOT HUMAN EXPERIMENT RESULTS,1173780,A,0,934.9370932084912,1.0,0,1,mouse
SYNTHETIC DEMONSTRATION ONLY - NOT HUMAN EXPERIMENT RESULTS,1173800,A,0,934.9447523224422,1.0,0,1,mouse
SYNTHETIC DEMONSTRATION ONLY - NOT HUMAN EXPERIMENT RESULTS,1173820,A,0,934.9519147941124,1.0,0,1,mouse
SYNTHETIC DEMONSTRATION ONLY - NOT HUMAN EXPERIMENT RESULTS,1173840,A,0,934.9585805217071,1.0,0,1,mouse
SYNTHETIC DEMONSTRATION ONLY - NOT HUMAN EXPERIMENT RESULTS,1173860,A,0,934.9647494104915,1.0,0,1,mouse
SYNTHETIC DEMONSTRATION ONLY - NOT HUMAN EXPERIMENT RESULTS,1173880,A,0,934.9704213727923,1.0,0,1,mouse
SYNTHETIC DEMONSTRATION ONLY - NOT HUMAN EXPERIMENT RESULTS,1173900,A,0,934.975596327998,1.0,0,1,mouse
SYNTHETIC DEMONSTRATION ONLY - NOT HUMAN EXPERIMENT RESULTS,1173920,A,0,934.9802742025613,1.0,0,1,mouse
SYNTHETIC DEMONSTRATION ONLY - NOT HUMAN EXPERIMENT RESULTS,1173940,A,0,934.9844549299992,1.0,0,1,mouse
SYNTHETIC DEMONSTRATION ONLY - NOT HUMAN EXPERIMENT RESULTS,1173960,A,0,934.9881384508942,1.0,0,1,mouse
SYNTHETIC DEMONSTRATION ONLY - NOT HUMAN EXPERIMENT RESULTS,1173980,A,0,934.9913247128954,1.0,0,1,mouse
SYNTHETIC DEMONSTRATION ONLY - NOT HUMAN EXPERIMENT RESULTS,1174000,A,0,934.994013670719,1.0,0,1,mouse
SYNTHETIC DEMONSTRATION ONLY - NOT HUMAN EXPERIMENT RESULTS,1174020,A,0,934.9962052861489,1.0,0,1,mouse
SYNTHETIC DEMONSTRATION ONLY - NOT HUMAN EXPERIMENT RESULTS,1174040,A,0,934.9978995280374,1.0,0,1,mouse
SYNTHETIC DEMONSTRATION ONLY - NOT HUMAN EXPERIMENT RESULTS,1174060,A,0,934.9990963723054,1.0,0,1,mouse
SYNTHETIC DEMONSTRATION ONLY - NOT HUMAN EXPERIMENT RESULTS,1174080,A,0,934.9997958019434,1.0,0,1,mouse
SYNTHETIC DEMONSTRATION ONLY - NOT HUMAN EXPERIMENT RESULTS,1174100,A,0,934.9999978070108,1.0,0,1,mouse
SYNTHETIC DEMONSTRATION ONLY - NOT HUMAN EXPERIMENT RESULTS,1174120,A,0,934.9997023846367,1.0,0,1,mouse
SYNTHETIC DEMONSTRATION ONLY - NOT HUMAN EXPERIMENT RESULTS,1174140,A,0,934.9989095390197,1.0,0,1,mouse
SYNTHETIC DEMONSTRATION ONLY - NOT HUMAN EXPERIMENT RESULTS,1174160,A,0,934.9976192814279,1.0,0,1,mouse
SYNTHETIC DEMONSTRATION ONLY - NOT HUMAN EXPERIMENT RESULTS,1174180,A,0,934.9958316301986,1.0,0,1,mouse
SYNTHETIC DEMONSTRATION ONLY - NOT HUMAN EXPERIMENT RESULTS,1174200,A,0,934.9935466107385,1.0,0,1,mouse
SYNTHETIC DEMONSTRATION ONLY - NOT HUMAN EXPERIMENT RESULTS,1174220,A,0,934.9907642555225,1.0,0,1,mouse
SYNTHETIC DEMONSTRATION ONLY - NOT HUMAN EXPERIMENT RESULTS,1174240,A,0,934.9874846040943,1.0,0,1,mouse
SYNTHETIC DEMONSTRATION ONLY - NOT HUMAN EXPERIMENT RESULTS,1174260,A,0,934.983707703065,1.0,0,1,mouse
SYNTHETIC DEMONSTRATION ONLY - NOT HUMAN EXPERIMENT RESULTS,1174280,A,0,934.9794336061124,1.0,0,1,mouse
SYNTHETIC DEMONSTRATION ONLY - NOT HUMAN EXPERIMENT RESULTS,1174300,A,0,934.9746623739812,1.0,0,1,mouse
SYNTHETIC DEMONSTRATION ONLY - NOT HUMAN EXPERIMENT RESULTS,1174320,A,0,934.9693940744811,1.0,0,1,mouse
SYNTHETIC DEMONSTRATION ONLY - NOT HUMAN EXPERIMENT RESULTS,1174340,A,0,934.9636287824862,1.0,0,1,mouse
SYNTHETIC DEMONSTRATION ONLY - NOT HUMAN EXPERIMENT RESULTS,1174360,A,0,934.9573665799342,1.0,0,1,mouse
SYNTHETIC DEMONSTRATION ONLY - NOT HUMAN EXPERIMENT RESULTS,1174380,A,0,934.9506075558247,1.0,0,1,mouse
SYNTHETIC DEMONSTRATION ONLY - NOT HUMAN EXPERIMENT RESULTS,1174400,A,0,934.9433518062184,1.0,0,1,mouse
SYNTHETIC DEMONSTRATION ONLY - NOT HUMAN EXPERIMENT RESULTS,1174420,A,0,934.9355994342358,1.0,0,1,mouse
SYNTHETIC DEMONSTRATION ONLY - NOT HUMAN EXPERIMENT RESULTS,1174440,A,0,934.927350550055,1.0,0,1,mouse
SYNTHETIC DEMONSTRATION ONLY - NOT HUMAN EXPERIMENT RESULTS,1174460,A,0,934.9186052709111,1.0,0,1,mouse
SYNTHETIC DEMONSTRATION ONLY - NOT HUMAN EXPERIMENT RESULTS,1174480,A,0,934.9093637210938,1.0,0,1,mouse
SYNTHETIC DEMONSTRATION ONLY - NOT HUMAN EXPERIMENT RESULTS,1174500,A,0,934.8996260319459,1.0,0,1,mouse
SYNTHETIC DEMONSTRATION ONLY - NOT HUMAN EXPERIMENT RESULTS,1174520,A,0,934.8893923418615,1.0,0,1,mouse
SYNTHETIC DEMONSTRATION ONLY - NOT HUMAN EXPERIMENT RESULTS,1174540,A,0,934.8786627962842,1.0,0,1,mouse
SYNTHETIC DEMONSTRATION ONLY - NOT HUMAN EXPERIMENT RESULTS,1174560,A,0,934.8674375477044,1.0,0,1,mouse
SYNTHETIC DEMONSTRATION ONLY - NOT HUMAN EXPERIMENT RESULTS,1174580,A,0,934.8557167556578,1.0,0,1,mouse
SYNTHETIC DEMONSTRATION ONLY - NOT HUMAN EXPERIMENT RESULTS,1174600,A,0,934.8435005867228,1.0,0,1,mouse
SYNTHETIC DEMONSTRATION ONLY - NOT HUMAN EXPERIMENT RESULTS,1174620,A,0,934.8307892145182,1.0,0,1,mouse
SYNTHETIC DEMONSTRATION ONLY - NOT HUMAN EXPERIMENT RESULTS,1174640,A,0,934.8175828197006,1.0,0,1,mouse
SYNTHETIC DEMONSTRATION ONLY - NOT HUMAN EXPERIMENT RESULTS,1174660,A,0,934.8038815899624,1.0,0,1,mouse
SYNTHETIC DEMONSTRATION ONLY - NOT HUMAN EXPERIMENT RESULTS,1174680,A,0,934.7896857200282,1.0,0,1,mouse
SYNTHETIC DEMONSTRATION ONLY - NOT HUMAN EXPERIMENT RESULTS,1174700,A,0,934.7749954116526,1.0,0,1,mouse
SYNTHETIC DEMONSTRATION ONLY - NOT HUMAN EXPERIMENT RESULTS,1174720,A,0,934.7598108736178,1.0,0,1,mouse
SYNTHETIC DEMONSTRATION ONLY - NOT HUMAN EXPERIMENT RESULTS,1174740,A,0,934.7441323217294,1.0,0,1,mouse
SYNTHETIC DEMONSTRATION ONLY - NOT HUMAN EXPERIMENT RESULTS,1174760,A,0,934.7279599788143,1.0,0,1,mouse
SYNTHETIC DEMONSTRATION ONLY - NOT HUMAN EXPERIMENT RESULTS,1174780,A,0,934.7112940747174,1.0,0,1,mouse
SYNTHETIC DEMONSTRATION ONLY - NOT HUMAN EXPERIMENT RESULTS,1174800,A,0,934.6941348462981,1.0,0,1,mouse
SYNTHETIC DEMONSTRATION ONLY - NOT HUMAN EXPERIMENT RESULTS,1174820,A,0,934.676482537427,1.0,0,1,mouse
SYNTHETIC DEMONSTRATION ONLY - NOT HUMAN EXPERIMENT RESULTS,1174840,A,0,934.6583373989823,1.0,0,1,mouse
SYNTHETIC DEMONSTRATION ONLY - NOT HUMAN EXPERIMENT RESULTS,1174860,A,0,934.6396996888469,1.0,0,1,mouse
SYNTHETIC DEMONSTRATION ONLY - NOT HUMAN EXPERIMENT RESULTS,1174880,A,0,934.6205696719038,1.0,0,1,mouse
SYNTHETIC DEMONSTRATION ONLY - NOT HUMAN EXPERIMENT RESULTS,1174900,A,0,934.6009476200328,1.0,0,1,mouse
SYNTHETIC DEMONSTRATION ONLY - NOT HUMAN EXPERIMENT RESULTS,1174920,A,0,934.5808338121068,1.0,0,1,mouse
SYNTHETIC DEMONSTRATION ONLY - NOT HUMAN EXPERIMENT RESULTS,1174940,A,0,934.5602285339874,1.0,0,1,mouse
SYNTHETIC DEMONSTRATION ONLY - NOT HUMAN EXPERIMENT RESULTS,1174960,A,0,934.5391320785212,1.0,0,1,mouse
SYNTHETIC DEMONSTRATION ONLY - NOT HUMAN EXPERIMENT RESULTS,1174980,A,0,934.5175447455357,1.0,0,1,mouse
SYNTHETIC DEMONSTRATION ONLY - NOT HUMAN EXPERIMENT RESULTS,1175000,A,0,934.4954668418346,1.0,0,1,mouse
SYNTHETIC DEMONSTRATION ONLY - NOT HUMAN EXPERIMENT RESULTS,1175020,A,0,934.4728986811938,1.0,0,1,mouse
SYNTHETIC DEMONSTRATION ONLY - NOT HUMAN EXPERIMENT RESULTS,1175040,A,0,934.4498405843568,1.0,0,1,mouse
SYNTHETIC DEMONSTRATION ONLY - NOT HUMAN EXPERIMENT RESULTS,1175060,A,0,934.4262928790301,1.0,0,1,mouse
SYNTHETIC DEMONSTRATION ONLY - NOT HUMAN EXPERIMENT RESULTS,1175080,A,0,934.4022558998789,1.0,0,1,mouse
SYNTHETIC DEMONSTRATION ONLY - NOT HUMAN EXPERIMENT RESULTS,1175100,A,0,934.3777299885218,1.0,0,1,mouse
SYNTHETIC DEMONSTRATION ONLY - NOT HUMAN EXPERIMENT RESULTS,1175120,A,0,934.3527154935263,1.0,0,1,mouse
SYNTHETIC DEMONSTRATION ONLY - NOT HUMAN EXPERIMENT RESULTS,1175140,A,0,934.3272127704035,1.0,0,1,mouse
SYNTHETIC DEMONSTRATION ONLY - NOT HUMAN EXPERIMENT RESULTS,1175160,A,0,934.3012221816041,1.0,0,1,mouse
SYNTHETIC DEMONSTRATION ONLY - NOT HUMAN EXPERIMENT RESULTS,1175180,A,0,934.2747440965113,1.0,0,1,mouse
SYNTHETIC DEMONSTRATION ONLY - NOT HUMAN EXPERIMENT RESULTS,1175200,A,0,934.2477788914376,1.0,0,1,mouse
SYNTHETIC DEMONSTRATION ONLY - NOT HUMAN EXPERIMENT RESULTS,1175220,A,0,934.2203269496183,1.0,0,1,mouse
SYNTHETIC DEMONSTRATION ONLY - NOT HUMAN EXPERIMENT RESULTS,1175240,A,0,934.1923886612061,1.0,0,1,mouse
SYNTHETIC DEMONSTRATION ONLY - NOT HUMAN EXPERIMENT RESULTS,1175260,A,0,934.1639644232661,1.0,0,1,mouse
SYNTHETIC DEMONSTRATION ONLY - NOT HUMAN EXPERIMENT RESULTS,1175280,A,0,934.1350546397695,1.0,0,1,mouse
SYNTHETIC DEMONSTRATION ONLY - NOT HUMAN EXPERIMENT RESULTS,1175300,A,0,934.1056597215882,1.0,0,1,mouse
SYNTHETIC DEMONSTRATION ONLY - NOT HUMAN EXPERIMENT RESULTS,1175320,A,0,934.0757800864893,1.0,0,1,mouse
SYNTHETIC DEMONSTRATION ONLY - NOT HUMAN EXPERIMENT RESULTS,1175340,A,0,934.0454161591284,1.0,0,1,mouse
SYNTHETIC DEMONSTRATION ONLY - NOT HUMAN EXPERIMENT RESULTS,1175360,A,0,934.0145683710442,1.0,0,1,mouse
SYNTHETIC DEMONSTRATION ONLY - NOT HUMAN EXPERIMENT RESULTS,1175380,A,0,933.9832371606522,1.0,0,1,mouse
SYNTHETIC DEMONSTRATION ONLY - NOT HUMAN EXPERIMENT RESULTS,1175400,A,0,933.9514229732379,1.0,0,1,mouse
SYNTHETIC DEMONSTRATION ONLY - NOT HUMAN EXPERIMENT RESULTS,1175420,A,0,933.9191262609513,1.0,0,1,mouse
SYNTHETIC DEMONSTRATION ONLY - NOT HUMAN EXPERIMENT RESULTS,1175440,A,0,933.8863474828007,1.0,0,1,mouse
SYNTHETIC DEMONSTRATION ONLY - NOT HUMAN EXPERIMENT RESULTS,1175460,A,0,933.8530871046446,1.0,0,1,mouse
SYNTHETIC DEMONSTRATION ONLY - NOT HUMAN EXPERIMENT RESULTS,1175480,A,0,933.8193455991868,1.0,0,1,mouse
SYNTHETIC DEMONSTRATION ONLY - NOT HUMAN EXPERIMENT RESULTS,1175500,A,0,933.7851234459687,1.0,0,1,mouse
SYNTHETIC DEMONSTRATION ONLY - NOT HUMAN EXPERIMENT RESULTS,1175520,A,0,933.7504211313629,1.0,0,1,mouse
SYNTHETIC DEMONSTRATION ONLY - NOT HUMAN EXPERIMENT RESULTS,1175540,A,0,933.7152391485662,1.0,0,1,mouse
SYNTHETIC DEMONSTRATION ONLY - NOT HUMAN EXPERIMENT RESULTS,1175560,A,0,933.6795779975922,1.0,0,1,mouse
SYNTHETIC DEMONSTRATION ONLY - NOT HUMAN EXPERIMENT RESULTS,1175580,A,0,933.6434381852649,1.0,0,1,mouse
SYNTHETIC DEMONSTRATION ONLY - NOT HUMAN EXPERIMENT RESULTS,1175600,A,0,933.6068202252112,1.0,0,1,mouse
SYNTHETIC DEMONSTRATION ONLY - NOT HUMAN EXPERIMENT RESULTS,1175620,A,0,933.569724637853,1.0,0,1,mouse
SYNTHETIC DEMONSTRATION ONLY - NOT HUMAN EXPERIMENT RESULTS,1175640,A,0,933.5321519504012,1.0,0,1,mouse
SYNTHETIC DEMONSTRATION ONLY - NOT HUMAN EXPERIMENT RESULTS,1175660,A,0,933.4941026968464,1.0,0,1,mouse
SYNTHETIC DEMONSTRATION ONLY - NOT HUMAN EXPERIMENT RESULTS,1175680,A,0,933.455577417953,1.0,0,1,mouse
SYNTHETIC DEMONSTRATION ONLY - NOT HUMAN EXPERIMENT RESULTS,1175700,A,0,933.4165766612504,1.0,0,1,mouse
SYNTHETIC DEMONSTRATION ONLY - NOT HUMAN EXPERIMENT RESULTS,1175720,A,0,933.3771009810257,1.0,0,1,mouse
SYNTHETIC DEMONSTRATION ONLY - NOT HUMAN EXPERIMENT RESULTS,1175740,A,0,933.3371509383155,1.0,0,1,mouse
SYNTHETIC DEMONSTRATION ONLY - NOT HUMAN EXPERIMENT RESULTS,1175760,A,0,933.2967271008987,1.0,0,1,mouse
SYNTHETIC DEMONSTRATION ONLY - NOT HUMAN EXPERIMENT RESULTS,1175780,A,0,933.2558300432872,1.0,0,1,mouse
SYNTHETIC DEMONSTRATION ONLY - NOT HUMAN EXPERIMENT RESULTS,1175800,A,0,933.2144603467189,1.0,0,1,mouse
SYNTHETIC DEMONSTRATION ONLY - NOT HUMAN EXPERIMENT RESULTS,1175820,A,0,933.1726185991486,1.0,0,1,mouse
SYNTHETIC DEMONSTRATION ONLY - NOT HUMAN EXPERIMENT RESULTS,1175840,A,0,933.1303053952404,1.0,0,1,mouse
SYNTHETIC DEMONSTRATION ONLY - NOT HUMAN EXPERIMENT RESULTS,1175860,A,0,933.0875213363581,1.0,0,1,mouse
SYNTHETIC DEMONSTRATION ONLY - NOT HUMAN EXPERIMENT RESULTS,1175880,A,0,933.0442670305586,1.0,0,1,mouse
SYNTHETIC DEMONSTRATION ONLY - NOT HUMAN EXPERIMENT RESULTS,1175900,A,0,933.0005430925806,1.0,0,1,mouse
SYNTHETIC DEMONSTRATION ONLY - NOT HUMAN EXPERIMENT RESULTS,1175920,A,0,932.9563501438387,1.0,0,1,mouse
SYNTHETIC DEMONSTRATION ONLY - NOT HUMAN EXPERIMENT RESULTS,1175940,A,0,932.911688812412,1.0,0,1,mouse
SYNTHETIC DEMONSTRATION ONLY - NOT HUMAN EXPERIMENT RESULTS,1175960,A,0,932.8665597330371,1.0,0,1,mouse
SYNTHETIC DEMONSTRATION ONLY - NOT HUMAN EXPERIMENT RESULTS,1175980,A,0,932.8209635470981,1.0,0,1,mouse
SYNTHETIC DEMONSTRATION ONLY - NOT HUMAN EXPERIMENT RESULTS,1176000,A,0,932.7749009026178,1.0,0,1,mouse
SYNTHETIC DEMONSTRATION ONLY - NOT HUMAN EXPERIMENT RESULTS,1176020,A,0,932.7283724542481,1.0,0,1,mouse
SYNTHETIC DEMONSTRATION ONLY - NOT HUMAN EXPERIMENT RESULTS,1176040,A,0,932.6813788632616,1.0,0,1,mouse
SYNTHETIC DEMONSTRATION ONLY - NOT HUMAN EXPERIMENT RESULTS,1176060,A,0,932.6339207975409,1.0,0,1,mouse
SYNTHETIC DEMONSTRATION ONLY - NOT HUMAN EXPERIMENT RESULTS,1176080,A,0,932.5859989315703,1.0,0,1,mouse
SYNTHETIC DEMONSTRATION ONLY - NOT HUMAN EXPERIMENT RESULTS,1176100,A,0,932.5376139464256,1.0,0,1,mouse
SYNTHETIC DEMONSTRATION ONLY - NOT HUMAN EXPERIMENT RESULTS,1176120,A,0,932.4887665297647,1.0,0,1,mouse
SYNTHETIC DEMONSTRATION ONLY - NOT HUMAN EXPERIMENT RESULTS,1176140,A,0,932.4394573758173,1.0,0,1,mouse
SYNTHETIC DEMONSTRATION ONLY - NOT HUMAN EXPERIMENT RESULTS,1176160,A,0,932.3896871853756,1.0,0,1,mouse
SYNTHETIC DEMONSTRATION ONLY - NOT HUMAN EXPERIMENT RESULTS,1176180,A,0,932.3394566657842,1.0,0,1,mouse
SYNTHETIC DEMONSTRATION ONLY - NOT HUMAN EXPERIMENT RESULTS,1176200,A,0,932.28876653093,1.0,0,1,mouse
SYNTHETIC DEMONSTRATION ONLY - NOT HUMAN EXPERIMENT RESULTS,1176220,A,0,932.2376175012322,1.0,0,1,mouse
SYNTHETIC DEMONSTRATION ONLY - NOT HUMAN EXPERIMENT RESULTS,1176240,A,0,932.1860103036315,1.0,0,1,mouse
SYNTHETIC DEMONSTRATION ONLY - NOT HUMAN EXPERIMENT RESULTS,1176260,A,0,932.1339456715805,1.0,0,1,mouse
SYNTHETIC DEMONSTRATION ONLY - NOT HUMAN EXPERIMENT RESULTS,1176280,A,0,932.0814243450329,1.0,0,1,mouse
SYNTHETIC DEMONSTRATION ONLY - NOT HUMAN EXPERIMENT RESULTS,1176300,A,0,932.0284470704329,1.0,0,1,mouse
SYNTHETIC DEMONSTRATION ONLY - NOT HUMAN EXPERIMENT RESULTS,1176320,A,0,931.9750146007049,1.0,0,1,mouse
SYNTHETIC DEMONSTRATION ONLY - NOT HUMAN EXPERIMENT RESULTS,1176340,A,0,931.9211276952426,1.0,0,1,mouse
SYNTHETIC DEMONSTRATION ONLY - NOT HUMAN EXPERIMENT RESULTS,1176360,A,0,931.8667871198979,1.0,0,1,mouse
SYNTHETIC DEMONSTRATION ONLY - NOT HUMAN EXPERIMENT RESULTS,1176380,A,0,931.8119936469712,1.0,0,1,mouse
SYNTHETIC DEMONSTRATION ONLY - NOT HUMAN EXPERIMENT RESULTS,1176400,A,0,931.7567480551987,1.0,0,1,mouse
SYNTHETIC DEMONSTRATION ONLY - NOT HUMAN EXPERIMENT RESULTS,1176420,A,0,931.7010511297426,1.0,0,1,mouse
SYNTHETIC DEMONSTRATION ONLY - NOT HUMAN EXPERIMENT RESULTS,1176440,A,0,931.6449036621796,1.0,0,1,mouse
SYNTHETIC DEMONSTRATION ONLY - NOT HUMAN EXPERIMENT RESULTS,1176460,A,0,931.5883064504893,1.0,0,1,mouse
SYNTHETIC DEMONSTRATION ONLY - NOT HUMAN EXPERIMENT RESULTS,1176480,A,0,931.5312602990434,1.0,0,1,mouse
SYNTHETIC DEMONSTRATION ONLY - NOT HUMAN EXPERIMENT RESULTS,1176500,A,0,931.4737660185941,1.0,0,1,mouse
SYNTHETIC DEMONSTRATION ONLY - NOT HUMAN EXPERIMENT RESULTS,1176520,A,0,931.4158244262622,1.0,0,1,mouse
SYNTHETIC DEMONSTRATION ONLY - NOT HUMAN EXPERIMENT RESULTS,1176540,A,0,931.3574363455264,1.0,0,1,mouse
SYNTHETIC DEMONSTRATION ONLY - NOT HUMAN EXPERIMENT RESULTS,1176560,A,0,931.29860260621,1.0,0,1,mouse
SYNTHETIC DEMONSTRATION ONLY - NOT HUMAN EXPERIMENT RESULTS,1176580,A,0,931.2393240444711,1.0,0,1,mouse
SYNTHETIC DEMONSTRATION ONLY - NOT HUMAN EXPERIMENT RESULTS,1176600,A,0,931.1796015027892,1.0,0,1,mouse
SYNTHETIC DEMONSTRATION ONLY - NOT HUMAN EXPERIMENT RESULTS,1176620,A,0,931.1194358299535,1.0,0,1,mouse
SYNTHETIC DEMONSTRATION ONLY - NOT HUMAN EXPERIMENT RESULTS,1176640,A,0,931.0588278810517,1.0,0,1,mouse
SYNTHETIC DEMONSTRATION ONLY - NOT HUMAN EXPERIMENT RESULTS,1176660,A,0,930.9977785174569,1.0,0,1,mouse
SYNTHETIC DEMONSTRATION ONLY - NOT HUMAN EXPERIMENT RESULTS,1176680,A,0,930.9362886068155,1.0,0,1,mouse
SYNTHETIC DEMONSTRATION ONLY - NOT HUMAN EXPERIMENT RESULTS,1176700,A,0,930.8743590230355,1.0,0,1,mouse
SYNTHETIC DEMONSTRATION ONLY - NOT HUMAN EXPERIMENT RESULTS,1176720,A,0,930.8119906462732,1.0,0,1,mouse
SYNTHETIC DEMONSTRATION ONLY - NOT HUMAN EXPERIMENT RESULTS,1176740,A,0,930.7491843629213,1.0,0,1,mouse
SYNTHETIC DEMONSTRATION ONLY - NOT HUMAN EXPERIMENT RESULTS,1176760,A,0,930.6859410655961,1.0,0,1,mouse
SYNTHETIC DEMONSTRATION ONLY - NOT HUMAN EXPERIMENT RESULTS,1176780,A,0,930.6222616531248,1.0,0,1,mouse
SYNTHETIC DEMONSTRATION ONLY - NOT HUMAN EXPERIMENT RESULTS,1176800,A,0,930.558147030533,1.0,0,1,mouse
SYNTHETIC DEMONSTRATION ONLY - NOT HUMAN EXPERIMENT RESULTS,1176820,A,0,930.4935981090313,1.0,0,1,mouse
SYNTHETIC DEMONSTRATION ONLY - NOT HUMAN EXPERIMENT RESULTS,1176840,A,0,930.4286158060024,1.0,0,1,mouse
SYNTHETIC DEMONSTRATION ONLY - NOT HUMAN EXPERIMENT RESULTS,1176860,A,0,930.3632010449893,1.0,0,1,mouse
SYNTHETIC DEMONSTRATION ONLY - NOT HUMAN EXPERIMENT RESULTS,1176880,A,0,930.2973547556802,1.0,0,1,mouse
SYNTHETIC DEMONSTRATION ONLY - NOT HUMAN EXPERIMENT RESULTS,1176900,A,0,930.2310778738967,1.0,0,1,mouse
SYNTHETIC DEMONSTRATION ONLY - NOT HUMAN EXPERIMENT RESULTS,1176920,A,0,930.1643713415798,1.0,0,1,mouse
SYNTHETIC DEMONSTRATION ONLY - NOT HUMAN EXPERIMENT RESULTS,1176940,A,0,930.0972361067774,1.0,0,1,mouse
SYNTHETIC DEMONSTRATION ONLY - NOT HUMAN EXPERIMENT RESULTS,1176960,A,0,930.0296731236292,1.0,0,1,mouse
SYNTHETIC DEMONSTRATION ONLY - NOT HUMAN EXPERIMENT RESULTS,1176980,A,0,929.9616833523554,1.0,0,1,mouse
SYNTHETIC DEMONSTRATION ONLY - NOT HUMAN EXPERIMENT RESULTS,1177000,A,0,929.8932677592406,1.0,0,1,mouse
SYNTHETIC DEMONSTRATION ONLY - NOT HUMAN EXPERIMENT RESULTS,1177020,A,0,929.8244273166222,1.0,0,1,mouse
SYNTHETIC DEMONSTRATION ONLY - NOT HUMAN EXPERIMENT RESULTS,1177040,A,0,929.755163002875,1.0,0,1,mouse
SYNTHETIC DEMONSTRATION ONLY - NOT HUMAN EXPERIMENT RESULTS,1177060,A,0,929.6854758023983,1.0,0,1,mouse
SYNTHETIC DEMONSTRATION ONLY - NOT HUMAN EXPERIMENT RESULTS,1177080,A,0,929.6153667056014,1.0,0,1,mouse
SYNTHETIC DEMONSTRATION ONLY - NOT HUMAN EXPERIMENT RESULTS,1177100,A,0,929.5448367088901,1.0,0,1,mouse
SYNTHETIC DEMONSTRATION ONLY - NOT HUMAN EXPERIMENT RESULTS,1177120,A,0,929.4738868146513,1.0,0,1,mouse
SYNTHETIC DEMONSTRATION ONLY - NOT HUMAN EXPERIMENT RESULTS,1177140,A,0,929.4025180312403,1.0,0,1,mouse
SYNTHETIC DEMONSTRATION ONLY - NOT HUMAN EXPERIMENT RESULTS,1177160,A,0,929.3307313729655,1.0,0,1,mouse
SYNTHETIC DEMONSTRATION ONLY - NOT HUMAN EXPERIMENT RESULTS,1177180,A,0,929.2585278600742,1.0,0,1,mouse
SYNTHETIC DEMONSTRATION ONLY - NOT HUMAN EXPERIMENT RESULTS,1177200,A,0,929.185908518738,1.0,0,1,mouse
SYNTHETIC DEMONSTRATION ONLY - NOT HUMAN EXPERIMENT RESULTS,1177220,A,0,929.1128743810388,1.0,0,1,mouse
SYNTHETIC DEMONSTRATION ONLY - NOT HUMAN EXPERIMENT RESULTS,1177240,A,0,929.0394264849527,1.0,0,1,mouse
SYNTHETIC DEMONSTRATION ONLY - NOT HUMAN EXPERIMENT RESULTS,1177260,A,0,928.9655658743378,1.0,0,1,mouse
SYNTHETIC DEMONSTRATION ONLY - NOT HUMAN EXPERIMENT RESULTS,1177280,A,0,928.8912935989161,1.0,0,1,mouse
SYNTHETIC DEMONSTRATION ONLY - NOT HUMAN EXPERIMENT RESULTS,1177300,A,0,928.8166107142614,1.0,0,1,mouse
SYNTHETIC DEMONSTRATION ONLY - NOT HUMAN EXPERIMENT RESULTS,1177320,A,0,928.7415182817828,1.0,0,1,mouse
SYNTHETIC DEMONSTRATION ONLY - NOT HUMAN EXPERIMENT RESULTS,1177340,A,0,928.6660173687098,1.0,0,1,mouse
SYNTHETIC DEMONSTRATION ONLY - NOT HUMAN EXPERIMENT RESULTS,1177360,A,0,928.5901090480777,1.0,0,1,mouse
SYNTHETIC DEMONSTRATION ONLY - NOT HUMAN EXPERIMENT RESULTS,1177380,A,0,928.5137943987118,1.0,0,1,mouse
SYNTHETIC DEMONSTRATION ONLY - NOT HUMAN EXPERIMENT RESULTS,1177400,A,0,928.4370745052117,1.0,0,1,mouse
SYNTHETIC DEMONSTRATION ONLY - NOT HUMAN EXPERIMENT RESULTS,1177420,A,0,928.3599504579375,1.0,0,1,mouse
SYNTHETIC DEMONSTRATION ONLY - NOT HUMAN EXPERIMENT RESULTS,1177440,A,0,928.2824233529924,1.0,0,1,mouse
SYNTHETIC DEMONSTRATION ONLY - NOT HUMAN EXPERIMENT RESULTS,1177460,A,0,928.2044942922081,1.0,0,1,mouse
SYNTHETIC DEMONSTRATION ONLY - NOT HUMAN EXPERIMENT RESULTS,1177480,A,0,928.1261643831292,1.0,0,1,mouse
SYNTHETIC DEMONSTRATION ONLY - NOT HUMAN EXPERIMENT RESULTS,1177500,A,0,928.0474347389969,1.0,0,1,mouse
SYNTHETIC DEMONSTRATION ONLY - NOT HUMAN EXPERIMENT RESULTS,1177520,A,0,927.9683064787338,1.0,0,1,mouse
SYNTHETIC DEMONSTRATION ONLY - NOT HUMAN EXPERIMENT RESULTS,1177540,A,0,927.8887807269278,1.0,0,1,mouse
SYNTHETIC DEMONSTRATION ONLY - NOT HUMAN EXPERIMENT RESULTS,1177560,A,0,927.8088586138155,1.0,0,1,mouse
SYNTHETIC DEMONSTRATION ONLY - NOT HUMAN EXPERIMENT RESULTS,1177580,A,0,927.7285412752674,1.0,0,1,mouse
SYNTHETIC DEMONSTRATION ONLY - NOT HUMAN EXPERIMENT RESULTS,1177600,A,0,927.6478298527704,1.0,0,1,mouse
SYNTHETIC DEMONSTRATION ONLY - NOT HUMAN EXPERIMENT RESULTS,1177620,A,0,927.5667254934127,1.0,0,1,mouse
SYNTHETIC DEMONSTRATION ONLY - NOT HUMAN EXPERIMENT RESULTS,1177640,A,0,927.4852293498666,1.0,0,1,mouse
SYNTHETIC DEMONSTRATION ONLY - NOT HUMAN EXPERIMENT RESULTS,1177660,A,0,927.4033425803727,1.0,0,1,mouse
SYNTHETIC DEMONSTRATION ONLY - NOT HUMAN EXPERIMENT RESULTS,1177680,A,0,927.3210663487233,1.0,0,1,mouse
SYNTHETIC DEMONSTRATION ONLY - NOT HUMAN EXPERIMENT RESULTS,1177700,A,0,927.2384018242457,1.0,0,1,mouse
SYNTHETIC DEMONSTRATION ONLY - NOT HUMAN EXPERIMENT RESULTS,1177720,A,0,927.1553501817858,1.0,0,1,mouse
SYNTHETIC DEMONSTRATION ONLY - NOT HUMAN EXPERIMENT RESULTS,1177740,A,0,927.0719126016915,1.0,0,1,mouse
SYNTHETIC DEMONSTRATION ONLY - NOT HUMAN EXPERIMENT RESULTS,1177760,A,0,926.9880902697952,1.0,0,1,mouse
SYNTHETIC DEMONSTRATION ONLY - NOT HUMAN EXPERIMENT RESULTS,1177780,A,0,926.9038843773978,1.0,0,1,mouse
SYNTHETIC DEMONSTRATION ONLY - NOT HUMAN EXPERIMENT RESULTS,1177800,A,0,926.8192961212517,1.0,0,1,mouse
SYNTHETIC DEMONSTRATION ONLY - NOT HUMAN EXPERIMENT RESULTS,1177820,A,0,926.7343267035429,1.0,0,1,mouse
SYNTHETIC DEMONSTRATION ONLY - NOT HUMAN EXPERIMENT RESULTS,1177840,A,0,926.6489773318752,1.0,0,1,mouse
SYNTHETIC DEMONSTRATION ONLY - NOT HUMAN EXPERIMENT RESULTS,1177860,A,0,926.5632492192517,1.0,0,1,mouse
SYNTHETIC DEMONSTRATION ONLY - NOT HUMAN EXPERIMENT RESULTS,1177880,A,0,926.4771435840591,1.0,0,1,mouse
SYNTHETIC DEMONSTRATION ONLY - NOT HUMAN EXPERIMENT RESULTS,1177900,A,0,926.390661650049,1.0,0,1,mouse
SYNTHETIC DEMONSTRATION ONLY - NOT HUMAN EXPERIMENT RESULTS,1177920,A,0,926.3038046463208,1.0,0,1,mouse
SYNTHETIC DEMONSTRATION ONLY - NOT HUMAN EXPERIMENT RESULTS,1177940,A,0,926.216573807305,1.0,0,1,mouse
SYNTHETIC DEMONSTRATION ONLY - NOT HUMAN EXPERIMENT RESULTS,1177960,A,0,926.1289703727449,1.0,0,1,mouse
SYNTHETIC DEMONSTRATION ONLY - NOT HUMAN EXPERIMENT RESULTS,1177980,A,0,926.0409955876793,1.0,0,1,mouse
SYNTHETIC DEMONSTRATION ONLY - NOT HUMAN EXPERIMENT RESULTS,1178000,A,0,925.9526507024243,1.0,0,1,mouse
SYNTHETIC DEMONSTRATION ONLY - NOT HUMAN EXPERIMENT RESULTS,1178020,A,0,925.8639369725565,1.0,0,1,mouse
SYNTHETIC DEMONSTRATION ONLY - NOT HUMAN EXPERIMENT RESULTS,1178040,A,0,925.7748556588946,1.0,0,1,mouse
SYNTHETIC DEMONSTRATION ONLY - NOT HUMAN EXPERIMENT RESULTS,1178060,A,0,925.6854080274808,1.0,0,1,mouse
SYNTHETIC DEMONSTRATION ONLY - NOT HUMAN EXPERIMENT RESULTS,1178080,A,0,925.5955953495642,1.0,0,1,mouse
SYNTHETIC DEMONSTRATION ONLY - NOT HUMAN EXPERIMENT RESULTS,1178100,A,0,925.5054189015816,1.0,0,1,mouse
SYNTHETIC DEMONSTRATION ONLY - NOT HUMAN EXPERIMENT RESULTS,1178120,A,0,925.4148799651402,1.0,0,1,mouse
SYNTHETIC DEMONSTRATION ONLY - NOT HUMAN EXPERIMENT RESULTS,1178140,A,0,925.3239798269983,1.0,0,1,mouse
SYNTHETIC DEMONSTRATION ONLY - NOT HUMAN EXPERIMENT RESULTS,1178160,A,0,925.2327197790486,1.0,0,1,mouse
SYNTHETIC DEMONSTRATION ONLY - NOT HUMAN EXPERIMENT RESULTS,1178180,A,0,925.1411011182978,1.0,0,1,mouse
SYNTHETIC DEMONSTRATION ONLY - NOT HUMAN EXPERIMENT RESULTS,1178200,A,0,925.0491251468503,1.0,0,1,mouse
SYNTHETIC DEMONSTRATION ONLY - NOT HUMAN EXPERIMENT RESULTS,1178220,A,0,924.9567931718881,1.0,0,1,mouse
SYNTHETIC DEMONSTRATION ONLY - NOT HUMAN EXPERIMENT RESULTS,1178240,A,0,924.8641065056529,1.0,0,1,mouse
SYNTHETIC DEMONSTRATION ONLY - NOT HUMAN EXPERIMENT RESULTS,1178260,A,0,924.7710664654275,1.0,0,1,mouse
SYNTHETIC DEMONSTRATION ONLY - NOT HUMAN EXPERIMENT RESULTS,1178280,A,0,924.6776743735165,1.0,0,1,mouse
SYNTHETIC DEMONSTRATION ONLY - NOT HUMAN EXPERIMENT RESULTS,1178300,A,0,924.5839315572285,1.0,0,1,mouse
SYNTHETIC DEMONSTRATION ONLY - NOT HUMAN EXPERIMENT RESULTS,1178320,A,0,924.4898393488568,1.0,0,1,mouse
SYNTHETIC DEMONSTRATION ONLY - NOT HUMAN EXPERIMENT RESULTS,1178340,A,0,924.3953990856592,1.0,0,1,mouse
SYNTHETIC DEMONSTRATION ONLY - NOT HUMAN EXPERIMENT RESULTS,1178360,A,0,924.3006121098414,1.0,0,1,mouse
SYNTHETIC DEMONSTRATION ONLY - NOT HUMAN EXPERIMENT RESULTS,1178380,A,0,924.205479768536,1.0,0,1,mouse
SYNTHETIC DEMONSTRATION ONLY - NOT HUMAN EXPERIMENT RESULTS,1178400,A,0,924.110003413784,1.0,0,1,mouse
SYNTHETIC DEMONSTRATION ONLY - NOT HUMAN EXPERIMENT RESULTS,1178420,A,0,924.0141844025159,1.0,0,1,mouse
SYNTHETIC DEMONSTRATION ONLY - NOT HUMAN EXPERIMENT RESULTS,1178440,A,0,923.9180240965321,1.0,0,1,mouse
SYNTHETIC DEMONSTRATION ONLY - NOT HUMAN EXPERIMENT RESULTS,1178460,A,0,923.821523862483,1.0,0,1,mouse
SYNTHETIC DEMONSTRATION ONLY - NOT HUMAN EXPERIMENT RESULTS,1178480,A,0,923.724685071851,1.0,0,1,mouse
SYNTHETIC DEMONSTRATION ONLY - NOT HUMAN EXPERIMENT RESULTS,1178500,A,0,923.627509100929,1.0,0,1,mouse
SYNTHETIC DEMONSTRATION ONLY - NOT HUMAN EXPERIMENT RESULTS,1178520,A,0,923.5299973308034,1.0,0,1,mouse
SYNTHETIC DEMONSTRATION ONLY - NOT HUMAN EXPERIMENT RESULTS,1178540,A,0,923.4321511473319,1.0,0,1,mouse
SYNTHETIC DEMONSTRATION ONLY - NOT HUMAN EXPERIMENT RESULTS,1178560,A,0,923.3339719411254,1.0,0,1,mouse
SYNTHETIC DEMONSTRATION ONLY - NOT HUMAN EXPERIMENT RESULTS,1178580,A,0,923.2354611075275,1.0,0,1,mouse
SYNTHETIC DEMONSTRATION ONLY - NOT HUMAN EXPERIMENT RESULTS,1178600,A,0,923.1366200465959,1.0,0,1,mouse
SYNTHETIC DEMONSTRATION ONLY - NOT HUMAN EXPERIMENT RESULTS,1178620,A,0,923.03745016308,1.0,0,1,mouse
SYNTHETIC DEMONSTRATION ONLY - NOT HUMAN EXPERIMENT RESULTS,1178640,A,0,922.937952866404,1.0,0,1,mouse
SYNTHETIC DEMONSTRATION ONLY - NOT HUMAN EXPERIMENT RESULTS,1178660,A,0,922.8381295706444,1.0,0,1,mouse
SYNTHETIC DEMONSTRATION ONLY - NOT HUMAN EXPERIMENT RESULTS,1178680,A,0,922.7379816945113,1.0,0,1,mouse
SYNTHETIC DEMONSTRATION ONLY - NOT HUMAN EXPERIMENT RESULTS,1178700,A,0,922.6375106613275,1.0,0,1,mouse
SYNTHETIC DEMONSTRATION ONLY - NOT HUMAN EXPERIMENT RESULTS,1178720,A,0,922.5367178990094,1.0,0,1,mouse
SYNTHETIC DEMONSTRATION ONLY - NOT HUMAN EXPERIMENT RESULTS,1178740,A,0,922.4356048400443,1.0,0,1,mouse
SYNTHETIC DEMONSTRATION ONLY - NOT HUMAN EXPERIMENT RESULTS,1178760,A,0,922.3341729214736,1.0,0,1,mouse
SYNTHETIC DEMONSTRATION ONLY - NOT HUMAN EXPERIMENT RESULTS,1178780,A,0,922.2324235848685,1.0,0,1,mouse
SYNTHETIC DEMONSTRATION ONLY - NOT HUMAN EXPERIMENT RESULTS,1178800,A,0,922.1303582763128,1.0,0,1,mouse
SYNTHETIC DEMONSTRATION ONLY - NOT HUMAN EXPERIMENT RESULTS,1178820,A,0,922.0279784463803,1.0,0,1,mouse
SYNTHETIC DEMONSTRATION ONLY - NOT HUMAN EXPERIMENT RESULTS,1178840,A,0,921.9252855501151,1.0,0,1,mouse
SYNTHETIC DEMONSTRATION ONLY - NOT HUMAN EXPERIMENT RESULTS,1178860,A,0,921.8222810470103,1.0,0,1,mouse
SYNTHETIC DEMONSTRATION ONLY - NOT HUMAN EXPERIMENT RESULTS,1178880,A,0,921.7189664009884,1.0,0,1,mouse
SYNTHETIC DEMONSTRATION ONLY - NOT HUMAN EXPERIMENT RESULTS,1178900,A,0,921.6153430803785,1.0,0,1,mouse
SYNTHETIC DEMONSTRATION ONLY - NOT HUMAN EXPERIMENT RESULTS,1178920,A,0,921.511412557898,1.0,0,1,mouse
SYNTHETIC DEMONSTRATION ONLY - NOT HUMAN EXPERIMENT RESULTS,1178940,A,0,921.4071763106294,1.0,0,1,mouse
SYNTHETIC DEMONSTRATION ONLY - NOT HUMAN EXPERIMENT RESULTS,1178960,A,0,921.3026358200005,1.0,0,1,mouse
SYNTHETIC DEMONSTRATION ONLY - NOT HUMAN EXPERIMENT RESULTS,1178980,A,0,921.1977925717632,1.0,0,1,mouse
SYNTHETIC DEMONSTRATION ONLY - NOT HUMAN EXPERIMENT RESULTS,1179000,A,0,921.0926480559721,1.0,0,1,mouse
SYNTHETIC DEMONSTRATION ONLY - NOT HUMAN EXPERIMENT RESULTS,1179020,A,0,920.9872037669633,1.0,0,1,mouse
SYNTHETIC DEMONSTRATION ONLY - NOT HUMAN EXPERIMENT RESULTS,1179040,A,0,920.8814612033336,1.0,0,1,mouse
SYNTHETIC DEMONSTRATION ONLY - NOT HUMAN EXPERIMENT RESULTS,1179060,A,0,920.7754218679189,1.0,0,1,mouse
SYNTHETIC DEMONSTRATION ONLY - NOT HUMAN EXPERIMENT RESULTS,1179080,A,0,920.6690872677732,1.0,0,1,mouse
SYNTHETIC DEMONSTRATION ONLY - NOT HUMAN EXPERIMENT RESULTS,1179100,A,0,920.5624589141462,1.0,0,1,mouse
SYNTHETIC DEMONSTRATION ONLY - NOT HUMAN EXPERIMENT RESULTS,1179120,A,0,920.455538322463,1.0,0,1,mouse
SYNTHETIC DEMONSTRATION ONLY - NOT HUMAN EXPERIMENT RESULTS,1179140,A,0,920.3483270123016,1.0,0,1,mouse
SYNTHETIC DEMONSTRATION ONLY - NOT HUMAN EXPERIMENT RESULTS,1179160,A,0,920.2408265073724,1.0,0,1,mouse
SYNTHETIC DEMONSTRATION ONLY - NOT HUMAN EXPERIMENT RESULTS,1179180,A,0,920.1330383354954,1.0,0,1,mouse
SYNTHETIC DEMONSTRATION ONLY - NOT HUMAN EXPERIMENT RESULTS,1179200,A,0,920.0249640285788,1.0,0,1,mouse
SYNTHETIC DEMONSTRATION ONLY - NOT HUMAN EXPERIMENT RESULTS,1179220,A,0,919.9166051225981,1.0,0,1,mouse
SYNTHETIC DEMONSTRATION ONLY - NOT HUMAN EXPERIMENT RESULTS,1179240,A,0,919.8079631575732,1.0,0,1,mouse
SYNTHETIC DEMONSTRATION ONLY - NOT HUMAN EXPERIMENT RESULTS,1179260,A,0,919.6990396775467,1.0,0,1,mouse
SYNTHETIC DEMONSTRATION ONLY - NOT HUMAN EXPERIMENT RESULTS,1179280,A,0,919.5898362305626,1.0,0,1,mouse
SYNTHETIC DEMONSTRATION ONLY - NOT HUMAN EXPERIMENT RESULTS,1179300,A,0,919.4803543686434,1.0,0,1,mouse
SYNTHETIC DEMONSTRATION ONLY - NOT HUMAN EXPERIMENT RESULTS,1179320,A,0,919.3705956477687,1.0,0,1,mouse
SYNTHETIC DEMONSTRATION ONLY - NOT HUMAN EXPERIMENT RESULTS,1179340,A,0,919.2605616278529,1.0,0,1,mouse
SYNTHETIC DEMONSTRATION ONLY - NOT HUMAN EXPERIMENT RESULTS,1179360,A,0,919.1502538727229,1.0,0,1,mouse
SYNTHETIC DEMONSTRATION ONLY - NOT HUMAN EXPERIMENT RESULTS,1179380,A,0,919.0396739500966,1.0,0,1,mouse
SYNTHETIC DEMONSTRATION ONLY - NOT HUMAN EXPERIMENT RESULTS,1179400,A,0,918.9288234315586,1.0,0,1,mouse
SYNTHETIC DEMONSTRATION ONLY - NOT HUMAN EXPERIMENT RESULTS,1179420,A,0,918.8177038925407,1.0,0,1,mouse
SYNTHETIC DEMONSTRATION ONLY - NOT HUMAN EXPERIMENT RESULTS,1179440,A,0,918.7063169122976,1.0,0,1,mouse
SYNTHETIC DEMONSTRATION ONLY - NOT HUMAN EXPERIMENT RESULTS,1179460,A,0,918.5946640738845,1.0,0,1,mouse
SYNTHETIC DEMONSTRATION ONLY - NOT HUMAN EXPERIMENT RESULTS,1179480,A,0,918.4827469641356,1.0,0,1,mouse
SYNTHETIC DEMONSTRATION ONLY - NOT HUMAN EXPERIMENT RESULTS,1179500,A,0,918.3705671736407,1.0,0,1,mouse
SYNTHETIC DEMONSTRATION ONLY - NOT HUMAN EXPERIMENT RESULTS,1179520,A,0,918.2581262967226,1.0,0,1,mouse
SYNTHETIC DEMONSTRATION ONLY - NOT HUMAN EXPERIMENT RESULTS,1179540,A,0,918.1454259314158,1.0,0,1,mouse
SYNTHETIC DEMONSTRATION ONLY - NOT HUMAN EXPERIMENT RESULTS,1179560,A,0,918.0324676794412,1.0,0,1,mouse
SYNTHETIC DEMONSTRATION ONLY - NOT HUMAN EXPERIMENT RESULTS,1179580,A,0,917.9192531461861,1.0,0,1,mouse
SYNTHETIC DEMONSTRATION ONLY - NOT HUMAN EXPERIMENT RESULTS,1179600,A,0,917.8057839406792,1.0,0,1,mouse
SYNTHETIC DEMONSTRATION ONLY - NOT HUMAN EXPERIMENT RESULTS,1179620,A,0,917.6920616755696,1.0,0,1,mouse
SYNTHETIC DEMONSTRATION ONLY - NOT HUMAN EXPERIMENT RESULTS,1179640,A,0,917.5780879671017,1.0,0,1,mouse
SYNTHETIC DEMONSTRATION ONLY - NOT HUMAN EXPERIMENT RESULTS,1179660,A,0,917.4638644350952,1.0,0,1,mouse
SYNTHETIC DEMONSTRATION ONLY - NOT HUMAN EXPERIMENT RESULTS,1179680,A,0,917.3493927029182,1.0,0,1,mouse
SYNTHETIC DEMONSTRATION ONLY - NOT HUMAN EXPERIMENT RESULTS,1179700,A,0,917.2346743974682,1.0,0,1,mouse
SYNTHETIC DEMONSTRATION ONLY - NOT HUMAN EXPERIMENT RESULTS,1179720,A,0,917.1197111491459,1.0,0,1,mouse
SYNTHETIC DEMONSTRATION ONLY - NOT HUMAN EXPERIMENT RESULTS,1179740,A,0,917.0045045918337,1.0,0,1,mouse
SYNTHETIC DEMONSTRATION ONLY - NOT HUMAN EXPERIMENT RESULTS,1179760,A,0,916.8890563628715,1.0,0,1,mouse
SYNTHETIC DEMONSTRATION ONLY - NOT HUMAN EXPERIMENT RESULTS,1179780,A,0,916.7733681030345,1.0,0,1,mouse
SYNTHETIC DEMONSTRATION ONLY - NOT HUMAN EXPERIMENT RESULTS,1179800,A,0,916.6574414565085,1.0,0,1,mouse
SYNTHETIC DEMONSTRATION ONLY - NOT HUMAN EXPERIMENT RESULTS,1179820,A,0,916.5412780708687,1.0,0,1,mouse
SYNTHETIC DEMONSTRATION ONLY - NOT HUMAN EXPERIMENT RESULTS,1179840,A,0,916.4248795970527,1.0,0,1,mouse
SYNTHETIC DEMONSTRATION ONLY - NOT HUMAN EXPERIMENT RESULTS,1179860,A,0,916.3082476893413,1.0,0,1,mouse
SYNTHETIC DEMONSTRATION ONLY - NOT HUMAN EXPERIMENT RESULTS,1179880,A,0,916.1913840053319,1.0,0,1,mouse
SYNTHETIC DEMONSTRATION ONLY - NOT HUMAN EXPERIMENT RESULTS,1179900,A,0,916.0742902059161,1.0,0,1,mouse
SYNTHETIC DEMONSTRATION ONLY - NOT HUMAN EXPERIMENT RESULTS,1179920,A,0,915.9569679552557,1.0,0,1,mouse
SYNTHETIC DEMONSTRATION ONLY - NOT HUMAN EXPERIMENT RESULTS,1179940,A,0,915.8394189207602,1.0,0,1,mouse
SYNTHETIC DEMONSTRATION ONLY - NOT HUMAN EXPERIMENT RESULTS,1179960,A,0,915.7216447730608,1.0,0,1,mouse
SYNTHETIC DEMONSTRATION ONLY - NOT HUMAN EXPERIMENT RESULTS,1179980,A,0,915.6036471859896,1.0,0,1,mouse
